algo,ac_variant,n_steps,baseline,seed,episode,episode_return,episode_steps,episode_time_sec,elapsed_time_sec,eval_mean_return,eval_std_return,loss,policy_loss,value_loss,entropy,mean_return,mean_advantage,advantage
reinforce,,,100.0,0,1,62.30948772976065,38,0.018175125122070312,0.018177032470703125,,,-157.3172607421875,-157.3172607421875,,,31.979774475097656,-68.02022552490234,
reinforce,,,100.0,0,2,69.93519578012227,43,0.007370948791503906,0.025671720504760742,,,-185.21949768066406,-185.21949768066406,,,32.997093200683594,-67.0029067993164,
reinforce,,,100.0,0,3,6.490700260824794,11,0.0025191307067871094,0.028308868408203125,,,-228.55299377441406,-228.55299377441406,,,2.3961238861083984,-97.6038818359375,
reinforce,,,100.0,0,4,6.5534964013570285,9,0.00185394287109375,0.030299901962280273,,,-164.07652282714844,-164.07652282714844,,,3.019347667694092,-96.98065185546875,
reinforce,,,100.0,0,5,65.28005139109374,44,0.0070858001708984375,0.03746986389160156,,,-138.31761169433594,-138.31761169433594,,,28.441974639892578,-71.55802917480469,
reinforce,,,100.0,0,6,60.138186563986835,38,0.006574869155883789,0.044133901596069336,,,-172.0237274169922,-172.0237274169922,,,28.32305335998535,-71.67694854736328,
reinforce,,,100.0,0,7,58.374841702961156,35,0.005647897720336914,0.04990577697753906,,,-132.71578979492188,-132.71578979492188,,,30.390249252319336,-69.60974884033203,
reinforce,,,100.0,0,8,46.0690443824571,27,0.00461888313293457,0.05459284782409668,,,-166.2312469482422,-166.2312469482422,,,24.718761444091797,-75.28124237060547,
reinforce,,,100.0,0,9,70.32673966262944,43,0.0070798397064208984,0.0617828369140625,,,-134.9041290283203,-134.9041290283203,,,33.50551223754883,-66.4944839477539,
reinforce,,,100.0,0,10,58.45906348568837,34,0.005711793899536133,0.06758284568786621,,,-139.56646728515625,-139.56646728515625,,,30.316980361938477,-69.68302154541016,
reinforce,,,100.0,0,11,70.1924193176849,42,0.006829023361206055,0.0745089054107666,,,-138.83648681640625,-138.83648681640625,,,34.55198669433594,-65.44801330566406,
reinforce,,,100.0,0,12,6.889531824690551,9,0.0016379356384277344,0.07625293731689453,,,-332.0375671386719,-332.0375671386719,,,3.32220721244812,-96.67778778076172,
reinforce,,,100.0,0,13,51.2154468905795,32,0.005238056182861328,0.0815420150756836,,,-158.81527709960938,-158.81527709960938,,,25.10564422607422,-74.89435577392578,
reinforce,,,100.0,0,14,79.83416522009625,46,0.007525920867919922,0.08915185928344727,,,-119.96025848388672,-119.96025848388672,,,37.70563507080078,-62.29436111450195,
reinforce,,,100.0,0,15,64.2789330297952,40,0.006676912307739258,0.09591889381408691,,,-133.26602172851562,-133.26602172851562,,,31.3886775970459,-68.61132049560547,
reinforce,,,100.0,0,16,128.18235495079804,76,0.012671947479248047,0.10870790481567383,,,-100.94163513183594,-100.94163513183594,,,56.017642974853516,-43.98236083984375,
reinforce,,,100.0,0,17,57.17804013523191,37,0.0058481693267822266,0.11468315124511719,,,-144.92897033691406,-144.92897033691406,,,29.035531997680664,-70.96446990966797,
reinforce,,,100.0,0,18,48.677224061738734,33,0.005234956741333008,0.12000679969787598,,,-179.61724853515625,-179.61724853515625,,,24.282915115356445,-75.71708679199219,
reinforce,,,100.0,0,19,46.9879097559739,32,0.00517582893371582,0.1252458095550537,,,-156.45269775390625,-156.45269775390625,,,23.69992446899414,-76.30007934570312,
reinforce,,,100.0,0,20,45.02221922882989,31,0.004952907562255859,0.13027095794677734,39.96237914445904,1.0363387177601167,-155.138671875,-155.138671875,,,23.008895874023438,-76.9911117553711,
reinforce,,,100.0,0,21,42.79513572574125,32,0.005405902862548828,0.15045976638793945,,,-169.22036743164062,-169.22036743164062,,,21.81635093688965,-78.18364715576172,
reinforce,,,100.0,0,22,34.578681030043754,26,0.004390716552734375,0.15494704246520996,,,-183.14694213867188,-183.14694213867188,,,17.88770866394043,-82.11229705810547,
reinforce,,,100.0,0,23,58.308984186674834,37,0.0066030025482177734,0.16162610054016113,,,-144.92251586914062,-144.92251586914062,,,30.339216232299805,-69.66077423095703,
reinforce,,,100.0,0,24,44.15066664833064,31,0.0048487186431884766,0.16666579246520996,,,-151.15711975097656,-151.15711975097656,,,22.740720748901367,-77.25927734375,
reinforce,,,100.0,0,25,38.733007370340374,28,0.005072116851806641,0.17200493812561035,,,-193.72914123535156,-193.72914123535156,,,20.12993812561035,-79.87006378173828,
reinforce,,,100.0,0,26,38.7302364276281,27,0.004475831985473633,0.17659282684326172,,,-165.10101318359375,-165.10101318359375,,,20.154756546020508,-79.84524536132812,
reinforce,,,100.0,0,27,49.328889264193364,33,0.005340099334716797,0.18204092979431152,,,-164.8286590576172,-164.8286590576172,,,24.2862548828125,-75.7137451171875,
reinforce,,,100.0,0,28,8.128062654570517,13,0.0024900436401367188,0.18465399742126465,,,-202.16917419433594,-202.16917419433594,,,2.7210159301757812,-97.27898406982422,
reinforce,,,100.0,0,29,30.662842609603445,24,0.0039141178131103516,0.18867707252502441,,,-199.686279296875,-199.686279296875,,,15.705157279968262,-84.29483795166016,
reinforce,,,100.0,0,30,44.791801278707474,30,0.005106925964355469,0.19389986991882324,,,-150.5626678466797,-150.5626678466797,,,22.821348190307617,-77.17864227294922,
reinforce,,,100.0,0,31,43.039280458347235,30,0.0049097537994384766,0.1989607810974121,,,-154.43275451660156,-154.43275451660156,,,22.162721633911133,-77.83727264404297,
reinforce,,,100.0,0,32,47.36437874002913,31,0.004889011383056641,0.20398592948913574,,,-169.10659790039062,-169.10659790039062,,,24.506181716918945,-75.49382781982422,
reinforce,,,100.0,0,33,49.581789579084116,32,0.005081892013549805,0.2092587947845459,,,-166.48590087890625,-166.48590087890625,,,25.751312255859375,-74.24868774414062,
reinforce,,,100.0,0,34,161.18663011752875,82,0.013653993606567383,0.22300195693969727,,,-65.11572265625,-65.11572265625,,,70.95771026611328,-29.04228973388672,
reinforce,,,100.0,0,35,61.30790587842315,38,0.006169795989990234,0.22928786277770996,,,-150.1348114013672,-150.1348114013672,,,29.936792373657227,-70.0632095336914,
reinforce,,,100.0,0,36,39.003423217259446,28,0.004693031311035156,0.23413705825805664,,,-202.4518280029297,-202.4518280029297,,,20.115751266479492,-79.8842544555664,
reinforce,,,100.0,0,37,50.0824218306394,33,0.005148887634277344,0.23936080932617188,,,-169.92791748046875,-169.92791748046875,,,25.03809356689453,-74.96190643310547,
reinforce,,,100.0,0,38,52.140571054842695,34,0.005324125289916992,0.24475789070129395,,,-136.42160034179688,-136.42160034179688,,,26.176952362060547,-73.82305145263672,
reinforce,,,100.0,0,39,44.25066279541735,29,0.0048198699951171875,0.2496328353881836,,,-162.01258850097656,-162.01258850097656,,,23.289756774902344,-76.71023559570312,
reinforce,,,100.0,0,40,50.908490682394465,33,0.005405902862548828,0.25512170791625977,47.72634564312623,0.880249034767651,-154.40855407714844,-154.40855407714844,,,25.823949813842773,-74.1760482788086,
reinforce,,,100.0,0,41,39.47681746483174,27,0.004210948944091797,0.2733747959136963,,,-131.9744873046875,-131.9744873046875,,,21.183454513549805,-78.81654357910156,
reinforce,,,100.0,0,42,52.702520325226445,34,0.005448341369628906,0.2788851261138916,,,-160.1984100341797,-160.1984100341797,,,26.160400390625,-73.839599609375,
reinforce,,,100.0,0,43,52.224086449489846,33,0.005465984344482422,0.2844078540802002,,,-153.71046447753906,-153.71046447753906,,,25.958755493164062,-74.04124450683594,
reinforce,,,100.0,0,44,50.04850009206408,32,0.005342960357666016,0.2898268699645996,,,-147.58172607421875,-147.58172607421875,,,25.88815689086914,-74.11184692382812,
reinforce,,,100.0,0,45,43.00218059086145,28,0.004505157470703125,0.294421911239624,,,-184.0729522705078,-184.0729522705078,,,22.699430465698242,-77.30057525634766,
reinforce,,,100.0,0,46,48.76690287036566,31,0.004976987838745117,0.2994709014892578,,,-156.6711883544922,-156.6711883544922,,,24.795913696289062,-75.20408630371094,
reinforce,,,100.0,0,47,47.77613654941973,30,0.004914999008178711,0.3044438362121582,,,-189.64791870117188,-189.64791870117188,,,24.26467514038086,-75.7353286743164,
reinforce,,,100.0,0,48,53.35372202222854,35,0.005578041076660156,0.31009793281555176,,,-166.14845275878906,-166.14845275878906,,,25.753389358520508,-74.24661254882812,
reinforce,,,100.0,0,49,55.749486794805215,35,0.005365610122680664,0.3155686855316162,,,-150.37290954589844,-150.37290954589844,,,26.538949966430664,-73.46105194091797,
reinforce,,,100.0,0,50,56.315951401378044,38,0.005774021148681641,0.321429967880249,,,-174.39004516601562,-174.39004516601562,,,26.282352447509766,-73.7176513671875,
reinforce,,,100.0,0,51,63.59742411015073,41,0.0064830780029296875,0.32797694206237793,,,-161.02557373046875,-161.02557373046875,,,28.76616096496582,-71.23384094238281,
reinforce,,,100.0,0,52,66.60850750695784,43,0.007091045379638672,0.3351418972015381,,,-141.8724822998047,-141.8724822998047,,,30.7648868560791,-69.23511505126953,
reinforce,,,100.0,0,53,57.17877641812613,37,0.005866050720214844,0.34110093116760254,,,-151.6562042236328,-151.6562042236328,,,26.778953552246094,-73.2210464477539,
reinforce,,,100.0,0,54,3.8339593861881434,13,0.002444028854370117,0.34363484382629395,,,-209.30821228027344,-209.30821228027344,,,-0.19346390664577484,-100.19346618652344,
reinforce,,,100.0,0,55,64.4317801555693,39,0.005950927734375,0.3496558666229248,,,-185.32022094726562,-185.32022094726562,,,29.78229522705078,-70.21770477294922,
reinforce,,,100.0,0,56,59.9245481055932,37,0.005836009979248047,0.3556180000305176,,,-155.36827087402344,-155.36827087402344,,,28.4675350189209,-71.53246307373047,
reinforce,,,100.0,0,57,42.424099075023236,24,0.004058837890625,0.3597419261932373,,,-128.152587890625,-128.152587890625,,,23.008989334106445,-76.99100494384766,
reinforce,,,100.0,0,58,56.406447758918695,35,0.005582094192504883,0.36538195610046387,,,-163.88487243652344,-163.88487243652344,,,26.29922866821289,-73.70076751708984,
reinforce,,,100.0,0,59,59.06152478317614,38,0.005903005599975586,0.37136387825012207,,,-172.7650909423828,-172.7650909423828,,,26.188613891601562,-73.81139373779297,
reinforce,,,100.0,0,60,56.80294542252453,35,0.0053861141204833984,0.3768150806427002,59.41715839277796,0.8084019870759519,-134.56800842285156,-134.56800842285156,,,26.26741600036621,-73.73258972167969,
reinforce,,,100.0,0,61,62.27680212683564,40,0.006387233734130859,0.39951300621032715,,,-167.6636199951172,-167.6636199951172,,,27.680828094482422,-72.31916809082031,
reinforce,,,100.0,0,62,41.65571998876685,24,0.003915071487426758,0.4035329818725586,,,-156.16629028320312,-156.16629028320312,,,22.445180892944336,-77.55481719970703,
reinforce,,,100.0,0,63,58.08658634311121,37,0.006127834320068359,0.4097259044647217,,,-141.2828826904297,-141.2828826904297,,,26.193721771240234,-73.80628204345703,
reinforce,,,100.0,0,64,69.25662847434792,43,0.006754159927368164,0.4165680408477783,,,-144.62673950195312,-144.62673950195312,,,31.006196975708008,-68.9937973022461,
reinforce,,,100.0,0,65,42.363309311441704,24,0.00397491455078125,0.42061901092529297,,,-171.622802734375,-171.622802734375,,,22.742921829223633,-77.25707244873047,
reinforce,,,100.0,0,66,54.54730498758632,35,0.005570173263549805,0.4262709617614746,,,-140.8308868408203,-140.8308868408203,,,25.268634796142578,-74.73136901855469,
reinforce,,,100.0,0,67,66.048581543216,40,0.00635075569152832,0.4326817989349365,,,-151.21395874023438,-151.21395874023438,,,30.333721160888672,-69.66627502441406,
reinforce,,,100.0,0,68,55.21576202418325,34,0.005326032638549805,0.43806982040405273,,,-190.30137634277344,-190.30137634277344,,,26.070486068725586,-73.92951202392578,
reinforce,,,100.0,0,69,51.40790328242885,31,0.0052640438079833984,0.44339704513549805,,,-152.91204833984375,-152.91204833984375,,,28.736589431762695,-71.26341247558594,
reinforce,,,100.0,0,70,63.71593863871376,38,0.00590205192565918,0.44937586784362793,,,-153.56243896484375,-153.56243896484375,,,29.818172454833984,-70.18182373046875,
reinforce,,,100.0,0,71,53.65384603611379,34,0.005338907241821289,0.45478081703186035,,,-150.07688903808594,-150.07688903808594,,,25.888057708740234,-74.11194610595703,
reinforce,,,100.0,0,72,4.736661139537572,13,0.0022611618041992188,0.4571259021759033,,,-200.27886962890625,-200.27886962890625,,,0.4148099720478058,-99.58518981933594,
reinforce,,,100.0,0,73,48.869951565900294,30,0.004847288131713867,0.4620490074157715,,,-191.4705047607422,-191.4705047607422,,,24.812536239624023,-75.18746948242188,
reinforce,,,100.0,0,74,105.10413369537113,60,0.00919198989868164,0.47130894660949707,,,-109.2827377319336,-109.2827377319336,,,47.10224151611328,-52.89775848388672,
reinforce,,,100.0,0,75,62.50220191985448,39,0.006219148635864258,0.4775979518890381,,,-157.4237518310547,-157.4237518310547,,,29.589736938476562,-70.41026306152344,
reinforce,,,100.0,0,76,62.5873767839231,40,0.006323814392089844,0.4840118885040283,,,-158.973876953125,-158.973876953125,,,28.583324432373047,-71.41667175292969,
reinforce,,,100.0,0,77,48.60649358511266,32,0.005148172378540039,0.4892408847808838,,,-145.1458740234375,-145.1458740234375,,,23.102922439575195,-76.89707946777344,
reinforce,,,100.0,0,78,68.25306908960769,42,0.0065479278564453125,0.4958939552307129,,,-135.82176208496094,-135.82176208496094,,,31.263816833496094,-68.73619079589844,
reinforce,,,100.0,0,79,55.049054252653036,35,0.0054819583892822266,0.5014598369598389,,,-142.94398498535156,-142.94398498535156,,,26.872650146484375,-73.12734985351562,
reinforce,,,100.0,0,80,56.76642270662547,35,0.005543947219848633,0.5070579051971436,54.03507718035742,1.1002091468032884,-144.5141143798828,-144.5141143798828,,,26.648406982421875,-73.35160064697266,
reinforce,,,100.0,0,81,60.538065439956824,41,0.006463050842285156,0.5295648574829102,,,-151.63424682617188,-151.63424682617188,,,27.181995391845703,-72.81800079345703,
reinforce,,,100.0,0,82,64.75690638626142,42,0.006744861602783203,0.5363798141479492,,,-145.68414306640625,-145.68414306640625,,,29.654109954833984,-70.34588623046875,
reinforce,,,100.0,0,83,61.807525245528915,42,0.006720066070556641,0.5431878566741943,,,-153.99435424804688,-153.99435424804688,,,27.265296936035156,-72.73470306396484,
reinforce,,,100.0,0,84,5.2553789441205225,16,0.002794981002807617,0.5460619926452637,,,-193.66395568847656,-193.66395568847656,,,-0.22533926367759705,-100.225341796875,
reinforce,,,100.0,0,85,47.37848800394243,33,0.0053958892822265625,0.551522970199585,,,-181.4930419921875,-181.4930419921875,,,22.399580001831055,-77.60041809082031,
reinforce,,,100.0,0,86,49.47862717259626,33,0.0051116943359375,0.5567207336425781,,,-170.50148010253906,-170.50148010253906,,,23.568599700927734,-76.431396484375,
reinforce,,,100.0,0,87,5.651276728333184,12,0.002218961715698242,0.5590078830718994,,,-259.2245178222656,-259.2245178222656,,,1.3598796129226685,-98.6401138305664,
reinforce,,,100.0,0,88,43.29998128515026,29,0.004422903060913086,0.5634989738464355,,,-182.48414611816406,-182.48414611816406,,,21.398075103759766,-78.60192108154297,
reinforce,,,100.0,0,89,49.522190202005405,34,0.005541086196899414,0.5690979957580566,,,-170.68565368652344,-170.68565368652344,,,22.53271484375,-77.46728515625,
reinforce,,,100.0,0,90,58.62369401550652,38,0.006170749664306641,0.5753388404846191,,,-187.57827758789062,-187.57827758789062,,,26.639263153076172,-73.3607406616211,
reinforce,,,100.0,0,91,53.93542743012012,37,0.005936861038208008,0.581367015838623,,,-151.42787170410156,-151.42787170410156,,,23.941070556640625,-76.05892944335938,
reinforce,,,100.0,0,92,53.174066549120916,36,0.005639076232910156,0.5870749950408936,,,-153.44859313964844,-153.44859313964844,,,23.786264419555664,-76.21373748779297,
reinforce,,,100.0,0,93,120.82575304252062,77,0.011808156967163086,0.5989680290222168,,,-106.92170715332031,-106.92170715332031,,,48.55192947387695,-51.44807052612305,
reinforce,,,100.0,0,94,60.67432875056101,41,0.006484031677246094,0.6055400371551514,,,-160.788330078125,-160.788330078125,,,26.715579986572266,-73.28441619873047,
reinforce,,,100.0,0,95,2.042506339708652,17,0.002907991409301758,0.6085078716278076,,,-227.78208923339844,-227.78208923339844,,,-2.331029176712036,-102.33102416992188,
reinforce,,,100.0,0,96,25.517073694274742,17,0.002838134765625,0.6114070415496826,,,-175.3505859375,-175.3505859375,,,14.337674140930176,-85.6623306274414,
reinforce,,,100.0,0,97,30.78124290211841,20,0.0033981800079345703,0.6149148941040039,,,-150.74258422851562,-150.74258422851562,,,16.47861099243164,-83.5213851928711,
reinforce,,,100.0,0,98,29.260763418930672,19,0.003185749053955078,0.6181848049163818,,,-196.8505859375,-196.8505859375,,,16.02826499938965,-83.97173309326172,
reinforce,,,100.0,0,99,30.352809249951168,20,0.0034470558166503906,0.621694803237915,,,-177.6483917236328,-177.6483917236328,,,16.15021324157715,-83.84977722167969,
reinforce,,,100.0,0,100,110.47512206802081,63,0.00965571403503418,0.6314218044281006,30.583678685027394,0.7084551773375075,-101.4088363647461,-101.4088363647461,,,49.80133819580078,-50.19866180419922,
reinforce,,,100.0,0,101,25.060987603590466,17,0.003076314926147461,0.6439311504364014,,,-173.9609375,-173.9609375,,,13.975622177124023,-86.02437591552734,
reinforce,,,100.0,0,102,23.281088961847075,16,0.0026891231536865234,0.6466858386993408,,,-202.02908325195312,-202.02908325195312,,,12.975679397583008,-87.02432250976562,
reinforce,,,100.0,0,103,16.90470776150089,13,0.0022509098052978516,0.6489949226379395,,,-203.2327423095703,-203.2327423095703,,,9.492629051208496,-90.50737762451172,
reinforce,,,100.0,0,104,19.298320148398933,14,0.0023758411407470703,0.6514418125152588,,,-159.34451293945312,-159.34451293945312,,,10.959431648254395,-89.04056549072266,
reinforce,,,100.0,0,105,51.98590205387928,36,0.0057528018951416016,0.6572468280792236,,,-167.75022888183594,-167.75022888183594,,,22.481792449951172,-77.51820373535156,
reinforce,,,100.0,0,106,23.41385655656089,16,0.0027620792388916016,0.6600990295410156,,,-151.15597534179688,-151.15597534179688,,,13.109172821044922,-86.89082336425781,
reinforce,,,100.0,0,107,56.465636774187324,40,0.006285190582275391,0.6664340496063232,,,-162.15480041503906,-162.15480041503906,,,24.033145904541016,-75.96685791015625,
reinforce,,,100.0,0,108,51.5631909961355,37,0.0061190128326416016,0.6726129055023193,,,-191.2913055419922,-191.2913055419922,,,22.016544342041016,-77.98345184326172,
reinforce,,,100.0,0,109,52.06733678054704,37,0.0059452056884765625,0.6786379814147949,,,-207.60369873046875,-207.60369873046875,,,21.747684478759766,-78.2523193359375,
reinforce,,,100.0,0,110,47.33873898832811,33,0.005322933197021484,0.6840717792510986,,,-173.9581298828125,-173.9581298828125,,,20.586124420166016,-79.41387939453125,
reinforce,,,100.0,0,111,50.320241294823596,36,0.005633115768432617,0.6897809505462646,,,-150.83328247070312,-150.83328247070312,,,21.2730770111084,-78.72692108154297,
reinforce,,,100.0,0,112,49.94120196042708,34,0.0053598880767822266,0.6952087879180908,,,-165.84793090820312,-165.84793090820312,,,21.66010284423828,-78.33989715576172,
reinforce,,,100.0,0,113,51.003875496540864,36,0.005741119384765625,0.7010128498077393,,,-171.83802795410156,-171.83802795410156,,,21.636688232421875,-78.36331176757812,
reinforce,,,100.0,0,114,51.074293227775705,35,0.0057332515716552734,0.7068190574645996,,,-164.3631134033203,-164.3631134033203,,,22.467702865600586,-77.53229522705078,
reinforce,,,100.0,0,115,52.972498282965105,36,0.005635738372802734,0.7125208377838135,,,-152.25753784179688,-152.25753784179688,,,23.127187728881836,-76.87281799316406,
reinforce,,,100.0,0,116,48.88293859370757,34,0.005362749099731445,0.7179477214813232,,,-156.93991088867188,-156.93991088867188,,,21.009519577026367,-78.99048614501953,
reinforce,,,100.0,0,117,52.00286878143197,35,0.0055599212646484375,0.7235598564147949,,,-160.80999755859375,-160.80999755859375,,,23.44431495666504,-76.55569458007812,
reinforce,,,100.0,0,118,51.376335820972095,35,0.0056438446044921875,0.7292718887329102,,,-186.4735565185547,-186.4735565185547,,,22.620861053466797,-77.37913513183594,
reinforce,,,100.0,0,119,30.97808943194474,20,0.0034029483795166016,0.732731819152832,,,-199.5698699951172,-199.5698699951172,,,16.595386505126953,-83.40461730957031,
reinforce,,,100.0,0,120,57.32354129983233,38,0.0060160160064697266,0.7387979030609131,51.08294582573907,1.1902175490112465,-146.33802795410156,-146.33802795410156,,,25.009721755981445,-74.99027252197266,
reinforce,,,100.0,0,121,88.8669381180506,51,0.008100748062133789,0.7617447376251221,,,-145.94749450683594,-145.94749450683594,,,41.18917465209961,-58.81082534790039,
reinforce,,,100.0,0,122,51.10995666862929,35,0.005532026290893555,0.7673728466033936,,,-183.66213989257812,-183.66213989257812,,,22.267972946166992,-77.73202514648438,
reinforce,,,100.0,0,123,53.37396942120273,35,0.0056078433990478516,0.7730579376220703,,,-187.37969970703125,-187.37969970703125,,,24.0560359954834,-75.94396209716797,
reinforce,,,100.0,0,124,54.25564763363081,35,0.005541801452636719,0.7786967754364014,,,-149.623291015625,-149.623291015625,,,24.476320266723633,-75.52367401123047,
reinforce,,,100.0,0,125,51.80812924899099,35,0.005606174468994141,0.7843770980834961,,,-172.5082244873047,-172.5082244873047,,,22.72654151916504,-77.2734603881836,
reinforce,,,100.0,0,126,21.123176523008247,15,0.0025663375854492188,0.7870121002197266,,,-185.70651245117188,-185.70651245117188,,,12.230368614196777,-87.7696304321289,
reinforce,,,100.0,0,127,48.536328011566,32,0.00516819953918457,0.7922689914703369,,,-184.44021606445312,-184.44021606445312,,,22.21341896057129,-77.78657531738281,
reinforce,,,100.0,0,128,46.02177899542378,31,0.005099058151245117,0.7974460124969482,,,-138.91453552246094,-138.91453552246094,,,21.16288948059082,-78.83711242675781,
reinforce,,,100.0,0,129,57.73183181728168,37,0.0058841705322265625,0.8034400939941406,,,-160.46246337890625,-160.46246337890625,,,25.882997512817383,-74.11700439453125,
reinforce,,,100.0,0,130,53.35717710608213,36,0.005721092224121094,0.8092300891876221,,,-179.84619140625,-179.84619140625,,,23.225540161132812,-76.77445220947266,
reinforce,,,100.0,0,131,48.98186466845688,32,0.0050160884857177734,0.8143091201782227,,,-163.16510009765625,-163.16510009765625,,,22.279033660888672,-77.7209701538086,
reinforce,,,100.0,0,132,50.06947793605832,31,0.004962921142578125,0.8193278312683105,,,-161.41891479492188,-161.41891479492188,,,23.73396873474121,-76.26603698730469,
reinforce,,,100.0,0,133,51.12006245285773,34,0.005419015884399414,0.8248050212860107,,,-138.7187957763672,-138.7187957763672,,,22.89165687561035,-77.10833740234375,
reinforce,,,100.0,0,134,49.98746598372222,32,0.005068063735961914,0.8299498558044434,,,-171.7188720703125,-171.7188720703125,,,23.320798873901367,-76.67919921875,
reinforce,,,100.0,0,135,46.21933251599379,29,0.004491090774536133,0.834528923034668,,,-214.08094787597656,-214.08094787597656,,,22.364591598510742,-77.63540649414062,
reinforce,,,100.0,0,136,48.25214262346396,31,0.005082845687866211,0.839669942855835,,,-162.67933654785156,-162.67933654785156,,,22.69890022277832,-77.30109405517578,
reinforce,,,100.0,0,137,46.684906845856815,30,0.004890918731689453,0.8446247577667236,,,-151.82887268066406,-151.82887268066406,,,21.79842185974121,-78.20157623291016,
reinforce,,,100.0,0,138,4.568579960805509,9,0.0016269683837890625,0.8463218212127686,,,-223.04090881347656,-223.04090881347656,,,1.492065191268921,-98.5079345703125,
reinforce,,,100.0,0,139,41.471718844768795,27,0.004312038421630859,0.8506858348846436,,,-171.13308715820312,-171.13308715820312,,,20.16050148010254,-79.8395004272461,
reinforce,,,100.0,0,140,47.69541309269205,31,0.004809379577636719,0.8555581569671631,49.74668598856707,0.42266019057741455,-166.94503784179688,-166.94503784179688,,,22.40619659423828,-77.59380340576172,
reinforce,,,100.0,0,141,47.520338753719386,29,0.004745006561279297,0.8740918636322021,,,-188.46905517578125,-188.46905517578125,,,23.547998428344727,-76.45199584960938,
reinforce,,,100.0,0,142,54.481106839250884,35,0.00576472282409668,0.8799207210540771,,,-171.07586669921875,-171.07586669921875,,,24.507770538330078,-75.49222564697266,
reinforce,,,100.0,0,143,54.320354160800754,35,0.005322933197021484,0.8853187561035156,,,-158.6569366455078,-158.6569366455078,,,24.386959075927734,-75.61304473876953,
reinforce,,,100.0,0,144,49.81530300246311,32,0.00516819953918457,0.8905429840087891,,,-161.3234405517578,-161.3234405517578,,,23.120073318481445,-76.87992858886719,
reinforce,,,100.0,0,145,51.66589789833505,34,0.005619049072265625,0.8962318897247314,,,-182.9316864013672,-182.9316864013672,,,23.212507247924805,-76.7874984741211,
reinforce,,,100.0,0,146,50.16238644849586,34,0.005463838577270508,0.9019489288330078,,,-148.72190856933594,-148.72190856933594,,,22.339427947998047,-77.66057586669922,
reinforce,,,100.0,0,147,43.19162411503806,29,0.0047760009765625,0.9067938327789307,,,-162.42689514160156,-162.42689514160156,,,20.338424682617188,-79.66156768798828,
reinforce,,,100.0,0,148,54.37401413514801,35,0.0054318904876708984,0.912315845489502,,,-173.6154327392578,-173.6154327392578,,,24.81118392944336,-75.1888198852539,
reinforce,,,100.0,0,149,49.53333952206599,33,0.005344867706298828,0.9177238941192627,,,-165.5074920654297,-165.5074920654297,,,22.306608200073242,-77.69339752197266,
reinforce,,,100.0,0,150,47.49706484840292,30,0.00493311882019043,0.9227349758148193,,,-161.15380859375,-161.15380859375,,,22.659151077270508,-77.34085083007812,
reinforce,,,100.0,0,151,49.800873335132046,31,0.004921913146972656,0.9277298450469971,,,-159.57009887695312,-159.57009887695312,,,23.432039260864258,-76.56796264648438,
reinforce,,,100.0,0,152,45.68976647989031,29,0.0045680999755859375,0.9323770999908447,,,-153.22747802734375,-153.22747802734375,,,21.548046112060547,-78.45196533203125,
reinforce,,,100.0,0,153,51.47363394603331,32,0.005246877670288086,0.9376778602600098,,,-150.67044067382812,-150.67044067382812,,,24.193330764770508,-75.80667114257812,
reinforce,,,100.0,0,154,51.9173096063284,33,0.005388975143432617,0.9431428909301758,,,-144.61183166503906,-144.61183166503906,,,23.78565788269043,-76.21434020996094,
reinforce,,,100.0,0,155,54.92364808162746,35,0.00543212890625,0.9486379623413086,,,-168.488037109375,-168.488037109375,,,24.638614654541016,-75.36138153076172,
reinforce,,,100.0,0,156,43.331480281940905,27,0.004206180572509766,0.9529299736022949,,,-154.7512664794922,-154.7512664794922,,,21.084278106689453,-78.91572570800781,
reinforce,,,100.0,0,157,44.03947084660201,28,0.0046808719635009766,0.9576668739318848,,,-184.13540649414062,-184.13540649414062,,,21.227275848388672,-78.77272033691406,
reinforce,,,100.0,0,158,45.920549042979545,30,0.004812002182006836,0.9625458717346191,,,-126.01285552978516,-126.01285552978516,,,21.283666610717773,-78.7163314819336,
reinforce,,,100.0,0,159,7.660446643744965,9,0.0016298294067382812,0.9642488956451416,,,-262.3473205566406,-262.3473205566406,,,3.914149045944214,-96.08584594726562,
reinforce,,,100.0,0,160,46.134930584616825,30,0.0047490596771240234,0.9690468311309814,43.81324943422828,0.6612603360373821,-132.9516143798828,-132.9516143798828,,,21.588134765625,-78.411865234375,
reinforce,,,100.0,0,161,45.21216373987432,30,0.004860877990722656,0.986346960067749,,,-168.21347045898438,-168.21347045898438,,,20.966514587402344,-79.03348541259766,
reinforce,,,100.0,0,162,44.88570112500455,29,0.004775285720825195,0.9911930561065674,,,-163.04319763183594,-163.04319763183594,,,21.135517120361328,-78.86448669433594,
reinforce,,,100.0,0,163,43.16081765791737,28,0.0043871402740478516,0.9956510066986084,,,-189.8760528564453,-189.8760528564453,,,20.606826782226562,-79.39317321777344,
reinforce,,,100.0,0,164,40.76083797893516,27,0.004349946975708008,1.000199794769287,,,-226.0030059814453,-226.0030059814453,,,19.30937957763672,-80.69062042236328,
reinforce,,,100.0,0,165,43.204044893553565,28,0.004689931869506836,1.0049469470977783,,,-202.68453979492188,-202.68453979492188,,,20.51101303100586,-79.4889907836914,
reinforce,,,100.0,0,166,43.36700057810555,27,0.004406929016113281,1.0094449520111084,,,-160.36582946777344,-160.36582946777344,,,21.287235260009766,-78.71276092529297,
reinforce,,,100.0,0,167,48.94829442650292,30,0.004836082458496094,1.0143380165100098,,,-209.96353149414062,-209.96353149414062,,,23.79631805419922,-76.20368194580078,
reinforce,,,100.0,0,168,42.33112063103804,27,0.004517078399658203,1.0189259052276611,,,-175.6524200439453,-175.6524200439453,,,20.57785415649414,-79.42215728759766,
reinforce,,,100.0,0,169,46.29930071655664,29,0.004548072814941406,1.0235450267791748,,,-202.4142608642578,-202.4142608642578,,,22.187515258789062,-77.81248474121094,
reinforce,,,100.0,0,170,44.15221426929743,28,0.004330158233642578,1.0279669761657715,,,-172.65834045410156,-172.65834045410156,,,21.224042892456055,-78.77595520019531,
reinforce,,,100.0,0,171,46.130070320747315,29,0.004683017730712891,1.032707929611206,,,-161.9494171142578,-161.9494171142578,,,22.16256332397461,-77.83743286132812,
reinforce,,,100.0,0,172,42.75839376674412,28,0.004585981369018555,1.0374467372894287,,,-203.7609100341797,-203.7609100341797,,,20.212390899658203,-79.78760528564453,
reinforce,,,100.0,0,173,42.71704687270163,28,0.00458216667175293,1.042107105255127,,,-167.1676483154297,-167.1676483154297,,,20.033222198486328,-79.96678161621094,
reinforce,,,100.0,0,174,43.34119555610665,28,0.004663944244384766,1.0468368530273438,,,-198.3619384765625,-198.3619384765625,,,20.617063522338867,-79.3829345703125,
reinforce,,,100.0,0,175,45.50714923641532,28,0.004488945007324219,1.0514018535614014,,,-163.15745544433594,-163.15745544433594,,,22.138338088989258,-77.86165618896484,
reinforce,,,100.0,0,176,41.79887721331387,27,0.004320859909057617,1.0558009147644043,,,-200.19525146484375,-200.19525146484375,,,20.17040252685547,-79.82958984375,
reinforce,,,100.0,0,177,46.344263683115486,30,0.004890918731689453,1.0607538223266602,,,-163.4128875732422,-163.4128875732422,,,21.705272674560547,-78.29473114013672,
reinforce,,,100.0,0,178,45.23961024468018,29,0.004668235778808594,1.065506935119629,,,-209.32278442382812,-209.32278442382812,,,21.445064544677734,-78.55493927001953,
reinforce,,,100.0,0,179,46.49208938142979,29,0.00448918342590332,1.0700769424438477,,,-153.57008361816406,-153.57008361816406,,,22.242740631103516,-77.75725555419922,
reinforce,,,100.0,0,180,47.15065596572415,29,0.004862070083618164,1.0750079154968262,46.44516004114489,0.30209704408031124,-167.02935791015625,-167.02935791015625,,,22.739585876464844,-77.26041412353516,
reinforce,,,100.0,0,181,49.786706341458974,31,0.004782915115356445,1.0927207469940186,,,-144.03224182128906,-144.03224182128906,,,23.78274154663086,-76.2172622680664,
reinforce,,,100.0,0,182,82.83439721657486,48,0.007553815841674805,1.1003367900848389,,,-133.20033264160156,-133.20033264160156,,,37.74892807006836,-62.25107192993164,
reinforce,,,100.0,0,183,49.25574523186881,31,0.004779815673828125,1.1051878929138184,,,-143.90054321289062,-143.90054321289062,,,23.106752395629883,-76.89325714111328,
reinforce,,,100.0,0,184,46.06296183873958,30,0.004904031753540039,1.1101469993591309,,,-174.03518676757812,-174.03518676757812,,,21.55304718017578,-78.44695281982422,
reinforce,,,100.0,0,185,50.953348367044256,33,0.005285978317260742,1.115506887435913,,,-144.1653594970703,-144.1653594970703,,,23.310178756713867,-76.6898193359375,
reinforce,,,100.0,0,186,47.40326012590348,30,0.00466609001159668,1.1202600002288818,,,-185.69049072265625,-185.69049072265625,,,22.504852294921875,-77.49514770507812,
reinforce,,,100.0,0,187,49.82237583145075,32,0.0054168701171875,1.1257519721984863,,,-152.0671844482422,-152.0671844482422,,,22.897537231445312,-77.10246276855469,
reinforce,,,100.0,0,188,49.792848277652844,31,0.005012035369873047,1.1308658123016357,,,-160.13552856445312,-160.13552856445312,,,23.833934783935547,-76.16606140136719,
reinforce,,,100.0,0,189,47.464660910381966,30,0.004862785339355469,1.1357967853546143,,,-153.15963745117188,-153.15963745117188,,,22.477569580078125,-77.52243041992188,
reinforce,,,100.0,0,190,48.89446716078423,32,0.005023956298828125,1.1408870220184326,,,-170.67990112304688,-170.67990112304688,,,22.656368255615234,-77.34363555908203,
reinforce,,,100.0,0,191,44.941141436215226,29,0.004580020904541016,1.1456139087677002,,,-166.95193481445312,-166.95193481445312,,,21.2060604095459,-78.79393768310547,
reinforce,,,100.0,0,192,46.59626452153099,30,0.005001068115234375,1.1506948471069336,,,-152.9618682861328,-152.9618682861328,,,21.976696014404297,-78.02330017089844,
reinforce,,,100.0,0,193,69.44573814517757,40,0.006620883941650391,1.157409906387329,,,-158.3349151611328,-158.3349151611328,,,32.9051628112793,-67.09483337402344,
reinforce,,,100.0,0,194,46.04852785310999,30,0.004682064056396484,1.1622109413146973,,,-168.06163024902344,-168.06163024902344,,,21.30660057067871,-78.69339752197266,
reinforce,,,100.0,0,195,53.209347846269935,30,0.0050182342529296875,1.1672959327697754,,,-161.97500610351562,-161.97500610351562,,,26.787403106689453,-73.21260070800781,
reinforce,,,100.0,0,196,42.83488431348665,28,0.0044939517974853516,1.1718478202819824,,,-215.4373321533203,-215.4373321533203,,,20.285690307617188,-79.71430206298828,
reinforce,,,100.0,0,197,52.86980902138561,30,0.004790067672729492,1.1766929626464844,,,-144.29222106933594,-144.29222106933594,,,26.58123779296875,-73.41876983642578,
reinforce,,,100.0,0,198,48.09912661475399,31,0.004904270172119141,1.181668996810913,,,-153.7872314453125,-153.7872314453125,,,22.26112937927246,-77.7388687133789,
reinforce,,,100.0,0,199,46.70387681615009,30,0.004926919937133789,1.1866538524627686,,,-168.20407104492188,-168.20407104492188,,,21.737003326416016,-78.26299285888672,
reinforce,,,100.0,0,200,44.04654247338296,28,0.004529714584350586,1.1912448406219482,57.41272273541216,2.659563345664616,-202.1614990234375,-202.1614990234375,,,20.968624114990234,-79.0313720703125,
reinforce,,,100.0,0,201,43.62825093640138,28,0.004441976547241211,1.2106308937072754,,,-174.2420196533203,-174.2420196533203,,,20.774032592773438,-79.22596740722656,
reinforce,,,100.0,0,202,45.62885663228346,29,0.004687786102294922,1.215423822402954,,,-160.7220001220703,-160.7220001220703,,,21.843603134155273,-78.1563949584961,
reinforce,,,100.0,0,203,45.77515138194289,29,0.004675149917602539,1.2201530933380127,,,-167.9237060546875,-167.9237060546875,,,21.904613494873047,-78.09538269042969,
reinforce,,,100.0,0,204,45.36633188189245,29,0.004617929458618164,1.22483491897583,,,-145.0052490234375,-145.0052490234375,,,21.701702117919922,-78.29829406738281,
reinforce,,,100.0,0,205,45.33103718525674,29,0.004673957824707031,1.2296009063720703,,,-183.46119689941406,-183.46119689941406,,,21.32672691345215,-78.67327117919922,
reinforce,,,100.0,0,206,52.92383726758614,31,0.0050737857818603516,1.234731912612915,,,-168.4312744140625,-168.4312744140625,,,25.964954376220703,-74.03504943847656,
reinforce,,,100.0,0,207,51.162850254166344,29,0.004762887954711914,1.2395718097686768,,,-150.34368896484375,-150.34368896484375,,,25.990924835205078,-74.00907897949219,
reinforce,,,100.0,0,208,55.863093694138314,32,0.005129098892211914,1.2447729110717773,,,-151.91212463378906,-151.91212463378906,,,27.733495712280273,-72.2665023803711,
reinforce,,,100.0,0,209,54.84168879259409,31,0.004986763000488281,1.2498137950897217,,,-151.50904846191406,-151.50904846191406,,,27.358102798461914,-72.64189147949219,
reinforce,,,100.0,0,210,64.0183127471355,37,0.006048917770385742,1.2559199333190918,,,-137.83822631835938,-137.83822631835938,,,30.84959602355957,-69.15040588378906,
reinforce,,,100.0,0,211,55.6500115077459,32,0.0051670074462890625,1.2611539363861084,,,-162.38555908203125,-162.38555908203125,,,27.6179256439209,-72.38206481933594,
reinforce,,,100.0,0,212,53.0631905634694,30,0.004744052886962891,1.265976905822754,,,-153.93443298339844,-153.93443298339844,,,26.726289749145508,-73.2737045288086,
reinforce,,,100.0,0,213,56.10899363404878,32,0.00520777702331543,1.2712287902832031,,,-173.29803466796875,-173.29803466796875,,,27.91509246826172,-72.08490753173828,
reinforce,,,100.0,0,214,61.425161796012944,35,0.005713224411010742,1.2769980430603027,,,-135.76785278320312,-135.76785278320312,,,30.128875732421875,-69.87112426757812,
reinforce,,,100.0,0,215,61.81273990428906,35,0.005845069885253906,1.282909870147705,,,-132.0382537841797,-132.0382537841797,,,30.091793060302734,-69.90821075439453,
reinforce,,,100.0,0,216,55.00456975995776,31,0.005094051361083984,1.2880749702453613,,,-158.79042053222656,-158.79042053222656,,,27.765865325927734,-72.234130859375,
reinforce,,,100.0,0,217,96.32832209782538,56,0.009019851684570312,1.2971587181091309,,,-146.89161682128906,-146.89161682128906,,,43.09273147583008,-56.907264709472656,
reinforce,,,100.0,0,218,52.56055267411238,33,0.005249977111816406,1.3024818897247314,,,-168.2575225830078,-168.2575225830078,,,25.098913192749023,-74.90108489990234,
reinforce,,,100.0,0,219,49.20132732453287,30,0.004647731781005859,1.307222843170166,,,-160.32916259765625,-160.32916259765625,,,24.70595359802246,-75.29405212402344,
reinforce,,,100.0,0,220,44.51762164315775,28,0.004606008529663086,1.3118808269500732,70.65705256053786,24.901695748965263,-152.80447387695312,-152.80447387695312,,,22.54448127746582,-77.45551300048828,
reinforce,,,100.0,0,221,117.05103337181133,68,0.010915756225585938,1.3417468070983887,,,-111.04991912841797,-111.04991912841797,,,50.44392776489258,-49.55607223510742,
reinforce,,,100.0,0,222,47.88753894586791,31,0.004978179931640625,1.346811056137085,,,-160.4280548095703,-160.4280548095703,,,23.28762435913086,-76.71237182617188,
reinforce,,,100.0,0,223,42.80978877679702,27,0.004436969757080078,1.3513128757476807,,,-179.0975799560547,-179.0975799560547,,,22.03322410583496,-77.96678161621094,
reinforce,,,100.0,0,224,41.66513128076112,27,0.004268169403076172,1.3556559085845947,,,-171.79344177246094,-171.79344177246094,,,21.321975708007812,-78.67802429199219,
reinforce,,,100.0,0,225,45.952529585639375,29,0.0047740936279296875,1.3605029582977295,,,-182.69378662109375,-182.69378662109375,,,22.921655654907227,-77.0783462524414,
reinforce,,,100.0,0,226,51.090852773280496,32,0.005140781402587891,1.3657119274139404,,,-145.25469970703125,-145.25469970703125,,,25.437110900878906,-74.5628890991211,
reinforce,,,100.0,0,227,43.18892274893293,28,0.00447392463684082,1.370262861251831,,,-166.67483520507812,-166.67483520507812,,,22.076416015625,-77.923583984375,
reinforce,,,100.0,0,228,36.97093268711074,26,0.004292726516723633,1.3746097087860107,,,-242.791259765625,-242.791259765625,,,18.98040008544922,-81.01959991455078,
reinforce,,,100.0,0,229,41.23466657962468,27,0.00439906120300293,1.3790929317474365,,,-147.4407958984375,-147.4407958984375,,,20.68685531616211,-79.31314849853516,
reinforce,,,100.0,0,230,38.713637926573995,26,0.004167795181274414,1.3833298683166504,,,-207.6393280029297,-207.6393280029297,,,20.383268356323242,-79.61673736572266,
reinforce,,,100.0,0,231,42.82838152825864,28,0.004647970199584961,1.388028860092163,,,-187.83935546875,-187.83935546875,,,21.027631759643555,-78.97236633300781,
reinforce,,,100.0,0,232,41.24048629748491,27,0.004338979721069336,1.3924288749694824,,,-144.30467224121094,-144.30467224121094,,,20.570310592651367,-79.4296875,
reinforce,,,100.0,0,233,39.48284641422604,27,0.004261016845703125,1.3967509269714355,,,-137.8204803466797,-137.8204803466797,,,19.498796463012695,-80.50120544433594,
reinforce,,,100.0,0,234,49.523831667740886,32,0.00514984130859375,1.401958703994751,,,-136.25933837890625,-136.25933837890625,,,23.811019897460938,-76.18898010253906,
reinforce,,,100.0,0,235,44.19942846848929,29,0.0045986175537109375,1.4066417217254639,,,-153.93649291992188,-153.93649291992188,,,21.562206268310547,-78.43779754638672,
reinforce,,,100.0,0,236,40.573358335656856,27,0.004359006881713867,1.4110698699951172,,,-152.43101501464844,-152.43101501464844,,,20.360824584960938,-79.63917541503906,
reinforce,,,100.0,0,237,40.6743683675283,27,0.004437923431396484,1.4155659675598145,,,-165.52146911621094,-165.52146911621094,,,19.974308013916016,-80.02568817138672,
reinforce,,,100.0,0,238,40.70821562377688,28,0.0044002532958984375,1.420022964477539,,,-177.08029174804688,-177.08029174804688,,,19.775177001953125,-80.22481536865234,
reinforce,,,100.0,0,239,46.23243904695735,30,0.004703998565673828,1.4248030185699463,,,-164.76104736328125,-164.76104736328125,,,21.99846076965332,-78.00154876708984,
reinforce,,,100.0,0,240,50.67756086944175,32,0.0051898956298828125,1.4300379753112793,44.36563087273536,0.44651454155082615,-161.8740997314453,-161.8740997314453,,,23.976564407348633,-76.02342987060547,
reinforce,,,100.0,0,241,39.79650108177665,27,0.004358053207397461,1.4470229148864746,,,-148.71347045898438,-148.71347045898438,,,19.688962936401367,-80.31103515625,
reinforce,,,100.0,0,242,45.469760895161194,30,0.004868030548095703,1.4519729614257812,,,-156.802734375,-156.802734375,,,21.68265724182129,-78.31734466552734,
reinforce,,,100.0,0,243,42.15987029550248,27,0.004491090774536133,1.4565608501434326,,,-177.7384033203125,-177.7384033203125,,,20.839927673339844,-79.16007232666016,
reinforce,,,100.0,0,244,42.237024319473555,27,0.0042781829833984375,1.460906982421875,,,-165.2030029296875,-165.2030029296875,,,20.65570831298828,-79.34429168701172,
reinforce,,,100.0,0,245,44.192206594063826,28,0.004517078399658203,1.465472936630249,,,-189.39111328125,-189.39111328125,,,21.450214385986328,-78.5497817993164,
reinforce,,,100.0,0,246,45.799843716582764,29,0.004884004592895508,1.470416784286499,,,-159.46189880371094,-159.46189880371094,,,22.204307556152344,-77.79568481445312,
reinforce,,,100.0,0,247,42.99734484892125,29,0.0045659542083740234,1.4750549793243408,,,-199.5959014892578,-199.5959014892578,,,20.768632888793945,-79.23136901855469,
reinforce,,,100.0,0,248,43.741218971891655,28,0.0044820308685302734,1.479604959487915,,,-167.0331268310547,-167.0331268310547,,,20.83315658569336,-79.16685485839844,
reinforce,,,100.0,0,249,38.52369726159648,26,0.0043332576751708984,1.4839890003204346,,,-209.641357421875,-209.641357421875,,,18.707612991333008,-81.29238891601562,
reinforce,,,100.0,0,250,41.18118302225618,27,0.004737138748168945,1.4888088703155518,,,-165.31146240234375,-165.31146240234375,,,19.84788703918457,-80.15210723876953,
reinforce,,,100.0,0,251,41.30252577488016,27,0.0044062137603759766,1.493293046951294,,,-183.25234985351562,-183.25234985351562,,,19.809423446655273,-80.1905746459961,
reinforce,,,100.0,0,252,41.973240260404445,28,0.004581928253173828,1.4979379177093506,,,-157.45999145507812,-157.45999145507812,,,19.516071319580078,-80.48393249511719,
reinforce,,,100.0,0,253,40.449749689918704,27,0.004266977310180664,1.502267837524414,,,-147.95726013183594,-147.95726013183594,,,19.101261138916016,-80.89874267578125,
reinforce,,,100.0,0,254,38.91273201736709,26,0.004210948944091797,1.5065479278564453,,,-165.2149200439453,-165.2149200439453,,,18.65422821044922,-81.34577178955078,
reinforce,,,100.0,0,255,42.54137146754045,28,0.004591941833496094,1.5111958980560303,,,-187.8857421875,-187.8857421875,,,19.93526840209961,-80.06473541259766,
reinforce,,,100.0,0,256,40.88258698847959,27,0.004220008850097656,1.5155298709869385,,,-168.84356689453125,-168.84356689453125,,,19.281749725341797,-80.71825408935547,
reinforce,,,100.0,0,257,42.38357080782476,27,0.004284858703613281,1.5198588371276855,,,-185.98365783691406,-185.98365783691406,,,20.28788185119629,-79.71212005615234,
reinforce,,,100.0,0,258,40.956572507903736,27,0.004235029220581055,1.524167776107788,,,-164.76512145996094,-164.76512145996094,,,19.275651931762695,-80.72434997558594,
reinforce,,,100.0,0,259,45.49319738796149,29,0.0045812129974365234,1.5288219451904297,,,-157.3993682861328,-157.3993682861328,,,21.849515914916992,-78.15047454833984,
reinforce,,,100.0,0,260,40.821550659151995,27,0.004487752914428711,1.5333647727966309,40.91043590610699,0.4482625513794496,-161.4766387939453,-161.4766387939453,,,19.309045791625977,-80.69095611572266,
reinforce,,,100.0,0,261,40.402549183170095,27,0.004217863082885742,1.549426794052124,,,-180.2947998046875,-180.2947998046875,,,18.96611785888672,-81.03388214111328,
reinforce,,,100.0,0,262,43.113292268342825,28,0.0046160221099853516,1.5541009902954102,,,-185.495849609375,-185.495849609375,,,20.48227310180664,-79.5177230834961,
reinforce,,,100.0,0,263,39.234533644572075,26,0.004121065139770508,1.5582950115203857,,,-183.00936889648438,-183.00936889648438,,,18.747922897338867,-81.2520751953125,
reinforce,,,100.0,0,264,43.610915305054284,29,0.004661083221435547,1.5630278587341309,,,-141.4942626953125,-141.4942626953125,,,20.250686645507812,-79.74932098388672,
reinforce,,,100.0,0,265,42.01541943284464,28,0.004644870758056641,1.5677309036254883,,,-165.39285278320312,-165.39285278320312,,,19.605915069580078,-80.39408874511719,
reinforce,,,100.0,0,266,45.264615357971785,29,0.004667043685913086,1.572495937347412,,,-171.68817138671875,-171.68817138671875,,,21.352340698242188,-78.64765930175781,
reinforce,,,100.0,0,267,40.558234631800104,27,0.0042531490325927734,1.5768470764160156,,,-151.31068420410156,-151.31068420410156,,,19.421358108520508,-80.57864379882812,
reinforce,,,100.0,0,268,43.84379093577314,29,0.0047149658203125,1.5816607475280762,,,-153.5380859375,-153.5380859375,,,20.96632957458496,-79.0336685180664,
reinforce,,,100.0,0,269,41.95810301815595,28,0.004558086395263672,1.5862929821014404,,,-151.98915100097656,-151.98915100097656,,,19.944488525390625,-80.05550384521484,
reinforce,,,100.0,0,270,42.75599874185481,28,0.004520893096923828,1.5908830165863037,,,-172.4982147216797,-172.4982147216797,,,20.336238861083984,-79.66376495361328,
reinforce,,,100.0,0,271,42.30818085351741,27,0.004464149475097656,1.595404863357544,,,-165.66799926757812,-165.66799926757812,,,20.23990821838379,-79.76009368896484,
reinforce,,,100.0,0,272,42.74405091838619,28,0.004385948181152344,1.5998587608337402,,,-209.9317169189453,-209.9317169189453,,,20.21793556213379,-79.78206634521484,
reinforce,,,100.0,0,273,42.11868102111889,27,0.0042572021484375,1.6042308807373047,,,-157.8487548828125,-157.8487548828125,,,20.274259567260742,-79.72573852539062,
reinforce,,,100.0,0,274,44.844984559409255,29,0.004781007766723633,1.6090757846832275,,,-140.900146484375,-140.900146484375,,,21.173336029052734,-78.82666778564453,
reinforce,,,100.0,0,275,39.20826384633269,26,0.004094123840332031,1.6132500171661377,,,-182.93780517578125,-182.93780517578125,,,18.818016052246094,-81.18197631835938,
reinforce,,,100.0,0,276,45.176018604745934,28,0.0046367645263671875,1.6179487705230713,,,-198.0782012939453,-198.0782012939453,,,22.12594223022461,-77.87406158447266,
reinforce,,,100.0,0,277,40.67869081178468,27,0.004456758499145508,1.6224658489227295,,,-143.69293212890625,-143.69293212890625,,,19.499418258666992,-80.5005874633789,
reinforce,,,100.0,0,278,40.91864200337391,27,0.004375934600830078,1.6269049644470215,,,-171.53977966308594,-171.53977966308594,,,19.61343765258789,-80.38656616210938,
reinforce,,,100.0,0,279,41.174622653496385,28,0.004472970962524414,1.631438970565796,,,-173.39393615722656,-173.39393615722656,,,19.416183471679688,-80.58381652832031,
reinforce,,,100.0,0,280,40.81049549325943,27,0.004548072814941406,1.636044979095459,43.002347744844045,0.42818810111904027,-219.67160034179688,-219.67160034179688,,,19.65038299560547,-80.349609375,
reinforce,,,100.0,0,281,41.5930918475953,27,0.00420379638671875,1.652336835861206,,,-188.61114501953125,-188.61114501953125,,,20.183504104614258,-79.81649780273438,
reinforce,,,100.0,0,282,45.197163642650914,29,0.004897117614746094,1.6572940349578857,,,-170.94398498535156,-170.94398498535156,,,21.171411514282227,-78.8285903930664,
reinforce,,,100.0,0,283,42.14791491994446,28,0.00441288948059082,1.661787748336792,,,-167.39669799804688,-167.39669799804688,,,19.996904373168945,-80.00310516357422,
reinforce,,,100.0,0,284,45.21422354571513,29,0.004660844802856445,1.6665477752685547,,,-169.77073669433594,-169.77073669433594,,,21.45807456970215,-78.54192352294922,
reinforce,,,100.0,0,285,43.48999380196006,28,0.004520893096923828,1.6711459159851074,,,-171.0290985107422,-171.0290985107422,,,20.892866134643555,-79.10713195800781,
reinforce,,,100.0,0,286,43.56265002173499,28,0.004444122314453125,1.6756608486175537,,,-179.90969848632812,-179.90969848632812,,,21.12702751159668,-78.87297821044922,
reinforce,,,100.0,0,287,43.11761649536792,28,0.0045430660247802734,1.6802549362182617,,,-186.2279815673828,-186.2279815673828,,,20.420528411865234,-79.57947540283203,
reinforce,,,100.0,0,288,42.91329424842077,28,0.004585981369018555,1.6849079132080078,,,-177.04298400878906,-177.04298400878906,,,20.45017433166504,-79.54981994628906,
reinforce,,,100.0,0,289,41.48564460619749,27,0.0042781829833984375,1.689263105392456,,,-174.13763427734375,-174.13763427734375,,,19.961565017700195,-80.03843688964844,
reinforce,,,100.0,0,290,41.79968688613615,27,0.004434108734130859,1.6937589645385742,,,-185.18043518066406,-185.18043518066406,,,20.168838500976562,-79.83116149902344,
reinforce,,,100.0,0,291,42.496020041330496,28,0.004536867141723633,1.6985347270965576,,,-170.23922729492188,-170.23922729492188,,,20.003259658813477,-79.99674224853516,
reinforce,,,100.0,0,292,42.00355550551915,28,0.00453495979309082,1.7031347751617432,,,-162.5365447998047,-162.5365447998047,,,19.69594955444336,-80.3040542602539,
reinforce,,,100.0,0,293,44.08541975572263,28,0.004630088806152344,1.7078220844268799,,,-175.2761993408203,-175.2761993408203,,,21.155506134033203,-78.84449768066406,
reinforce,,,100.0,0,294,41.7803077286336,27,0.004322052001953125,1.7122268676757812,,,-152.0277099609375,-152.0277099609375,,,19.96559715270996,-80.03439331054688,
reinforce,,,100.0,0,295,42.070126495427466,27,0.004189968109130859,1.7164809703826904,,,-174.50941467285156,-174.50941467285156,,,20.160762786865234,-79.83924102783203,
reinforce,,,100.0,0,296,45.623435343529465,29,0.004765033721923828,1.7212951183319092,,,-191.63409423828125,-191.63409423828125,,,21.75147247314453,-78.24853515625,
reinforce,,,100.0,0,297,41.248016354537846,27,0.004302978515625,1.7256579399108887,,,-171.88136291503906,-171.88136291503906,,,19.516691207885742,-80.48331451416016,
reinforce,,,100.0,0,298,48.36882126600504,31,0.00491023063659668,1.7306580543518066,,,-189.31199645996094,-189.31199645996094,,,22.378664016723633,-77.62133026123047,
reinforce,,,100.0,0,299,41.37327317702789,27,0.004350185394287109,1.7350549697875977,,,-199.3195037841797,-199.3195037841797,,,19.760631561279297,-80.23936462402344,
reinforce,,,100.0,0,300,49.21803894237837,30,0.004847049713134766,1.739954948425293,43.177327307607904,0.3026634072563864,-180.01144409179688,-180.01144409179688,,,23.80482292175293,-76.19517517089844,
reinforce,,,100.0,0,301,40.483930539543664,27,0.0043032169342041016,1.7564430236816406,,,-198.87742614746094,-198.87742614746094,,,19.19282341003418,-80.80718231201172,
reinforce,,,100.0,0,302,41.918215495971765,27,0.004550933837890625,1.7610538005828857,,,-193.8128662109375,-193.8128662109375,,,20.228031158447266,-79.77197265625,
reinforce,,,100.0,0,303,43.64847280612119,28,0.004442691802978516,1.7655847072601318,,,-182.6134490966797,-182.6134490966797,,,20.94777488708496,-79.0522232055664,
reinforce,,,100.0,0,304,44.36417277324347,29,0.004805803298950195,1.7704508304595947,,,-176.2277069091797,-176.2277069091797,,,20.9702091217041,-79.02978515625,
reinforce,,,100.0,0,305,41.71639857184084,28,0.004587888717651367,1.7751100063323975,,,-181.88951110839844,-181.88951110839844,,,19.441604614257812,-80.55840301513672,
reinforce,,,100.0,0,306,44.95749502114906,28,0.004461765289306641,1.7796337604522705,,,-175.1179656982422,-175.1179656982422,,,21.641433715820312,-78.35856628417969,
reinforce,,,100.0,0,307,41.429229388671864,27,0.00449681282043457,1.7841887474060059,,,-163.60858154296875,-163.60858154296875,,,19.912105560302734,-80.087890625,
reinforce,,,100.0,0,308,47.54240338378838,29,0.004681110382080078,1.7889258861541748,,,-183.64268493652344,-183.64268493652344,,,23.516773223876953,-76.48323059082031,
reinforce,,,100.0,0,309,45.51635369385599,28,0.0044019222259521484,1.7933969497680664,,,-156.64035034179688,-156.64035034179688,,,22.43532943725586,-77.5646743774414,
reinforce,,,100.0,0,310,71.74295724172315,41,0.00661015510559082,1.8000590801239014,,,-160.00653076171875,-160.00653076171875,,,33.674076080322266,-66.32592010498047,
reinforce,,,100.0,0,311,44.59675103461608,29,0.00480198860168457,1.804917812347412,,,-177.3054962158203,-177.3054962158203,,,20.99688720703125,-79.00311279296875,
reinforce,,,100.0,0,312,46.08572366300426,29,0.004730939865112305,1.8097059726715088,,,-171.99017333984375,-171.99017333984375,,,21.85277557373047,-78.14722442626953,
reinforce,,,100.0,0,313,44.12644608445803,28,0.004413127899169922,1.8141920566558838,,,-158.9755096435547,-158.9755096435547,,,21.302371978759766,-78.6976318359375,
reinforce,,,100.0,0,314,41.350721942452324,27,0.004461050033569336,1.8187079429626465,,,-180.21542358398438,-180.21542358398438,,,19.99617576599121,-80.00382232666016,
reinforce,,,100.0,0,315,45.3020362181629,28,0.00481414794921875,1.8235750198364258,,,-136.28085327148438,-136.28085327148438,,,22.443593978881836,-77.55641174316406,
reinforce,,,100.0,0,316,39.923679995950025,27,0.004252910614013672,1.8279469013214111,,,-161.26309204101562,-161.26309204101562,,,19.137178421020508,-80.86282348632812,
reinforce,,,100.0,0,317,43.203756169789635,28,0.00461888313293457,1.8326308727264404,,,-175.75563049316406,-175.75563049316406,,,20.413257598876953,-79.58673858642578,
reinforce,,,100.0,0,318,43.36444941428091,28,0.004532814025878906,1.8372588157653809,,,-184.31298828125,-184.31298828125,,,20.680246353149414,-79.31975555419922,
reinforce,,,100.0,0,319,42.011069971284236,28,0.0043408870697021484,1.841676950454712,,,-187.42222595214844,-187.42222595214844,,,19.657140731811523,-80.34285736083984,
reinforce,,,100.0,0,320,41.56816321892663,27,0.004608154296875,1.8463411331176758,45.20952021926338,0.17560816893131184,-177.97137451171875,-177.97137451171875,,,20.023279190063477,-79.97672271728516,
reinforce,,,100.0,0,321,41.90819615102714,28,0.0043871402740478516,1.8634510040283203,,,-171.39306640625,-171.39306640625,,,19.568344116210938,-80.43165588378906,
reinforce,,,100.0,0,322,43.70453530728058,28,0.004432201385498047,1.8679389953613281,,,-150.46945190429688,-150.46945190429688,,,20.88673210144043,-79.11326599121094,
reinforce,,,100.0,0,323,41.52971444477584,27,0.0043909549713134766,1.8723797798156738,,,-191.2493133544922,-191.2493133544922,,,20.03765106201172,-79.96234893798828,
reinforce,,,100.0,0,324,50.47437297795503,32,0.005122184753417969,1.877561092376709,,,-182.82948303222656,-182.82948303222656,,,23.867475509643555,-76.13252258300781,
reinforce,,,100.0,0,325,45.89817883813564,29,0.004703044891357422,1.8823249340057373,,,-155.06512451171875,-155.06512451171875,,,21.824186325073242,-78.17581176757812,
reinforce,,,100.0,0,326,79.63192598788824,46,0.007405996322631836,1.8897860050201416,,,-135.729736328125,-135.729736328125,,,36.550296783447266,-63.4496955871582,
reinforce,,,100.0,0,327,70.27306149214395,40,0.006407260894775391,1.8962831497192383,,,-157.2340087890625,-157.2340087890625,,,33.2153434753418,-66.78465270996094,
reinforce,,,100.0,0,328,86.28299579263174,50,0.008011102676391602,1.9043619632720947,,,-115.61070251464844,-115.61070251464844,,,38.883216857910156,-61.116783142089844,
reinforce,,,100.0,0,329,67.69253424731703,39,0.0061702728271484375,1.9106180667877197,,,-167.1996307373047,-167.1996307373047,,,32.76704406738281,-67.23295593261719,
reinforce,,,100.0,0,330,76.71680857412122,44,0.007131814956665039,1.917874813079834,,,-148.31944274902344,-148.31944274902344,,,35.57905578613281,-64.42094421386719,
reinforce,,,100.0,0,331,81.27824841367283,47,0.007598876953125,1.925541877746582,,,-143.14170837402344,-143.14170837402344,,,37.07988357543945,-62.92012023925781,
reinforce,,,100.0,0,332,93.92304704958723,58,0.009179830551147461,1.934802770614624,,,-149.97955322265625,-149.97955322265625,,,39.42566680908203,-60.57433319091797,
reinforce,,,100.0,0,333,82.50840734585226,48,0.007693052291870117,1.9425959587097168,,,-143.95030212402344,-143.95030212402344,,,37.394962310791016,-62.60504150390625,
reinforce,,,100.0,0,334,46.402429865151795,31,0.004945993423461914,1.947619915008545,,,-181.92115783691406,-181.92115783691406,,,21.21560287475586,-78.78439331054688,
reinforce,,,100.0,0,335,67.18397874408193,38,0.005980014801025391,1.9536938667297363,,,-137.96060180664062,-137.96060180664062,,,32.15509033203125,-67.84490966796875,
reinforce,,,100.0,0,336,89.85763770280768,52,0.008304834365844727,1.96205472946167,,,-126.17778778076172,-126.17778778076172,,,41.53466033935547,-58.46533966064453,
reinforce,,,100.0,0,337,76.30181874975374,44,0.006967067718505859,1.969101905822754,,,-131.6091766357422,-131.6091766357422,,,35.51371765136719,-64.48627471923828,
reinforce,,,100.0,0,338,54.127330306392906,35,0.00544285774230957,1.9746198654174805,,,-178.65069580078125,-178.65069580078125,,,24.124895095825195,-75.87510681152344,
reinforce,,,100.0,0,339,75.90436920000514,44,0.007179975509643555,1.9818658828735352,,,-154.40786743164062,-154.40786743164062,,,35.17970657348633,-64.8202896118164,
reinforce,,,100.0,0,340,46.762213958736325,31,0.00477290153503418,1.9869208335876465,67.4332843584647,1.5004523441221005,-171.5186767578125,-171.5186767578125,,,21.355939865112305,-78.64405822753906,
reinforce,,,100.0,0,341,44.466295286786156,30,0.00472712516784668,2.0086960792541504,,,-174.327880859375,-174.327880859375,,,20.0797061920166,-79.92029571533203,
reinforce,,,100.0,0,342,50.382790628382,33,0.005201101303100586,2.013979911804199,,,-175.95431518554688,-175.95431518554688,,,22.47583770751953,-77.52416229248047,
reinforce,,,100.0,0,343,57.51611797921829,38,0.0060749053955078125,2.0201268196105957,,,-162.61219787597656,-162.61219787597656,,,25.231796264648438,-74.76820373535156,
reinforce,,,100.0,0,344,80.58560816843988,47,0.00722193717956543,2.027416944503784,,,-149.00213623046875,-149.00213623046875,,,37.557518005371094,-62.442481994628906,
reinforce,,,100.0,0,345,72.00684886523445,41,0.006666898727416992,2.034162759780884,,,-121.48201751708984,-121.48201751708984,,,33.849979400634766,-66.1500244140625,
reinforce,,,100.0,0,346,68.1232476949676,39,0.006454944610595703,2.040681838989258,,,-148.0705108642578,-148.0705108642578,,,32.43080520629883,-67.56919860839844,
reinforce,,,100.0,0,347,64.58747911863348,37,0.005980968475341797,2.046729803085327,,,-146.38778686523438,-146.38778686523438,,,31.043853759765625,-68.95614624023438,
reinforce,,,100.0,0,348,70.17571781972478,40,0.006518125534057617,2.0533199310302734,,,-178.95645141601562,-178.95645141601562,,,33.25135040283203,-66.74864959716797,
reinforce,,,100.0,0,349,63.08442617380539,36,0.005697011947631836,2.059102773666382,,,-143.5693359375,-143.5693359375,,,30.49978256225586,-69.50021362304688,
reinforce,,,100.0,0,350,61.768100036749445,35,0.005589008331298828,2.0647621154785156,,,-141.66275024414062,-141.66275024414062,,,30.103805541992188,-69.89620208740234,
reinforce,,,100.0,0,351,60.14282286895046,34,0.00554203987121582,2.070375919342041,,,-141.89401245117188,-141.89401245117188,,,29.516252517700195,-70.48374938964844,
reinforce,,,100.0,0,352,58.00769865231927,33,0.005429983139038086,2.0758838653564453,,,-161.7811279296875,-161.7811279296875,,,28.586305618286133,-71.4136962890625,
reinforce,,,100.0,0,353,59.81312478876451,34,0.005548000335693359,2.081493854522705,,,-144.2224884033203,-144.2224884033203,,,29.261669158935547,-70.73833465576172,
reinforce,,,100.0,0,354,63.59766014969459,36,0.005797147750854492,2.0873639583587646,,,-169.9005126953125,-169.9005126953125,,,30.779741287231445,-69.22026062011719,
reinforce,,,100.0,0,355,58.522761732448984,33,0.005223274230957031,2.0926640033721924,,,-166.68214416503906,-166.68214416503906,,,28.76790428161621,-71.23209381103516,
reinforce,,,100.0,0,356,56.561861022951035,32,0.005167245864868164,2.0979208946228027,,,-154.91986083984375,-154.91986083984375,,,28.055885314941406,-71.9441146850586,
reinforce,,,100.0,0,357,53.291301653073795,30,0.005067110061645508,2.1030499935150146,,,-157.06689453125,-157.06689453125,,,26.79547119140625,-73.20452117919922,
reinforce,,,100.0,0,358,53.31811417779388,30,0.0048449039459228516,2.107963800430298,,,-168.96865844726562,-168.96865844726562,,,26.893115997314453,-73.10688781738281,
reinforce,,,100.0,0,359,50.847551407181605,29,0.0046710968017578125,2.112736940383911,,,-198.79006958007812,-198.79006958007812,,,26.144224166870117,-73.85577392578125,
reinforce,,,100.0,0,360,53.05272759905378,30,0.004952669143676758,2.1177446842193604,55.95052797755136,0.5246906335883763,-146.58914184570312,-146.58914184570312,,,26.677404403686523,-73.32259368896484,
reinforce,,,100.0,0,361,54.99749420461678,31,0.004948139190673828,2.1370179653167725,,,-164.9713897705078,-164.9713897705078,,,27.521211624145508,-72.4787826538086,
reinforce,,,100.0,0,362,59.430580276121376,34,0.0056209564208984375,2.1427249908447266,,,-165.0937957763672,-165.0937957763672,,,29.130308151245117,-70.86968994140625,
reinforce,,,100.0,0,363,60.21165931810891,34,0.005394935607910156,2.148200750350952,,,-185.02777099609375,-185.02777099609375,,,29.45780372619629,-70.54219055175781,
reinforce,,,100.0,0,364,59.3394879807643,34,0.005497932434082031,2.1538338661193848,,,-160.10980224609375,-160.10980224609375,,,29.084016799926758,-70.91598510742188,
reinforce,,,100.0,0,365,63.35956377260697,36,0.005872011184692383,2.159791946411133,,,-169.21566772460938,-169.21566772460938,,,30.73914337158203,-69.2608642578125,
reinforce,,,100.0,0,366,62.565038945452066,36,0.005944967269897461,2.1658198833465576,,,-159.66224670410156,-159.66224670410156,,,30.243242263793945,-69.75675201416016,
reinforce,,,100.0,0,367,61.27431245052422,35,0.0056951045989990234,2.171610116958618,,,-159.2115020751953,-159.2115020751953,,,29.875282287597656,-70.12471771240234,
reinforce,,,100.0,0,368,48.17628091061786,27,0.00422978401184082,2.1759138107299805,,,-159.86378479003906,-159.86378479003906,,,24.77491569519043,-75.22508239746094,
reinforce,,,100.0,0,369,61.18347203252289,35,0.005645036697387695,2.1816248893737793,,,-129.94114685058594,-129.94114685058594,,,29.81700325012207,-70.18299102783203,
reinforce,,,100.0,0,370,54.855484375640735,31,0.0053250789642333984,2.187098979949951,,,-181.75201416015625,-181.75201416015625,,,27.470693588256836,-72.52930450439453,
reinforce,,,100.0,0,371,60.16876967397328,34,0.005212068557739258,2.192394971847534,,,-165.89596557617188,-165.89596557617188,,,29.516130447387695,-70.48387145996094,
reinforce,,,100.0,0,372,61.498009630052984,35,0.005426883697509766,2.1979048252105713,,,-194.5932159423828,-194.5932159423828,,,29.873422622680664,-70.12657928466797,
reinforce,,,100.0,0,373,54.32155001707814,31,0.004971981048583984,2.2029647827148438,,,-157.67367553710938,-157.67367553710938,,,27.24698829650879,-72.75300598144531,
reinforce,,,100.0,0,374,54.120553306921096,31,0.0051381587982177734,2.208185911178589,,,-150.08029174804688,-150.08029174804688,,,27.120420455932617,-72.87957763671875,
reinforce,,,100.0,0,375,52.43444886733213,30,0.004915952682495117,2.2131659984588623,,,-181.31124877929688,-181.31124877929688,,,26.457059860229492,-73.54293823242188,
reinforce,,,100.0,0,376,54.144676089918576,31,0.004820346832275391,2.218053102493286,,,-186.76065063476562,-186.76065063476562,,,27.007083892822266,-72.992919921875,
reinforce,,,100.0,0,377,52.7776390517713,30,0.004816770553588867,2.222932815551758,,,-213.5695343017578,-213.5695343017578,,,26.539621353149414,-73.46036529541016,
reinforce,,,100.0,0,378,59.662952666765705,34,0.005597114562988281,2.2286109924316406,,,-155.97604370117188,-155.97604370117188,,,29.263050079345703,-70.73694610595703,
reinforce,,,100.0,0,379,68.62571487875908,39,0.0060939788818359375,2.234773874282837,,,-160.84426879882812,-160.84426879882812,,,32.82609176635742,-67.17391204833984,
reinforce,,,100.0,0,380,66.52111981907606,38,0.006195068359375,2.2410738468170166,59.97104616122662,0.8541071608636972,-152.27511596679688,-152.27511596679688,,,31.858871459960938,-68.1411361694336,
reinforce,,,100.0,0,381,55.23021772625139,31,0.004891872406005859,2.2608978748321533,,,-161.25428771972656,-161.25428771972656,,,27.60940170288086,-72.39059448242188,
reinforce,,,100.0,0,382,63.49517308655798,36,0.005690813064575195,2.266645908355713,,,-157.6656036376953,-157.6656036376953,,,30.79130744934082,-69.20869445800781,
reinforce,,,100.0,0,383,60.9879551156031,35,0.00557398796081543,2.2722890377044678,,,-169.659423828125,-169.659423828125,,,29.796537399291992,-70.20346069335938,
reinforce,,,100.0,0,384,56.42092559659838,32,0.00524592399597168,2.2775967121124268,,,-158.31097412109375,-158.31097412109375,,,27.99165153503418,-72.00834655761719,
reinforce,,,100.0,0,385,73.31812826213304,42,0.006590127944946289,2.2842800617218018,,,-125.7675552368164,-125.7675552368164,,,34.384037017822266,-65.615966796875,
reinforce,,,100.0,0,386,68.82001450978277,39,0.006314992904663086,2.2906930446624756,,,-158.3209991455078,-158.3209991455078,,,32.75521469116211,-67.24478912353516,
reinforce,,,100.0,0,387,61.860397657373305,35,0.005529880523681641,2.2962937355041504,,,-151.781005859375,-151.781005859375,,,30.16995620727539,-69.83003997802734,
reinforce,,,100.0,0,388,63.3995260669132,36,0.005897045135498047,2.3023159503936768,,,-180.89556884765625,-180.89556884765625,,,30.88467025756836,-69.11532592773438,
reinforce,,,100.0,0,389,77.24121254924361,44,0.006997108459472656,2.3093838691711426,,,-141.18202209472656,-141.18202209472656,,,35.87771987915039,-64.12228393554688,
reinforce,,,100.0,0,390,66.68049484803005,38,0.005869150161743164,2.315316915512085,,,-147.0136260986328,-147.0136260986328,,,31.964786529541016,-68.03520965576172,
reinforce,,,100.0,0,391,75.53311153323722,43,0.006703853607177734,2.3221209049224854,,,-143.18934631347656,-143.18934631347656,,,35.19432067871094,-64.80567932128906,
reinforce,,,100.0,0,392,47.85922198275262,27,0.004298210144042969,2.326491117477417,,,-196.54933166503906,-196.54933166503906,,,24.703943252563477,-75.29605865478516,
reinforce,,,100.0,0,393,66.32966452052389,38,0.006189107894897461,2.3327300548553467,,,-141.94102478027344,-141.94102478027344,,,31.884912490844727,-68.1150894165039,
reinforce,,,100.0,0,394,71.70327543351567,41,0.006636142730712891,2.3394439220428467,,,-153.48899841308594,-153.48899841308594,,,33.692378997802734,-66.30760955810547,
reinforce,,,100.0,0,395,75.75750368453521,43,0.006936073303222656,2.346444845199585,,,-159.218017578125,-159.218017578125,,,35.51887893676758,-64.48112487792969,
reinforce,,,100.0,0,396,76.62532239613961,44,0.007056713104248047,2.3535590171813965,,,-159.55226135253906,-159.55226135253906,,,35.51496124267578,-64.48503875732422,
reinforce,,,100.0,0,397,75.23690718156699,43,0.006968021392822266,2.360595941543579,,,-130.68153381347656,-130.68153381347656,,,35.11489486694336,-64.8851089477539,
reinforce,,,100.0,0,398,76.52553282115804,44,0.0069811344146728516,2.367643117904663,,,-139.00685119628906,-139.00685119628906,,,35.56170654296875,-64.43829345703125,
reinforce,,,100.0,0,399,88.0974452717849,51,0.00815892219543457,2.375868797302246,,,-109.5993423461914,-109.5993423461914,,,39.5997428894043,-60.4002571105957,
reinforce,,,100.0,0,400,100.98390133638924,59,0.009526968002319336,2.385464906692505,87.33514166562047,1.5222649304618683,-119.86276245117188,-119.86276245117188,,,43.822425842285156,-56.17757034301758,
reinforce,,,100.0,0,401,76.34614154414871,44,0.006915092468261719,2.414313793182373,,,-140.60523986816406,-140.60523986816406,,,35.45576477050781,-64.54423522949219,
reinforce,,,100.0,0,402,78.27037873082823,45,0.0072498321533203125,2.421665906906128,,,-129.4945526123047,-129.4945526123047,,,36.22159957885742,-63.77839660644531,
reinforce,,,100.0,0,403,100.13451480810309,59,0.009411096572875977,2.4311509132385254,,,-127.87413024902344,-127.87413024902344,,,43.578521728515625,-56.421478271484375,
reinforce,,,100.0,0,404,104.83602692248537,62,0.009961128234863281,2.44120192527771,,,-123.52728271484375,-123.52728271484375,,,44.64670181274414,-55.35329818725586,
reinforce,,,100.0,0,405,101.22171495523249,59,0.00932002067565918,2.4506139755249023,,,-126.24201965332031,-126.24201965332031,,,44.16637420654297,-55.83362579345703,
reinforce,,,100.0,0,406,106.40791381579037,63,0.010084152221679688,2.4607698917388916,,,-124.65483856201172,-124.65483856201172,,,44.87385177612305,-55.12614822387695,
reinforce,,,100.0,0,407,103.75241079140308,61,0.00985407829284668,2.470721960067749,,,-120.12786865234375,-120.12786865234375,,,44.597110748291016,-55.402889251708984,
reinforce,,,100.0,0,408,109.17295681812635,65,0.010277748107910156,2.481085777282715,,,-123.28174591064453,-123.28174591064453,,,45.86199188232422,-54.13800811767578,
reinforce,,,100.0,0,409,118.14740689355648,70,0.011284351348876953,2.492464065551758,,,-113.41927337646484,-113.41927337646484,,,49.2217903137207,-50.77821350097656,
reinforce,,,100.0,0,410,118.86283544026257,72,0.01143503189086914,2.5040061473846436,,,-104.06132507324219,-104.06132507324219,,,49.61819076538086,-50.381813049316406,
reinforce,,,100.0,0,411,110.43970526057586,66,0.010481119155883789,2.5145859718322754,,,-124.009033203125,-124.009033203125,,,46.40577697753906,-53.59422302246094,
reinforce,,,100.0,0,412,91.69159718789356,53,0.008484125137329102,2.5231521129608154,,,-130.510986328125,-130.510986328125,,,40.88066482543945,-59.11933517456055,
reinforce,,,100.0,0,413,96.8511020067586,56,0.008940935134887695,2.5321948528289795,,,-133.6826629638672,-133.6826629638672,,,43.16188430786133,-56.83811569213867,
reinforce,,,100.0,0,414,81.25782600614446,47,0.007458925247192383,2.5397489070892334,,,-157.36972045898438,-157.36972045898438,,,37.19719696044922,-62.80280685424805,
reinforce,,,100.0,0,415,90.65436774706087,52,0.00840306282043457,2.5482490062713623,,,-120.0748291015625,-120.0748291015625,,,41.25299835205078,-58.74700164794922,
reinforce,,,100.0,0,416,92.78796335296352,54,0.00870966911315918,2.5570406913757324,,,-140.0446014404297,-140.0446014404297,,,41.76026153564453,-58.23973846435547,
reinforce,,,100.0,0,417,88.90309140521934,51,0.00814676284790039,2.5652647018432617,,,-158.00096130371094,-158.00096130371094,,,40.04467010498047,-59.955326080322266,
reinforce,,,100.0,0,418,83.8857948348413,48,0.007324934005737305,2.5726888179779053,,,-120.38811492919922,-120.38811492919922,,,38.81588363647461,-61.18412399291992,
reinforce,,,100.0,0,419,90.09015480897102,52,0.008070230484008789,2.580857992172241,,,-135.03671264648438,-135.03671264648438,,,41.158817291259766,-58.841182708740234,
reinforce,,,100.0,0,420,90.19278465970132,52,0.008045196533203125,2.588979959487915,88.65414816985287,0.9656143659157254,-138.02479553222656,-138.02479553222656,,,40.628665924072266,-59.371337890625,
reinforce,,,100.0,0,421,86.18435087897372,50,0.007982730865478516,2.6194727420806885,,,-141.7610321044922,-141.7610321044922,,,39.54387283325195,-60.45613098144531,
reinforce,,,100.0,0,422,90.67215479238222,52,0.008265972137451172,2.6278088092803955,,,-137.28775024414062,-137.28775024414062,,,41.04761505126953,-58.95237731933594,
reinforce,,,100.0,0,423,96.61931776202351,56,0.008878231048583984,2.636784076690674,,,-126.49787139892578,-126.49787139892578,,,43.4576530456543,-56.54233932495117,
reinforce,,,100.0,0,424,92.22284065850023,53,0.008454084396362305,2.6453170776367188,,,-108.48766326904297,-108.48766326904297,,,42.51841735839844,-57.48158264160156,
reinforce,,,100.0,0,425,88.02493441416122,50,0.008055925369262695,2.6534459590911865,,,-133.631591796875,-133.631591796875,,,41.01662063598633,-58.98337936401367,
reinforce,,,100.0,0,426,83.42834689407016,48,0.007700920104980469,2.661228895187378,,,-159.18409729003906,-159.18409729003906,,,38.548892974853516,-61.45111083984375,
reinforce,,,100.0,0,427,85.92645208903221,49,0.007793903350830078,2.6691057682037354,,,-137.70294189453125,-137.70294189453125,,,39.76185607910156,-60.23814010620117,
reinforce,,,100.0,0,428,98.4266135130556,56,0.009141921997070312,2.678342819213867,,,-139.08059692382812,-139.08059692382812,,,45.33935546875,-54.660648345947266,
reinforce,,,100.0,0,429,72.444085637948,41,0.006400108337402344,2.6848340034484863,,,-129.36053466796875,-129.36053466796875,,,34.45444869995117,-65.5455551147461,
reinforce,,,100.0,0,430,92.86443499206695,53,0.008488893508911133,2.693413734436035,,,-117.75265502929688,-117.75265502929688,,,42.820960998535156,-57.17903518676758,
reinforce,,,100.0,0,431,96.99171691179443,55,0.008713960647583008,2.702202081680298,,,-120.34813690185547,-120.34813690185547,,,44.244754791259766,-55.755245208740234,
reinforce,,,100.0,0,432,89.60480993995073,51,0.008018970489501953,2.71030592918396,,,-130.00775146484375,-130.00775146484375,,,41.660430908203125,-58.33956527709961,
reinforce,,,100.0,0,433,88.04972890630904,50,0.00817108154296875,2.7185609340667725,,,-122.32540130615234,-122.32540130615234,,,41.17147445678711,-58.828529357910156,
reinforce,,,100.0,0,434,74.91253352417016,43,0.006834268569946289,2.7255101203918457,,,-150.05860900878906,-150.05860900878906,,,35.153194427490234,-64.8468017578125,
reinforce,,,100.0,0,435,109.41083060064379,64,0.010059118270874023,2.7356510162353516,,,-105.1913833618164,-105.1913833618164,,,48.420772552490234,-51.579227447509766,
reinforce,,,100.0,0,436,87.53201413546701,50,0.007895946502685547,2.7436299324035645,,,-126.9889907836914,-126.9889907836914,,,40.369998931884766,-59.630001068115234,
reinforce,,,100.0,0,437,90.61211899436796,51,0.007987022399902344,2.751682996749878,,,-125.98606872558594,-125.98606872558594,,,42.45627975463867,-57.54372024536133,
reinforce,,,100.0,0,438,107.53787853988025,61,0.009609222412109375,2.76137113571167,,,-117.7820053100586,-117.7820053100586,,,47.71706008911133,-52.28293991088867,
reinforce,,,100.0,0,439,96.29967841202206,56,0.008736133575439453,2.7701969146728516,,,-113.26787567138672,-113.26787567138672,,,42.87578582763672,-57.12421417236328,
reinforce,,,100.0,0,440,89.60351835749606,51,0.008152008056640625,2.778411865234375,104.53072196871624,6.186949687300503,-131.15858459472656,-131.15858459472656,,,41.77762222290039,-58.222373962402344,
reinforce,,,100.0,0,441,88.7209183722404,50,0.008066892623901367,2.8115739822387695,,,-126.6698226928711,-126.6698226928711,,,41.18938064575195,-58.81061935424805,
reinforce,,,100.0,0,442,114.87493401457843,64,0.010189056396484375,2.8218400478363037,,,-100.28754425048828,-100.28754425048828,,,51.22884750366211,-48.771156311035156,
reinforce,,,100.0,0,443,93.01507596095632,53,0.008535146713256836,2.8304660320281982,,,-128.18748474121094,-128.18748474121094,,,43.1632194519043,-56.8367805480957,
reinforce,,,100.0,0,444,89.60171048142267,51,0.007966995239257812,2.838520050048828,,,-116.6513442993164,-116.6513442993164,,,41.832420349121094,-58.167579650878906,
reinforce,,,100.0,0,445,93.73283474832223,53,0.008276939392089844,2.8468809127807617,,,-122.84249877929688,-122.84249877929688,,,43.902740478515625,-56.097259521484375,
reinforce,,,100.0,0,446,48.22882242117812,35,0.005678892135620117,2.8526477813720703,,,-160.3701171875,-160.3701171875,,,20.386117935180664,-79.61388397216797,
reinforce,,,100.0,0,447,56.47181632391046,40,0.006716012954711914,2.8594539165496826,,,-154.6356964111328,-154.6356964111328,,,24.070110321044922,-75.92989349365234,
reinforce,,,100.0,0,448,53.31082129691732,38,0.006021022796630859,2.8655569553375244,,,-157.3347930908203,-157.3347930908203,,,22.396957397460938,-77.60304260253906,
reinforce,,,100.0,0,449,49.18670748810064,35,0.005686044692993164,2.871309995651245,,,-200.64561462402344,-200.64561462402344,,,20.98126220703125,-79.01873779296875,
reinforce,,,100.0,0,450,51.77254603179138,37,0.005833864212036133,2.8772308826446533,,,-192.8137969970703,-192.8137969970703,,,21.59739875793457,-78.40260314941406,
reinforce,,,100.0,0,451,45.71876499358029,33,0.005257129669189453,2.882565975189209,,,-187.27671813964844,-187.27671813964844,,,19.658367156982422,-80.34163665771484,
reinforce,,,100.0,0,452,106.69231993012619,61,0.00956869125366211,2.8921878337860107,,,-115.7261734008789,-115.7261734008789,,,49.17820739746094,-50.82179260253906,
reinforce,,,100.0,0,453,50.14330864980641,36,0.005707979202270508,2.89798903465271,,,-180.27976989746094,-180.27976989746094,,,21.29340934753418,-78.70658874511719,
reinforce,,,100.0,0,454,49.3428941436032,35,0.005566120147705078,2.9036099910736084,,,-158.7696075439453,-158.7696075439453,,,20.86725425720215,-79.13274383544922,
reinforce,,,100.0,0,455,46.815681350728006,34,0.005651950836181641,2.909371852874756,,,-171.97186279296875,-171.97186279296875,,,19.972671508789062,-80.02732849121094,
reinforce,,,100.0,0,456,52.78841072463701,38,0.0062181949615478516,2.915653944015503,,,-169.2970428466797,-169.2970428466797,,,21.88203239440918,-78.11797332763672,
reinforce,,,100.0,0,457,44.338838376035994,32,0.00521087646484375,2.9209237098693848,,,-145.85540771484375,-145.85540771484375,,,18.629436492919922,-81.37055969238281,
reinforce,,,100.0,0,458,43.908188273063594,32,0.005048036575317383,2.9260408878326416,,,-226.37005615234375,-226.37005615234375,,,18.563594818115234,-81.4364013671875,
reinforce,,,100.0,0,459,43.99856499398001,32,0.005150794982910156,2.9312617778778076,,,-172.25985717773438,-172.25985717773438,,,18.306873321533203,-81.69313049316406,
reinforce,,,100.0,0,460,44.23741503243406,32,0.005322933197021484,2.9366378784179688,43.49805047450345,0.552587692034986,-196.79530334472656,-196.79530334472656,,,18.563278198242188,-81.43672180175781,
reinforce,,,100.0,0,461,44.23674928646914,32,0.005160093307495117,2.956068992614746,,,-192.424560546875,-192.424560546875,,,18.704387664794922,-81.29560852050781,
reinforce,,,100.0,0,462,43.95814221664021,32,0.005234956741333008,2.961376905441284,,,-219.921875,-219.921875,,,18.51811981201172,-81.48188018798828,
reinforce,,,100.0,0,463,43.735172496495515,32,0.0052220821380615234,2.966686964035034,,,-165.11837768554688,-165.11837768554688,,,18.11091423034668,-81.88908386230469,
reinforce,,,100.0,0,464,41.45767979346362,31,0.0049593448638916016,2.9717280864715576,,,-177.4342041015625,-177.4342041015625,,,17.378437042236328,-82.6215591430664,
reinforce,,,100.0,0,465,42.091804150718495,31,0.005137920379638672,2.976937770843506,,,-179.6562957763672,-179.6562957763672,,,17.84058952331543,-82.15940856933594,
reinforce,,,100.0,0,466,42.42636483061591,31,0.005145072937011719,2.9821689128875732,,,-164.34844970703125,-164.34844970703125,,,18.029930114746094,-81.97006225585938,
reinforce,,,100.0,0,467,43.7232231901366,32,0.005103111267089844,2.98734188079834,,,-181.40689086914062,-181.40689086914062,,,18.093448638916016,-81.90654754638672,
reinforce,,,100.0,0,468,40.69894347450403,30,0.004942178726196289,2.992345094680786,,,-196.31326293945312,-196.31326293945312,,,17.383005142211914,-82.61698913574219,
reinforce,,,100.0,0,469,44.18424243134835,33,0.005313873291015625,2.9977219104766846,,,-187.58079528808594,-187.58079528808594,,,17.94560432434082,-82.05439758300781,
reinforce,,,100.0,0,470,44.08538457150244,32,0.005102872848510742,3.0029098987579346,,,-183.630859375,-183.630859375,,,18.494449615478516,-81.50555419921875,
reinforce,,,100.0,0,471,42.58713644819079,31,0.004870176315307617,3.007920026779175,,,-163.95684814453125,-163.95684814453125,,,18.05403709411621,-81.94596862792969,
reinforce,,,100.0,0,472,43.99287370588018,32,0.005033016204833984,3.013009786605835,,,-185.68209838867188,-185.68209838867188,,,18.366701126098633,-81.63330078125,
reinforce,,,100.0,0,473,42.143168964093114,31,0.0049359798431396484,3.018009901046753,,,-181.0480194091797,-181.0480194091797,,,17.831876754760742,-82.16812133789062,
reinforce,,,100.0,0,474,43.863101155011314,32,0.005018949508666992,3.023098945617676,,,-187.13656616210938,-187.13656616210938,,,18.35592269897461,-81.64407348632812,
reinforce,,,100.0,0,475,42.12400756635749,31,0.0051157474517822266,3.02827787399292,,,-158.01718139648438,-158.01718139648438,,,17.727584838867188,-82.27241516113281,
reinforce,,,100.0,0,476,42.68197449114427,31,0.005221128463745117,3.0335588455200195,,,-165.88357543945312,-165.88357543945312,,,18.078580856323242,-81.92141723632812,
reinforce,,,100.0,0,477,42.991123982504156,32,0.005179166793823242,3.038809061050415,,,-181.781494140625,-181.781494140625,,,17.643823623657227,-82.35617065429688,
reinforce,,,100.0,0,478,43.05400147299153,32,0.00505375862121582,3.0439248085021973,,,-176.8008575439453,-176.8008575439453,,,17.806827545166016,-82.19317626953125,
reinforce,,,100.0,0,479,43.86776941881447,32,0.005172014236450195,3.04915189743042,,,-198.15274047851562,-198.15274047851562,,,18.379003524780273,-81.6209945678711,
reinforce,,,100.0,0,480,43.187355842551426,32,0.005331993103027344,3.0545499324798584,43.53532985098871,0.42061672728750843,-170.81727600097656,-170.81727600097656,,,17.702486038208008,-82.29751586914062,
reinforce,,,100.0,0,481,42.82527823523796,31,0.004961967468261719,3.073837995529175,,,-165.4202117919922,-165.4202117919922,,,18.242069244384766,-81.75792694091797,
reinforce,,,100.0,0,482,41.343750698242935,31,0.005099058151245117,3.0790109634399414,,,-150.55955505371094,-150.55955505371094,,,17.312110900878906,-82.68789672851562,
reinforce,,,100.0,0,483,38.150149485213575,28,0.004442691802978516,3.0836269855499268,,,-203.4667510986328,-203.4667510986328,,,18.13909339904785,-81.86090850830078,
reinforce,,,100.0,0,484,41.3479525965191,31,0.005257844924926758,3.0889508724212646,,,-189.0295867919922,-189.0295867919922,,,17.25434112548828,-82.74565124511719,
reinforce,,,100.0,0,485,47.371324925709644,34,0.0052869319915771484,3.0943119525909424,,,-182.58529663085938,-182.58529663085938,,,19.6744384765625,-80.3255615234375,
reinforce,,,100.0,0,486,47.22003204476398,34,0.0054149627685546875,3.0997989177703857,,,-187.0247802734375,-187.0247802734375,,,19.382373809814453,-80.61762237548828,
reinforce,,,100.0,0,487,43.42935534940355,32,0.005157947540283203,3.105008840560913,,,-177.16021728515625,-177.16021728515625,,,18.266082763671875,-81.73391723632812,
reinforce,,,100.0,0,488,41.89010489146303,31,0.005106925964355469,3.1101739406585693,,,-168.98667907714844,-168.98667907714844,,,17.54271125793457,-82.45729064941406,
reinforce,,,100.0,0,489,43.65578102620525,32,0.005222797393798828,3.1154558658599854,,,-188.1090087890625,-188.1090087890625,,,18.20425033569336,-81.79574584960938,
reinforce,,,100.0,0,490,43.35183137887022,32,0.0051822662353515625,3.1207101345062256,,,-192.0242156982422,-192.0242156982422,,,18.027679443359375,-81.97232055664062,
reinforce,,,100.0,0,491,37.808297378588605,29,0.004842042922973633,3.1256089210510254,,,-185.04238891601562,-185.04238891601562,,,16.341541290283203,-83.65845489501953,
reinforce,,,100.0,0,492,41.645377548656526,32,0.005142927169799805,3.1308248043060303,,,-200.34388732910156,-200.34388732910156,,,16.777931213378906,-83.2220687866211,
reinforce,,,100.0,0,493,41.92547349091102,31,0.004936933517456055,3.135822057723999,,,-186.52491760253906,-186.52491760253906,,,17.61191177368164,-82.38809204101562,
reinforce,,,100.0,0,494,42.40732916238867,31,0.004961967468261719,3.1408538818359375,,,-174.8407745361328,-174.8407745361328,,,18.09025764465332,-81.90974426269531,
reinforce,,,100.0,0,495,43.97876408625819,32,0.005134105682373047,3.1460399627685547,,,-193.76263427734375,-193.76263427734375,,,18.41379165649414,-81.58621215820312,
reinforce,,,100.0,0,496,44.312747077480985,33,0.005419015884399414,3.1515450477600098,,,-177.2296142578125,-177.2296142578125,,,18.01126480102539,-81.98873138427734,
reinforce,,,100.0,0,497,43.83696120607107,32,0.0050580501556396484,3.156669855117798,,,-180.54672241210938,-180.54672241210938,,,18.307876586914062,-81.69212341308594,
reinforce,,,100.0,0,498,45.37329701528613,33,0.005254268646240234,3.161987066268921,,,-189.70962524414062,-189.70962524414062,,,18.68977928161621,-81.31021881103516,
reinforce,,,100.0,0,499,43.22799366281846,31,0.005109071731567383,3.1671459674835205,,,-197.5280303955078,-197.5280303955078,,,18.31214714050293,-81.68785095214844,
reinforce,,,100.0,0,500,33.60357289639357,26,0.004436969757080078,3.1716389656066895,43.24105692385808,0.26458205810647956,-175.16079711914062,-175.16079711914062,,,14.960128784179688,-85.03987121582031,
reinforce,,,100.0,0,501,43.276714849480115,32,0.004976987838745117,3.1908679008483887,,,-199.77874755859375,-199.77874755859375,,,18.026891708374023,-81.97310638427734,
reinforce,,,100.0,0,502,40.72435470474982,29,0.00463104248046875,3.195551872253418,,,-200.95538330078125,-200.95538330078125,,,17.866662979125977,-82.13333129882812,
reinforce,,,100.0,0,503,45.84785477995052,33,0.005408048629760742,3.201016902923584,,,-195.90249633789062,-195.90249633789062,,,19.002079010009766,-80.9979248046875,
reinforce,,,100.0,0,504,43.617403472766796,32,0.005129814147949219,3.206223964691162,,,-149.9991455078125,-149.9991455078125,,,18.298274993896484,-81.70172119140625,
reinforce,,,100.0,0,505,43.73118026568386,32,0.005158901214599609,3.2114439010620117,,,-177.38723754882812,-177.38723754882812,,,18.133209228515625,-81.86679077148438,
reinforce,,,100.0,0,506,34.5568826735864,26,0.004248142242431641,3.215765953063965,,,-207.48643493652344,-207.48643493652344,,,16.84954071044922,-83.15045928955078,
reinforce,,,100.0,0,507,44.67772254420864,33,0.005277156829833984,3.221092939376831,,,-175.8081512451172,-175.8081512451172,,,18.220836639404297,-81.77916717529297,
reinforce,,,100.0,0,508,41.772182551277254,31,0.00503993034362793,3.2261998653411865,,,-173.24322509765625,-173.24322509765625,,,17.505353927612305,-82.49464416503906,
reinforce,,,100.0,0,509,41.35111170295027,31,0.004950046539306641,3.2312278747558594,,,-164.08596801757812,-164.08596801757812,,,17.310256958007812,-82.68973541259766,
reinforce,,,100.0,0,510,43.292176950899105,32,0.0052449703216552734,3.236527919769287,,,-175.62030029296875,-175.62030029296875,,,17.80243682861328,-82.19757080078125,
reinforce,,,100.0,0,511,44.07755246879424,32,0.0051229000091552734,3.241712808609009,,,-174.73915100097656,-174.73915100097656,,,18.21324920654297,-81.78675842285156,
reinforce,,,100.0,0,512,43.26353313414151,32,0.005330085754394531,3.247098922729492,,,-200.355224609375,-200.355224609375,,,17.90852165222168,-82.09147644042969,
reinforce,,,100.0,0,513,40.31041684902201,23,0.003759145736694336,3.250939130783081,,,-197.22775268554688,-197.22775268554688,,,21.836685180664062,-78.16331481933594,
reinforce,,,100.0,0,514,43.07024183347916,31,0.005112886428833008,3.2561259269714355,,,-172.4254150390625,-172.4254150390625,,,18.42531967163086,-81.5746841430664,
reinforce,,,100.0,0,515,43.50716098397386,32,0.005053043365478516,3.2612359523773193,,,-184.40774536132812,-184.40774536132812,,,18.053035736083984,-81.94696044921875,
reinforce,,,100.0,0,516,37.94207583681873,28,0.004472017288208008,3.2657759189605713,,,-193.0386505126953,-193.0386505126953,,,16.49681854248047,-83.50318145751953,
reinforce,,,100.0,0,517,40.916579246122325,30,0.004839181900024414,3.270659923553467,,,-178.30384826660156,-178.30384826660156,,,17.43986701965332,-82.56013488769531,
reinforce,,,100.0,0,518,37.1673851942607,28,0.0046122074127197266,3.2753310203552246,,,-171.263916015625,-171.263916015625,,,16.071651458740234,-83.9283447265625,
reinforce,,,100.0,0,519,9.490606752027375,12,0.0020852088928222656,3.27748703956604,,,-189.6350860595703,-189.6350860595703,,,5.084152698516846,-94.91585540771484,
reinforce,,,100.0,0,520,37.14592690683467,21,0.0034639835357666016,3.280993938446045,41.70130659381386,0.4661273560604514,-156.05010986328125,-156.05010986328125,,,21.089359283447266,-78.91064453125,
reinforce,,,100.0,0,521,35.743449536461114,20,0.003476381301879883,3.298288106918335,,,-215.6493682861328,-215.6493682861328,,,20.484298706054688,-79.51570129394531,
reinforce,,,100.0,0,522,32.46567575922189,25,0.0043261051177978516,3.3026788234710693,,,-195.2152557373047,-195.2152557373047,,,15.683104515075684,-84.31689453125,
reinforce,,,100.0,0,523,8.739811949839508,12,0.0022652149200439453,3.3050339221954346,,,-249.392822265625,-249.392822265625,,,4.359392166137695,-95.6406021118164,
reinforce,,,100.0,0,524,36.10027217679241,28,0.004970073699951172,3.310067892074585,,,-181.4526824951172,-181.4526824951172,,,15.443524360656738,-84.55647277832031,
reinforce,,,100.0,0,525,38.72115203117648,29,0.004796028137207031,3.314962863922119,,,-166.05538940429688,-166.05538940429688,,,16.789024353027344,-83.21096801757812,
reinforce,,,100.0,0,526,41.18291154265404,31,0.005362987518310547,3.320403814315796,,,-163.501953125,-163.501953125,,,16.99325180053711,-83.00675201416016,
reinforce,,,100.0,0,527,43.385905313946324,32,0.0054700374603271484,3.325990915298462,,,-219.08592224121094,-219.08592224121094,,,18.049861907958984,-81.95014190673828,
reinforce,,,100.0,0,528,41.60089531085381,31,0.005074024200439453,3.3311538696289062,,,-172.54824829101562,-172.54824829101562,,,17.345449447631836,-82.65454864501953,
reinforce,,,100.0,0,529,45.91377147978724,33,0.005398988723754883,3.336632013320923,,,-165.9477081298828,-165.9477081298828,,,19.179208755493164,-80.82078552246094,
reinforce,,,100.0,0,530,43.60966631203835,32,0.005158901214599609,3.3418779373168945,,,-151.6790771484375,-151.6790771484375,,,18.192638397216797,-81.80736541748047,
reinforce,,,100.0,0,531,43.160512334132484,32,0.00525212287902832,3.347188949584961,,,-164.79966735839844,-164.79966735839844,,,17.872379302978516,-82.12762451171875,
reinforce,,,100.0,0,532,42.39836551088761,31,0.004969120025634766,3.3522298336029053,,,-189.74830627441406,-189.74830627441406,,,18.04547691345215,-81.95452880859375,
reinforce,,,100.0,0,533,42.60728416043245,31,0.005009889602661133,3.3573098182678223,,,-157.74449157714844,-157.74449157714844,,,18.182254791259766,-81.81774139404297,
reinforce,,,100.0,0,534,41.55859475631555,31,0.00489497184753418,3.3622848987579346,,,-192.58316040039062,-192.58316040039062,,,17.5451717376709,-82.45482635498047,
reinforce,,,100.0,0,535,44.49899694718072,33,0.005274057388305664,3.3676159381866455,,,-171.5172882080078,-171.5172882080078,,,18.293306350708008,-81.7066879272461,
reinforce,,,100.0,0,536,42.757110539942154,32,0.005215883255004883,3.3728978633880615,,,-194.97962951660156,-194.97962951660156,,,17.575252532958984,-82.42474365234375,
reinforce,,,100.0,0,537,44.78839373444137,32,0.005124092102050781,3.3780839443206787,,,-177.71351623535156,-177.71351623535156,,,18.815563201904297,-81.18443298339844,
reinforce,,,100.0,0,538,39.63596809941286,30,0.004666328430175781,3.382810115814209,,,-200.43768310546875,-200.43768310546875,,,16.91968536376953,-83.08031463623047,
reinforce,,,100.0,0,539,44.32418923991476,32,0.00515294075012207,3.388018846511841,,,-139.94424438476562,-139.94424438476562,,,18.617481231689453,-81.38252258300781,
reinforce,,,100.0,0,540,42.86223427645525,31,0.0050029754638671875,3.393083095550537,44.33932198310265,0.4646798449499586,-146.13258361816406,-146.13258361816406,,,18.309425354003906,-81.69058227539062,
reinforce,,,100.0,0,541,44.03567436001931,32,0.005196094512939453,3.412698984146118,,,-187.2976837158203,-187.2976837158203,,,18.580894470214844,-81.41910552978516,
reinforce,,,100.0,0,542,45.89536071885385,34,0.0056610107421875,3.4184188842773438,,,-180.34768676757812,-180.34768676757812,,,18.70256233215332,-81.29743194580078,
reinforce,,,100.0,0,543,44.41716648826983,32,0.005141019821166992,3.4236488342285156,,,-153.38185119628906,-153.38185119628906,,,18.61978530883789,-81.38021087646484,
reinforce,,,100.0,0,544,46.24250263454888,33,0.005453824996948242,3.4291608333587646,,,-164.24005126953125,-164.24005126953125,,,19.464271545410156,-80.53572845458984,
reinforce,,,100.0,0,545,43.030386658614844,32,0.00506901741027832,3.43430495262146,,,-173.44493103027344,-173.44493103027344,,,17.896270751953125,-82.10372924804688,
reinforce,,,100.0,0,546,45.413228569260944,33,0.005167245864868164,3.439547061920166,,,-166.64956665039062,-166.64956665039062,,,18.7044677734375,-81.2955322265625,
reinforce,,,100.0,0,547,42.729784744179895,31,0.005294084548950195,3.4448909759521484,,,-218.76864624023438,-218.76864624023438,,,18.05460548400879,-81.94538879394531,
reinforce,,,100.0,0,548,40.817224261961506,30,0.004981040954589844,3.4499340057373047,,,-169.913818359375,-169.913818359375,,,17.552433013916016,-82.44756317138672,
reinforce,,,100.0,0,549,46.996211324888804,34,0.005414247512817383,3.4554359912872314,,,-198.74876403808594,-198.74876403808594,,,19.40381622314453,-80.59619140625,
reinforce,,,100.0,0,550,44.56977783106789,32,0.005175113677978516,3.460675001144409,,,-168.06680297851562,-168.06680297851562,,,18.752763748168945,-81.24723815917969,
reinforce,,,100.0,0,551,44.29531850006548,32,0.005134105682373047,3.4658620357513428,,,-159.3284912109375,-159.3284912109375,,,18.585020065307617,-81.41497802734375,
reinforce,,,100.0,0,552,43.910694482067,32,0.005298137664794922,3.4712140560150146,,,-180.58250427246094,-180.58250427246094,,,18.326488494873047,-81.67351531982422,
reinforce,,,100.0,0,553,44.10418627802926,32,0.005143165588378906,3.4764180183410645,,,-181.6360626220703,-181.6360626220703,,,18.587791442871094,-81.41220092773438,
reinforce,,,100.0,0,554,43.637365895810056,32,0.005079030990600586,3.4815940856933594,,,-164.88528442382812,-164.88528442382812,,,18.316757202148438,-81.68324279785156,
reinforce,,,100.0,0,555,45.132375731272866,33,0.0053517818450927734,3.4869978427886963,,,-175.02537536621094,-175.02537536621094,,,18.860469818115234,-81.1395263671875,
reinforce,,,100.0,0,556,39.764440427118515,30,0.004991054534912109,3.4920499324798584,,,-174.35072326660156,-174.35072326660156,,,17.0660400390625,-82.9339599609375,
reinforce,,,100.0,0,557,44.28686397589968,32,0.005212068557739258,3.4973409175872803,,,-194.82984924316406,-194.82984924316406,,,18.688323974609375,-81.31167602539062,
reinforce,,,100.0,0,558,45.51246969844251,33,0.0052678585052490234,3.502685785293579,,,-165.02676391601562,-165.02676391601562,,,19.061845779418945,-80.93815612792969,
reinforce,,,100.0,0,559,40.82866918520425,30,0.004910945892333984,3.5076539516448975,,,-175.38217163085938,-175.38217163085938,,,17.536226272583008,-82.46377563476562,
reinforce,,,100.0,0,560,46.27572294913725,33,0.005517244338989258,3.5132269859313965,44.328295757542286,0.36789175616586944,-227.4136199951172,-227.4136199951172,,,19.40537452697754,-80.59461975097656,
reinforce,,,100.0,0,561,39.993497820757725,30,0.004797935485839844,3.5320208072662354,,,-203.34275817871094,-203.34275817871094,,,17.20956802368164,-82.7904281616211,
reinforce,,,100.0,0,562,42.441073639511764,31,0.005075931549072266,3.5371487140655518,,,-209.39041137695312,-209.39041137695312,,,18.016218185424805,-81.98377990722656,
reinforce,,,100.0,0,563,38.947761776560995,29,0.0045909881591796875,3.541811943054199,,,-191.23948669433594,-191.23948669433594,,,16.816495895385742,-83.18350982666016,
reinforce,,,100.0,0,564,46.656060242364255,34,0.005584001541137695,3.547447919845581,,,-193.6570587158203,-193.6570587158203,,,19.172527313232422,-80.82747650146484,
reinforce,,,100.0,0,565,41.629554722225215,31,0.004851818084716797,3.552363872528076,,,-189.36105346679688,-189.36105346679688,,,17.561504364013672,-82.43849182128906,
reinforce,,,100.0,0,566,43.09601455327445,31,0.0049648284912109375,3.5573859214782715,,,-160.62306213378906,-160.62306213378906,,,18.32030487060547,-81.67969512939453,
reinforce,,,100.0,0,567,46.18724054288457,35,0.005579710006713867,3.5630147457122803,,,-217.888427734375,-217.888427734375,,,18.171266555786133,-81.8287353515625,
reinforce,,,100.0,0,568,42.919590606425714,32,0.0051310062408447266,3.568211793899536,,,-205.94920349121094,-205.94920349121094,,,17.85882568359375,-82.14117431640625,
reinforce,,,100.0,0,569,44.91367428526475,33,0.005242109298706055,3.573539972305298,,,-162.79847717285156,-162.79847717285156,,,18.426170349121094,-81.5738296508789,
reinforce,,,100.0,0,570,32.70264472411139,25,0.00410008430480957,3.5777180194854736,,,-181.63702392578125,-181.63702392578125,,,14.852163314819336,-85.14783477783203,
reinforce,,,100.0,0,571,37.27469592961809,28,0.004724979400634766,3.5824949741363525,,,-165.3644256591797,-165.3644256591797,,,16.328393936157227,-83.67159271240234,
reinforce,,,100.0,0,572,42.931221628918145,31,0.0048868656158447266,3.587437868118286,,,-170.64065551757812,-170.64065551757812,,,18.182388305664062,-81.81761169433594,
reinforce,,,100.0,0,573,32.85626302256129,25,0.004096031188964844,3.591632843017578,,,-186.75563049316406,-186.75563049316406,,,16.32010269165039,-83.67990112304688,
reinforce,,,100.0,0,574,44.30382028641909,32,0.005202054977416992,3.5968880653381348,,,-175.9715118408203,-175.9715118408203,,,18.68624496459961,-81.31375122070312,
reinforce,,,100.0,0,575,44.54445175824634,33,0.005583047866821289,3.602531909942627,,,-189.86849975585938,-189.86849975585938,,,18.343250274658203,-81.65675354003906,
reinforce,,,100.0,0,576,44.45714674101418,32,0.005110025405883789,3.6077048778533936,,,-208.67886352539062,-208.67886352539062,,,18.842288970947266,-81.15771484375,
reinforce,,,100.0,0,577,43.85613092190349,33,0.005120038986206055,3.6129038333892822,,,-180.41603088378906,-180.41603088378906,,,17.651260375976562,-82.34874725341797,
reinforce,,,100.0,0,578,43.65638975046092,32,0.005319118499755859,3.6182758808135986,,,-196.42037963867188,-196.42037963867188,,,18.426992416381836,-81.57301330566406,
reinforce,,,100.0,0,579,45.425585150457245,33,0.005460262298583984,3.623814105987549,,,-186.94711303710938,-186.94711303710938,,,19.021055221557617,-80.97894287109375,
reinforce,,,100.0,0,580,43.956462325328594,32,0.00506901741027832,3.6289520263671875,44.297206296722464,0.48324664899056385,-190.89520263671875,-190.89520263671875,,,18.481157302856445,-81.51884460449219,
reinforce,,,100.0,0,581,43.0416758033683,32,0.005228996276855469,3.64884090423584,,,-176.449951171875,-176.449951171875,,,18.006322860717773,-81.9936752319336,
reinforce,,,100.0,0,582,44.276189739940115,33,0.005385160446166992,3.654294013977051,,,-190.0192108154297,-190.0192108154297,,,17.84902572631836,-82.15098571777344,
reinforce,,,100.0,0,583,44.31043188138228,32,0.005240917205810547,3.6596028804779053,,,-189.79275512695312,-189.79275512695312,,,18.40781021118164,-81.59219360351562,
reinforce,,,100.0,0,584,44.909084212247535,33,0.005321025848388672,3.66499400138855,,,-172.7764434814453,-172.7764434814453,,,18.45436668395996,-81.5456314086914,
reinforce,,,100.0,0,585,43.0540429620727,32,0.005167722702026367,3.6702277660369873,,,-203.34967041015625,-203.34967041015625,,,17.930736541748047,-82.06925964355469,
reinforce,,,100.0,0,586,45.63648012360732,33,0.005290031433105469,3.6755850315093994,,,-186.6509246826172,-186.6509246826172,,,19.052230834960938,-80.94776153564453,
reinforce,,,100.0,0,587,46.61013750746315,34,0.0053899288177490234,3.68103289604187,,,-169.6940460205078,-169.6940460205078,,,19.04685401916504,-80.95314025878906,
reinforce,,,100.0,0,588,45.31370893402155,33,0.005441188812255859,3.686537981033325,,,-156.55584716796875,-156.55584716796875,,,18.80861473083496,-81.19139099121094,
reinforce,,,100.0,0,589,44.055920120859525,32,0.0051860809326171875,3.691781997680664,,,-189.81829833984375,-189.81829833984375,,,18.62541389465332,-81.37458801269531,
reinforce,,,100.0,0,590,44.807381238713496,33,0.005175113677978516,3.6970160007476807,,,-201.03439331054688,-201.03439331054688,,,18.661144256591797,-81.33885192871094,
reinforce,,,100.0,0,591,45.327928525791265,33,0.005295753479003906,3.702366828918457,,,-163.29962158203125,-163.29962158203125,,,18.866960525512695,-81.1330337524414,
reinforce,,,100.0,0,592,44.173950800918604,32,0.005242109298706055,3.7076799869537354,,,-195.76406860351562,-195.76406860351562,,,18.67365264892578,-81.32634735107422,
reinforce,,,100.0,0,593,45.487159521111465,33,0.005326032638549805,3.713066816329956,,,-226.90711975097656,-226.90711975097656,,,18.76240348815918,-81.23759460449219,
reinforce,,,100.0,0,594,45.35105573682969,33,0.005099058151245117,3.7182247638702393,,,-183.74830627441406,-183.74830627441406,,,18.73865509033203,-81.26134490966797,
reinforce,,,100.0,0,595,45.8880952476001,33,0.005193233489990234,3.7234930992126465,,,-177.26295471191406,-177.26295471191406,,,19.22290802001953,-80.77709197998047,
reinforce,,,100.0,0,596,43.185641377366714,32,0.0052433013916015625,3.7287940979003906,,,-209.5610809326172,-209.5610809326172,,,18.01377296447754,-81.9862289428711,
reinforce,,,100.0,0,597,43.82842035126576,32,0.005142927169799805,3.7340028285980225,,,-161.20196533203125,-161.20196533203125,,,18.293819427490234,-81.7061767578125,
reinforce,,,100.0,0,598,44.82710190321946,33,0.005362033843994141,3.7394227981567383,,,-186.80758666992188,-186.80758666992188,,,18.645301818847656,-81.35469818115234,
reinforce,,,100.0,0,599,44.3841691904989,33,0.005169868469238281,3.7446608543395996,,,-172.71438598632812,-172.71438598632812,,,18.384309768676758,-81.61568450927734,
reinforce,,,100.0,0,600,43.84314954172657,32,0.0052950382232666016,3.7500178813934326,44.28293758505379,0.7105863322296334,-151.49917602539062,-151.49917602539062,,,18.389039993286133,-81.6109619140625,
reinforce,,,100.0,0,601,43.413724251146135,32,0.004929780960083008,3.769361734390259,,,-167.81625366210938,-167.81625366210938,,,17.933244705200195,-82.06675720214844,
reinforce,,,100.0,0,602,44.485484522756536,32,0.005151033401489258,3.774574041366577,,,-218.8633270263672,-218.8633270263672,,,18.687074661254883,-81.31292724609375,
reinforce,,,100.0,0,603,45.297508518399866,33,0.0051097869873046875,3.779749870300293,,,-145.998779296875,-145.998779296875,,,18.730920791625977,-81.26908111572266,
reinforce,,,100.0,0,604,46.23389040108835,34,0.005490779876708984,3.785313844680786,,,-176.1599578857422,-176.1599578857422,,,18.760557174682617,-81.23944091796875,
reinforce,,,100.0,0,605,45.18644678613714,33,0.005388975143432617,3.7907779216766357,,,-189.22283935546875,-189.22283935546875,,,18.42876625061035,-81.57123565673828,
reinforce,,,100.0,0,606,45.34287032845641,33,0.005255937576293945,3.7961158752441406,,,-222.32855224609375,-222.32855224609375,,,18.612184524536133,-81.3878173828125,
reinforce,,,100.0,0,607,43.2247054190363,32,0.005025148391723633,3.80121111869812,,,-166.5167236328125,-166.5167236328125,,,18.084636688232422,-81.91535949707031,
reinforce,,,100.0,0,608,44.61628547109145,33,0.005257844924926758,3.806607961654663,,,-168.77548217773438,-168.77548217773438,,,18.375295639038086,-81.62470245361328,
reinforce,,,100.0,0,609,44.72402636289769,33,0.005360126495361328,3.812026023864746,,,-192.7056121826172,-192.7056121826172,,,18.54944610595703,-81.4505615234375,
reinforce,,,100.0,0,610,45.06658514314356,33,0.005463123321533203,3.817573070526123,,,-169.6431427001953,-169.6431427001953,,,18.690807342529297,-81.3092041015625,
reinforce,,,100.0,0,611,42.89507540729748,32,0.005201816558837891,3.8228378295898438,,,-161.60400390625,-161.60400390625,,,17.859588623046875,-82.14041137695312,
reinforce,,,100.0,0,612,43.71101810088584,32,0.005066633224487305,3.8280487060546875,,,-174.53488159179688,-174.53488159179688,,,18.275676727294922,-81.72431945800781,
reinforce,,,100.0,0,613,44.9654986089037,33,0.005300998687744141,3.8334157466888428,,,-164.97865295410156,-164.97865295410156,,,18.537439346313477,-81.46256256103516,
reinforce,,,100.0,0,614,44.19946725213491,32,0.005127906799316406,3.838608741760254,,,-163.7115478515625,-163.7115478515625,,,18.57501792907715,-81.42498779296875,
reinforce,,,100.0,0,615,45.52337531073929,33,0.005126953125,3.843794822692871,,,-168.7176513671875,-168.7176513671875,,,18.717002868652344,-81.28299713134766,
reinforce,,,100.0,0,616,44.42700745213777,33,0.004988193511962891,3.848845958709717,,,-200.3666534423828,-200.3666534423828,,,17.937376022338867,-82.0626220703125,
reinforce,,,100.0,0,617,44.49369650477138,33,0.005374908447265625,3.8542819023132324,,,-199.48899841308594,-199.48899841308594,,,18.037683486938477,-81.96231842041016,
reinforce,,,100.0,0,618,42.9633559245056,32,0.005222797393798828,3.8595638275146484,,,-217.75820922851562,-217.75820922851562,,,17.883676528930664,-82.11631774902344,
reinforce,,,100.0,0,619,44.694906075870485,33,0.0053141117095947266,3.8649468421936035,,,-196.7641143798828,-196.7641143798828,,,18.577186584472656,-81.42280578613281,
reinforce,,,100.0,0,620,43.036066051904434,32,0.005100727081298828,3.87011981010437,43.20059176880977,0.7226972742525065,-199.1998291015625,-199.1998291015625,,,17.60359001159668,-82.39640808105469,
reinforce,,,100.0,0,621,43.68703847197703,32,0.005201101303100586,3.889389991760254,,,-200.86468505859375,-200.86468505859375,,,18.027925491333008,-81.97207641601562,
reinforce,,,100.0,0,622,43.41195675386495,33,0.005470991134643555,3.8949239253997803,,,-202.60272216796875,-202.60272216796875,,,17.41692352294922,-82.58308410644531,
reinforce,,,100.0,0,623,44.61236051096418,32,0.005105018615722656,3.9000909328460693,,,-168.63479614257812,-168.63479614257812,,,18.815860748291016,-81.18414306640625,
reinforce,,,100.0,0,624,42.875682001279976,32,0.005049228668212891,3.905195951461792,,,-181.34768676757812,-181.34768676757812,,,17.50735092163086,-82.49264526367188,
reinforce,,,100.0,0,625,43.767691435691425,32,0.005126953125,3.9103808403015137,,,-171.70947265625,-171.70947265625,,,18.233165740966797,-81.76683044433594,
reinforce,,,100.0,0,626,42.86276149626529,31,0.005067110061645508,3.9155030250549316,,,-171.0552978515625,-171.0552978515625,,,18.169239044189453,-81.83077239990234,
reinforce,,,100.0,0,627,43.636329972019375,32,0.004988908767700195,3.9205658435821533,,,-178.0294647216797,-178.0294647216797,,,18.1170654296875,-81.8829345703125,
reinforce,,,100.0,0,628,42.176636283192195,32,0.005036115646362305,3.925663948059082,,,-169.12246704101562,-169.12246704101562,,,17.15414810180664,-82.84585571289062,
reinforce,,,100.0,0,629,42.0252305515949,32,0.005134105682373047,3.930850028991699,,,-172.72093200683594,-172.72093200683594,,,16.99321746826172,-83.00679016113281,
reinforce,,,100.0,0,630,43.73322549913228,32,0.005266904830932617,3.9361777305603027,,,-154.17242431640625,-154.17242431640625,,,18.23770523071289,-81.76229858398438,
reinforce,,,100.0,0,631,45.822036033924725,32,0.005131959915161133,3.9413678646087646,,,-193.25013732910156,-193.25013732910156,,,19.750812530517578,-80.24918365478516,
reinforce,,,100.0,0,632,43.01581817833662,32,0.0050351619720458984,3.9464759826660156,,,-182.94834899902344,-182.94834899902344,,,17.696979522705078,-82.30302429199219,
reinforce,,,100.0,0,633,42.58903091592711,32,0.0053098201751708984,3.9518487453460693,,,-206.82925415039062,-206.82925415039062,,,17.343435287475586,-82.65656280517578,
reinforce,,,100.0,0,634,43.367543564176344,32,0.005295753479003906,3.95721173286438,,,-177.41265869140625,-177.41265869140625,,,17.771621704101562,-82.22837829589844,
reinforce,,,100.0,0,635,43.07757596906764,32,0.005167961120605469,3.962441921234131,,,-176.51695251464844,-176.51695251464844,,,17.878536224365234,-82.1214599609375,
reinforce,,,100.0,0,636,44.06191508121803,33,0.005259990692138672,3.9677648544311523,,,-173.448486328125,-173.448486328125,,,17.546964645385742,-82.45303344726562,
reinforce,,,100.0,0,637,43.6952340047553,33,0.0053081512451171875,3.9731249809265137,,,-192.50616455078125,-192.50616455078125,,,17.463380813598633,-82.53662109375,
reinforce,,,100.0,0,638,42.94195954082393,32,0.00536799430847168,3.9785478115081787,,,-167.0598602294922,-167.0598602294922,,,17.728622436523438,-82.27137756347656,
reinforce,,,100.0,0,639,44.7066156168674,33,0.0053136348724365234,3.983921766281128,,,-199.16702270507812,-199.16702270507812,,,18.30445098876953,-81.69554901123047,
reinforce,,,100.0,0,640,42.270900630431825,32,0.005284786224365234,3.989264726638794,43.84769968459099,0.5480295984619492,-159.40280151367188,-159.40280151367188,,,17.214269638061523,-82.78573608398438,
reinforce,,,100.0,0,641,43.1249533206853,32,0.004980802536010742,4.008549690246582,,,-197.84686279296875,-197.84686279296875,,,17.753780364990234,-82.2462158203125,
reinforce,,,100.0,0,642,44.66803740045257,33,0.005430698394775391,4.014033794403076,,,-153.71803283691406,-153.71803283691406,,,17.929519653320312,-82.07048034667969,
reinforce,,,100.0,0,643,46.605314015040705,34,0.005293846130371094,4.019421815872192,,,-229.2404327392578,-229.2404327392578,,,18.85978126525879,-81.14022064208984,
reinforce,,,100.0,0,644,44.857747772810875,33,0.005277156829833984,4.024774074554443,,,-170.0474395751953,-170.0474395751953,,,18.349905014038086,-81.65009307861328,
reinforce,,,100.0,0,645,42.480538952944215,31,0.005053997039794922,4.029890060424805,,,-165.58738708496094,-165.58738708496094,,,17.812288284301758,-82.1877212524414,
reinforce,,,100.0,0,646,42.1325218893953,32,0.005369901657104492,4.035344839096069,,,-210.88272094726562,-210.88272094726562,,,17.141740798950195,-82.8582534790039,
reinforce,,,100.0,0,647,43.91820117195756,33,0.005418062210083008,4.040844917297363,,,-191.5430908203125,-191.5430908203125,,,17.810304641723633,-82.189697265625,
reinforce,,,100.0,0,648,44.35802499087701,33,0.005343914031982422,4.04625391960144,,,-191.38963317871094,-191.38963317871094,,,17.852296829223633,-82.14769744873047,
reinforce,,,100.0,0,649,43.63075804140452,32,0.0051043033599853516,4.051438093185425,,,-200.6066131591797,-200.6066131591797,,,17.952014923095703,-82.04798889160156,
reinforce,,,100.0,0,650,42.74722638913955,32,0.005164146423339844,4.056660890579224,,,-167.59915161132812,-167.59915161132812,,,17.34202766418457,-82.65797424316406,
reinforce,,,100.0,0,651,43.54659956469437,33,0.005349874496459961,4.062077760696411,,,-182.56565856933594,-182.56565856933594,,,17.569881439208984,-82.43011474609375,
reinforce,,,100.0,0,652,43.721203061153496,33,0.005388021469116211,4.067527770996094,,,-213.13238525390625,-213.13238525390625,,,17.452411651611328,-82.5475845336914,
reinforce,,,100.0,0,653,44.7482588310381,33,0.005252838134765625,4.072848796844482,,,-194.84559631347656,-194.84559631347656,,,18.389007568359375,-81.6109848022461,
reinforce,,,100.0,0,654,43.18384037611718,33,0.005202293395996094,4.078138113021851,,,-153.1297607421875,-153.1297607421875,,,17.195301055908203,-82.80470275878906,
reinforce,,,100.0,0,655,43.46344371425613,32,0.005375862121582031,4.083562850952148,,,-168.17059326171875,-168.17059326171875,,,17.983736038208008,-82.01626586914062,
reinforce,,,100.0,0,656,43.119022623107426,32,0.0051767826080322266,4.088805675506592,,,-192.58868408203125,-192.58868408203125,,,17.65646743774414,-82.34353637695312,
reinforce,,,100.0,0,657,44.556274516288894,33,0.0053598880767822266,4.094228982925415,,,-166.05772399902344,-166.05772399902344,,,18.184600830078125,-81.81539916992188,
reinforce,,,100.0,0,658,46.7123172712055,32,0.0048961639404296875,4.099183082580566,,,-158.50765991210938,-158.50765991210938,,,21.95220947265625,-78.04779052734375,
reinforce,,,100.0,0,659,42.147439620194426,32,0.005235910415649414,4.104471921920776,,,-205.2288360595703,-205.2288360595703,,,17.115795135498047,-82.88420867919922,
reinforce,,,100.0,0,660,42.25189205145932,31,0.005074977874755859,4.109611988067627,44.260898078463,0.7945591499839548,-165.37440490722656,-165.37440490722656,,,17.69955825805664,-82.30044555664062,
reinforce,,,100.0,0,661,46.78210842122728,34,0.005390167236328125,4.129775047302246,,,-206.7613525390625,-206.7613525390625,,,19.567886352539062,-80.43211364746094,
reinforce,,,100.0,0,662,42.565331653162445,32,0.005177021026611328,4.135021924972534,,,-170.24050903320312,-170.24050903320312,,,17.484342575073242,-82.51565551757812,
reinforce,,,100.0,0,663,46.964119456039484,35,0.005466938018798828,4.140574932098389,,,-149.96470642089844,-149.96470642089844,,,18.935043334960938,-81.06495666503906,
reinforce,,,100.0,0,664,43.982082288170695,33,0.00548100471496582,4.14611291885376,,,-194.58929443359375,-194.58929443359375,,,17.71371078491211,-82.28629302978516,
reinforce,,,100.0,0,665,45.566902935021865,35,0.005685091018676758,4.151864051818848,,,-178.75033569335938,-178.75033569335938,,,17.866018295288086,-82.13398742675781,
reinforce,,,100.0,0,666,47.99204121812738,36,0.00586390495300293,4.1577839851379395,,,-186.29844665527344,-186.29844665527344,,,18.67802619934082,-81.32196807861328,
reinforce,,,100.0,0,667,43.34669948828318,33,0.005216121673583984,4.163074016571045,,,-176.42800903320312,-176.42800903320312,,,17.309358596801758,-82.69063568115234,
reinforce,,,100.0,0,668,46.67961682138502,34,0.00521397590637207,4.168368816375732,,,-170.7366943359375,-170.7366943359375,,,18.82828712463379,-81.17171478271484,
reinforce,,,100.0,0,669,44.57624483705557,34,0.005482912063598633,4.173900842666626,,,-153.5612030029297,-153.5612030029297,,,17.442907333374023,-82.55709075927734,
reinforce,,,100.0,0,670,45.086780012664576,34,0.005573749542236328,4.179531812667847,,,-182.98646545410156,-182.98646545410156,,,17.92021369934082,-82.07978057861328,
reinforce,,,100.0,0,671,44.893441094108084,33,0.0054781436920166016,4.1850810050964355,,,-163.11312866210938,-163.11312866210938,,,18.162616729736328,-81.8373794555664,
reinforce,,,100.0,0,672,36.67184862388907,21,0.003423929214477539,4.1885809898376465,,,-177.35110473632812,-177.35110473632812,,,20.302352905273438,-79.69764709472656,
reinforce,,,100.0,0,673,38.68477950281866,22,0.0037360191345214844,4.192372798919678,,,-159.71258544921875,-159.71258544921875,,,21.111572265625,-78.888427734375,
reinforce,,,100.0,0,674,44.496168863460106,34,0.005411863327026367,4.197843790054321,,,-186.80661010742188,-186.80661010742188,,,17.56622886657715,-82.43376922607422,
reinforce,,,100.0,0,675,49.887584592021334,36,0.005658149719238281,4.203577995300293,,,-178.02432250976562,-178.02432250976562,,,20.744548797607422,-79.25545501708984,
reinforce,,,100.0,0,676,44.21290913757205,33,0.005202054977416992,4.208827018737793,,,-163.504638671875,-163.504638671875,,,17.860198974609375,-82.13980102539062,
reinforce,,,100.0,0,677,45.60646362014735,34,0.0055730342864990234,4.2144598960876465,,,-174.2108612060547,-174.2108612060547,,,18.111051559448242,-81.88894653320312,
reinforce,,,100.0,0,678,45.38449388007723,34,0.005494117736816406,4.220015048980713,,,-206.40740966796875,-206.40740966796875,,,17.989871978759766,-82.01012420654297,
reinforce,,,100.0,0,679,44.945989561739495,33,0.005379199981689453,4.225455045700073,,,-223.8923797607422,-223.8923797607422,,,18.30586051940918,-81.69414520263672,
reinforce,,,100.0,0,680,45.382836802256755,33,0.0051920413970947266,4.2307209968566895,44.42258775860951,0.33896242610835575,-169.70643615722656,-169.70643615722656,,,18.40207290649414,-81.5979232788086,
reinforce,,,100.0,0,681,45.66041554349803,34,0.005455970764160156,4.250830888748169,,,-193.87979125976562,-193.87979125976562,,,18.272003173828125,-81.72799682617188,
reinforce,,,100.0,0,682,43.12535351395262,32,0.0053479671478271484,4.256259918212891,,,-187.25579833984375,-187.25579833984375,,,17.668725967407227,-82.33126831054688,
reinforce,,,100.0,0,683,44.27795020327118,33,0.005414009094238281,4.261745929718018,,,-174.65109252929688,-174.65109252929688,,,18.003799438476562,-81.99620819091797,
reinforce,,,100.0,0,684,44.565493372535755,34,0.005452871322631836,4.267261743545532,,,-186.63995361328125,-186.63995361328125,,,17.43161964416504,-82.56838989257812,
reinforce,,,100.0,0,685,43.97054798192858,32,0.0050220489501953125,4.2723588943481445,,,-177.35574340820312,-177.35574340820312,,,18.140167236328125,-81.85983276367188,
reinforce,,,100.0,0,686,44.119095447175276,33,0.005407810211181641,4.277825832366943,,,-184.7564239501953,-184.7564239501953,,,17.75916290283203,-82.2408447265625,
reinforce,,,100.0,0,687,42.068943454997964,32,0.005255937576293945,4.283145904541016,,,-181.032470703125,-181.032470703125,,,17.027902603149414,-82.97209167480469,
reinforce,,,100.0,0,688,43.61887669462753,33,0.0053827762603759766,4.288603782653809,,,-165.2091064453125,-165.2091064453125,,,17.36996078491211,-82.63003540039062,
reinforce,,,100.0,0,689,43.75907165829524,32,0.005103111267089844,4.293785095214844,,,-186.66207885742188,-186.66207885742188,,,17.98546028137207,-82.01454162597656,
reinforce,,,100.0,0,690,45.70224681475561,34,0.005489826202392578,4.299328804016113,,,-184.65953063964844,-184.65953063964844,,,18.276243209838867,-81.7237548828125,
reinforce,,,100.0,0,691,45.983467003638594,34,0.005491018295288086,4.304888010025024,,,-178.28662109375,-178.28662109375,,,18.381080627441406,-81.61891174316406,
reinforce,,,100.0,0,692,43.53620581225807,33,0.005338907241821289,4.310280799865723,,,-177.78646850585938,-177.78646850585938,,,17.26790428161621,-82.73210144042969,
reinforce,,,100.0,0,693,43.69329320088498,32,0.005135774612426758,4.315473794937134,,,-179.562255859375,-179.562255859375,,,17.953792572021484,-82.04620361328125,
reinforce,,,100.0,0,694,45.42478538553816,34,0.0052471160888671875,4.320786952972412,,,-192.94711303710938,-192.94711303710938,,,18.081214904785156,-81.91878509521484,
reinforce,,,100.0,0,695,43.09314863640779,32,0.005253791809082031,4.326089859008789,,,-202.2461395263672,-202.2461395263672,,,17.767553329467773,-82.23245239257812,
reinforce,,,100.0,0,696,45.83992001712467,34,0.005641937255859375,4.3317999839782715,,,-193.2377471923828,-193.2377471923828,,,18.32392120361328,-81.67607879638672,
reinforce,,,100.0,0,697,45.86785938244906,34,0.005313873291015625,4.3371758460998535,,,-169.28134155273438,-169.28134155273438,,,18.263334274291992,-81.73666381835938,
reinforce,,,100.0,0,698,44.59806633291485,33,0.0052127838134765625,4.342461824417114,,,-170.52435302734375,-170.52435302734375,,,17.990222930908203,-82.00978088378906,
reinforce,,,100.0,0,699,43.65728528503569,33,0.005320310592651367,4.347835063934326,,,-153.5136260986328,-153.5136260986328,,,17.540542602539062,-82.45945739746094,
reinforce,,,100.0,0,700,47.8626703240956,36,0.005817890167236328,4.353715896606445,45.00144591867282,0.38594806183770136,-148.78672790527344,-148.78672790527344,,,18.452640533447266,-81.54736328125,
reinforce,,,100.0,0,701,45.716836615521196,34,0.005294084548950195,4.373775005340576,,,-186.02207946777344,-186.02207946777344,,,18.52846336364746,-81.4715347290039,
reinforce,,,100.0,0,702,45.61918580787816,34,0.0054738521575927734,4.379312753677368,,,-164.69175720214844,-164.69175720214844,,,18.207605361938477,-81.79239654541016,
reinforce,,,100.0,0,703,43.51622737598806,33,0.005149126052856445,4.384528875350952,,,-184.5670623779297,-184.5670623779297,,,17.338926315307617,-82.66107177734375,
reinforce,,,100.0,0,704,45.49642824508949,34,0.005470991134643555,4.390094995498657,,,-196.47100830078125,-196.47100830078125,,,18.371280670166016,-81.62872314453125,
reinforce,,,100.0,0,705,46.21650147884936,34,0.005440950393676758,4.395598888397217,,,-173.5525665283203,-173.5525665283203,,,18.440013885498047,-81.55998992919922,
reinforce,,,100.0,0,706,43.835080492344126,33,0.005266904830932617,4.400930881500244,,,-201.06556701660156,-201.06556701660156,,,17.6539306640625,-82.3460693359375,
reinforce,,,100.0,0,707,45.25101870219293,34,0.005288839340209961,4.406283855438232,,,-166.60475158691406,-166.60475158691406,,,17.950054168701172,-82.04994201660156,
reinforce,,,100.0,0,708,46.035667314649366,34,0.0053713321685791016,4.4117560386657715,,,-151.81639099121094,-151.81639099121094,,,18.571908950805664,-81.42809295654297,
reinforce,,,100.0,0,709,44.64445448442699,34,0.005363941192626953,4.417176008224487,,,-191.0408477783203,-191.0408477783203,,,17.64470672607422,-82.35529327392578,
reinforce,,,100.0,0,710,43.475715157630574,33,0.0055348873138427734,4.422775983810425,,,-175.07847595214844,-175.07847595214844,,,17.54300880432129,-82.45699310302734,
reinforce,,,100.0,0,711,45.56414407436735,34,0.005544900894165039,4.428387880325317,,,-176.43508911132812,-176.43508911132812,,,18.12626838684082,-81.87373352050781,
reinforce,,,100.0,0,712,45.64793349347182,34,0.005471944808959961,4.433936834335327,,,-198.7904510498047,-198.7904510498047,,,18.204004287719727,-81.79598999023438,
reinforce,,,100.0,0,713,45.556021306050326,34,0.005401134490966797,4.4394049644470215,,,-190.18959045410156,-190.18959045410156,,,18.281885147094727,-81.71810150146484,
reinforce,,,100.0,0,714,44.84867741033686,34,0.005421161651611328,4.444879055023193,,,-196.9292755126953,-196.9292755126953,,,17.7261962890625,-82.27381134033203,
reinforce,,,100.0,0,715,43.409326136898876,33,0.00541996955871582,4.450358867645264,,,-174.4534912109375,-174.4534912109375,,,17.348907470703125,-82.6511001586914,
reinforce,,,100.0,0,716,44.07815755977693,33,0.0053958892822265625,4.455829858779907,,,-183.53976440429688,-183.53976440429688,,,17.616912841796875,-82.3830795288086,
reinforce,,,100.0,0,717,45.08014022182331,34,0.005352020263671875,4.461310863494873,,,-167.7089385986328,-167.7089385986328,,,17.920690536499023,-82.07930755615234,
reinforce,,,100.0,0,718,42.638420157694085,32,0.00510406494140625,4.466500997543335,,,-159.32839965820312,-159.32839965820312,,,17.517431259155273,-82.4825668334961,
reinforce,,,100.0,0,719,45.015214722511,33,0.005333900451660156,4.47187876701355,,,-201.39906311035156,-201.39906311035156,,,18.209779739379883,-81.79021453857422,
reinforce,,,100.0,0,720,46.56355922430658,35,0.0057830810546875,4.477731943130493,44.70351606681696,0.6121515729547409,-183.653076171875,-183.653076171875,,,18.224197387695312,-81.77579498291016,
reinforce,,,100.0,0,721,44.68646634467051,33,0.005213022232055664,4.497315883636475,,,-192.65704345703125,-192.65704345703125,,,18.147491455078125,-81.85250854492188,
reinforce,,,100.0,0,722,44.62906187760849,34,0.0053119659423828125,4.502691984176636,,,-166.42327880859375,-166.42327880859375,,,17.590852737426758,-82.40914154052734,
reinforce,,,100.0,0,723,42.98216527576138,32,0.0053098201751708984,4.50805401802063,,,-181.3719940185547,-181.3719940185547,,,17.627429962158203,-82.37256622314453,
reinforce,,,100.0,0,724,45.37534891021269,34,0.005529880523681641,4.513648748397827,,,-184.3383331298828,-184.3383331298828,,,17.931669235229492,-82.06832885742188,
reinforce,,,100.0,0,725,44.010447320562804,33,0.00533294677734375,4.519068717956543,,,-188.56527709960938,-188.56527709960938,,,17.647830963134766,-82.3521728515625,
reinforce,,,100.0,0,726,42.961643973377484,32,0.0050182342529296875,4.524152994155884,,,-207.61163330078125,-207.61163330078125,,,17.53719711303711,-82.46280670166016,
reinforce,,,100.0,0,727,46.71591520037636,34,0.0054280757904052734,4.529650926589966,,,-168.40367126464844,-168.40367126464844,,,18.93265151977539,-81.06735229492188,
reinforce,,,100.0,0,728,43.05716193101017,33,0.005426168441772461,4.535130977630615,,,-189.58665466308594,-189.58665466308594,,,17.23898696899414,-82.7610092163086,
reinforce,,,100.0,0,729,45.09275261712265,33,0.0053942203521728516,4.54059100151062,,,-151.9180908203125,-151.9180908203125,,,18.257774353027344,-81.74223327636719,
reinforce,,,100.0,0,730,44.01247723408389,33,0.0053250789642333984,4.545988082885742,,,-208.32598876953125,-208.32598876953125,,,17.73834228515625,-82.26165771484375,
reinforce,,,100.0,0,731,44.48910395093562,33,0.005259990692138672,4.551303863525391,,,-232.11495971679688,-232.11495971679688,,,17.9628963470459,-82.03710174560547,
reinforce,,,100.0,0,732,44.95026099549218,34,0.005378007888793945,4.556725978851318,,,-184.5478973388672,-184.5478973388672,,,17.71624755859375,-82.28375244140625,
reinforce,,,100.0,0,733,45.104921918948655,34,0.005604743957519531,4.562428712844849,,,-182.32289123535156,-182.32289123535156,,,17.70116424560547,-82.29883575439453,
reinforce,,,100.0,0,734,44.87475806276271,33,0.005171298980712891,4.5676751136779785,,,-180.90151977539062,-180.90151977539062,,,18.106054306030273,-81.89393615722656,
reinforce,,,100.0,0,735,42.701367576401275,32,0.00525212287902832,4.572998046875,,,-168.93536376953125,-168.93536376953125,,,17.463977813720703,-82.53602600097656,
reinforce,,,100.0,0,736,44.82487243097087,33,0.005173921585083008,4.578258752822876,,,-175.19168090820312,-175.19168090820312,,,18.176513671875,-81.823486328125,
reinforce,,,100.0,0,737,42.11537896046673,32,0.005201101303100586,4.583518981933594,,,-149.0916290283203,-149.0916290283203,,,17.108604431152344,-82.89139556884766,
reinforce,,,100.0,0,738,43.05862325907176,32,0.005280017852783203,4.588856935501099,,,-158.86300659179688,-158.86300659179688,,,17.756540298461914,-82.24346160888672,
reinforce,,,100.0,0,739,42.346083376032226,32,0.0050830841064453125,4.594028949737549,,,-185.015625,-185.015625,,,17.198650360107422,-82.80135345458984,
reinforce,,,100.0,0,740,43.241112283574616,33,0.005238771438598633,4.599344730377197,43.11042885929666,0.29676731310957377,-188.07431030273438,-188.07431030273438,,,17.252065658569336,-82.7479248046875,
reinforce,,,100.0,0,741,44.16565914569687,33,0.00551915168762207,4.619127988815308,,,-197.48863220214844,-197.48863220214844,,,17.771265029907227,-82.2287368774414,
reinforce,,,100.0,0,742,43.71098067293829,33,0.005443096160888672,4.624660968780518,,,-174.6274871826172,-174.6274871826172,,,17.341537475585938,-82.6584701538086,
reinforce,,,100.0,0,743,45.1780867791355,33,0.005385875701904297,4.630109786987305,,,-177.27284240722656,-177.27284240722656,,,18.369150161743164,-81.63084411621094,
reinforce,,,100.0,0,744,43.56711320021423,32,0.005070209503173828,4.63524603843689,,,-204.8206024169922,-204.8206024169922,,,17.861225128173828,-82.13877868652344,
reinforce,,,100.0,0,745,44.46498958297107,33,0.0052301883697509766,4.6405370235443115,,,-170.46453857421875,-170.46453857421875,,,18.102720260620117,-81.89728546142578,
reinforce,,,100.0,0,746,43.03340026935204,33,0.005463123321533203,4.646050930023193,,,-175.16329956054688,-175.16329956054688,,,17.081039428710938,-82.91896057128906,
reinforce,,,100.0,0,747,42.097779320578105,31,0.00504302978515625,4.651149034500122,,,-174.36253356933594,-174.36253356933594,,,17.652448654174805,-82.34754943847656,
reinforce,,,100.0,0,748,43.11108689243004,32,0.005201101303100586,4.6564178466796875,,,-209.03973388671875,-209.03973388671875,,,17.734128952026367,-82.265869140625,
reinforce,,,100.0,0,749,43.433075655206146,33,0.005254030227661133,4.661742925643921,,,-132.5133819580078,-132.5133819580078,,,17.284637451171875,-82.71537017822266,
reinforce,,,100.0,0,750,43.38317347595117,32,0.0053441524505615234,4.667153835296631,,,-199.3581085205078,-199.3581085205078,,,17.932647705078125,-82.06735229492188,
reinforce,,,100.0,0,751,43.11658334050029,32,0.005223989486694336,4.672443866729736,,,-165.30809020996094,-165.30809020996094,,,17.689624786376953,-82.31037139892578,
reinforce,,,100.0,0,752,43.99115699071024,32,0.005307197570800781,4.677808046340942,,,-171.82589721679688,-171.82589721679688,,,18.180706024169922,-81.81929016113281,
reinforce,,,100.0,0,753,43.64517009074715,33,0.0052700042724609375,4.68314790725708,,,-173.51014709472656,-173.51014709472656,,,17.6363525390625,-82.3636474609375,
reinforce,,,100.0,0,754,43.933272363285205,33,0.0052988529205322266,4.688510894775391,,,-162.8564453125,-162.8564453125,,,17.85386085510254,-82.1461410522461,
reinforce,,,100.0,0,755,43.23981919162018,32,0.00528717041015625,4.69386100769043,,,-192.6537628173828,-192.6537628173828,,,17.720462799072266,-82.279541015625,
reinforce,,,100.0,0,756,43.679407350443505,33,0.005272865295410156,4.699196815490723,,,-185.9513397216797,-185.9513397216797,,,17.51483154296875,-82.48516845703125,
reinforce,,,100.0,0,757,44.686013577252226,33,0.0052433013916015625,4.704514026641846,,,-189.87985229492188,-189.87985229492188,,,18.500568389892578,-81.49942779541016,
reinforce,,,100.0,0,758,43.51831633114936,32,0.00498199462890625,4.709607839584351,,,-170.82916259765625,-170.82916259765625,,,18.19965362548828,-81.80034637451172,
reinforce,,,100.0,0,759,42.80952798715543,32,0.005087137222290039,4.714747905731201,,,-180.8795166015625,-180.8795166015625,,,17.585180282592773,-82.41482543945312,
reinforce,,,100.0,0,760,44.37719034410081,31,0.004952907562255859,4.719759941101074,43.06724954963913,0.5052129550735897,-175.12831115722656,-175.12831115722656,,,19.17750358581543,-80.82249450683594,
reinforce,,,100.0,0,761,43.187206779204146,32,0.005010128021240234,4.738837003707886,,,-190.47715759277344,-190.47715759277344,,,17.962095260620117,-82.03790283203125,
reinforce,,,100.0,0,762,43.397506700350256,32,0.005152225494384766,4.744070053100586,,,-177.91787719726562,-177.91787719726562,,,18.25838851928711,-81.74160766601562,
reinforce,,,100.0,0,763,43.346220988219116,32,0.00510096549987793,4.749267816543579,,,-211.75335693359375,-211.75335693359375,,,18.04777717590332,-81.95222473144531,
reinforce,,,100.0,0,764,44.355027744162264,33,0.0055811405181884766,4.75491189956665,,,-182.18199157714844,-182.18199157714844,,,18.041959762573242,-81.95803833007812,
reinforce,,,100.0,0,765,43.34486396911681,31,0.004876136779785156,4.759857892990112,,,-158.91650390625,-158.91650390625,,,18.47328758239746,-81.5267105102539,
reinforce,,,100.0,0,766,43.116206801941296,32,0.00499415397644043,4.764940977096558,,,-192.63720703125,-192.63720703125,,,17.90955352783203,-82.09044647216797,
reinforce,,,100.0,0,767,42.94956161661443,32,0.005136013031005859,4.77013897895813,,,-171.61474609375,-171.61474609375,,,17.84334945678711,-82.15664672851562,
reinforce,,,100.0,0,768,42.39851982827082,30,0.004971742630004883,4.775174856185913,,,-220.80801391601562,-220.80801391601562,,,18.424837112426758,-81.57516479492188,
reinforce,,,100.0,0,769,43.30115658731776,31,0.0048809051513671875,4.78011679649353,,,-174.2857208251953,-174.2857208251953,,,18.44387435913086,-81.55612182617188,
reinforce,,,100.0,0,770,43.152538019057786,30,0.004914999008178711,4.785110950469971,,,-158.69813537597656,-158.69813537597656,,,18.841413497924805,-81.15858459472656,
reinforce,,,100.0,0,771,43.442528917024724,32,0.005109071731567383,4.790282964706421,,,-197.9176025390625,-197.9176025390625,,,17.818607330322266,-82.181396484375,
reinforce,,,100.0,0,772,43.68549441261991,31,0.00500798225402832,4.795348882675171,,,-163.73866271972656,-163.73866271972656,,,18.727989196777344,-81.27200317382812,
reinforce,,,100.0,0,773,42.68718586825604,31,0.004842996597290039,4.800256967544556,,,-155.90005493164062,-155.90005493164062,,,18.049915313720703,-81.95008850097656,
reinforce,,,100.0,0,774,42.971450903918566,31,0.004900932312011719,4.80520486831665,,,-155.06463623046875,-155.06463623046875,,,18.272756576538086,-81.72724914550781,
reinforce,,,100.0,0,775,42.58501303798575,30,0.004781246185302734,4.810045957565308,,,-170.43081665039062,-170.43081665039062,,,18.529834747314453,-81.47016906738281,
reinforce,,,100.0,0,776,42.88058579977273,30,0.004782915115356445,4.814896821975708,,,-239.89077758789062,-239.89077758789062,,,18.76259994506836,-81.2374038696289,
reinforce,,,100.0,0,777,42.79962375799654,31,0.00498199462890625,4.819926977157593,,,-167.25074768066406,-167.25074768066406,,,18.05228614807129,-81.94771575927734,
reinforce,,,100.0,0,778,41.61920172827881,30,0.0049479007720947266,4.824939966201782,,,-186.1661834716797,-186.1661834716797,,,17.925506591796875,-82.0744857788086,
reinforce,,,100.0,0,779,41.74503961125972,29,0.004564046859741211,4.829570055007935,,,-172.41323852539062,-172.41323852539062,,,18.557369232177734,-81.44263458251953,
reinforce,,,100.0,0,780,41.88079789473971,29,0.004672050476074219,4.834296941757202,42.130459032605316,0.5333150272078692,-201.84129333496094,-201.84129333496094,,,18.59225082397461,-81.40774536132812,
reinforce,,,100.0,0,781,40.85360063546387,28,0.004410266876220703,4.851736068725586,,,-181.0058135986328,-181.0058135986328,,,18.566991806030273,-81.4330062866211,
reinforce,,,100.0,0,782,42.49195784583822,30,0.004936933517456055,4.8567280769348145,,,-206.26673889160156,-206.26673889160156,,,18.413488388061523,-81.58650970458984,
reinforce,,,100.0,0,783,41.51302837798787,29,0.0045566558837890625,4.8613927364349365,,,-155.7646484375,-155.7646484375,,,18.46822738647461,-81.53176879882812,
reinforce,,,100.0,0,784,40.26985694397578,28,0.004598140716552734,4.8660500049591064,,,-189.45999145507812,-189.45999145507812,,,18.10344696044922,-81.89655303955078,
reinforce,,,100.0,0,785,42.56063570726159,30,0.0047359466552734375,4.870845794677734,,,-174.3091278076172,-174.3091278076172,,,18.330867767333984,-81.66914367675781,
reinforce,,,100.0,0,786,42.0562761674387,29,0.00465083122253418,4.8756327629089355,,,-180.09646606445312,-180.09646606445312,,,18.70216941833496,-81.2978286743164,
reinforce,,,100.0,0,787,40.8240268817198,29,0.004661083221435547,4.88034987449646,,,-178.54953002929688,-178.54953002929688,,,18.05756187438965,-81.94244384765625,
reinforce,,,100.0,0,788,41.100055007495726,29,0.00458073616027832,4.884991884231567,,,-186.8246612548828,-186.8246612548828,,,18.171037673950195,-81.8289566040039,
reinforce,,,100.0,0,789,40.450666412949914,29,0.004521846771240234,4.88963508605957,,,-172.4624481201172,-172.4624481201172,,,17.765399932861328,-82.23460388183594,
reinforce,,,100.0,0,790,41.83523650434255,30,0.004900217056274414,4.894593954086304,,,-163.55630493164062,-163.55630493164062,,,17.98893928527832,-82.01106262207031,
reinforce,,,100.0,0,791,40.88915401628772,29,0.004588127136230469,4.899248123168945,,,-171.89422607421875,-171.89422607421875,,,17.866008758544922,-82.13397979736328,
reinforce,,,100.0,0,792,40.81388471267336,30,0.0046100616455078125,4.903918981552124,,,-187.87486267089844,-187.87486267089844,,,17.310405731201172,-82.68959045410156,
reinforce,,,100.0,0,793,41.90166774317254,29,0.004641056060791016,4.908611059188843,,,-169.45346069335938,-169.45346069335938,,,18.46822738647461,-81.53178405761719,
reinforce,,,100.0,0,794,42.71494821229274,30,0.004934072494506836,4.913601875305176,,,-173.97039794921875,-173.97039794921875,,,18.51592254638672,-81.48408508300781,
reinforce,,,100.0,0,795,42.37095316237605,30,0.004784107208251953,4.918447017669678,,,-181.62799072265625,-181.62799072265625,,,18.318029403686523,-81.68196868896484,
reinforce,,,100.0,0,796,41.39755829063289,29,0.004797935485839844,4.923297882080078,,,-159.51431274414062,-159.51431274414062,,,18.152103424072266,-81.847900390625,
reinforce,,,100.0,0,797,40.927977703537245,29,0.004761934280395508,4.9281158447265625,,,-197.10765075683594,-197.10765075683594,,,18.09223175048828,-81.90776824951172,
reinforce,,,100.0,0,798,40.86224433239004,29,0.004601001739501953,4.932767868041992,,,-158.25912475585938,-158.25912475585938,,,17.974166870117188,-82.02582550048828,
reinforce,,,100.0,0,799,42.86634989313957,31,0.004855632781982422,4.937680721282959,,,-228.96890258789062,-228.96890258789062,,,18.193008422851562,-81.8069839477539,
reinforce,,,100.0,0,800,44.45303686085713,31,0.005116939544677734,4.942859888076782,42.145902629764784,0.5012160050523163,-177.67845153808594,-177.67845153808594,,,19.19469451904297,-80.80530548095703,
reinforce,,,100.0,0,801,42.859757808507055,31,0.00477910041809082,4.960654020309448,,,-190.5240936279297,-190.5240936279297,,,18.01434326171875,-81.98565673828125,
reinforce,,,100.0,0,802,42.69392733281285,31,0.004952907562255859,4.965660810470581,,,-195.4016876220703,-195.4016876220703,,,17.96160888671875,-82.03839111328125,
reinforce,,,100.0,0,803,41.72152461221904,30,0.004691123962402344,4.970418930053711,,,-178.46414184570312,-178.46414184570312,,,17.942588806152344,-82.05740356445312,
reinforce,,,100.0,0,804,41.61074726256991,31,0.004833221435546875,4.9753100872039795,,,-169.16925048828125,-169.16925048828125,,,17.252796173095703,-82.74720764160156,
reinforce,,,100.0,0,805,42.29159555891923,32,0.004861116409301758,4.980228900909424,,,-183.91278076171875,-183.91278076171875,,,17.265274047851562,-82.73472595214844,
reinforce,,,100.0,0,806,43.35972441483947,32,0.005347013473510742,4.985625982284546,,,-160.6236572265625,-160.6236572265625,,,17.769588470458984,-82.23041534423828,
reinforce,,,100.0,0,807,41.769179757626716,30,0.004750967025756836,4.990434885025024,,,-169.79345703125,-169.79345703125,,,18.006258010864258,-81.99374389648438,
reinforce,,,100.0,0,808,41.434936441485355,30,0.004626035690307617,4.99512791633606,,,-206.7673797607422,-206.7673797607422,,,17.706811904907227,-82.2931900024414,
reinforce,,,100.0,0,809,40.54749931500231,29,0.004669189453125,4.999844074249268,,,-188.5769805908203,-188.5769805908203,,,17.722944259643555,-82.27705383300781,
reinforce,,,100.0,0,810,44.00481652004242,31,0.0051422119140625,5.005043983459473,,,-190.21054077148438,-190.21054077148438,,,19.11274528503418,-80.88725280761719,
reinforce,,,100.0,0,811,41.9590059016431,30,0.004846811294555664,5.009960889816284,,,-196.18492126464844,-196.18492126464844,,,17.92735481262207,-82.07264709472656,
reinforce,,,100.0,0,812,42.121789975766994,30,0.004728078842163086,5.014761924743652,,,-189.62997436523438,-189.62997436523438,,,18.31386375427246,-81.6861343383789,
reinforce,,,100.0,0,813,42.18318637836035,30,0.004938840866088867,5.01974892616272,,,-164.1813507080078,-164.1813507080078,,,18.268089294433594,-81.7319107055664,
reinforce,,,100.0,0,814,41.73986005391428,30,0.004846811294555664,5.024657726287842,,,-208.0513458251953,-208.0513458251953,,,17.93391227722168,-82.06608581542969,
reinforce,,,100.0,0,815,42.35188180973014,31,0.004828929901123047,5.029544830322266,,,-199.45742797851562,-199.45742797851562,,,17.73541259765625,-82.26459503173828,
reinforce,,,100.0,0,816,43.37058923284208,31,0.005054950714111328,5.034655809402466,,,-142.1416473388672,-142.1416473388672,,,18.30864715576172,-81.69135284423828,
reinforce,,,100.0,0,817,41.34095609174867,29,0.0046460628509521484,5.03936505317688,,,-162.18807983398438,-162.18807983398438,,,18.07904624938965,-81.92095184326172,
reinforce,,,100.0,0,818,42.72936905392338,31,0.004889965057373047,5.044312953948975,,,-245.00537109375,-245.00537109375,,,17.87421989440918,-82.12578582763672,
reinforce,,,100.0,0,819,42.07424521630119,30,0.0045778751373291016,5.048955917358398,,,-161.38629150390625,-161.38629150390625,,,18.06816291809082,-81.93183898925781,
reinforce,,,100.0,0,820,42.33129960847151,30,0.004829883575439453,5.053838014602661,42.11698518477458,0.50117282636466,-179.18873596191406,-179.18873596191406,,,18.303653717041016,-81.69634246826172,
reinforce,,,100.0,0,821,42.45447535488108,31,0.004784822463989258,5.071648836135864,,,-186.0145263671875,-186.0145263671875,,,17.848691940307617,-82.15130615234375,
reinforce,,,100.0,0,822,41.437013612771274,29,0.004790067672729492,5.076499938964844,,,-145.39169311523438,-145.39169311523438,,,18.3114013671875,-81.68859100341797,
reinforce,,,100.0,0,823,42.10070777531625,30,0.004815816879272461,5.081387996673584,,,-191.2718048095703,-191.2718048095703,,,18.06551170349121,-81.93449401855469,
reinforce,,,100.0,0,824,43.24907337470233,31,0.005079984664916992,5.0866148471832275,,,-174.87657165527344,-174.87657165527344,,,18.26333236694336,-81.73666381835938,
reinforce,,,100.0,0,825,42.95202671176085,30,0.004734992980957031,5.0914647579193115,,,-226.42041015625,-226.42041015625,,,18.53240394592285,-81.46759796142578,
reinforce,,,100.0,0,826,41.72621067024021,30,0.005037069320678711,5.096558094024658,,,-198.56224060058594,-198.56224060058594,,,17.93003273010254,-82.06996154785156,
reinforce,,,100.0,0,827,42.40853821166414,30,0.004725933074951172,5.101364850997925,,,-176.85874938964844,-176.85874938964844,,,18.384521484375,-81.615478515625,
reinforce,,,100.0,0,828,41.80066015075698,31,0.0047991275787353516,5.106237888336182,,,-154.2211151123047,-154.2211151123047,,,17.469175338745117,-82.53082275390625,
reinforce,,,100.0,0,829,42.411203439151784,30,0.004907131195068359,5.1111979484558105,,,-156.20152282714844,-156.20152282714844,,,18.18544578552246,-81.8145523071289,
reinforce,,,100.0,0,830,40.29413302481283,29,0.004878044128417969,5.116173982620239,,,-161.94895935058594,-161.94895935058594,,,17.53415870666504,-82.46583557128906,
reinforce,,,100.0,0,831,41.61986964472112,30,0.004718780517578125,5.120976686477661,,,-160.9519500732422,-160.9519500732422,,,17.898956298828125,-82.1010513305664,
reinforce,,,100.0,0,832,42.62871375384777,31,0.004891872406005859,5.125952959060669,,,-189.36221313476562,-189.36221313476562,,,17.815473556518555,-82.18452453613281,
reinforce,,,100.0,0,833,41.28998345530869,30,0.004964113235473633,5.130979061126709,,,-213.41104125976562,-213.41104125976562,,,17.38917350769043,-82.61082458496094,
reinforce,,,100.0,0,834,40.12171174823948,29,0.0046520233154296875,5.135687828063965,,,-172.74522399902344,-172.74522399902344,,,17.41750717163086,-82.5824966430664,
reinforce,,,100.0,0,835,41.512368262546985,29,0.004486083984375,5.140239000320435,,,-171.70884704589844,-171.70884704589844,,,18.33800506591797,-81.66200256347656,
reinforce,,,100.0,0,836,39.249598132566014,28,0.004454135894775391,5.144741058349609,,,-179.8989715576172,-179.8989715576172,,,17.423656463623047,-82.57634735107422,
reinforce,,,100.0,0,837,42.45134666454661,29,0.004623889923095703,5.149439811706543,,,-182.6694793701172,-182.6694793701172,,,18.949871063232422,-81.05012512207031,
reinforce,,,100.0,0,838,41.78919947377802,29,0.004662036895751953,5.154160022735596,,,-195.75196838378906,-195.75196838378906,,,18.42001724243164,-81.57998657226562,
reinforce,,,100.0,0,839,41.72601064372547,29,0.004945039749145508,5.159173965454102,,,-163.82394409179688,-163.82394409179688,,,18.384340286254883,-81.61565399169922,
reinforce,,,100.0,0,840,39.73753750401335,27,0.004674196243286133,5.163928031921387,40.30168745379267,0.6500632845752666,-161.63768005371094,-161.63768005371094,,,18.32541847229004,-81.67457580566406,
reinforce,,,100.0,0,841,42.0233936708581,29,0.004687070846557617,5.181005954742432,,,-194.91358947753906,-194.91358947753906,,,18.534547805786133,-81.46544647216797,
reinforce,,,100.0,0,842,40.367168744861914,28,0.004838228225708008,5.185967922210693,,,-167.52064514160156,-167.52064514160156,,,18.118471145629883,-81.88153076171875,
reinforce,,,100.0,0,843,42.033042944625926,28,0.0045871734619140625,5.190662145614624,,,-165.25169372558594,-165.25169372558594,,,19.108335494995117,-80.89166259765625,
reinforce,,,100.0,0,844,40.24527420267071,28,0.005006074905395508,5.195811033248901,,,-195.5846710205078,-195.5846710205078,,,18.07575225830078,-81.92424774169922,
reinforce,,,100.0,0,845,42.36470422627166,30,0.005117893218994141,5.201067924499512,,,-190.1027069091797,-190.1027069091797,,,18.346208572387695,-81.65379333496094,
reinforce,,,100.0,0,846,41.310185309240836,28,0.004961967468261719,5.206175804138184,,,-163.35194396972656,-163.35194396972656,,,18.64560317993164,-81.3543930053711,
reinforce,,,100.0,0,847,40.70528008872953,29,0.00473785400390625,5.211015939712524,,,-228.0460968017578,-228.0460968017578,,,17.772029876708984,-82.22796630859375,
reinforce,,,100.0,0,848,41.60860901143519,29,0.0045299530029296875,5.215659856796265,,,-186.4422607421875,-186.4422607421875,,,18.174697875976562,-81.8252944946289,
reinforce,,,100.0,0,849,40.22077573782492,27,0.004402875900268555,5.22012996673584,,,-189.0865936279297,-189.0865936279297,,,18.644922256469727,-81.3550796508789,
reinforce,,,100.0,0,850,40.68117760169385,29,0.004454135894775391,5.224677085876465,,,-178.49942016601562,-178.49942016601562,,,17.852807998657227,-82.1471939086914,
reinforce,,,100.0,0,851,39.46433440361079,27,0.0045011043548583984,5.229235887527466,,,-145.03948974609375,-145.03948974609375,,,18.107309341430664,-81.89268493652344,
reinforce,,,100.0,0,852,41.51387174781735,28,0.0046672821044921875,5.233988046646118,,,-156.97402954101562,-156.97402954101562,,,18.81621742248535,-81.18378448486328,
reinforce,,,100.0,0,853,42.62698516880285,29,0.00447392463684082,5.238545894622803,,,-191.76760864257812,-191.76760864257812,,,19.06387710571289,-80.93611907958984,
reinforce,,,100.0,0,854,40.42828099455722,28,0.004652976989746094,5.243276834487915,,,-208.61618041992188,-208.61618041992188,,,18.097747802734375,-81.90225982666016,
reinforce,,,100.0,0,855,41.62628398824945,28,0.0046541690826416016,5.2479939460754395,,,-201.7576141357422,-201.7576141357422,,,18.896390914916992,-81.1036148071289,
reinforce,,,100.0,0,856,38.571094022326555,27,0.004235029220581055,5.252312898635864,,,-231.7024383544922,-231.7024383544922,,,17.536867141723633,-82.463134765625,
reinforce,,,100.0,0,857,40.95342734817222,29,0.004626035690307617,5.256990909576416,,,-185.89987182617188,-185.89987182617188,,,17.963041305541992,-82.03695678710938,
reinforce,,,100.0,0,858,39.361411992990945,28,0.004486083984375,5.261538982391357,,,-198.41859436035156,-198.41859436035156,,,17.409610748291016,-82.59038543701172,
reinforce,,,100.0,0,859,40.119596101332505,28,0.004332780838012695,5.2659478187561035,,,-180.51063537597656,-180.51063537597656,,,17.904964447021484,-82.09503936767578,
reinforce,,,100.0,0,860,39.745853385595176,28,0.00458216667175293,5.270595073699951,40.420118366567635,0.2391039104065949,-187.91603088378906,-187.91603088378906,,,17.688068389892578,-82.31193542480469,
reinforce,,,100.0,0,861,39.67349736378501,27,0.004196882247924805,5.286397933959961,,,-162.28221130371094,-162.28221130371094,,,18.221803665161133,-81.77819061279297,
reinforce,,,100.0,0,862,41.804724079607155,28,0.004484891891479492,5.290940761566162,,,-191.44418334960938,-191.44418334960938,,,19.03281021118164,-80.9671859741211,
reinforce,,,100.0,0,863,41.169107981141345,28,0.0044651031494140625,5.295460939407349,,,-175.42044067382812,-175.42044067382812,,,18.73190689086914,-81.2680892944336,
reinforce,,,100.0,0,864,39.87950685035777,27,0.004341840744018555,5.2998669147491455,,,-171.7626953125,-171.7626953125,,,18.43553352355957,-81.56446838378906,
reinforce,,,100.0,0,865,40.13632403482328,28,0.004547119140625,5.304460048675537,,,-153.6313934326172,-153.6313934326172,,,17.869714736938477,-82.13028717041016,
reinforce,,,100.0,0,866,40.36225415393487,27,0.004271268844604492,5.308799982070923,,,-195.76327514648438,-195.76327514648438,,,18.67599105834961,-81.32401275634766,
reinforce,,,100.0,0,867,41.023337169298514,28,0.004392862319946289,5.3132851123809814,,,-162.52542114257812,-162.52542114257812,,,18.557270050048828,-81.44273376464844,
reinforce,,,100.0,0,868,38.70594273938402,26,0.004268169403076172,5.317604064941406,,,-178.70266723632812,-178.70266723632812,,,18.228166580200195,-81.77183532714844,
reinforce,,,100.0,0,869,40.93237659967976,28,0.0044858455657958984,5.32216477394104,,,-197.45713806152344,-197.45713806152344,,,18.54414939880371,-81.45584869384766,
reinforce,,,100.0,0,870,43.26252778294957,29,0.0044519901275634766,5.326710939407349,,,-211.55528259277344,-211.55528259277344,,,19.412260055541992,-80.58773803710938,
reinforce,,,100.0,0,871,41.820631100522476,28,0.004495143890380859,5.331254959106445,,,-179.3528594970703,-179.3528594970703,,,19.064647674560547,-80.93535614013672,
reinforce,,,100.0,0,872,41.286404548982794,27,0.004266023635864258,5.335594892501831,,,-178.77626037597656,-178.77626037597656,,,19.325593948364258,-80.6744155883789,
reinforce,,,100.0,0,873,40.098749274569926,27,0.004391193389892578,5.340038061141968,,,-202.7216033935547,-202.7216033935547,,,18.389497756958008,-81.61050415039062,
reinforce,,,100.0,0,874,42.37775833040598,28,0.004464149475097656,5.344603061676025,,,-189.86495971679688,-189.86495971679688,,,19.42179298400879,-80.57820892333984,
reinforce,,,100.0,0,875,41.90915264891066,28,0.004329204559326172,5.348997116088867,,,-187.39614868164062,-187.39614868164062,,,19.144777297973633,-80.855224609375,
reinforce,,,100.0,0,876,43.1823522299745,29,0.004739999771118164,5.353792905807495,,,-188.24911499023438,-188.24911499023438,,,20.12833023071289,-79.87166595458984,
reinforce,,,100.0,0,877,40.312864995991255,27,0.004279136657714844,5.3581318855285645,,,-177.04257202148438,-177.04257202148438,,,18.591962814331055,-81.40804290771484,
reinforce,,,100.0,0,878,42.87727086665833,28,0.004257917404174805,5.362485885620117,,,-171.65420532226562,-171.65420532226562,,,19.978609085083008,-80.0213851928711,
reinforce,,,100.0,0,879,40.33924654052081,27,0.004494905471801758,5.367036819458008,,,-193.58541870117188,-193.58541870117188,,,18.629640579223633,-81.370361328125,
reinforce,,,100.0,0,880,39.92825104890536,28,0.004291057586669922,5.371401786804199,40.64821573280132,0.4954858653378186,-175.6686248779297,-175.6686248779297,,,17.824670791625977,-82.17533874511719,
reinforce,,,100.0,0,881,37.94272447053848,26,0.00421595573425293,5.387511968612671,,,-165.68019104003906,-165.68019104003906,,,17.699106216430664,-82.30089569091797,
reinforce,,,100.0,0,882,40.43129146593945,27,0.004516124725341797,5.392080783843994,,,-190.89244079589844,-190.89244079589844,,,18.791486740112305,-81.20851135253906,
reinforce,,,100.0,0,883,40.53626815008784,27,0.004167079925537109,5.396322011947632,,,-202.13853454589844,-202.13853454589844,,,18.69695281982422,-81.30303955078125,
reinforce,,,100.0,0,884,40.171826000174605,27,0.004456996917724609,5.400835990905762,,,-149.7412872314453,-149.7412872314453,,,18.569589614868164,-81.43041229248047,
reinforce,,,100.0,0,885,42.848407465249956,28,0.004366159439086914,5.405261039733887,,,-176.97959899902344,-176.97959899902344,,,19.962358474731445,-80.03764343261719,
reinforce,,,100.0,0,886,41.142075570347075,27,0.004251003265380859,5.409576892852783,,,-171.15231323242188,-171.15231323242188,,,19.27017593383789,-80.72982788085938,
reinforce,,,100.0,0,887,40.50195742396367,27,0.0042760372161865234,5.413914918899536,,,-192.7486572265625,-192.7486572265625,,,18.800737380981445,-81.19926452636719,
reinforce,,,100.0,0,888,41.64153949572457,27,0.004177093505859375,5.418156862258911,,,-198.9385986328125,-198.9385986328125,,,19.522727966308594,-80.47727966308594,
reinforce,,,100.0,0,889,41.17468728655012,27,0.004483699798583984,5.422696828842163,,,-189.5223846435547,-189.5223846435547,,,19.169960021972656,-80.83003997802734,
reinforce,,,100.0,0,890,40.023849359442465,27,0.0043489933013916016,5.427104949951172,,,-157.48106384277344,-157.48106384277344,,,18.5135555267334,-81.48644256591797,
reinforce,,,100.0,0,891,40.78893241288269,27,0.004160165786743164,5.431333065032959,,,-195.19021606445312,-195.19021606445312,,,18.984834671020508,-81.01517486572266,
reinforce,,,100.0,0,892,42.78158616083546,28,0.004578828811645508,5.435964822769165,,,-173.4551239013672,-173.4551239013672,,,19.68316650390625,-80.31683349609375,
reinforce,,,100.0,0,893,40.25641590757913,27,0.00419306755065918,5.440224885940552,,,-167.33572387695312,-167.33572387695312,,,18.634414672851562,-81.36558532714844,
reinforce,,,100.0,0,894,40.34370375068258,27,0.004352092742919922,5.444622039794922,,,-160.58096313476562,-160.58096313476562,,,18.888351440429688,-81.11165618896484,
reinforce,,,100.0,0,895,38.936943051695586,26,0.004214048385620117,5.448889970779419,,,-222.40411376953125,-222.40411376953125,,,18.32468032836914,-81.67530822753906,
reinforce,,,100.0,0,896,40.96887105036283,27,0.004143714904785156,5.453104734420776,,,-199.63906860351562,-199.63906860351562,,,19.312660217285156,-80.68734741210938,
reinforce,,,100.0,0,897,42.67485471516224,28,0.004786968231201172,5.457947731018066,,,-180.5060272216797,-180.5060272216797,,,19.91046142578125,-80.08953094482422,
reinforce,,,100.0,0,898,38.55344967193618,26,0.004204988479614258,5.462244987487793,,,-197.9261932373047,-197.9261932373047,,,18.019527435302734,-81.98047637939453,
reinforce,,,100.0,0,899,42.023472626942194,27,0.004250764846801758,5.466559886932373,,,-175.71493530273438,-175.71493530273438,,,19.852989196777344,-80.14701080322266,
reinforce,,,100.0,0,900,41.126515219296714,27,0.004396200180053711,5.471005916595459,41.02890727762022,0.4594766621243196,-168.34817504882812,-168.34817504882812,,,19.345619201660156,-80.65438079833984,
reinforce,,,100.0,0,901,41.030252697808486,27,0.00425410270690918,5.4870970249176025,,,-189.57821655273438,-189.57821655273438,,,19.03853416442871,-80.96146392822266,
reinforce,,,100.0,0,902,41.526332396741914,27,0.004335165023803711,5.491498947143555,,,-158.51318359375,-158.51318359375,,,19.558359146118164,-80.44164276123047,
reinforce,,,100.0,0,903,40.62045564797828,27,0.004193782806396484,5.495761871337891,,,-198.0950469970703,-198.0950469970703,,,18.898149490356445,-81.10185241699219,
reinforce,,,100.0,0,904,40.931764673067754,27,0.004460811614990234,5.500272750854492,,,-182.18455505371094,-182.18455505371094,,,19.167678833007812,-80.83232116699219,
reinforce,,,100.0,0,905,41.46995587178502,28,0.0045719146728515625,5.504905939102173,,,-187.07595825195312,-187.07595825195312,,,18.866802215576172,-81.13319396972656,
reinforce,,,100.0,0,906,42.6511738238227,28,0.004423856735229492,5.509399890899658,,,-187.3531494140625,-187.3531494140625,,,19.814495086669922,-80.18550109863281,
reinforce,,,100.0,0,907,41.981083025805425,28,0.004570960998535156,5.514021873474121,,,-202.60546875,-202.60546875,,,19.250102996826172,-80.74989318847656,
reinforce,,,100.0,0,908,41.67860391819823,27,0.004271268844604492,5.5183610916137695,,,-170.0696258544922,-170.0696258544922,,,19.691001892089844,-80.30899810791016,
reinforce,,,100.0,0,909,40.94449452678855,27,0.0041351318359375,5.522572994232178,,,-180.96531677246094,-180.96531677246094,,,19.19544792175293,-80.80455017089844,
reinforce,,,100.0,0,910,42.79357913456943,28,0.0045239925384521484,5.527148008346558,,,-193.7609100341797,-193.7609100341797,,,19.88846778869629,-80.11153411865234,
reinforce,,,100.0,0,911,40.99945633303861,27,0.004339933395385742,5.531538724899292,,,-167.19056701660156,-167.19056701660156,,,19.217506408691406,-80.78250122070312,
reinforce,,,100.0,0,912,40.575807612214874,27,0.00435185432434082,5.5359578132629395,,,-173.74388122558594,-173.74388122558594,,,18.921875,-81.078125,
reinforce,,,100.0,0,913,40.3491647038338,27,0.004405975341796875,5.540416955947876,,,-172.44552612304688,-172.44552612304688,,,18.843482971191406,-81.15650939941406,
reinforce,,,100.0,0,914,40.7733967586804,27,0.0044438838958740234,5.544917821884155,,,-173.6302032470703,-173.6302032470703,,,18.94325065612793,-81.05674743652344,
reinforce,,,100.0,0,915,39.988240513645444,27,0.004171133041381836,5.549160957336426,,,-166.0457763671875,-166.0457763671875,,,18.450149536132812,-81.54985046386719,
reinforce,,,100.0,0,916,41.93424780940811,28,0.004609823226928711,5.553820848464966,,,-182.0681915283203,-182.0681915283203,,,19.222009658813477,-80.77799224853516,
reinforce,,,100.0,0,917,42.434059448595924,28,0.004396200180053711,5.558288097381592,,,-161.00851440429688,-161.00851440429688,,,19.55244255065918,-80.44756317138672,
reinforce,,,100.0,0,918,41.19518616505976,28,0.004469156265258789,5.5628039836883545,,,-174.65980529785156,-174.65980529785156,,,18.668476104736328,-81.33152770996094,
reinforce,,,100.0,0,919,42.57324946400694,28,0.004500865936279297,5.567357778549194,,,-180.6952362060547,-180.6952362060547,,,19.773941040039062,-80.22605895996094,
reinforce,,,100.0,0,920,40.300387127199166,27,0.004209041595458984,5.571635961532593,40.31918125320591,0.5511963458538341,-176.5656280517578,-176.5656280517578,,,18.616806030273438,-81.38319396972656,
reinforce,,,100.0,0,921,42.291069607294645,28,0.004492998123168945,5.5880889892578125,,,-168.8175811767578,-168.8175811767578,,,19.406118392944336,-80.59387969970703,
reinforce,,,100.0,0,922,41.45176600759567,27,0.0042607784271240234,5.592403888702393,,,-184.5568084716797,-184.5568084716797,,,19.503292083740234,-80.49671173095703,
reinforce,,,100.0,0,923,41.823356747916776,28,0.0043888092041015625,5.596861839294434,,,-229.4237518310547,-229.4237518310547,,,19.297719955444336,-80.70227813720703,
reinforce,,,100.0,0,924,40.184829176475965,27,0.004398822784423828,5.601319789886475,,,-166.6053924560547,-166.6053924560547,,,18.673171997070312,-81.32682037353516,
reinforce,,,100.0,0,925,40.43337071268981,27,0.004189729690551758,5.605576753616333,,,-191.40476989746094,-191.40476989746094,,,18.735876083374023,-81.26412200927734,
reinforce,,,100.0,0,926,40.36345782666917,27,0.004391908645629883,5.610024929046631,,,-176.41702270507812,-176.41702270507812,,,18.76900863647461,-81.23099517822266,
reinforce,,,100.0,0,927,41.80389853291181,28,0.004312753677368164,5.614397764205933,,,-143.5659637451172,-143.5659637451172,,,19.068849563598633,-80.93115234375,
reinforce,,,100.0,0,928,41.17628722784376,27,0.00431370735168457,5.61877179145813,,,-177.97317504882812,-177.97317504882812,,,19.504117965698242,-80.49588775634766,
reinforce,,,100.0,0,929,38.15179539500289,26,0.004269123077392578,5.623085021972656,,,-178.69903564453125,-178.69903564453125,,,17.851348876953125,-82.14864349365234,
reinforce,,,100.0,0,930,40.34982565907715,28,0.00438690185546875,5.627535104751587,,,-191.69088745117188,-191.69088745117188,,,18.06102752685547,-81.93896484375,
reinforce,,,100.0,0,931,40.94792750411863,27,0.004336118698120117,5.6319169998168945,,,-225.20269775390625,-225.20269775390625,,,18.991689682006836,-81.00830841064453,
reinforce,,,100.0,0,932,41.48063432914582,28,0.004470109939575195,5.636444807052612,,,-198.9765625,-198.9765625,,,19.039854049682617,-80.96015167236328,
reinforce,,,100.0,0,933,40.14937939776503,27,0.004168033599853516,5.640675067901611,,,-178.20875549316406,-178.20875549316406,,,18.44133949279785,-81.55866241455078,
reinforce,,,100.0,0,934,39.45619405440594,27,0.0043871402740478516,5.64511513710022,,,-166.07569885253906,-166.07569885253906,,,17.991003036499023,-82.00899505615234,
reinforce,,,100.0,0,935,40.45187133082084,28,0.004480838775634766,5.649648904800415,,,-172.89292907714844,-172.89292907714844,,,18.125694274902344,-81.87430572509766,
reinforce,,,100.0,0,936,39.345357787108796,26,0.004210948944091797,5.653925895690918,,,-217.8241424560547,-217.8241424560547,,,18.541303634643555,-81.45869445800781,
reinforce,,,100.0,0,937,40.98629955097754,27,0.004317045211791992,5.658290863037109,,,-155.87863159179688,-155.87863159179688,,,19.046369552612305,-80.95362854003906,
reinforce,,,100.0,0,938,39.980945021600974,27,0.00432276725769043,5.662674903869629,,,-171.37460327148438,-171.37460327148438,,,18.486661911010742,-81.51333618164062,
reinforce,,,100.0,0,939,39.52847942727883,27,0.004271030426025391,5.667007923126221,,,-220.32012939453125,-220.32012939453125,,,18.111085891723633,-81.888916015625,
reinforce,,,100.0,0,940,41.810105700968904,28,0.004557132720947266,5.6716248989105225,40.076960522688125,0.297893412722847,-177.26988220214844,-177.26988220214844,,,18.9656982421875,-81.0343017578125,
reinforce,,,100.0,0,941,39.75462625117716,27,0.004266977310180664,5.687487840652466,,,-227.36329650878906,-227.36329650878906,,,18.29197120666504,-81.70802307128906,
reinforce,,,100.0,0,942,39.65569108871381,27,0.00444483757019043,5.691986799240112,,,-149.36221313476562,-149.36221313476562,,,18.25770378112793,-81.74229431152344,
reinforce,,,100.0,0,943,41.156476924717445,28,0.0043239593505859375,5.6963818073272705,,,-176.7667694091797,-176.7667694091797,,,18.61979103088379,-81.38020324707031,
reinforce,,,100.0,0,944,40.02779319604086,27,0.004469633102416992,5.700912714004517,,,-188.7444610595703,-188.7444610595703,,,18.403654098510742,-81.59634399414062,
reinforce,,,100.0,0,945,46.00433597872392,30,0.0047149658203125,5.705689907073975,,,-191.46937561035156,-191.46937561035156,,,21.401100158691406,-78.5988998413086,
reinforce,,,100.0,0,946,40.94071986352406,28,0.004356861114501953,5.710110902786255,,,-167.59266662597656,-167.59266662597656,,,18.427108764648438,-81.57289123535156,
reinforce,,,100.0,0,947,39.72933789366246,27,0.004456996917724609,5.71462082862854,,,-189.96925354003906,-189.96925354003906,,,18.323287963867188,-81.67671203613281,
reinforce,,,100.0,0,948,40.1111734588625,27,0.0043718814849853516,5.719050884246826,,,-190.2395782470703,-190.2395782470703,,,18.344402313232422,-81.65560150146484,
reinforce,,,100.0,0,949,38.99770045271785,27,0.004163026809692383,5.723278045654297,,,-212.73770141601562,-212.73770141601562,,,17.76242446899414,-82.23757934570312,
reinforce,,,100.0,0,950,42.0848411763239,29,0.004757881164550781,5.728094816207886,,,-199.3591766357422,-199.3591766357422,,,18.63079261779785,-81.36920928955078,
reinforce,,,100.0,0,951,40.3280186768884,28,0.004340171813964844,5.7324910163879395,,,-160.5509033203125,-160.5509033203125,,,18.152908325195312,-81.84709167480469,
reinforce,,,100.0,0,952,40.59415697544611,28,0.004439115524291992,5.736990928649902,,,-158.41050720214844,-158.41050720214844,,,18.275907516479492,-81.7240982055664,
reinforce,,,100.0,0,953,40.4978811523488,28,0.004646778106689453,5.741693735122681,,,-184.55787658691406,-184.55787658691406,,,18.15641975402832,-81.84357452392578,
reinforce,,,100.0,0,954,41.4054174753811,28,0.00446009635925293,5.746218919754028,,,-162.57994079589844,-162.57994079589844,,,18.692440032958984,-81.30754852294922,
reinforce,,,100.0,0,955,41.140321276247256,28,0.004287004470825195,5.750672817230225,,,-167.07069396972656,-167.07069396972656,,,18.486495971679688,-81.51350402832031,
reinforce,,,100.0,0,956,40.55637720439336,28,0.004733085632324219,5.7554590702056885,,,-160.6715087890625,-160.6715087890625,,,18.057518005371094,-81.94248962402344,
reinforce,,,100.0,0,957,41.52560699182143,28,0.004334926605224609,5.759868860244751,,,-187.1527557373047,-187.1527557373047,,,18.833139419555664,-81.16686248779297,
reinforce,,,100.0,0,958,39.22207108667983,27,0.004272937774658203,5.764242887496948,,,-194.12203979492188,-194.12203979492188,,,17.948076248168945,-82.05191802978516,
reinforce,,,100.0,0,959,39.272493506614325,27,0.0045015811920166016,5.768795728683472,,,-174.75625610351562,-174.75625610351562,,,18.021156311035156,-81.97884368896484,
reinforce,,,100.0,0,960,40.339581429444294,28,0.004482746124267578,5.773340940475464,39.91181174733369,0.589571218880438,-149.53506469726562,-149.53506469726562,,,18.071908950805664,-81.92809295654297,
reinforce,,,100.0,0,961,40.283670195468915,27,0.004431009292602539,5.789665937423706,,,-182.30517578125,-182.30517578125,,,18.639734268188477,-81.36026000976562,
reinforce,,,100.0,0,962,38.144137457619486,26,0.004396915435791016,5.794119834899902,,,-194.71165466308594,-194.71165466308594,,,17.858299255371094,-82.14169311523438,
reinforce,,,100.0,0,963,41.206359135332804,28,0.004366159439086914,5.798559904098511,,,-179.84715270996094,-179.84715270996094,,,18.5903377532959,-81.40966796875,
reinforce,,,100.0,0,964,41.66703065290459,28,0.004606008529663086,5.803217887878418,,,-183.1192626953125,-183.1192626953125,,,18.841848373413086,-81.15814971923828,
reinforce,,,100.0,0,965,41.1113314030249,28,0.004349946975708008,5.807632684707642,,,-168.9376220703125,-168.9376220703125,,,18.50857162475586,-81.49141693115234,
reinforce,,,100.0,0,966,40.12113201252945,27,0.004287004470825195,5.8120129108428955,,,-179.85232543945312,-179.85232543945312,,,18.595346450805664,-81.40465545654297,
reinforce,,,100.0,0,967,40.12192165453314,27,0.004272937774658203,5.816342830657959,,,-217.4918670654297,-217.4918670654297,,,18.51753807067871,-81.48246002197266,
reinforce,,,100.0,0,968,38.81820699491265,27,0.004194021224975586,5.820597887039185,,,-173.4362335205078,-173.4362335205078,,,17.652620315551758,-82.34738159179688,
reinforce,,,100.0,0,969,40.03296738017848,27,0.004450082778930664,5.8250977993011475,,,-227.99049377441406,-227.99049377441406,,,18.456315994262695,-81.54368591308594,
reinforce,,,100.0,0,970,40.79235201561728,27,0.004287004470825195,5.829457759857178,,,-180.6585235595703,-180.6585235595703,,,18.819894790649414,-81.18010711669922,
reinforce,,,100.0,0,971,40.901892719222445,27,0.004252910614013672,5.8337788581848145,,,-197.15606689453125,-197.15606689453125,,,19.23796272277832,-80.76203155517578,
reinforce,,,100.0,0,972,40.63706339659745,28,0.004525184631347656,5.838356971740723,,,-185.27305603027344,-185.27305603027344,,,18.369434356689453,-81.63056182861328,
reinforce,,,100.0,0,973,39.01773296295076,27,0.004189968109130859,5.842611789703369,,,-211.07073974609375,-211.07073974609375,,,17.946760177612305,-82.05323791503906,
reinforce,,,100.0,0,974,40.605404242116926,27,0.004441976547241211,5.847102880477905,,,-171.75637817382812,-171.75637817382812,,,18.823667526245117,-81.17633056640625,
reinforce,,,100.0,0,975,39.106453036720886,27,0.004357099533081055,5.851521968841553,,,-149.87838745117188,-149.87838745117188,,,17.8780574798584,-82.12194061279297,
reinforce,,,100.0,0,976,41.23280818204038,28,0.0045032501220703125,5.856086015701294,,,-177.57861328125,-177.57861328125,,,18.682720184326172,-81.31727600097656,
reinforce,,,100.0,0,977,39.82774562358008,27,0.0043680667877197266,5.860503911972046,,,-202.9713592529297,-202.9713592529297,,,18.305227279663086,-81.69477081298828,
reinforce,,,100.0,0,978,38.82537069810768,26,0.00417780876159668,5.864742755889893,,,-166.5222930908203,-166.5222930908203,,,18.340391159057617,-81.65961456298828,
reinforce,,,100.0,0,979,42.39560080605984,28,0.004247903823852539,5.8690619468688965,,,-204.2877655029297,-204.2877655029297,,,19.691675186157227,-80.3083267211914,
reinforce,,,100.0,0,980,41.21062583355238,28,0.0043599605560302734,5.873473882675171,39.875410821406305,0.38940012716585326,-164.0673828125,-164.0673828125,,,18.83351707458496,-81.1664810180664,
reinforce,,,100.0,0,981,39.70274370916541,27,0.004175901412963867,5.8893749713897705,,,-205.1871337890625,-205.1871337890625,,,18.364477157592773,-81.63552856445312,
reinforce,,,100.0,0,982,40.398368209249504,27,0.004379987716674805,5.893808841705322,,,-180.54075622558594,-180.54075622558594,,,18.813827514648438,-81.18617248535156,
reinforce,,,100.0,0,983,41.055094385682345,27,0.00423884391784668,5.898118734359741,,,-192.5266571044922,-192.5266571044922,,,19.358909606933594,-80.64108276367188,
reinforce,,,100.0,0,984,41.95482474108197,28,0.0044536590576171875,5.902635812759399,,,-186.76417541503906,-186.76417541503906,,,19.238719940185547,-80.76128387451172,
reinforce,,,100.0,0,985,41.06840279274349,27,0.0042722225189208984,5.906965970993042,,,-171.4934844970703,-171.4934844970703,,,19.10942268371582,-80.89057159423828,
reinforce,,,100.0,0,986,39.9486406437688,27,0.004249095916748047,5.911278009414673,,,-219.9827423095703,-219.9827423095703,,,18.755233764648438,-81.24476623535156,
reinforce,,,100.0,0,987,41.2368613618148,28,0.004590034484863281,5.915913820266724,,,-175.99630737304688,-175.99630737304688,,,19.02176284790039,-80.97823333740234,
reinforce,,,100.0,0,988,40.725063274240085,28,0.004500150680541992,5.920464754104614,,,-158.40072631835938,-158.40072631835938,,,18.385528564453125,-81.6144790649414,
reinforce,,,100.0,0,989,40.89335345956003,28,0.004383087158203125,5.924907922744751,,,-210.05796813964844,-210.05796813964844,,,18.600948333740234,-81.3990478515625,
reinforce,,,100.0,0,990,39.43692181395263,27,0.004415035247802734,5.929375886917114,,,-167.87078857421875,-167.87078857421875,,,18.170089721679688,-81.82991790771484,
reinforce,,,100.0,0,991,40.410763059802306,27,0.004260063171386719,5.933686971664429,,,-232.68984985351562,-232.68984985351562,,,18.718969345092773,-81.28103637695312,
reinforce,,,100.0,0,992,41.348951114217456,28,0.004424095153808594,5.938164949417114,,,-195.05850219726562,-195.05850219726562,,,18.718181610107422,-81.28181457519531,
reinforce,,,100.0,0,993,39.73586771387438,27,0.0044879913330078125,5.942708969116211,,,-194.9705047607422,-194.9705047607422,,,18.410263061523438,-81.58973693847656,
reinforce,,,100.0,0,994,40.19624947111701,28,0.00430607795715332,5.94707989692688,,,-176.3683319091797,-176.3683319091797,,,18.044754028320312,-81.95524597167969,
reinforce,,,100.0,0,995,44.195689591283816,30,0.004791975021362305,5.95192289352417,,,-189.0120086669922,-189.0120086669922,,,19.57994842529297,-80.42005157470703,
reinforce,,,100.0,0,996,45.04811105721338,30,0.00478816032409668,5.956773042678833,,,-179.97210693359375,-179.97210693359375,,,20.427021026611328,-79.57298278808594,
reinforce,,,100.0,0,997,43.0934998658573,29,0.0044329166412353516,5.961266756057739,,,-201.08660888671875,-201.08660888671875,,,19.64674186706543,-80.35325622558594,
reinforce,,,100.0,0,998,41.464579223149194,29,0.004525184631347656,5.965923070907593,,,-160.31956481933594,-160.31956481933594,,,18.218101501464844,-81.78189849853516,
reinforce,,,100.0,0,999,42.53687100848504,30,0.004871845245361328,5.97084379196167,,,-191.49337768554688,-191.49337768554688,,,18.527902603149414,-81.47209930419922,
reinforce,,,100.0,0,1000,41.74456168067868,29,0.00458073616027832,5.975485801696777,41.8275945933586,0.6521185055158798,-190.30953979492188,-190.30953979492188,,,18.606225967407227,-81.3937759399414,
