algo,baseline,seed,episode,episode_return,episode_steps,episode_time_sec,elapsed_time_sec,eval_mean_return,eval_std_return,loss,policy_loss,value_loss,entropy,mean_return,mean_advantage,advantage
actor_critic,,2,1,7.1991594513654205,11,0.019635915756225586,0.01964092254638672,,,1.6752946322614497,0.9934791841290214,0.9740220828151162,2.156386288729581,,,0.43681703914295544
actor_critic,,2,2,7.27738981908467,12,0.007694244384765625,0.027500152587890625,,,3.425272762775421,1.4530154106517632,2.817510536250969,2.156843682130178,,,0.32629144191741943
actor_critic,,2,3,5.451199658235533,9,0.0057680606842041016,0.03340506553649902,,,4.628309961822298,-0.2466436732146475,6.964219971404721,2.158110194736057,,,0.24452373716566297
actor_critic,,2,4,5.752090460117632,10,0.006573915481567383,0.04018211364746094,,,6.595179188251495,0.33356964886188506,8.945157016068697,2.156400728225708,,,0.19111368656158448
actor_critic,,2,5,5.8803229512922925,10,0.006665945053100586,0.04700803756713867,,,7.43352472782135,-0.22380393892526626,10.939040945237503,2.1518591403961183,,,0.13468677997589112
actor_critic,,2,6,8.206711387086283,14,0.008836030960083008,0.05600094795227051,,,6.903601713029535,0.2924467636538403,9.444507198371866,2.1460382086890086,,,0.16074066502707346
actor_critic,,2,7,7.47713805646717,15,0.009859085083007812,0.06612896919250488,,,6.790678307165702,0.5922588857511679,8.854885288242562,2.1425770918528237,,,0.012777074178059896
actor_critic,,2,8,5.817884909446984,11,0.006664276123046875,0.07296013832092285,,,9.483361446721988,-0.9319833103906024,14.87906359154096,2.140186136419123,,,-0.15850136496803977
actor_critic,,2,9,5.490871682857056,9,0.0056378841400146484,0.07875490188598633,,,14.39723772265845,0.29620005438725155,20.144339884553727,2.1376165284050836,,,-0.28045935100979275
actor_critic,,2,10,4.150438886654953,9,0.005800962448120117,0.0847177505493164,,,12.52273608909713,-3.275750001271566,22.569266525886228,2.1334541373782687,,,-0.5033083491855197
actor_critic,,2,11,5.228599410293716,9,0.005994081497192383,0.09085392951965332,,,13.98967680055648,-1.7663643629186683,22.508630109355888,2.127159039179484,,,-0.4611201286315918
actor_critic,,2,12,5.523501394058112,10,0.006337881088256836,0.09735703468322754,,,12.464668522775174,-2.9996707439422607,22.09191468982026,2.1210721015930174,,,-0.47924413681030276
actor_critic,,2,13,4.496836116757057,10,0.0061190128326416016,0.10361409187316895,,,16.27285085171461,-0.254522030800581,23.610531881731003,2.118772196769714,,,-0.6649728775024414
actor_critic,,2,14,6.534749207922564,13,0.008641958236694336,0.11240792274475098,,,9.639867053582119,-3.5419442378557644,18.831158817387543,2.11702036857605,,,-0.4555415373582106
actor_critic,,2,15,6.210350444290818,11,0.0066030025482177734,0.11916804313659668,,,14.188537978990512,-2.4044738080013883,23.70430315341483,2.1140985922379927,,,-0.6292511333118785
actor_critic,,2,16,7.904162838964141,15,0.009276151657104492,0.12860798835754395,,,12.04216881096363,-0.5332734450697899,17.964917732216417,2.1105711142222088,,,-0.45781580607096356
actor_critic,,2,17,8.216894085935307,14,0.008646965026855469,0.13740086555480957,,,10.132943411490746,-4.495867947116494,20.898301950323262,2.105717250279018,,,-0.528209890638079
actor_critic,,2,18,8.398013222437655,12,0.0077953338623046875,0.1453561782836914,,,15.514511988963932,-2.509917597596844,25.74918629926712,2.0975778698921204,,,-0.6469531853993734
actor_critic,,2,19,7.263380321241418,14,0.008911848068237305,0.15441489219665527,,,16.613146944237606,-0.5229428080575806,24.48012715618409,2.0917454957962036,,,-0.7334951673235212
actor_critic,,2,20,7.822604349409865,14,0.008570671081542969,0.16314387321472168,7.132167580704146,0.24423221591779498,16.917865855885402,-0.9737139551767281,25.55939958395902,2.0885447604315623,,,-0.760155200958252
actor_critic,,2,21,7.197959433108311,17,0.011328697204589844,0.18513274192810059,,,15.037645563702373,-1.3676491642699522,23.43613596877549,2.082836431615493,,,-0.7502652336569393
actor_critic,,2,22,5.827431196405453,14,0.008728981018066406,0.19401097297668457,,,17.804954684605555,-2.6194654923996756,29.177743752320698,2.07836537701743,,,-1.0073247637067522
actor_critic,,2,23,5.200665077439683,13,0.008473873138427734,0.20266294479370117,,,20.757277844903562,-2.0734494526225786,32.6153258300149,2.073682326536912,,,-1.156827633197491
actor_critic,,2,24,5.923534237295798,11,0.007139921188354492,0.2099609375,,,20.933863530104812,-6.297318946231496,38.90168788411062,2.0703521858562124,,,-1.3076777024702593
actor_critic,,2,25,4.920843463971164,10,0.006156206130981445,0.21625995635986328,,,20.174025312066078,-10.965970787405968,44.48571245968342,2.0668559074401855,,,-1.5661115646362305
actor_critic,,2,26,4.305510199791174,9,0.0055348873138427734,0.22196578979492188,,,31.664057134754128,-3.6953083326419196,50.51338352074122,2.0630473295847573,,,-1.8355787065294054
actor_critic,,2,27,3.9718648142890824,11,0.007158041000366211,0.22923898696899414,,,28.893701675940644,-1.597953575578603,43.55950842363845,2.059958826411854,,,-1.614297866821289
actor_critic,,2,28,5.980167851069709,10,0.0061550140380859375,0.23553895950317383,,,30.563218230009078,-2.5870341092348097,47.357500868663195,2.05867178440094,,,-1.5964042663574218
actor_critic,,2,29,5.007111336521587,10,0.006260871887207031,0.2419588565826416,,,34.11593659892678,-0.7524369619786739,49.81196304988116,2.058199167251587,,,-1.7428983688354491
actor_critic,,2,30,6.134634727024038,13,0.007868766784667969,0.24998998641967773,,,25.547384597934208,-1.9202079967810557,39.239420289281185,2.056798824897179,,,-1.3480051480806792
actor_critic,,2,31,-0.07179766855364078,19,0.011720895767211914,0.261821985244751,,,14.16375443888338,-3.07125039320243,24.62143592413907,2.0526604903371712,,,-1.3315868377685547
actor_critic,,2,32,4.549837975761262,12,0.0073621273040771484,0.269334077835083,,,29.709707092493773,-1.0875403558214505,43.99606930138543,2.0488751928011575,,,-1.6022179921468098
actor_critic,,2,33,5.453817518486378,12,0.007519960403442383,0.2769889831542969,,,30.30558273103088,-0.7973559815436602,44.43276751358644,2.0481716195742288,,,-1.5425357818603516
actor_critic,,2,34,4.892358233509093,10,0.006012916564941406,0.283160924911499,,,32.05293908268213,-5.751100888848304,54.00576941817999,2.048665261268616,,,-1.8905820846557617
actor_critic,,2,35,5.475721171611017,9,0.005527019500732422,0.288862943649292,,,39.228511625693905,-2.3302971058421664,59.36972494355521,2.0469764868418374,,,-2.047561857435438
actor_critic,,2,36,5.179157693174845,8,0.005093812942504883,0.2940938472747803,,,42.98339174501598,-5.212879937142134,68.85181425092742,2.04457288980484,,,-2.3621461391448975
actor_critic,,2,37,4.699819982967226,8,0.004949092864990234,0.2991781234741211,,,48.762384535744786,-1.0244861897081137,71.12410561635625,2.043545722961426,,,-2.473780870437622
actor_critic,,2,38,6.148669210716631,10,0.00650477409362793,0.30582189559936523,,,40.37930142581463,-0.9340343039482832,59.019050280319426,2.044084358215332,,,-1.9357505798339845
actor_critic,,2,39,5.455876031022726,8,0.0048520565032958984,0.31082797050476074,,,45.15037254989147,-6.98775315657258,74.48303793091327,2.045745611190796,,,-2.500833749771118
actor_critic,,2,40,5.739012517705261,10,0.006158113479614258,0.3170797824859619,5.38823455572283,0.18673909773617717,40.68371189944446,-4.399524822831154,64.40462277925107,2.045273756980896,,,-2.0784353256225585
actor_critic,,2,41,7.531988636357239,10,0.00634002685546875,0.32886600494384766,,,43.4963991522789,-1.6729378581047059,64.52762380689383,2.044347810745239,,,-1.954815673828125
actor_critic,,2,42,6.495442260636084,11,0.006736278533935547,0.33573102951049805,,,36.46542177078399,-7.485453865744851,62.786967145469546,2.0463776805184106,,,-1.9550798589533025
actor_critic,,2,43,6.641289372416878,10,0.006249189376831055,0.34210205078125,,,45.60047547481954,-3.5064069010317325,70.15269390803296,2.0459558010101317,,,-2.165117645263672
actor_critic,,2,44,6.340524115441499,9,0.005509853363037109,0.34776782989501953,,,48.826270946198036,-7.318333158890407,80.20658167161875,2.043423891067505,,,-2.4647142622205944
actor_critic,,2,45,6.330196841756576,9,0.005793094635009766,0.3537149429321289,,,55.084581058886315,-3.155156425303883,83.19963080798172,2.040619558758206,,,-2.525589201185438
actor_critic,,2,46,7.407933193035171,10,0.006159067153930664,0.36008596420288086,,,51.78846632540226,-2.4648288011550905,77.50470635294914,2.0375561714172363,,,-2.2542980194091795
actor_critic,,2,47,7.0055501085829075,10,0.006245851516723633,0.3664557933807373,,,55.01366210505366,-1.4606282278895377,80.67755644591526,2.034071946144104,,,-2.3570051193237305
actor_critic,,2,48,6.470778366238799,9,0.0055391788482666016,0.3721301555633545,,,61.77412988245487,-2.440807431936264,91.73562824726105,2.0295580757988825,,,-2.7078673044840493
actor_critic,,2,49,7.648299998243978,10,0.006262063980102539,0.3785381317138672,,,56.23555567264557,-3.7919793367385863,85.75362362489105,2.0269500255584716,,,-2.4108299255371093
actor_critic,,2,50,5.396370349951123,9,0.005671977996826172,0.3843259811401367,,,65.56561749676864,-5.236198453439607,101.14544953925845,2.0253846645355225,,,-2.957269456651476
actor_critic,,2,51,8.559110445280275,12,0.007439136505126953,0.39191412925720215,,,46.810161498996116,-7.7761357162768645,77.98042369401082,2.0225629011789956,,,-2.0861217180887857
actor_critic,,2,52,10.16715829907515,15,0.009189128875732422,0.4012269973754883,,,36.02423349966605,-9.590309102088213,65.16363112942393,2.016057507197062,,,-1.6835035959879556
actor_critic,,2,53,12.424612050192529,17,0.01046609878540039,0.4118311405181885,,,34.082217780777306,-8.576689436483909,60.94129858439898,2.0094678121454574,,,-1.4521749159869026
actor_critic,,2,54,14.742472180552392,18,0.011053085327148438,0.42304491996765137,,,41.32747403780619,-0.8097087401482794,60.1959759230829,2.0047547221183777,,,-1.3279705047607422
actor_critic,,2,55,13.148547189841336,17,0.010640859603881836,0.43384289741516113,,,44.8085710441365,-3.065351302132887,68.39132263796294,1.9947699238272274,,,-1.5516359665814567
actor_critic,,2,56,12.161063260880779,16,0.009975910186767578,0.44397687911987305,,,52.490568542853,-1.816127329133451,77.5809975558659,1.9923722445964813,,,-1.757580280303955
actor_critic,,2,57,12.461596612101657,19,0.01173710823059082,0.45586395263671875,,,44.962482755121435,-2.9741560073667452,68.48091435415279,1.9899354796660573,,,-1.5811608967028166
actor_critic,,2,58,12.173433086774525,17,0.010184764862060547,0.46621179580688477,,,49.496767454725855,-6.908435576978852,80.57886170990326,1.9876138673109167,,,-1.793496748980354
actor_critic,,2,59,10.613128499476383,17,0.010421991348266602,0.4768688678741455,,,54.99437120644485,-2.757326058605138,82.5024236998014,1.9891872125513412,,,-1.9348384632783777
actor_critic,,2,60,10.151294442647403,17,0.010987997055053711,0.48801684379577637,6.319372004958911,0.15301009235879215,72.050267012242,-2.6361490492435062,106.69488074407255,1.9912598062964046,,,-1.9526561288272632
actor_critic,,2,61,8.622909602980451,14,0.008834123611450195,0.5032799243927002,,,72.22398103959858,-2.152672224545053,106.2523621169977,1.9912970747266496,,,-2.4882689884730746
actor_critic,,2,62,6.259202180381221,11,0.006717205047607422,0.5101439952850342,,,95.22725574198094,-1.9130280627445742,138.77182941536674,1.990476293997331,,,-3.310669638893821
actor_critic,,2,63,5.465372859330237,9,0.005522012710571289,0.5157949924468994,,,108.86175806185283,-11.123876340687275,171.40805351240044,1.988014645046658,,,-4.0763426886664496
actor_critic,,2,64,6.179995698745082,10,0.006183147430419922,0.5221030712127686,,,100.71785310655832,-8.01908131763339,155.33848342346027,1.9857653260231019,,,-3.669794464111328
actor_critic,,2,65,6.129959268537122,11,0.006757020950317383,0.5290679931640625,,,97.72952985695817,-4.370361298322678,145.85699291324073,1.9838056672703137,,,-3.409798015247692
actor_critic,,2,66,7.083946917785181,11,0.0068111419677734375,0.5360541343688965,,,93.45133376121521,-8.803654951128093,146.07855393017897,1.9806977943940596,,,-3.3578453063964844
actor_critic,,2,67,6.73090380485751,11,0.006790876388549805,0.5429818630218506,,,86.21657942100005,-18.754223917695608,149.95828574320132,1.9785259311849421,,,-3.427853324196555
actor_critic,,2,68,8.542016791486656,13,0.00807499885559082,0.5512478351593018,,,84.33018624596298,-5.714904319781524,128.63585173191902,1.9788874479440541,,,-2.863702627328726
actor_critic,,2,69,8.288876016177653,12,0.0073032379150390625,0.5586869716644287,,,88.38985886766265,-11.131996823474765,142.1740824839459,1.9786027073860168,,,-3.130791346232096
actor_critic,,2,70,5.838652674305875,9,0.005521059036254883,0.5643541812896729,,,130.89793786903223,-4.304801141222318,193.14678829517732,1.9777467913097806,,,-4.3500794304741754
actor_critic,,2,71,7.022713580251697,10,0.006227970123291016,0.5707337856292725,,,114.5062515437603,-4.866883111000061,170.53304590955378,1.9744719386100769,,,-3.8766040802001953
actor_critic,,2,72,6.300812678937282,9,0.0054149627685546875,0.5763170719146729,,,133.2978378004498,-2.6106247736348047,194.15495459942355,1.9711131122377183,,,-4.374725341796875
actor_critic,,2,73,5.1807017402368185,8,0.004868745803833008,0.5813567638397217,,,149.82690527290106,-7.5025648064911366,224.75638595991768,1.9685164093971252,,,-5.042722702026367
actor_critic,,2,74,5.222743608279466,8,0.0049648284912109375,0.5864579677581787,,,133.54369862028398,-24.59192380355671,225.90803476411384,1.9669224619865417,,,-5.070010185241699
actor_critic,,2,75,6.254812234170236,9,0.0053441524505615234,0.5919361114501953,,,130.18481900708542,-11.929983839806583,203.02114816532574,1.9653972387313843,,,-4.473599327935113
actor_critic,,2,76,5.45894273943874,8,0.0047609806060791016,0.59682297706604,,,159.42420518794097,-2.6625177543610334,231.5524646890699,1.9637961238622665,,,-5.112429141998291
actor_critic,,2,77,4.349856735957453,7,0.00429081916809082,0.6012618541717529,,,178.4093450478145,-8.097700995526143,266.4386418794415,1.961732029914856,,,-5.970064435686384
actor_critic,,2,78,5.388720682864102,8,0.005013942718505859,0.6063868999481201,,,158.27035004319623,-7.079485242720693,236.21405557228718,1.9598280042409897,,,-5.176074028015137
actor_critic,,2,79,4.338714057635251,7,0.004129886627197266,0.6106569766998291,,,169.86520257698638,-19.62093736603856,270.69450119363944,1.9584912402289254,,,-6.028557368687221
actor_critic,,2,80,5.007259437251843,8,0.0049479007720947266,0.615710973739624,4.424988267807942,0.08022316999938664,100.9981576539576,-30.05280320905149,187.2156671800185,1.9575150310993195,,,-5.149534702301025
actor_critic,,2,81,4.324820060925337,7,0.004460811614990234,0.6249308586120605,,,158.67223714079176,-7.353047117590904,237.17896866399263,1.9571174042565482,,,-5.8931089128766745
actor_critic,,2,82,4.511276536448848,7,0.004857063293457031,0.6299488544464111,,,91.12124359181949,-10.370795454297747,144.98863200071668,1.9573828152247839,,,-5.436017717633929
actor_critic,,2,83,5.261784696230497,8,0.0050907135009765625,0.6351618766784668,,,23.16998052597046,-4.728739857673645,39.85531549155712,1.9585355669260025,,,-4.2852174043655396
actor_critic,,2,84,4.569550123971776,7,0.003966093063354492,0.6393439769744873,,,37.28326627186367,-9.572205879858561,66.93638709240726,1.9615018027169364,,,-4.380132607051304
actor_critic,,2,85,4.759559313922836,7,0.00487518310546875,0.6443500518798828,,,56.70326212474278,-8.283412865230016,92.83810772214618,1.963921649115426,,,-4.713619913373675
actor_critic,,2,86,5.189931454058746,7,0.005199909210205078,0.6497159004211426,,,24.55368240390505,-6.725845660482134,44.68504059314728,1.9646346398762293,,,-4.6505562748227804
actor_critic,,2,87,4.824092644710149,7,0.0048639774322509766,0.6547369956970215,,,48.3505780185972,-6.205119465078626,77.93671333736607,1.9665686403002058,,,-4.873369421277728
actor_critic,,2,88,4.963618597723842,7,0.005091190338134766,0.6599900722503662,,,47.640319279261995,-7.217382686478751,78.36814614704677,1.9706275974001204,,,-4.994268076760428
actor_critic,,2,89,5.461839781085367,7,0.0048351287841796875,0.6650021076202393,,,62.575486157621654,-8.225198881966728,101.14383676328829,1.9749816485813685,,,-4.745148207460131
actor_critic,,2,90,6.23906211717271,8,0.005049943923950195,0.6702139377593994,,,19.947032406926155,-9.151253437623382,41.568979473784566,1.978645771741867,,,-3.9587389528751373
actor_critic,,2,91,5.391692908114624,7,0.004629850387573242,0.6750128269195557,,,39.597335691962925,-6.761314270751817,66.2266430607589,1.9809267180306571,,,-4.39703186920711
actor_critic,,2,92,6.190996387807642,8,0.004860877990722656,0.6799807548522949,,,27.113635756075382,-9.472480937838554,52.26588051347062,1.9813663512468338,,,-3.436003029346466
actor_critic,,2,93,7.0683187701189185,9,0.005733966827392578,0.6858320236206055,,,25.715363449520535,-2.552959279881583,40.38331861814691,1.9798932472864788,,,-2.575882567299737
actor_critic,,2,94,5.08014640298028,7,0.00442194938659668,0.6904618740081787,,,24.10601481688874,-7.2084449763808935,44.73494406603277,1.9811284031186784,,,-3.011488778250558
actor_critic,,2,95,5.945974957403691,8,0.0048558712005615234,0.6954538822174072,,,9.657270286232233,-2.308832623064518,17.094432335346937,1.9850046783685684,,,-2.0367467403411865
actor_critic,,2,96,4.854412125785092,7,0.0041217803955078125,0.6997408866882324,,,14.285390606948308,-3.0472251985754286,24.76087969328676,1.9882416384560722,,,-1.9733198710850306
actor_critic,,2,97,4.8920635358066935,7,0.0044209957122802734,0.7042930126190186,,,10.976372463362557,-1.3559319589819228,17.61757863845144,1.9904118606022425,,,-1.6500502995082311
actor_critic,,2,98,4.66315743854816,7,0.004322052001953125,0.7087249755859375,,,8.025019262518201,-0.8724302649497986,12.710642207946096,1.9912073952811105,,,-1.4927689688546317
actor_critic,,2,99,4.454938743762304,7,0.004434823989868164,0.7132899761199951,,,6.028603085449764,-1.151569583586284,10.25738991371223,1.9929652554648263,,,-1.2775398663112096
actor_critic,,2,100,4.411807526943193,7,0.0044329166412353516,0.7178759574890137,4.510056125462773,0.03782872006300258,2.7175197260720387,-2.849494512592043,7.952877600278173,1.9927353348050798,,,-1.1223183359418596
actor_critic,,2,101,4.791969232297026,7,0.0045392513275146484,0.7270190715789795,,,5.610249587467739,-0.1849825084209442,8.278903241668429,1.9910157578332084,,,-0.9372940063476562
actor_critic,,2,102,4.662285720329426,7,0.004411935806274414,0.7315618991851807,,,3.875004461833409,-1.812382663999285,8.124839282461576,1.9906007562364851,,,-0.8779005323137555
actor_critic,,2,103,4.83336174557097,7,0.004227876663208008,0.7359068393707275,,,4.844012362616403,-0.757483150277819,8.002136639186315,1.991378324372428,,,-0.7897157669067383
actor_critic,,2,104,5.069670135543187,7,0.0043299198150634766,0.7403600215911865,,,5.102981099060604,-0.8019091444356101,8.435557356902532,1.9914366517748152,,,-0.728325366973877
actor_critic,,2,105,4.748528366427092,7,0.004336118698120117,0.7448439598083496,,,2.917759690965925,-3.3998267693178996,9.02512393466064,1.990627339908055,,,-0.7610250881740025
actor_critic,,2,106,4.900432462519655,7,0.004199028015136719,0.7491860389709473,,,5.89714822598866,-0.6710604003497532,9.383155175617762,1.989681567464556,,,-0.7395396913800921
actor_critic,,2,107,4.919218196618325,7,0.004452228546142578,0.7537460327148438,,,4.284385542784419,-2.6599958666733334,9.920544876184847,1.9900430611201696,,,-0.7481554576328823
actor_critic,,2,108,4.929915147207195,7,0.0043487548828125,0.7582268714904785,,,7.463646377835955,-0.04581015131303242,10.727794825115,1.9893313986914498,,,-0.7807456425258091
actor_critic,,2,109,4.893918923746626,7,0.00427699089050293,0.7626409530639648,,,7.229753711393902,-0.9274947600705283,11.653211940612112,1.9887459448405675,,,-0.8270679201398577
actor_critic,,2,110,4.973027531115227,7,0.004477977752685547,0.7672410011291504,,,5.4310882187315395,-3.193373476820333,12.320659576665744,1.9873046875,,,-0.8634647641863141
actor_critic,,2,111,4.991101380064355,7,0.0041959285736083984,0.7715539932250977,,,7.776934162979679,-1.4365516086774213,13.162122008108001,1.984938383102417,,,-0.9075076239449638
actor_critic,,2,112,5.189075396013752,7,0.004270076751708984,0.7760069370269775,,,9.377212349857603,-0.3395577924592154,13.881099921584662,1.9821329287120275,,,-0.9323229108537946
actor_critic,,2,113,5.20384334170437,7,0.0044710636138916016,0.7805981636047363,,,6.862676945781069,-3.5662472237433707,14.89846360350826,1.981368933405195,,,-0.9753640038626534
actor_critic,,2,114,5.117009797675308,7,0.004108905792236328,0.7848949432373047,,,9.548231799687658,-1.434997301016535,15.690327884961984,1.980719770703997,,,-1.036241122654506
actor_critic,,2,115,5.108796979165027,7,0.004433870315551758,0.7894699573516846,,,11.129297621015992,-0.592733987740108,16.745760943740606,1.9800004959106445,,,-1.0868806838989258
actor_critic,,2,116,5.068495247186029,7,0.004403829574584961,0.7939939498901367,,,10.9613030691232,-1.4989955241658859,17.80042679664413,1.9793282406670707,,,-1.1400397164481026
actor_critic,,2,117,5.150502109938534,7,0.0041179656982421875,0.7982311248779297,,,11.315097776374646,-1.8066200731056077,18.745312520302832,1.9788443871906825,,,-1.177903720310756
actor_critic,,2,118,5.221521185471171,7,0.004260063171386719,0.8026130199432373,,,8.96501157113484,-4.859407642057964,19.74917127644377,1.9780333212443761,,,-1.2186739785330636
actor_critic,,2,119,5.301250163978153,7,0.0042531490325927734,0.8069660663604736,,,7.348078659602574,-7.181876061218126,20.75707849018675,1.9755923407418388,,,-1.2489185333251953
actor_critic,,2,120,5.250627400788306,7,0.004214763641357422,0.8112778663635254,5.280363887543797,0.01994257028893612,10.692812331153878,-4.550882340541908,21.776706974953413,1.9729234661374773,,,-1.3022022247314453
actor_critic,,2,121,5.1288511106641685,7,0.004333019256591797,0.8202629089355469,,,14.181068407637733,-1.9218389902796065,23.004153574883407,1.970141121319362,,,-1.3734584535871233
actor_critic,,2,122,5.208849936905124,7,0.0043487548828125,0.8247349262237549,,,11.597550095192023,-5.280365490487644,24.111308280245535,1.969135080065046,,,-1.4099067960466658
actor_critic,,2,123,5.113803739353899,7,0.004358053207397461,0.8292269706726074,,,16.819710155682905,-0.9528137594461441,25.389320134185255,1.9684339250837053,,,-1.4735566547938757
actor_critic,,2,124,5.3378223756169705,7,0.004194974899291992,0.8335299491882324,,,14.664551686761635,-3.869618641744767,26.477387717396986,1.9676484550748552,,,-1.493699073791504
actor_critic,,2,125,5.1932950670624916,7,0.004454851150512695,0.8380937576293945,,,17.303159503665352,-2.238184885254928,27.91620696229594,1.966412033353533,,,-1.5627170290265764
actor_critic,,2,126,5.272563664007146,7,0.004464864730834961,0.8426687717437744,,,20.034862795046397,-0.39234291655676706,29.181723426495278,1.965127876826695,,,-1.6022212164742606
actor_critic,,2,127,5.199221681194989,7,0.004169940948486328,0.8469588756561279,,,18.33097710886172,-2.9986936886395728,30.470960136873536,1.964851941381182,,,-1.6692028045654297
actor_critic,,2,128,5.310664923400091,7,0.004283905029296875,0.8513669967651367,,,21.687790263710276,-0.575452855389033,31.80463269790302,1.9639620440346854,,,-1.7056144986833846
actor_critic,,2,129,5.455734964864426,7,0.00433802604675293,0.8558318614959717,,,18.163579033953802,-4.96737539768219,33.044222487469334,1.9630534989493233,,,-1.7332698277064733
actor_critic,,2,130,5.277854328273901,7,0.00415802001953125,0.8601129055023193,,,23.379384062119893,-0.827122514801366,34.58072553012919,1.9622181824275426,,,-1.8039093017578125
actor_critic,,2,131,5.394653748549759,7,0.0043790340423583984,0.8646209239959717,,,21.691757925919124,-3.247645216328757,35.627721103240866,1.9620825733457292,,,-1.8311337062290736
actor_critic,,2,132,5.466358054397366,7,0.0042002201080322266,0.8690130710601807,,,25.781098467963083,-0.3660991447312491,37.35313824377954,1.9623125791549683,,,-1.8677997589111328
actor_critic,,2,133,5.338688805233687,7,0.004198789596557617,0.8734269142150879,,,25.56158542207309,-1.4601398812873023,38.60246612161531,1.9625250952584403,,,-1.9351482391357422
actor_critic,,2,134,5.493193593257346,7,0.004374027252197266,0.877938985824585,,,19.944864593446255,-8.222973274333137,40.23976620226832,1.962780441556658,,,-1.9617470332554408
actor_critic,,2,135,6.532542888296732,8,0.004776954650878906,0.8828270435333252,,,17.052566777914762,-8.395062994211912,36.35375680064317,1.962746262550354,,,-1.6591711044311523
actor_critic,,2,136,6.441324936920447,8,0.004734992980957031,0.8877420425415039,,,25.601513909175992,-1.027332004159689,38.04120828071609,1.9627568274736404,,,-1.7164726257324219
actor_critic,,2,137,6.4130377572468165,8,0.004843950271606445,0.892711877822876,,,14.258233074098825,-13.575193248689175,39.762037065345794,1.961613029241562,,,-1.7728545665740967
actor_critic,,2,138,6.458851064488874,8,0.0048940181732177734,0.89774489402771,,,27.167442915961146,-1.7450472842901945,41.30355621967465,1.9584519565105438,,,-1.8231287002563477
actor_critic,,2,139,7.3391491674073706,9,0.005338191986083984,0.9032189846038818,,,25.050023726633906,-1.9550356430311997,38.57865660663487,1.9540389511320326,,,-1.5975269741482205
actor_critic,,2,140,6.293975437958506,8,0.004899024963378906,0.9083290100097656,7.049187542346938,0.3082684357375097,31.25659430027008,-0.3334762416779995,45.12867161456961,1.9494928568601608,,,-1.9583687782287598
actor_critic,,2,141,7.218953543891859,9,0.005607128143310547,0.9191708564758301,,,28.49054793889324,-1.0859090313315392,42.2520822753694,1.9489898416731093,,,-1.7114346822102864
actor_critic,,2,142,7.140118925400378,9,0.005553245544433594,0.9248840808868408,,,29.729607853624557,-0.9365716427564621,43.80882753012702,1.9468693998124864,,,-1.7740635342068143
actor_critic,,2,143,7.240065064733724,9,0.005358695983886719,0.9303848743438721,,,30.974712857769596,-1.1794630057281918,45.93453671110587,1.9452058739132352,,,-1.81670167711046
actor_critic,,2,144,7.32482229324337,9,0.005542278289794922,0.9360551834106445,,,31.47647359304958,-2.124316225449244,48.00112957398718,1.9446292453342013,,,-1.8562973870171442
actor_critic,,2,145,7.250580903684194,9,0.00532984733581543,0.9415218830108643,,,31.377566097511185,-3.837137939615382,50.306720166803444,1.9439060688018799,,,-1.9176663292778864
actor_critic,,2,146,7.665969016331485,9,0.005419731140136719,0.9470539093017578,,,33.19614984757371,-3.2029788291288748,51.99875853816047,1.9408578872680664,,,-1.924998813205295
actor_critic,,2,147,8.410367590465565,10,0.006062030792236328,0.9532489776611328,,,30.73743608146906,-3.555993539094925,48.99061071872711,1.938775408267975,,,-1.738412094116211
actor_critic,,2,148,10.980530542262663,12,0.0073931217193603516,0.9608190059661865,,,17.88537621125579,-11.85077103972435,42.480209297248315,1.9389476378758748,,,-1.3308768272399902
actor_critic,,2,149,11.979675708718592,13,0.007795095443725586,0.9687409400939941,,,28.269727763075096,-0.9189660417345854,41.69813638054229,1.938020449418288,,,-1.2281538156362681
actor_critic,,2,150,11.946803249459425,13,0.007925033569335938,0.9768011569976807,,,29.76173108848385,-1.253536795767454,44.30752771270748,1.9321500154641957,,,-1.294600853553185
actor_critic,,2,151,13.90968259351854,15,0.009173154830932617,0.9860959053039551,,,28.926438200225434,-0.40376594762007395,41.90029182832998,1.9248444239298503,,,-1.0913707733154296
actor_critic,,2,152,15.254417893242461,17,0.010476112365722656,0.9967420101165771,,,28.098356863155086,-0.22519182545297287,40.462211166070226,1.917052283006556,,,-0.9852585512049058
actor_critic,,2,153,13.430682973611487,15,0.009142160415649414,1.0060491561889648,,,29.657571074863274,-4.6375342061122256,48.99300928153097,1.9139675696690877,,,-1.2820972442626952
actor_critic,,2,154,11.751614557872134,13,0.007824182510375977,1.0140271186828613,,,40.015341320863136,-3.474264612564674,62.12800906569912,1.9113743763703566,,,-1.675449224618765
actor_critic,,2,155,11.128137727009786,13,0.008090972900390625,1.0223069190979004,,,45.903545677661896,-1.2316602353866284,67.33600724574465,1.9095483284730177,,,-1.7879125154935396
actor_critic,,2,156,10.335987478310109,12,0.00727081298828125,1.0297517776489258,,,49.09258580207825,-4.408677689731121,76.43038350716233,1.9075597027937572,,,-2.043121019999186
actor_critic,,2,157,11.760441779045248,13,0.007947921752929688,1.0378539562225342,,,39.35932384202113,-12.178565678688196,73.6255621348436,1.9046354660621057,,,-1.8719381185678334
actor_critic,,2,158,10.537753651371922,12,0.007297039031982422,1.0453059673309326,,,55.203081193069615,-3.459522344172001,83.80371835827827,1.9025964736938477,,,-2.1769113540649414
actor_critic,,2,159,11.786016173723988,13,0.008023977279663086,1.0535030364990234,,,55.02358607145456,-1.4697987597722273,80.70483982677644,1.9012275659121,,,-2.011090792142428
actor_critic,,2,160,11.41553313297234,13,0.007866144180297852,1.0615339279174805,10.923909090054755,0.46116674758449633,56.031885045938765,-3.6449163768153925,85.25257555370402,1.90075316795936,,,-2.111677023080679
actor_critic,,2,161,11.115580843333785,13,0.008595943450927734,1.0784409046173096,,,58.82573863520072,-3.8437605190735598,89.52785753902907,1.8993447652229896,,,-2.1999517587515025
actor_critic,,2,162,9.35291483591115,11,0.006621837615966797,1.0852150917053223,,,73.42489836568183,-3.2715496894988148,109.56635812881656,1.8938341790979558,,,-2.757720253684304
actor_critic,,2,163,9.43329457825403,11,0.0069010257720947266,1.0922729969024658,,,74.5686623816463,-4.742455687373877,113.3015974430071,1.8889314261349766,,,-2.8115435513583096
actor_critic,,2,164,8.375553266203038,10,0.0061931610107421875,1.0986230373382568,,,80.556036670506,-9.304870682954789,128.37272042836995,1.8834254026412964,,,-3.223419189453125
actor_critic,,2,165,7.401834797933123,9,0.0053980350494384766,1.1041638851165771,,,95.26431445197926,-7.188282040258248,146.3608523716943,1.8794877529144287,,,-3.707778082953559
actor_critic,,2,166,8.408058702165082,10,0.006102085113525391,1.1104331016540527,,,91.02262035161257,-3.3361062474548815,134.79817704744636,1.8751765966415406,,,-3.328532409667969
actor_critic,,2,167,9.43272385466168,11,0.0067043304443359375,1.1172711849212646,,,84.03265202180906,-4.508371279998259,126.48717882551931,1.8690502751957287,,,-3.0235110196200283
actor_critic,,2,168,9.476166192720656,11,0.0068509578704833984,1.1242859363555908,,,88.02169843288985,-3.8205157870596107,131.20316307788545,1.861783656206998,,,-3.084491729736328
actor_critic,,2,169,10.769042518201157,13,0.007809162139892578,1.1322510242462158,,,73.36901234434201,-9.134283739786882,117.86185524125511,1.858272414941054,,,-2.6361174950232873
actor_critic,,2,170,9.341790547479615,11,0.0068700313568115234,1.1392898559570312,,,93.19462142749266,-5.609267947348681,141.14841834325026,1.858595154502175,,,-3.2293472290039062
actor_critic,,2,171,9.515557734647189,11,0.006688117980957031,1.1461379528045654,,,98.58275445482947,-2.720871115272695,144.71946895622057,1.857285499572754,,,-3.270670110529119
actor_critic,,2,172,7.447286531547597,9,0.0055201053619384766,1.1518158912658691,,,125.72619171854522,-1.365051151977645,181.5589037855906,1.8552578687667847,,,-4.192301008436415
actor_critic,,2,173,6.4040400785560045,8,0.004889011383056641,1.1568470001220703,,,141.27518951520324,-4.46481510065496,208.2000132529065,1.8552321642637253,,,-4.842799663543701
actor_critic,,2,174,6.255741131620124,8,0.004903078079223633,1.1619529724121094,,,134.56850608065724,-13.728031031787395,211.85219696587592,1.8561693727970123,,,-4.906618595123291
actor_critic,,2,175,6.139142441979519,8,0.004857063293457031,1.166943073272705,,,143.95761719020084,-6.484334292355925,214.91707476758893,1.856876403093338,,,-4.960352420806885
actor_critic,,2,176,6.012101245043525,8,0.005010128021240234,1.1722030639648438,,,147.7717337217182,-4.463215774856508,217.47849982319167,1.8571390360593796,,,-5.011661052703857
actor_critic,,2,177,6.133361408521549,8,0.004907846450805664,1.1772308349609375,,,143.4771195165813,-10.976886013522744,220.64857059996575,1.8572024405002594,,,-5.030292987823486
actor_critic,,2,178,6.087112314979203,8,0.0048639774322509766,1.1822218894958496,,,150.23522456921637,-6.332239918410778,223.6678261612251,1.8562373965978622,,,-5.072074890136719
actor_critic,,2,179,5.9503589718999255,8,0.004795074462890625,1.187175989151001,,,142.35286206379533,-16.45007647294551,226.86134949116968,1.8541104197502136,,,-5.129116058349609
actor_critic,,2,180,6.074979166791788,8,0.004998922348022461,1.192335844039917,5.638689703123883,0.21752322393493587,145.89178683422506,-13.919125710614026,228.30130119941896,1.85098235309124,,,-5.154503345489502
actor_critic,,2,181,6.035596262139476,8,0.005071878433227539,1.2024579048156738,,,156.4145745919086,-7.789279422257096,234.57694002834614,1.848996102809906,,,-5.200465202331543
actor_critic,,2,182,5.654670586316605,8,0.004940032958984375,1.2075209617614746,,,162.95668396912515,-3.91897489503026,238.3938098179642,1.8478169739246368,,,-5.276209831237793
actor_critic,,2,183,6.059587267293489,8,0.004966020584106445,1.212630033493042,,,162.62580458726734,-5.075925437733531,239.57389882206917,1.8481436669826508,,,-5.259999752044678
actor_critic,,2,184,4.639130783215275,7,0.00441288948059082,1.2171778678894043,,,185.08199343298162,-10.859577423227686,279.9165139135626,1.849088191986084,,,-6.182333809988839
actor_critic,,2,185,5.116218850383504,7,0.004151105880737305,1.2214548587799072,,,170.15158141510827,-23.980287059077195,277.33123943023384,1.8502589804785592,,,-6.140701838902065
actor_critic,,2,186,5.071283661235707,7,0.004247188568115234,1.2258341312408447,,,187.3374986052513,-8.988212006964854,280.465293403981,1.8509445531027657,,,-6.171822684151786
actor_critic,,2,187,5.204620578351866,7,0.004275321960449219,1.2302300930023193,,,165.42742056772113,-31.243283862514154,280.95813546968355,1.8506627423422677,,,-6.175603594098773
actor_critic,,2,188,5.085164789491928,7,0.004199981689453125,1.234562873840332,,,188.90300594669367,-9.93213640525937,284.05019898513063,1.8500873872212,,,-6.210610525948661
actor_critic,,2,189,5.150210250796173,7,0.004392147064208984,1.2390739917755127,,,196.62280206994288,-2.396474312990904,284.31326474984445,1.8503244263785226,,,-6.2213134765625
actor_critic,,2,190,5.077005420328125,7,0.0041201114654541016,1.2433228492736816,,,178.00773392285086,-21.488488872934663,284.99461333330794,1.8516238246645247,,,-6.247576577322824
actor_critic,,2,191,5.31005369221762,7,0.004255056381225586,1.2477459907531738,,,179.19134403765202,-20.76638829920973,285.6539157924708,1.8519740104675293,,,-6.23320061819894
actor_critic,,2,192,5.150852869166345,7,0.004441022872924805,1.2522969245910645,,,191.28859485632606,-9.37094356651817,286.65646820964633,1.8520097391945975,,,-6.271692548479352
actor_critic,,2,193,5.963328404625136,8,0.004742860794067383,1.2571589946746826,,,160.22576470067725,-16.358305259607732,252.26295217774168,1.8521678745746613,,,-5.461904525756836
actor_critic,,2,194,5.1919229426898355,7,0.004259824752807617,1.261603832244873,,,198.09311906354768,-4.740672122154917,289.7625664743994,1.852820532662528,,,-6.308201381138393
actor_critic,,2,195,5.411401439145997,7,0.0042459964752197266,1.2659478187561035,,,189.85356026249272,-13.228239780025822,290.1168575129871,1.8536208186830794,,,-6.297804696219308
actor_critic,,2,196,5.959338807462062,8,0.0047681331634521484,1.2708160877227783,,,173.42248560721055,-5.897452185861766,256.1713529242261,1.8541630953550339,,,-5.515499114990234
actor_critic,,2,197,5.938135676012229,8,0.004949808120727539,1.2759039402008057,,,165.5841092430055,-15.183344768360257,258.2392197335139,1.8535875529050827,,,-5.537612438201904
actor_critic,,2,198,6.024561530340724,8,0.004938840866088867,1.2809689044952393,,,171.66486482135952,-9.778306048363447,259.20453444680606,1.8534089922904968,,,-5.546261787414551
actor_critic,,2,199,6.165661723198843,8,0.0048580169677734375,1.2859759330749512,,,174.3325809231028,-7.385109633207321,259.59671319191693,1.853285789489746,,,-5.547224044799805
actor_critic,,2,200,6.259039173255015,8,0.004723787307739258,1.290862798690796,6.115136465631048,0.040879250721659446,169.03344229096547,-13.37322684400715,260.5809757982206,1.8531663715839386,,,-5.553867816925049
actor_critic,,2,201,6.25930794368898,8,0.005158185958862305,1.300873041152954,,,180.263183248695,-4.026972600258887,263.27166307754123,1.8527066558599472,,,-5.5730156898498535
actor_critic,,2,202,6.362859974967977,8,0.004761934280395508,1.305785894393921,,,171.60856268554926,-13.725548477843404,264.7630102247931,1.8526879996061325,,,-5.584273815155029
actor_critic,,2,203,6.357950895675637,8,0.005028963088989258,1.310945987701416,,,180.88016407564282,-6.070182528812438,267.07191623939434,1.852578267455101,,,-5.605757713317871
actor_critic,,2,204,7.297392284901459,9,0.005553007125854492,1.3166790008544922,,,166.09515862498017,-2.6821911045246654,241.11049447798482,1.8526857164171007,,,-4.95718256632487
actor_critic,,2,205,8.044013207869249,10,0.005897045135498047,1.3227238655090332,,,145.17535977512597,-9.37886676415801,220.79175415600184,1.853373920917511,,,-4.4632713317871096
actor_critic,,2,206,7.170563525314386,9,0.005406856536865234,1.3282890319824219,,,165.3762103393674,-7.619870200753212,247.13726057660662,1.8522738218307495,,,-5.034620496961805
actor_critic,,2,207,7.197171049989968,9,0.005380868911743164,1.333786964416504,,,162.6406105990625,-12.545702299930984,250.266169282252,1.8514240715238783,,,-5.0621753268771705
actor_critic,,2,208,8.124991541509347,10,0.005970001220703125,1.3399009704589844,,,144.45546928637197,-15.975414873287082,229.18698347653844,1.8509082555770875,,,-4.544974899291992
actor_critic,,2,209,8.01681638276713,10,0.0060617923736572266,1.3461368083953857,,,152.272492768988,-10.915444824844599,233.12563559429253,1.8479077339172363,,,-4.595183944702148
actor_critic,,2,210,8.855282664199674,11,0.006607770919799805,1.352902889251709,,,140.6039321395484,-10.384853856807405,215.69827026776463,1.8439790443940596,,,-4.187481273304332
actor_critic,,2,211,8.098804454817058,10,0.0060198307037353516,1.3590459823608398,,,160.62718464955688,-7.277169100195169,239.86336794933305,1.8409709692001344,,,-4.678438949584961
actor_critic,,2,212,7.986501461348796,10,0.005991220474243164,1.3651740550994873,,,161.9623956354335,-9.94030688740313,245.57530501656,1.8381108522415162,,,-4.74073486328125
actor_critic,,2,213,8.862800519763773,11,0.007006168365478516,1.3723540306091309,,,156.00705036913595,-4.482128725133159,229.27025256082098,1.8357503414154053,,,-4.313757809725675
actor_critic,,2,214,7.791566741167028,10,0.005998849868774414,1.3785009384155273,,,173.17227299511433,-6.613210961222649,256.836404570275,1.834814190864563,,,-4.8304893493652346
actor_critic,,2,215,9.108832606093598,12,0.0073490142822265625,1.385983943939209,,,149.9997512474656,-3.0499332969387374,218.6424156644692,1.8338335653146107,,,-4.041404088338216
actor_critic,,2,216,10.028289273597903,13,0.007911205291748047,1.394016981124878,,,134.45384489802214,-9.981724015222145,206.33653339071986,1.8317306225116436,,,-3.74232424222506
actor_critic,,2,217,9.684284128704611,12,0.007214069366455078,1.4013950824737549,,,147.88435118148723,-11.01031445308278,226.99237838631961,1.829798310995102,,,-4.082598368326823
actor_critic,,2,218,10.774363302825225,14,0.008510112762451172,1.4100539684295654,,,132.92609663972897,-7.575707763167364,200.71686110480888,1.829864970275334,,,-3.5399747576032365
actor_critic,,2,219,11.939561794884527,18,0.010995149612426758,1.4212110042572021,,,102.82520688894309,-9.475152881402108,160.42909289717338,1.829694926738739,,,-2.8445476955837674
actor_critic,,2,220,11.295966189135665,15,0.008913040161132812,1.4302849769592285,11.593972152624701,0.20943624312490547,124.71616963272294,-11.19464929079016,194.15831478039425,1.8285631815592447,,,-3.3775660196940103
actor_critic,,2,221,11.60572416506174,16,0.00990915298461914,1.4497020244598389,,,126.60111586749554,-3.2949498663656414,185.56581228039522,1.8246806785464287,,,-3.215867519378662
actor_critic,,2,222,11.942683169118396,16,0.009765863418579102,1.459641933441162,,,126.1461679788772,-5.788564140675589,188.4781951490586,1.82232765853405,,,-3.227864980697632
actor_critic,,2,223,12.753798851025675,19,0.011681079864501953,1.4714620113372803,,,113.63591256796529,-1.26407991643799,164.14285272302254,1.8209258192463924,,,-2.797366895173725
actor_critic,,2,224,12.661049370671106,19,0.01152491569519043,1.4831528663635254,,,107.0646955792449,-7.052132481807156,163.024041937174,1.8194141764389842,,,-2.8263403240003084
actor_critic,,2,225,13.212962642684786,18,0.010814905166625977,1.4941258430480957,,,119.98275524481303,-3.123578383690781,175.86620009611943,1.8163367046250238,,,-2.9451306660970054
actor_critic,,2,226,17.575091316928514,23,0.014165163040161133,1.5085420608520508,,,96.94810276276067,-1.3550607932974463,140.43308392714306,1.8157550925793855,,,-2.2712453759234883
actor_critic,,2,227,15.374337492444283,26,0.01575183868408203,1.5244569778442383,,,87.33605126305841,-1.7862207719053214,127.31754082531384,1.8140824620540326,,,-2.18084349999061
actor_critic,,2,228,13.276723233894824,26,0.01561594009399414,1.5402240753173828,,,88.26023466587783,-1.35267067170487,128.01843794693167,1.8177650570869446,,,-2.261301480806791
actor_critic,,2,229,13.287207155416823,44,0.02650904655456543,1.5668878555297852,,,48.73483267426491,-1.531295326792381,71.80875665080913,1.8263617347587238,,,-1.5414607308127664
actor_critic,,2,230,21.73898485231322,51,0.0307159423828125,1.5977790355682373,,,39.803249945641525,-1.1486080057334667,58.50265371247752,1.8326898696375828,,,-1.1929520999684053
actor_critic,,2,231,11.03278860702545,41,0.024640798568725586,1.622572898864746,,,43.61861305974605,-2.464925667134727,65.83362834196447,1.8412748865964936,,,-1.5558247449921399
actor_critic,,2,232,9.060943464328576,38,0.022639989852905273,1.6453869342803955,,,43.836452735882055,-1.5162109024822712,64.78952219886214,1.845480573804755,,,-1.6349068691855984
actor_critic,,2,233,7.256713330116776,36,0.021724939346313477,1.667283058166504,,,27.3276541903615,-3.8535621447695627,44.54459524791067,1.8556873930825128,,,-1.4701374901665583
actor_critic,,2,234,7.463237823727016,37,0.022098064422607422,1.6895380020141602,,,2.1374437608944907,-0.9788778671944464,4.4518881688599246,1.8686426974631645,,,-0.682960961316083
actor_critic,,2,235,11.735585807294663,43,0.025817155838012695,1.7155170440673828,,,5.147733368066161,0.16558571090531904,7.117353913888638,1.8879088385160578,,,-0.5779594252275866
actor_critic,,2,236,281.93792753442034,256,0.15100789070129395,1.8667199611663818,,,17.906126728419622,0.7017078626377042,24.577742215110334,1.8722691177390516,,,0.3943400215357542
actor_critic,,2,237,123.14807128672939,94,0.05566000938415527,1.9225621223449707,,,37.658779396338666,0.4218402294085381,53.19562788975445,1.8159179180226428,,,-0.12153114156520113
actor_critic,,2,238,79.02346879730646,51,0.03079080581665039,1.9535329341888428,,,75.24479829286243,-0.014865784376275306,107.51380696070983,1.7952433660918592,,,-0.6465165381338082
actor_critic,,2,239,71.5412065695316,44,0.026500225067138672,1.9802241325378418,,,94.14987905154175,0.5262255296111107,133.74807686790484,1.7705314240672372,,,-0.9091698039661754
actor_critic,,2,240,73.64476853999483,45,0.026948213577270508,2.007344961166382,75.58619407835673,1.543534093657588,99.31715586483479,0.045016573866208394,141.81734597873356,1.7470361471176148,,,-0.9633763631184896
actor_critic,,2,241,72.77548550124527,45,0.02761101722717285,2.056586980819702,,,106.95212982363171,-0.16055309284064506,153.01813046265806,1.7375202496846518,,,-1.0825717502170138
actor_critic,,2,242,68.32589011590224,42,0.02531290054321289,2.0820679664611816,,,120.62848944536277,-2.0966309363998117,175.321610538422,1.7265957366852533,,,-1.3021895999000186
actor_critic,,2,243,66.57275729507604,41,0.02466893196105957,2.106905937194824,,,133.2863462621846,-0.7087268055212207,191.4215408915245,1.709414336739517,,,-1.4497062869188262
actor_critic,,2,244,69.83327624508868,43,0.02588486671447754,2.1329569816589355,,,133.18462340802301,-2.3576195429750655,193.6317804267327,1.6878259791884311,,,-1.4361149987509085
actor_critic,,2,245,76.74592883477763,46,0.027391910552978516,2.1605350971221924,,,131.7399528492242,-2.9664059275680263,192.43766354842356,1.6749412754307622,,,-1.3449041947074558
actor_critic,,2,246,86.47759282970212,50,0.029851913452148438,2.190574884414673,,,128.07695889962838,-4.017388940155506,188.70621050227433,1.6538925671577454,,,-1.2116206359863282
actor_critic,,2,247,176.85463248362444,81,0.048171043395996094,2.2389190196990967,,,85.87988407635072,-4.610874658059559,129.272510801327,1.6284804623803975,,,-0.11655887556664737
actor_critic,,2,248,78.81206019255909,46,0.027575016021728516,2.266658067703247,,,157.5849215059855,-11.490701073780656,241.53660937126867,1.6043970247973567,,,-1.6607491866402004
actor_critic,,2,249,121.13321173201984,63,0.037584781646728516,2.3044328689575195,,,132.48108060081444,0.20878557343449858,188.9604227003745,1.5904925418278528,,,-0.9233462621295263
actor_critic,,2,250,129.84142193722536,66,0.038893938064575195,2.3434739112854004,,,133.25016137506023,-2.6646094414207973,194.16396082975112,1.5690461758411292,,,-0.9004359389796401
actor_critic,,2,251,79.38639417650022,45,0.02678513526916504,2.370426893234253,,,210.21434403662053,-1.4420254684984684,302.3662686069457,1.5427863942252265,,,-2.0067735460069445
actor_critic,,2,252,164.20035533732522,80,0.047370195388793945,2.4179539680480957,,,127.95488807945512,-0.6341747703263536,183.69866203524361,1.5227905347943307,,,-0.6825339317321777
actor_critic,,2,253,219.49605386276156,99,0.05818510055541992,2.4763190746307373,,,115.2222861411274,0.38559831398529837,164.0524114991798,1.4948729240533076,,,-0.34479715366556185
actor_critic,,2,254,112.50091841982919,61,0.03617119789123535,2.5126659870147705,,,194.20820496469491,-1.4047162330968948,279.4470320678217,1.4757178083795015,,,-1.622375738425333
actor_critic,,2,255,97.87857258519867,59,0.034738779067993164,2.5475831031799316,,,209.30891782758852,-3.501436725132546,304.01479642974783,1.4628178649029489,,,-1.95133765269134
actor_critic,,2,256,106.94502826225684,76,0.04513096809387207,2.592888832092285,,,168.21157158457822,-0.33550912739807054,240.78155478759743,1.4551895260810852,,,-1.731740248830695
actor_critic,,2,257,104.20157004145983,74,0.04412198066711426,2.637192964553833,,,172.27976150287165,-1.9083587977330427,248.84017321204993,1.456030926188907,,,-1.7875327032965582
actor_critic,,2,258,101.75398421881266,69,0.04127311706542969,2.678657054901123,,,188.27804642527676,-0.6326296931753556,269.87239076088156,1.4482117701267851,,,-1.8731620899145154
actor_critic,,2,259,108.73841514945168,71,0.042176008224487305,2.7209949493408203,,,186.12319281190292,-2.8985527628429337,270.0310710064483,1.4457197138960933,,,-1.799710125990317
actor_critic,,2,260,121.40804594508256,75,0.044500112533569336,2.765666961669922,158.32865762902307,9.986543577559853,180.99084633035585,-3.930662514766057,264.17358708871217,1.4407496960957844,,,-1.6604231770833333
actor_critic,,2,261,122.90127393775464,69,0.04198408126831055,2.85180401802063,,,205.9538240043811,-1.9736457876591147,297.039254816249,1.4314588671145232,,,-1.7252533401268115
actor_critic,,2,262,148.2676606124762,83,0.04914522171020508,2.9011380672454834,,,181.79543017594884,-1.6960532682981477,262.13070208867674,1.41011061007718,,,-1.4590023914015438
actor_critic,,2,263,103.89319836085058,66,0.0394129753112793,2.9407129287719727,,,242.25455978176925,0.9984248779911661,344.65162691890237,1.3953443133469783,,,-1.9903978289979878
actor_critic,,2,264,21.15679903102122,15,0.00904703140258789,2.9499399662017822,,,1021.3722368498643,-11.030879642566045,1474.861651004851,1.3988367875417074,,,-9.77282002766927
actor_critic,,2,265,190.87587423342302,97,0.05729508399963379,3.007377862930298,,,167.12564590458095,-0.6888842995941025,239.7350397524568,1.402877336924838,,,-1.1115491414807506
actor_critic,,2,266,139.44287440996348,72,0.04291892051696777,3.0504889488220215,,,233.38077942980453,-2.8109298841898434,337.41673704085406,1.3902756869792938,,,-1.7947266896565754
actor_critic,,2,267,46.984765647984446,35,0.020925045013427734,3.0715839862823486,,,69.2999019560005,-1.8698902182281016,101.6711351985378,1.376678500856672,,,-2.830282756260463
actor_critic,,2,268,71.0514062734843,50,0.02966904640197754,3.1014280319213867,,,101.53594814926386,-4.613795473016799,151.64249210507376,1.376415729522705,,,-1.7153712272644044
actor_critic,,2,269,42.17332610620273,32,0.01898336410522461,3.1205971240997314,,,171.12353751172486,-4.088589644758031,250.30305021003733,1.374402780085802,,,-4.0150435864925385
actor_critic,,2,270,42.4781712542903,31,0.018325090408325195,3.1391050815582275,,,141.5240573275594,-7.813122565587682,213.3388374771401,1.3661709447060861,,,-4.693746843645649
actor_critic,,2,271,43.15130204135694,31,0.018641233444213867,3.1579530239105225,,,114.11629119467351,-4.237807894305837,169.0772839654237,1.3609056934233634,,,-4.498434312881962
actor_critic,,2,272,41.27068822674175,29,0.0173492431640625,3.1754660606384277,,,182.78401591924245,-2.4284112189478915,264.58918405675877,1.3564700545935795,,,-4.8873726088425204
actor_critic,,2,273,42.37468504571763,29,0.017489910125732422,3.194736957550049,,,202.00980425762526,-3.114864790555218,293.0352420806965,1.359093925048565,,,-5.010003616069925
actor_critic,,2,274,43.265702953881906,29,0.01720595359802246,3.212109088897705,,,199.9309735027752,-4.2691320543145315,291.7144375138491,1.3610882882414193,,,-4.920422685557399
actor_critic,,2,275,42.55257987433493,29,0.017464876174926758,3.2297308444976807,,,191.2708856568126,-10.34788563539242,288.0268264259372,1.3662316511417258,,,-4.9160318703487
actor_critic,,2,276,40.85897646869002,28,0.016618013381958008,3.2465109825134277,,,276.22821115391395,-6.7533661733115355,404.25938093036945,1.3650775338922227,,,-5.108406135014126
actor_critic,,2,277,42.36593385442189,29,0.017258882522583008,3.2639307975769043,,,189.19577311287665,-7.120435649914475,280.4517298870768,1.36383331644124,,,-4.844729777040152
actor_critic,,2,278,41.283117805759105,28,0.0169827938079834,3.281080961227417,,,153.2649159213262,-13.567862094513007,238.33253753353242,1.3578367275851113,,,-5.025805285998753
actor_critic,,2,279,42.366397602795416,29,0.01749277114868164,3.298736810684204,,,190.49284835635075,-7.775908777169112,283.24110253143994,1.35096668786016,,,-4.880364187832536
actor_critic,,2,280,40.49072343986864,28,0.016650915145874023,3.3155789375305176,41.20477654768463,0.34290570181766394,164.86372390472596,-7.691684027867658,246.50772638146424,1.3489810356072016,,,-5.000154869897025
actor_critic,,2,281,39.65753558796547,27,0.016629934310913086,3.344609022140503,,,236.7007280771655,-7.630881546962041,349.0451738198236,1.3500790375250358,,,-5.1963559609872325
actor_critic,,2,282,41.08871042489985,27,0.01636481285095215,3.3611459732055664,,,295.0908809678836,-8.25148749758524,433.3462486935659,1.3515507071106523,,,-5.1513194684629084
actor_critic,,2,283,39.46800629714753,27,0.01637101173400879,3.377692937850952,,,316.2703072618417,-16.14969008974731,474.8857315409739,1.3555750317043729,,,-5.199799926192672
actor_critic,,2,284,39.995807198036054,27,0.016337156295776367,3.394197940826416,,,321.297287405503,-4.168270592612249,464.9507976634928,1.360064811176724,,,-5.217054737938775
actor_critic,,2,285,39.5620589293223,27,0.01632523536682129,3.4107000827789307,,,293.458581533076,-7.602178665291932,430.0868082392995,1.360243766396134,,,-5.271735438594112
actor_critic,,2,286,40.80662839478942,27,0.016433000564575195,3.4273250102996826,,,320.86526146386234,-4.478227528226045,464.7764112655746,1.357652293311225,,,-5.272360271877712
actor_critic,,2,287,39.44578725843577,27,0.01623988151550293,3.4437289237976074,,,270.23701929245834,-1.3329110356668632,387.95703997625105,1.357404629389445,,,-5.325304172657154
actor_critic,,2,288,41.06243241456435,28,0.016614913940429688,3.4605188369750977,,,245.53222813749952,-8.179489629808813,362.4453263960396,1.3633971640041895,,,-5.113367421286447
actor_critic,,2,289,40.82861983480689,28,0.016632795333862305,3.4773049354553223,,,278.27625506331344,-0.8535659077710339,398.7569041196756,1.3636605995041984,,,-5.113331522260394
actor_critic,,2,290,40.25436918734238,27,0.016164302825927734,3.493659019470215,,,258.99791507659205,-6.855094200621049,379.7900080625054,1.3684137485645436,,,-5.300403047491003
actor_critic,,2,291,40.28041467360092,27,0.01617288589477539,3.5100629329681396,,,251.70434810628217,-7.884259775832847,370.84089490289676,1.3733721044328477,,,-5.2725902839943215
actor_critic,,2,292,40.39220142421427,27,0.01632380485534668,3.5265538692474365,,,252.8050412610863,-4.022770699113607,366.89687393988476,1.372385930131983,,,-5.383307421648944
actor_critic,,2,293,41.14565874282128,27,0.016180038452148438,3.542897939682007,,,256.19899066068507,-2.6338296286347838,369.7611818563331,1.3758113472550004,,,-5.096507955480505
actor_critic,,2,294,39.88619557703353,27,0.016120195388793945,3.559209108352661,,,203.4089644829984,-7.591599925524658,301.4293741562956,1.3782810855794836,,,-4.834596421983507
actor_critic,,2,295,42.34542482255054,28,0.01685619354248047,3.5762341022491455,,,92.45052879849183,-9.951445611992053,146.28853663643324,1.37504643201828,,,-4.070596218109131
actor_critic,,2,296,40.496555285872745,27,0.016230106353759766,3.592628002166748,,,36.478156317163396,-2.122814447791488,55.14424525994669,1.3769029334739402,,,-3.4558588663736978
actor_critic,,2,297,42.98058083162981,28,0.028194189071655273,3.620990037918091,,,99.84479117832545,-2.0399995651096106,145.54970215684338,1.3839561258043562,,,-3.249161584036691
actor_critic,,2,298,39.72181246123699,26,0.02777695655822754,3.649040937423706,,,242.49116087647585,1.976945583636944,343.59173596822296,1.3918486879422114,,,-3.6448328219927273
actor_critic,,2,299,19.217735960559224,14,0.008646965026855469,3.6578829288482666,,,351.33088173185075,-14.175601033227784,522.1521237471273,1.3936515620776586,,,-8.217680965151105
actor_critic,,2,300,16.977113859201317,13,0.00784611701965332,3.6658689975738525,12.800058529068528,0.05827334614795766,365.89315550831645,-21.37855863571167,553.2453265476686,1.3941536408204298,,,-8.990570306777954
actor_critic,,2,301,10.78419569324899,10,0.006542205810546875,3.678715944290161,,,412.06361093521116,-17.410321712493896,613.5342098236084,1.3946025371551514,,,-11.946376037597656
actor_critic,,2,302,10.599299066547365,10,0.0062580108642578125,3.685112953186035,,,496.5909978866577,-10.619543218612671,724.5865149736404,1.3953026413917542,,,-11.813413047790528
actor_critic,,2,303,8.838183161287287,9,0.005567073822021484,3.690896987915039,,,1066.1822982298004,-65.11163002914853,1616.1342248850399,1.3944834470748901,,,-14.976800282796225
actor_critic,,2,304,7.551654352612555,8,0.004865169525146484,3.6958889961242676,,,1769.3291556835175,-7.8798123598098755,2538.8699473142624,1.392352506518364,,,-17.131924629211426
actor_critic,,2,305,7.677382817799685,8,0.00481414794921875,3.700892925262451,,,1900.0780088305473,-17.843949131667614,2739.8885013461113,1.3903790265321732,,,-15.321419715881348
actor_critic,,2,306,7.683430575000654,8,0.005124092102050781,3.706162929534912,,,1943.4249645415694,-28.953396876109764,2817.683460219996,1.3879182487726212,,,-13.055113792419434
actor_critic,,2,307,7.151512229701195,8,0.004891157150268555,3.7112650871276855,,,2137.697694225237,-43.41687310580164,3115.8781614860054,1.3848918676376343,,,-13.92878532409668
actor_critic,,2,308,7.152157933193805,8,0.00486302375793457,3.7162561416625977,,,2307.1235519882757,19.69846575288102,3267.749888237129,1.3832397609949112,,,-15.206853866577148
actor_critic,,2,309,7.453163736566457,8,0.00477290153503418,3.7211899757385254,,,2222.857973676175,4.623747436329722,3168.905883140862,1.3827058374881744,,,-16.024456024169922
actor_critic,,2,310,7.38731783723108,8,0.004837989807128906,3.7261459827423096,,,2179.4109753780067,-7.139335348969325,3123.6434149164706,1.383040189743042,,,-16.784576416015625
actor_critic,,2,311,7.549343268897746,8,0.0049610137939453125,3.7312850952148438,,,2137.257494159043,-0.648285468108952,3054.1511276667006,1.3850546181201935,,,-17.715641021728516
actor_critic,,2,312,7.10810509501223,8,0.004787921905517578,3.736215829849243,,,2028.2386973388493,-29.858888486400247,2940.1394799845293,1.3868921250104904,,,-17.61678123474121
actor_critic,,2,313,7.071753281113077,8,0.004853010177612305,3.74125075340271,,,1984.8757910113782,-1.8870809320360422,2838.2327340878546,1.3871879875659943,,,-17.878555297851562
actor_critic,,2,314,6.990546442823225,8,0.004822969436645508,3.746196985244751,,,1928.113762460649,-0.6638333313167095,2755.396578490734,1.3858505338430405,,,-18.283832550048828
actor_critic,,2,315,6.124177906276408,7,0.0041921138763427734,3.750530958175659,,,2089.549670425909,-40.37924903418337,3042.755557933024,1.3847789934703283,,,-20.692964826311385
actor_critic,,2,316,6.099776634385756,7,0.004373073577880859,3.755063056945801,,,1908.3600839802198,-9.502602738993508,2739.8038891979627,1.3859881503241402,,,-20.239922659737722
actor_critic,,2,317,7.003014263793482,8,0.005029201507568359,3.7602040767669678,,,1465.26311295107,-36.9338014847599,2145.9957729950547,1.3855892568826675,,,-17.478382110595703
actor_critic,,2,318,6.000602828570319,7,0.004346132278442383,3.764681100845337,,,1247.6930723403182,-55.94828708256994,1862.3448266557284,1.3862297705241613,,,-18.230940682547434
actor_critic,,2,319,5.862326579268472,7,0.004187107086181641,3.7690439224243164,,,1048.4901349885124,-13.301582770688194,1516.845291165369,1.387566123689924,,,-17.604085649762833
actor_critic,,2,320,6.054833230509721,7,0.0042629241943359375,3.7734317779541016,7.21835444984189,0.060201860597499456,859.7865621617863,-15.442144184240274,1250.3266963184412,1.3888311386108398,,,-16.264583042689733
actor_critic,,2,321,5.910516268907965,7,0.00450587272644043,3.7827889919281006,,,664.7391578342233,-49.24624708720616,1019.9792040671621,1.3882245676858085,,,-14.132695879255023
actor_critic,,2,322,7.406631646643798,8,0.004986763000488281,3.7879388332366943,,,399.7171744070947,-10.873634740710258,586.5583262816072,1.385994240641594,,,-10.643611907958984
actor_critic,,2,323,7.191927402609877,8,0.0049397945404052734,3.7930047512054443,,,131.50118403881788,-16.33099915832281,211.18883427605033,1.385021299123764,,,-8.660428047180176
actor_critic,,2,324,7.45830973239222,8,0.004804134368896484,3.7979369163513184,,,199.21866595745087,-15.121905893087387,306.20082072913647,1.3863904923200607,,,-8.071034669876099
actor_critic,,2,325,7.440047117196801,8,0.004979133605957031,3.8030309677124023,,,298.788184995763,-1.9945456348359585,429.68962836924766,1.3879732191562653,,,-7.808609962463379
actor_critic,,2,326,7.394473682888287,8,0.004971981048583984,3.80814790725708,,,643.2377307638526,-37.94946974888444,973.1245845495723,1.3911790549755096,,,-7.567152976989746
actor_critic,,2,327,7.651873609786334,8,0.004912853240966797,3.8131868839263916,,,598.0149092683569,-13.305852165445685,873.3153642727993,1.3932954967021942,,,-7.12859570980072
actor_critic,,2,328,7.65672916658263,8,0.004854917526245117,3.818190813064575,,,839.5818849019706,-2.988187374547124,1203.6715274807066,1.3944679349660873,,,-7.040306806564331
actor_critic,,2,329,8.845592861786795,9,0.005661964416503906,3.8239660263061523,,,462.08434796995584,5.992716964748171,651.5594974714849,1.3964514599906073,,,-6.237901899549696
actor_critic,,2,330,9.085025832092624,9,0.005434989929199219,3.8295509815216064,,,191.8826380636957,-11.74932619680961,290.9028085619211,1.3980577256944444,,,-6.1961858537462025
actor_critic,,2,331,8.808933668545263,9,0.0054438114166259766,3.8350977897644043,,,304.9716562959883,-0.20111465619670021,435.9610848791069,1.398131529490153,,,-6.337519539727105
actor_critic,,2,332,8.917998051719957,9,0.005652904510498047,3.8409228324890137,,,578.041613790724,3.0492571722716093,821.4176717367437,1.3995362785127428,,,-6.406286027696398
actor_critic,,2,333,7.47207993683844,8,0.0048868656158447266,3.8459370136260986,,,154.2177783176303,-16.943741178140044,244.51646333863027,1.4006540179252625,,,-7.567890882492065
actor_critic,,2,334,7.410482796227878,8,0.0049571990966796875,3.851041078567505,,,321.5755826984532,-8.465101869311184,471.48669067420997,1.3980192840099335,,,-6.988717317581177
actor_critic,,2,335,7.458687482958868,8,0.004875898361206055,3.8560588359832764,,,450.67651211470366,-19.162702675908804,671.198876795359,1.3943780809640884,,,-7.028100967407227
actor_critic,,2,336,7.4717284283590715,8,0.0047910213470458984,3.861011028289795,,,219.0454677939415,-3.3112295467872173,317.6524493470788,1.391104593873024,,,-7.273412704467773
actor_critic,,2,337,7.376720174870246,8,0.004984140396118164,3.866118907928467,,,134.56017822027206,-3.237943507730961,196.85447238013148,1.387274757027626,,,-7.476703882217407
actor_critic,,2,338,7.435754593162889,8,0.005045175552368164,3.871293067932129,,,122.5279252268374,-3.6659788745455444,180.2770104035735,1.3870200365781784,,,-7.090554237365723
actor_critic,,2,339,8.829478461291515,9,0.00556492805480957,3.8770110607147217,,,191.1777867707941,-16.999211134182083,297.39570883909863,1.3864983585145738,,,-5.7300370534261065
actor_critic,,2,340,7.63297588037324,8,0.004845142364501953,3.8819808959960938,7.961175114983346,0.5806792871158041,280.0536758899689,-9.715241428464651,413.95560440048575,1.3851730078458786,,,-6.821150779724121
actor_critic,,2,341,7.420529172391053,8,0.005177974700927734,3.8923959732055664,,,187.421872921288,-4.86426371242851,274.69448286294937,1.3845316469669342,,,-6.992791175842285
actor_critic,,2,342,7.685057526603699,8,0.005162954330444336,3.8977179527282715,,,182.91032091528177,-7.6190544702112675,272.1848237272352,1.383956417441368,,,-7.469372749328613
actor_critic,,2,343,8.94464996578403,9,0.00553584098815918,3.9034078121185303,,,163.0746587589383,-6.264279934267203,241.91277613573604,1.3823825518290203,,,-6.8128772311740455
actor_critic,,2,344,8.747801533313625,9,0.005468845367431641,3.9091358184814453,,,147.062822808822,-9.070743308299118,223.0479470094045,1.381085475285848,,,-6.836665259467231
actor_critic,,2,345,7.286657827778022,8,0.004908084869384766,3.914172887802124,,,152.29070521704853,-6.602106936275959,226.98972438368946,1.3800798058509827,,,-7.88224983215332
actor_critic,,2,346,8.826797158800439,9,0.0055408477783203125,3.9198668003082275,,,162.06500416994095,-21.242256902986103,261.86752161714764,1.3790059751934476,,,-6.587439643012153
actor_critic,,2,347,7.610789900979959,8,0.004876136779785156,3.924884080886841,,,166.91768358834088,-12.226763255894184,255.92064651823603,1.3785884082317352,,,-7.369208335876465
actor_critic,,2,348,7.574815877145191,8,0.004832029342651367,3.9298598766326904,,,164.643489792943,-11.036618902347982,250.97157484292984,1.3775213658809662,,,-6.821775913238525
actor_critic,,2,349,7.303181431804974,8,0.00513911247253418,3.9351189136505127,,,170.03434811346233,-4.222346343100071,248.9381355466321,1.3741739988327026,,,-6.570223808288574
actor_critic,,2,350,7.646381848238067,8,0.004973173141479492,3.9402670860290527,,,169.58912076428533,-7.779348781332374,253.38352536782622,1.373745784163475,,,-6.193888187408447
actor_critic,,2,351,7.201137388212967,8,0.0049152374267578125,3.945312023162842,,,174.0894002430141,-2.8236958887428045,252.73299450054765,1.3738117814064026,,,-6.130027770996094
actor_critic,,2,352,7.461327078684805,8,0.004837751388549805,3.9502978324890137,,,165.6419023834169,-13.082705598324537,255.32086906582117,1.3744097203016281,,,-5.953449249267578
actor_critic,,2,353,6.110695875307917,7,0.004378080368041992,3.954793930053711,,,179.6744566102113,-23.78933220250266,290.66254430290843,1.3744133370263236,,,-6.901985168457031
actor_critic,,2,354,7.306695761110466,8,0.004992008209228516,3.959923028945923,,,183.14509732089937,0.7810504259541631,260.5200702045113,1.3752828985452652,,,-5.770462512969971
actor_critic,,2,355,7.444210213160157,8,0.004827737808227539,3.964902877807617,,,173.24899735301733,-5.453810995444655,255.28971777530387,1.379314050078392,,,-5.696323871612549
actor_critic,,2,356,7.173621986474347,8,0.004915952682495117,3.9699647426605225,,,172.57532967068255,-8.647096385248005,258.88917708490044,1.3829737156629562,,,-5.7519965171813965
actor_critic,,2,357,7.423872740130115,8,0.004836082458496094,3.97493577003479,,,188.24440604494885,-1.1576365730725229,270.5743380007334,1.3847737163305283,,,-5.587123870849609
actor_critic,,2,358,7.494263409177278,8,0.0047757625579833984,3.979844808578491,,,207.5250413119793,0.3197171613574028,296.0075918659568,1.3854667842388153,,,-5.62362813949585
actor_critic,,2,359,6.0547557669361485,7,0.004226207733154297,3.9842231273651123,,,245.2640883443611,-6.0993105468473265,359.0905646338527,1.3872642517089844,,,-6.625157492501395
actor_critic,,2,360,7.541853217629596,8,0.005076885223388672,3.9894509315490723,7.154796308148134,0.055017751509362035,208.83050183206797,-21.636996425688267,329.2392909731716,1.3887626677751541,,,-5.709504127502441
actor_critic,,2,361,7.275218443744557,8,0.0050160884857177734,3.999336004257202,,,232.03360483795404,-0.6632477585226297,332.4240742707625,1.3884428888559341,,,-5.82821798324585
actor_critic,,2,362,5.871894643274927,7,0.004392147064208984,4.003907918930054,,,271.77870880572925,0.5539146645792893,387.46400565494383,1.3887826885495866,,,-6.829459054129464
actor_critic,,2,363,7.12690139841397,8,0.0051043033599853516,4.00911808013916,,,236.54592188447714,-2.567959906067699,341.5912650870159,1.3896654546260834,,,-6.040016174316406
actor_critic,,2,364,5.948784742008627,7,0.0043621063232421875,4.013580083847046,,,276.3099473927702,-2.0430390760302544,397.6471373172743,1.3889375243868147,,,-7.296692984444754
actor_critic,,2,365,7.293431302534728,8,0.005101203918457031,4.018793106079102,,,233.56991627719253,-10.581542092841119,348.78780312044546,1.389219418168068,,,-6.499007701873779
actor_critic,,2,366,6.0571541189658085,7,0.004503011703491211,4.02341890335083,,,272.6302540983473,-12.029273667505809,406.6564666804458,1.3899673223495483,,,-7.523918151855469
actor_critic,,2,367,5.954508875158063,7,0.004216670989990234,4.0277698040008545,,,282.9197837609266,-9.943905651569366,418.37670538228537,1.390613385609218,,,-7.566192626953125
actor_critic,,2,368,6.030522782928976,7,0.0044481754302978516,4.032350063323975,,,292.7219728580011,-16.341684928962163,441.5195279396804,1.391909888812474,,,-7.878848484584263
actor_critic,,2,369,6.035241476912637,7,0.02806401252746582,4.060533046722412,,,285.83442644721697,-26.49461926094123,446.18437220621854,1.3925742251532418,,,-7.743582044328962
actor_critic,,2,370,6.151624287117393,7,0.005099058151245117,4.065896034240723,,,281.30529586864367,-14.84367651465748,423.0699639755767,1.3912276029586792,,,-7.6546140398297995
actor_critic,,2,371,6.039159140045152,7,0.010444164276123047,4.0765509605407715,,,289.2869742749525,-0.4911336361297539,413.9687241603554,1.389737265450614,,,-7.824394771030971
actor_critic,,2,372,7.3345128243997095,8,0.015108108520507812,4.091830015182495,,,252.23321966920048,0.04863694729283452,360.2636801577173,1.3905425667762756,,,-6.739479064941406
actor_critic,,2,373,6.128780860231777,7,0.006051778793334961,4.098224878311157,,,247.76589263869184,-42.40274186219488,414.52664312773516,1.3917005402701241,,,-7.830236707414899
actor_critic,,2,374,5.8353959755935785,7,0.005505084991455078,4.103914022445679,,,283.2480941957661,-8.523913405835629,416.8171657213409,1.3931615012032645,,,-7.755119323730469
actor_critic,,2,375,7.264525123202893,8,0.013941049575805664,4.118008852005005,,,251.70155397756025,-3.1663026979658753,364.0969374248016,1.3947081565856934,,,-6.607963562011719
actor_critic,,2,376,5.881342846901019,7,0.010123014450073242,4.128448963165283,,,291.09220274314947,-6.148990489808576,424.630288820614,1.3949182544435774,,,-7.71258054460798
actor_critic,,2,377,5.990473271888254,7,0.006452083587646484,4.135123014450073,,,259.88069468177855,-33.94430385290512,419.75002157847797,1.3944287129810877,,,-7.700889587402344
actor_critic,,2,378,5.88301448435025,7,0.004965782165527344,4.1403138637542725,,,278.1657634036882,-14.988122674503497,418.79126519887774,1.394742148263114,,,-7.744785308837891
actor_critic,,2,379,7.282346380935477,8,0.00752711296081543,4.148019075393677,,,243.0991131402552,-12.034616588614881,364.4767567720264,1.394479662179947,,,-6.6163835525512695
actor_critic,,2,380,6.248961439221918,7,0.007171154022216797,4.155383110046387,5.883794948148288,0.04779359229870231,285.67390582949986,-11.726065997566495,424.857129080088,1.3932912349700928,,,-7.696936471121652
actor_critic,,2,381,5.887784806184473,7,0.00940084457397461,4.169806957244873,,,281.6404811266278,-20.132725612925633,431.10457295918604,1.3932051488331385,,,-7.878424508231027
actor_critic,,2,382,5.995319343120295,7,0.008591890335083008,4.178563833236694,,,298.7041620630771,-2.6222119506980692,430.46625871118573,1.3940346922193254,,,-7.814472743443081
actor_critic,,2,383,5.977076401706569,7,0.006623029708862305,4.185401916503906,,,283.5081627704203,-13.75020998290607,424.6548272487458,1.3949166195733207,,,-7.77424076625279
actor_critic,,2,384,5.975176008885363,7,0.006527900695800781,4.19217586517334,,,292.8581226340362,-3.226383830819811,422.97784263557486,1.3960849046707153,,,-7.796713692801339
actor_critic,,2,385,5.989994228081228,7,0.006515979766845703,4.198846101760864,,,282.18431629533217,-13.774808719621173,422.7987493950474,1.3976453031812395,,,-7.728557586669922
actor_critic,,2,386,5.9841314978723865,7,0.006175041198730469,4.205162048339844,,,265.35080253771906,-32.365510827196495,425.3090128664459,1.398580721446446,,,-7.651435307094029
actor_critic,,2,387,5.998197608327953,7,0.005578041076660156,4.2110350131988525,,,280.38306428412244,-20.909725630921976,430.4182569813981,1.3983102185385567,,,-7.743256705147879
actor_critic,,2,388,5.925473316874709,7,0.005591869354248047,4.216779947280884,,,273.4117875075234,-27.935372848595893,430.49597637716215,1.39755346093859,,,-7.825800214494977
actor_critic,,2,389,5.848451849649589,7,0.004855155944824219,4.221901178359985,,,281.92012847933387,-14.848000364378095,423.95445047205845,1.3974334342139108,,,-7.897832598005023
actor_critic,,2,390,5.917175832829164,7,0.005098104476928711,4.2271881103515625,,,287.6317591770286,-6.5766968077846935,420.2978034616514,1.3971607855388097,,,-7.847574506487165
actor_critic,,2,391,7.217675588062901,8,0.005849123001098633,4.233191967010498,,,227.48795776889892,-29.072286802576855,366.5146378272184,1.396591678261757,,,-6.72162389755249
actor_critic,,2,392,5.849250973456899,7,0.004975080490112305,4.238357067108154,,,273.00164204037617,-22.359386100566812,421.9443408590908,1.3961466891424996,,,-7.775617327008929
actor_critic,,2,393,5.888967702291703,7,0.00475001335144043,4.243273019790649,,,279.29802037203416,-18.058670307110464,424.7952789381047,1.3962578432900565,,,-7.720466613769531
actor_critic,,2,394,7.226253570499756,8,0.005439043045043945,4.2489519119262695,,,257.4113273725379,-3.0036496485117823,372.0214080794249,1.3963236957788467,,,-6.670659065246582
actor_critic,,2,395,7.358603460648119,8,0.0056858062744140625,4.254764795303345,,,260.8873245054856,-1.7302739853039384,375.1679892253742,1.396878108382225,,,-6.7013444900512695
actor_critic,,2,396,5.895141418231725,7,0.005357027053833008,4.260262966156006,,,298.74938244652003,-2.676469219316329,430.60839861502507,1.3982688188552856,,,-7.714572906494141
actor_critic,,2,397,7.169727410900427,8,0.006690025329589844,4.267215967178345,,,252.12615784816444,-5.1639612095896155,367.5572939977865,1.399416372179985,,,-6.682923793792725
actor_critic,,2,398,6.150481604667142,7,0.005334138870239258,4.272736072540283,,,268.4000055962242,-24.58407349033015,418.5486794317673,1.4002728291920252,,,-7.845449720110212
actor_critic,,2,399,7.431160538956281,8,0.009027957916259766,4.28200888633728,,,222.4901240542531,-31.728271646425128,363.1691312883049,1.4018312841653824,,,-6.713045120239258
actor_critic,,2,400,7.243474659849801,8,0.006223201751708984,4.288465976715088,6.1331572516055655,0.032570628532271585,244.05279431398958,-10.037418568972498,362.9860189469764,1.403853416442871,,,-6.72168493270874
actor_critic,,2,401,6.02190224123675,7,0.0052547454833984375,4.300548791885376,,,292.91648350177064,-1.1156261137553625,420.04589080988706,1.4045302867889404,,,-7.6742384774344305
actor_critic,,2,402,7.426363996785414,8,0.005590915679931641,4.306368112564087,,,249.04964785824995,-8.319414436933585,367.6701023525093,1.404578909277916,,,-6.487792015075684
actor_critic,,2,403,7.159312614343817,8,0.006822824478149414,4.31345009803772,,,258.8037438415922,-0.9180336035788059,371.03111910415464,1.4017930626869202,,,-6.5988545417785645
actor_critic,,2,404,6.013287549959927,7,0.004687786102294922,4.318373918533325,,,279.15637015950466,-22.63614156496312,431.13215276206444,1.3993408679962158,,,-7.723573957170759
actor_critic,,2,405,5.851206003055912,7,0.0057790279388427734,4.324337005615234,,,298.5017434604732,-0.8793416720415864,427.6872722264234,1.3985890660967146,,,-7.786040169852121
actor_critic,,2,406,5.99620605706289,7,0.004745006561279297,4.329240798950195,,,283.06592299030825,-12.989252455000367,422.9359639899672,1.398979834147862,,,-7.791654859270368
actor_critic,,2,407,7.093353016206758,8,0.005151987075805664,4.3345301151275635,,,243.53675321198534,-12.42097331606783,365.6539092116873,1.3978739082813263,,,-6.731011867523193
actor_critic,,2,408,5.881675758005855,7,0.0043451786041259766,4.338995933532715,,,278.1969094915049,-16.553525172706163,421.07202710166376,1.397253121648516,,,-7.775762830461774
actor_critic,,2,409,7.288315013869728,8,0.005301952362060547,4.3444249629974365,,,244.6655062418431,-11.911472104489803,366.53854594379663,1.3976020812988281,,,-6.602233409881592
actor_critic,,2,410,7.371558557198197,8,0.005007743835449219,4.349562883377075,,,251.93286041123793,-5.563129321672022,367.85141171945725,1.3988576084375381,,,-6.630936145782471
actor_critic,,2,411,5.915202288036172,7,0.0043179988861083984,4.354013919830322,,,277.21464092178,-22.448062944625104,428.08959252906163,1.3996904407228743,,,-7.821101597377232
actor_critic,,2,412,7.060793243680342,8,0.005074262619018555,4.359210014343262,,,256.8112518116832,-3.211568513419479,371.4611515914148,1.398505687713623,,,-6.739777088165283
actor_critic,,2,413,6.030686240786231,7,0.004634857177734375,4.363948822021484,,,289.2161318751584,-8.223329371373568,424.91352198009554,1.3979522500719344,,,-7.747583116803851
actor_critic,,2,414,8.726970961852627,9,0.005632162094116211,4.36968994140625,,,227.5474605427848,-3.825338842968146,330.5325720128603,1.398227373758952,,,-5.828384823269314
actor_critic,,2,415,5.965868933546119,7,0.004359245300292969,4.374154090881348,,,298.33494714594315,-2.2402999816196307,429.39322606213267,1.399293031011309,,,-7.779592786516462
actor_critic,,2,416,5.9836240890908545,7,0.004399776458740234,4.378669738769531,,,296.256815193221,-4.702169665800674,429.9414271824727,1.4007710559027535,,,-7.801580156598773
actor_critic,,2,417,5.8749725692754575,7,0.004514932632446289,4.383288860321045,,,297.7313653998343,-0.5688735305198601,426.14316946081817,1.401499901499067,,,-7.8809389386858255
actor_critic,,2,418,6.18628075089776,7,0.00436091423034668,4.3877997398376465,,,291.2031139444028,-3.9255146865866015,421.6123314424684,1.4024860177721297,,,-7.764551980154855
actor_critic,,2,419,6.140306647059416,7,0.004492759704589844,4.392430782318115,,,273.9980308215267,-20.36299123801291,420.51575513516894,1.4035716908318656,,,-7.678381783621652
actor_critic,,2,420,6.035160882634045,7,0.0043489933013916016,4.396929979324341,5.986767025543081,0.04506297001824575,263.53020893569504,-31.10326555956687,420.90497477575474,1.4040675503867013,,,-7.6597137451171875
actor_critic,,2,421,5.967164334411537,7,0.004547834396362305,4.406033039093018,,,295.25155324422354,-0.7271746273285576,422.8267448354912,1.4040464503424508,,,-7.692261832101004
actor_critic,,2,422,5.899411970185062,7,0.004302978515625,4.41048002243042,,,281.7320214781378,-15.474207128797259,424.5803396629968,1.4053701162338257,,,-7.7249941144670755
actor_critic,,2,423,6.042292834246974,7,0.00442194938659668,4.415122032165527,,,297.21109441548055,-1.1067825300352914,426.16841424868574,1.4060324430465698,,,-7.659517560686384
actor_critic,,2,424,7.202424701924963,8,0.005239009857177734,4.420514106750488,,,257.4795917880256,-1.331768590491265,369.73051377298725,1.4062661528587341,,,-6.708849906921387
actor_critic,,2,425,6.096833874757583,7,0.0043561458587646484,4.4249889850616455,,,273.72888228563323,-24.87410041716482,426.57568023360466,1.407392910548619,,,-7.8220062255859375
actor_critic,,2,426,7.340654537826339,8,0.0047910213470458984,4.429914951324463,,,251.18347905832343,-5.145045947749168,366.1835995125075,1.4082939326763153,,,-6.726729869842529
actor_critic,,2,427,7.428036619317377,8,0.005059003829956055,4.435107946395874,,,256.38203265191987,-5.7773914178833365,374.5134915505914,1.4090936034917831,,,-6.7770819664001465
actor_critic,,2,428,6.197385316984509,7,0.004595041275024414,4.439877986907959,,,293.9133098648329,-1.2009575268519777,421.59181151992277,1.410401804106576,,,-7.829079219273159
actor_critic,,2,429,7.087959008984306,8,0.004828929901123047,4.444829940795898,,,250.75923947943375,-5.091900606406853,365.5016479032056,1.4118569493293762,,,-6.728753566741943
actor_critic,,2,430,7.382734969120783,8,0.0050449371337890625,4.450042963027954,,,255.6108862258261,-0.6226494708098471,366.0479009866249,1.4129695892333984,,,-6.645005702972412
actor_critic,,2,431,7.093679328105947,8,0.004931926727294922,4.455096960067749,,,254.70489661968895,-4.2342438662890345,369.91304434866106,1.413603201508522,,,-6.771854877471924
actor_critic,,2,432,6.138695048420141,7,0.004525899887084961,4.459782838821411,,,290.4060806002734,-8.840217175361301,427.49470222345553,1.415007403918675,,,-7.799593789236886
actor_critic,,2,433,5.878052182260827,7,0.004299640655517578,4.4642157554626465,,,280.3525662248555,-16.552979193361743,424.1508050161314,1.4157224552971976,,,-7.781632559640067
actor_critic,,2,434,7.236190317310373,8,0.0050470829010009766,4.469387054443359,,,255.1195922861807,-0.5171921423170716,365.19542400126375,1.4161895960569382,,,-6.668981075286865
actor_critic,,2,435,7.280825325362324,8,0.005102872848510742,4.4746057987213135,,,249.15404083800968,-6.925924300448969,365.8285317085101,1.4166368544101715,,,-6.711084365844727
actor_critic,,2,436,7.442074219875611,8,0.0049250125885009766,4.479691982269287,,,256.9380495296791,-2.6546884579584002,370.8467752301658,1.4175476729869843,,,-6.79877233505249
actor_critic,,2,437,7.245438015260868,8,0.0050351619720458984,4.484869956970215,,,244.99892762256786,-10.284182652831078,364.69017063029605,1.4194719940423965,,,-6.834820747375488
actor_critic,,2,438,6.158010613237267,7,0.0044019222259521484,4.489444971084595,,,288.05480208753477,-3.783081670158676,416.9112454637153,1.4203296899795532,,,-7.883935655866351
actor_critic,,2,439,7.1230022854161374,8,0.004967927932739258,4.494525909423828,,,238.31280157901347,-13.464694029651582,359.6821379456669,1.421358659863472,,,-6.726967811584473
actor_critic,,2,440,7.518941545585646,8,0.00478816032409668,4.499480962753296,7.339514441704637,0.06579328724885625,245.5873980820179,-6.083759171888232,359.53022696683183,1.4215437471866608,,,-6.533487319946289
actor_critic,,2,441,7.624778273457904,8,0.005251169204711914,4.509782075881958,,,264.0347793834517,-1.5698433461366221,379.43516909494065,1.4218629002571106,,,-6.605049133300781
actor_critic,,2,442,7.3958015279834175,8,0.0049631595611572266,4.5148680210113525,,,249.0197333828546,-8.800060223788023,368.3139998606057,1.4224854409694672,,,-6.687688827514648
actor_critic,,2,443,7.295376280520556,8,0.004921674728393555,4.519906759262085,,,245.12091707834043,-13.554928948171437,369.53691444988544,1.4234676957130432,,,-6.830201625823975
actor_critic,,2,444,7.243717116990049,8,0.0049898624420166016,4.5250749588012695,,,236.9594791046693,-19.12536557484418,365.83548259820236,1.424829214811325,,,-6.8047966957092285
actor_critic,,2,445,7.127265580906103,8,0.005164146423339844,4.530375003814697,,,246.9058781224303,-6.735149115556851,362.34434015880106,1.4261852502822876,,,-6.799125671386719
actor_critic,,2,446,7.2874080715153955,8,0.004829883575439453,4.5353429317474365,,,249.94981913489755,-2.5263522411696613,360.68025286635384,1.426426038146019,,,-6.707304000854492
actor_critic,,2,447,7.46960698192513,8,0.005012989044189453,4.540555000305176,,,223.73712647892535,-29.144017436075956,361.2587868378032,1.425661787390709,,,-6.6194047927856445
actor_critic,,2,448,7.557468738068588,8,0.004930734634399414,4.5456578731536865,,,253.0483623764594,-2.130984673043713,364.54193832189776,1.426029920578003,,,-6.662044048309326
actor_critic,,2,449,7.346079331021286,8,0.005036115646362305,4.550822019577026,,,253.61588288471103,-2.4457274379674345,365.8022909263618,1.4279600977897644,,,-6.720008373260498
actor_critic,,2,450,7.403242399040725,8,0.004873037338256836,4.55587100982666,,,245.70774982089642,-11.313203847734258,367.1727912528513,1.4298842251300812,,,-6.775792598724365
actor_critic,,2,451,7.40901705835432,8,0.009652853012084961,4.565640926361084,,,239.70559411984868,-13.099106000270694,361.14956914811046,1.4312815219163895,,,-6.726911544799805
actor_critic,,2,452,6.0582925524716424,7,0.004227876663208008,4.570021867752075,,,285.60610771232416,-3.636854931179966,413.20423255292036,1.4321455614907401,,,-7.77155031476702
actor_critic,,2,453,7.379234980765307,8,0.0049610137939453125,4.5751729011535645,,,246.59747671720106,-3.4493515340145677,357.20976438179787,1.4327944964170456,,,-6.621068954467773
actor_critic,,2,454,7.6562652805406275,8,0.005216121673583984,4.580514192581177,,,250.61245527863503,0.06380816642194986,357.92664384969976,1.433802530169487,,,-6.539608955383301
actor_critic,,2,455,7.298248767961336,8,0.0050449371337890625,4.585722923278809,,,246.06306607252918,-6.519778275396675,360.83262565537007,1.437772810459137,,,-6.614131927490234
actor_critic,,2,456,7.431590972227406,8,0.0048139095306396484,4.590669870376587,,,246.3630438639084,-7.15455665346235,362.1679984844832,1.4420936405658722,,,-6.721024990081787
actor_critic,,2,457,7.571090207638703,8,0.005209207534790039,4.596081972122192,,,231.22266058670357,-22.022030749358237,361.7781235119328,1.445962280035019,,,-6.66487979888916
actor_critic,,2,458,7.4233442261447875,8,0.005051851272583008,4.60126805305481,,,234.46583657653537,-16.352720287628472,358.31223063620746,1.4474559426307678,,,-6.657240390777588
actor_critic,,2,459,8.921626348499993,9,0.005585908889770508,4.607013940811157,,,208.6189834649364,-13.517236130932966,317.33746558720145,1.4475280443827312,,,-5.82415050930447
actor_critic,,2,460,7.194850991800369,8,0.0049741268157958984,4.612128019332886,7.38497149552448,0.03137673872976973,247.41614532843232,-5.117966638645157,360.7630363057269,1.448603555560112,,,-6.710693836212158
actor_critic,,2,461,7.586915979499473,8,0.0050470829010009766,4.622062921524048,,,242.4184075021185,-12.182241368340328,363.7152326252144,1.4473145604133606,,,-6.674549579620361
actor_critic,,2,462,7.416697120618923,8,0.005008220672607422,4.627197027206421,,,236.9113730462268,-13.313624093076214,357.4642925275257,1.4447593688964844,,,-6.611100196838379
actor_critic,,2,463,7.3455283406500715,8,0.004904985427856445,4.632217884063721,,,241.98816663457546,-7.227078888099641,356.0217978532746,1.4430323839187622,,,-6.626469612121582
actor_critic,,2,464,7.378251149172179,8,0.004940032958984375,4.637346029281616,,,234.80865861428902,-14.102449108147994,355.5873122893681,1.4432373940944672,,,-6.640099048614502
actor_critic,,2,465,7.5136299090718115,8,0.004925251007080078,4.642400026321411,,,245.61815801623743,-4.42391010071151,357.202958064212,1.4446296244859695,,,-6.712345123291016
actor_critic,,2,466,7.351103447543598,8,0.004879951477050781,4.647459983825684,,,240.78230532049201,-10.609652139130048,359.1313792439614,1.4469529688358307,,,-6.726027488708496
actor_critic,,2,467,7.51577149515581,8,0.004784822463989258,4.652379989624023,,,240.0462516458938,-9.06239904067479,355.86949526981334,1.447635069489479,,,-6.710508823394775
actor_critic,,2,468,7.258760544015211,8,0.005037069320678711,4.657567024230957,,,247.08165042824112,-0.8817492297384888,354.2334332215123,1.4478082358837128,,,-6.708175182342529
actor_critic,,2,469,7.435837794931581,8,0.00502777099609375,4.662722826004028,,,244.1430099355057,-4.0808451464399695,354.60550413020246,1.4497372657060623,,,-6.629452228546143
actor_critic,,2,470,7.308117406833077,8,0.004923343658447266,4.667786121368408,,,209.32873571198434,-38.37859518500045,353.8676188402751,1.4527405798435211,,,-6.597564220428467
actor_critic,,2,471,8.61943778638527,9,0.005444765090942383,4.673349857330322,,,213.477836470844,-4.661198379264937,311.6271920400193,1.4543704059388902,,,-5.7856903076171875
actor_critic,,2,472,8.935716464846944,9,0.005693912506103516,4.679191827774048,,,213.9878757281436,-2.6949652466509075,309.546913861711,1.455678595436944,,,-5.814801534016927
actor_critic,,2,473,7.676699414502178,8,0.0049588680267333984,4.6843039989471436,,,248.80645565339364,-5.728487140731886,363.62133748224005,1.4579301923513412,,,-6.640341281890869
actor_critic,,2,474,8.662186162810057,9,0.005667924880981445,4.690155982971191,,,214.57517574427442,-2.2209723407609596,309.7087770777806,1.4633861912621393,,,-5.831790500217014
actor_critic,,2,475,7.361245543297288,8,0.0049343109130859375,4.695219039916992,,,240.87293018959463,-2.2724468363448977,347.3505290711764,1.4691812545061111,,,-6.678188323974609
actor_critic,,2,476,7.422149837463458,8,0.004944324493408203,4.700353145599365,,,232.21194564399775,-10.406651389785111,346.5980142945209,1.4727074205875397,,,-6.589486122131348
actor_critic,,2,477,9.036104950824544,9,0.005571126937866211,4.706044912338257,,,235.85250395950345,-10.19970834834708,351.5031637026825,1.473856806755066,,,-5.60984632703993
actor_critic,,2,478,8.866033295116816,9,0.005537986755371094,4.711754083633423,,,209.4899608799153,-12.995854450596703,317.8368895409189,1.4723072979185317,,,-5.695176866319445
actor_critic,,2,479,9.171469414890216,9,0.005674123764038086,4.717559099197388,,,226.28367187082767,-2.7956015511105456,327.25610792559263,1.4708475139405992,,,-5.708572811550564
actor_critic,,2,480,7.353749877021624,8,0.0048732757568359375,4.722519159317017,8.0774860606387,0.544819531528201,242.60286028846167,-4.687135124346241,353.27142844297487,1.4697825610637665,,,-6.512507915496826
actor_critic,,2,481,7.481965530299528,8,0.005533933639526367,4.7332658767700195,,,222.70713181979954,-14.695782620925456,339.14703643333814,1.470636636018753,,,-6.455135345458984
actor_critic,,2,482,7.449575608597705,8,0.005150794982910156,4.738563776016235,,,211.7420260666404,-7.338534770067781,312.97224491182715,1.472475603222847,,,-6.364278316497803
actor_critic,,2,483,8.947689236581367,9,0.005621910095214844,4.74431586265564,,,185.85593470931053,-1.870853295756711,268.18114402310715,1.4754564099841647,,,-5.528935326470269
actor_critic,,2,484,7.2142348553159925,8,0.004871845245361328,4.749330997467041,,,203.74244024511427,-7.9481871605385095,302.415197591763,1.4768763333559036,,,-6.414996147155762
actor_critic,,2,485,8.937132122199317,9,0.0055882930755615234,4.755052089691162,,,182.26730384636255,-5.133277108271916,267.71512675590606,1.4782819880379572,,,-5.4919179280598955
actor_critic,,2,486,7.539854744877136,8,0.00492095947265625,4.760108947753906,,,190.6067143450491,-22.638299137353897,304.63574235519627,1.4788400679826736,,,-6.294122219085693
actor_critic,,2,487,7.572864809715974,8,0.005007266998291016,4.765269041061401,,,211.9485867995536,-2.2794016511179507,306.03998300791864,1.479520559310913,,,-6.294104099273682
actor_critic,,2,488,7.4595937173731794,8,0.004908084869384766,4.770308971405029,,,210.05928115686402,-7.064791476121172,310.17724528885446,1.4785363525152206,,,-6.339073181152344
actor_critic,,2,489,8.853143603791935,9,0.005671977996826172,4.77613091468811,,,236.68119058344098,-3.0260850704378552,342.43898679316044,1.4775996738009982,,,-5.6128184000651045
actor_critic,,2,490,7.420405376344357,8,0.004976034164428711,4.781255006790161,,,208.64815095625818,-13.125518642365932,316.81952499329054,1.4777410626411438,,,-6.450077056884766
actor_critic,,2,491,9.119689525778401,9,0.005747079849243164,4.787142038345337,,,189.88529478427438,-9.614371193365919,284.9995210841298,1.4788516097598605,,,-5.557646009657118
actor_critic,,2,492,8.956816977251183,9,0.0055637359619140625,4.792827844619751,,,199.0907196352879,-2.4239998151444726,287.87818530988363,1.4782086213429768,,,-5.6184539794921875
actor_critic,,2,493,7.544012640092585,8,0.004825115203857422,4.79778790473938,,,225.46960547054186,-4.612409749999642,328.68859180877917,1.4764670431613922,,,-6.489361763000488
actor_critic,,2,494,8.991226556594203,9,0.005571126937866211,4.803497076034546,,,195.89535909063287,-10.307613210545647,294.5756808196505,1.4778691397772894,,,-5.734818352593316
actor_critic,,2,495,8.82179789659076,9,0.005548954010009766,4.809147834777832,,,209.70706980271885,-4.452584449408783,305.9423660029554,1.480779276953803,,,-5.818616655137804
actor_critic,,2,496,9.164742716811789,9,0.005584001541137695,4.814920902252197,,,217.67984497381582,-1.692908611562517,313.38965827154203,1.482301288180881,,,-5.8044412400987415
actor_critic,,2,497,7.367517048690462,8,0.004870891571044922,4.819972991943359,,,233.83740203699563,-4.874401179375127,341.0168806782458,1.483951821923256,,,-6.592770576477051
actor_critic,,2,498,8.8857573132708,9,0.0054628849029541016,4.825684070587158,,,210.14344335088714,-4.963621969852182,307.29581716977475,1.486815955903795,,,-5.6975525750054254
actor_critic,,2,499,7.651288272073525,8,0.004956960678100586,4.830773115158081,,,221.25021188892424,-10.915638589300215,331.66548543020326,1.4889797270298004,,,-6.482220649719238
actor_critic,,2,500,8.935593696187595,9,0.005624055862426758,4.836503744125366,7.526011554185753,0.0639783517568233,205.7602050134705,-2.4834967479109764,297.4909968471103,1.4920869006050959,,,-5.60780504014757
actor_critic,,2,501,8.661882625374188,9,0.00560307502746582,4.847093105316162,,,183.71650790862947,-23.064709327287144,295.4017409266348,1.49464131726159,,,-5.591213226318359
actor_critic,,2,502,7.5617622290144,8,0.00493621826171875,4.852151155471802,,,229.09480506088585,-4.382379953749478,333.53884535118414,1.497158169746399,,,-6.346173286437988
actor_critic,,2,503,7.385204359613568,8,0.004998207092285156,4.857346057891846,,,229.94392262469046,-2.73677298030816,332.4010054321134,1.4996375739574432,,,-6.346000671386719
actor_critic,,2,504,7.352237513159308,8,0.005051851272583008,4.862546920776367,,,228.00460204761475,-4.503804839216173,332.1548698350816,1.5012044459581375,,,-6.358351707458496
actor_critic,,2,505,6.181567099241269,7,0.0042819976806640625,4.866957902908325,,,266.4745092461152,-2.4688118225229636,384.2047439916413,1.5027964285441808,,,-7.378090449741909
actor_critic,,2,506,7.657847280215057,8,0.005029201507568359,4.8721160888671875,,,224.92694922801456,-5.851434600306675,329.68340738071856,1.504375472664833,,,-6.282630443572998
actor_critic,,2,507,7.370558312536295,8,0.004949808120727539,4.87718391418457,,,227.35797139792703,-4.4637681224849075,331.17391973391204,1.505507081747055,,,-6.35565185546875
actor_critic,,2,508,7.158597595200823,8,0.0048749446868896484,4.882181882858276,,,224.10017915337812,-7.824182915966958,331.3205337307445,1.5057237595319748,,,-6.3790693283081055
actor_critic,,2,509,9.06440861802649,9,0.005932807922363281,4.8882598876953125,,,233.0586190254738,-0.22158260891834894,333.25744289872495,1.5052462551328871,,,-5.56627697414822
actor_critic,,2,510,7.314719949667783,8,0.005002021789550781,4.893399953842163,,,226.18700251774862,-4.936951333191246,330.17709451180417,1.505588859319687,,,-6.426274299621582
actor_critic,,2,511,7.287244674932599,8,0.005258083343505859,4.898838043212891,,,212.1859746449627,-17.880571649875492,328.666511602416,1.5065977424383163,,,-6.409189224243164
actor_critic,,2,512,7.470094829737895,8,0.005015134811401367,4.9040069580078125,,,215.09800218965393,-15.321941523812711,329.1713557881012,1.50796639919281,,,-6.4377570152282715
actor_critic,,2,513,7.30124348277416,8,0.004938840866088867,4.909229755401611,,,223.02302698674612,-6.977133716689423,328.5716522921721,1.5101023763418198,,,-6.454546928405762
actor_critic,,2,514,8.853691141544873,9,0.005868196487426758,4.915237903594971,,,206.91191941799804,-1.5362612365020647,297.78311875969587,1.51215394337972,,,-5.664424472384983
actor_critic,,2,515,7.497329278220476,8,0.0049591064453125,4.92038106918335,,,217.80033454904333,-13.631076255813241,330.6162967981654,1.5136493891477585,,,-6.516979217529297
actor_critic,,2,516,7.245276782479681,8,0.0050318241119384766,4.92554497718811,,,216.42138131242245,-12.927327843382955,327.641011712185,1.5134029388427734,,,-6.4351654052734375
actor_critic,,2,517,7.561301003574144,8,0.004762887954711914,4.930457830429077,,,218.7366838445887,-8.738542089704424,324.9646210047358,1.5137928426265717,,,-6.352396488189697
actor_critic,,2,518,7.508904991464547,8,0.005215883255004883,4.935786008834839,,,217.9494707986014,-8.66591941518709,323.736269555724,1.5159697830677032,,,-6.382819175720215
actor_critic,,2,519,8.714288261090358,9,0.005553007125854492,4.941509962081909,,,196.45011648734928,-4.814049313879675,287.5202545465759,1.5176452265845404,,,-5.584555308024089
actor_critic,,2,520,7.469307654221306,8,0.0048639774322509766,4.946506023406982,7.801108823117834,0.5416498208360434,215.2817796783056,-12.939272126648575,326.03007018908283,1.5178535431623459,,,-6.4066996574401855
actor_critic,,2,521,8.837554793301061,9,0.005797147750854492,4.957202911376953,,,197.24729966517123,-2.023597245622012,284.67270473090724,1.5176358487870958,,,-5.527866363525391
actor_critic,,2,522,8.96592799872026,9,0.005704164505004883,4.963073015213013,,,198.0391238000658,-1.0283918964366119,284.382174705325,1.519325892130534,,,-5.531077490912543
actor_critic,,2,523,7.4204432352528205,8,0.005113124847412109,4.968317985534668,,,222.4293272390496,-3.295958455884829,322.4646954248474,1.522635504603386,,,-6.323049545288086
actor_critic,,2,524,8.728794807822648,9,0.005624055862426758,4.9741010665893555,,,196.96420887112617,-0.9499181780136294,282.7344553190843,1.5269761615329318,,,-5.531896803114149
actor_critic,,2,525,9.028834724350185,9,0.005482912063598633,4.979726791381836,,,193.691452447325,-3.674383658501837,281.95119891240677,1.531319604979621,,,-5.5101746453179254
actor_critic,,2,526,8.928559414158231,9,0.005763053894042969,4.98573899269104,,,199.42709963021076,-0.08882801607251167,285.0227573905916,1.5344865322113037,,,-5.527136908637153
actor_critic,,2,527,9.25572774538723,9,0.005712985992431641,4.991597890853882,,,195.2743579571446,-3.6309374446670213,284.1504169166389,1.5378628042009141,,,-5.522155337863499
actor_critic,,2,528,10.678083689784948,10,0.006126880645751953,4.997893810272217,,,164.51655135676265,-14.386737303622066,255.576135808033,1.541074514389038,,,-4.906013107299804
actor_critic,,2,529,10.795817161342638,10,0.006294965744018555,5.004335880279541,,,174.19934686087072,-5.772373820468784,257.10245833920783,1.5434285759925843,,,-4.949744033813476
actor_critic,,2,530,9.120142056458471,9,0.005467891693115234,5.0099358558654785,,,188.6007960041364,-14.578423424727387,290.25603744394095,1.5448624028099909,,,-5.670488993326823
actor_critic,,2,531,10.882942700975871,10,0.006125211715698242,5.016204118728638,,,179.85245494544506,-1.4442450754344462,258.9952735408209,1.54571293592453,,,-5.049765014648438
actor_critic,,2,532,14.804786686187999,12,0.00741887092590332,5.023778915405273,,,142.67347618316612,-10.931171923254928,219.43522382092974,1.5476615230242412,,,-3.988697369893392
actor_critic,,2,533,25.01181400665214,17,0.010650873184204102,5.03457498550415,,,102.8473444361897,-5.251051149824086,154.42628688622705,1.5484605396495146,,,-2.4060756458955654
actor_critic,,2,534,22.934324374770824,16,0.010033130645751953,5.044766902923584,,,115.78937895852141,-8.318478452740237,177.29693706467515,1.545113891363144,,,-2.7440366744995117
actor_critic,,2,535,21.478473523552527,15,0.009224891662597656,5.0541510581970215,,,1036.555108091235,-28.53821482161681,1521.561895718674,1.5395576397577921,,,-3.0756098429361978
actor_critic,,2,536,19.560328805562143,14,0.008664131164550781,5.062976121902466,,,159.01699777053935,-13.518734743020364,246.4796194498028,1.5380954486983163,,,-3.56817136492048
actor_critic,,2,537,19.015992033335124,14,0.0087738037109375,5.071940898895264,,,168.4324506797961,-22.5973080439227,272.899643562335,1.5371742418834142,,,-3.7768541063581194
actor_critic,,2,538,16.944736399988365,13,0.008026838302612305,5.080134868621826,,,218.04619485712968,-2.623125411283511,315.2418954918304,1.534942205135639,,,-4.245873084435096
actor_critic,,2,539,12.844486835231141,11,0.006849050521850586,5.087125062942505,,,256.25794036280024,-7.675901299173182,377.048349254045,1.532605062831532,,,-5.426381197842685
actor_critic,,2,540,12.750001700739794,11,0.006838083267211914,5.094096899032593,14.06310944038078,0.894322871104825,260.29985274374485,-8.299669417806648,383.71360428089446,1.5312248251654885,,,-5.562252391468395
actor_critic,,2,541,17.046123193562167,13,0.008414030075073242,5.109184980392456,,,219.8970808483517,-6.061391965271189,322.7978266577881,1.527304695202754,,,-4.550611642690805
actor_critic,,2,542,12.57659523178308,11,0.006849050521850586,5.116181135177612,,,251.8533044745299,-25.09770062261007,395.6443072443151,1.5253995982083408,,,-5.747194463556463
actor_critic,,2,543,12.524364741090631,11,0.006863832473754883,5.123206853866577,,,263.87125474756414,-24.8490666907958,412.45762967436826,1.5279774557460437,,,-5.785273465243253
actor_critic,,2,544,15.141469161855857,12,0.007442951202392578,5.130800008773804,,,261.44396117764217,-1.0547615587711334,374.99815738920006,1.5319264034430187,,,-5.183860143025716
actor_critic,,2,545,21.46273638255578,15,0.009299993515014648,5.1402587890625,,,204.83783981204033,-0.8670988495151202,293.86419507010527,1.534996223449707,,,-3.862446085611979
actor_critic,,2,546,21.34342478472333,15,0.009181976318359375,5.149600028991699,,,213.8618913128972,-4.9848003223538395,312.63812807612123,1.5362594604492188,,,-3.8989227294921873
actor_critic,,2,547,32.67503035964601,21,0.012915849685668945,5.162664890289307,,,77.35890618285963,-1.25413982073466,112.30435768941727,1.5304643937519617,,,-2.5010377793085006
actor_critic,,2,548,35.91194689917645,23,0.014318227767944336,5.177143096923828,,,68.6238217205214,-5.749783412998785,106.2480059033285,1.5221070673154748,,,-2.272168864374575
actor_critic,,2,549,34.05609592109006,22,0.013339996337890625,5.190636873245239,,,62.54366415434263,-2.415148502046412,92.79830431777306,1.5178852135484868,,,-2.4326695528897373
actor_critic,,2,550,31.880421934928908,21,0.012778997421264648,5.203572034835815,,,52.698034860903306,-2.635529153226387,79.04795237112835,1.5183467013495309,,,-2.6734986078171503
actor_critic,,2,551,33.855860557010445,22,0.01355433464050293,5.217281103134155,,,156.33062151286074,-6.446885019032792,232.53930032258623,1.5159612081267617,,,-2.5445067665793677
actor_critic,,2,552,21.27332105879648,15,0.009144783020019531,5.226574897766113,,,237.84670234620572,-0.596769779920578,340.6335272320236,1.519151751200358,,,-4.574998982747396
actor_critic,,2,553,23.480932162868207,16,0.00970005989074707,5.236438989639282,,,113.63984816614538,-5.836768625304103,170.68088521785103,1.523734837770462,,,-4.171713590621948
actor_critic,,2,554,21.4562345421309,15,0.009510993957519531,5.246119022369385,,,219.98339382583896,-8.25002780954043,326.0477520254441,1.5254229386647542,,,-4.777860514322916
actor_critic,,2,555,19.006882882855763,14,0.008611917495727539,5.254906892776489,,,300.53542937458093,-14.35763207929475,449.84725370963235,1.525188411985125,,,-5.3585968017578125
actor_critic,,2,556,23.52945575596129,16,0.009926080703735352,5.264991998672485,,,108.81646210514009,-10.580194408074021,170.5666571718175,1.5239904001355171,,,-4.540858507156372
actor_critic,,2,557,21.33202885446601,15,0.009240865707397461,5.274423837661743,,,211.79470237791537,-2.9408983359734218,306.7651604648059,1.5238412857055663,,,-5.283854166666667
actor_critic,,2,558,25.081213437837,17,0.010395050048828125,5.284981966018677,,,90.95322414706735,-6.17663510428632,138.7569465667338,1.5258747549617993,,,-4.460442038143382
actor_critic,,2,559,35.35662399275863,23,0.014003992080688477,5.299154996871948,,,65.8849802106295,-4.050230846942767,99.9074466637261,1.5266027398731397,,,-3.1586139513098677
actor_critic,,2,560,33.541685394442965,22,0.013545036315917969,5.312940835952759,33.6610380453861,0.21482236438261862,63.93585428815674,-6.2764290754937315,100.30326635255055,1.5247421210462397,,,-3.384606274691495
actor_critic,,2,561,33.79842664774067,22,0.013615131378173828,5.337165117263794,,,53.11587419767272,-10.901720417494124,91.45371301522987,1.5240874507210471,,,-3.269782846624201
actor_critic,,2,562,38.53584350040358,25,0.015076875686645508,5.352378845214844,,,99.67707964420319,-0.7705275177955627,143.49658722862603,1.523180274963379,,,-2.7055953979492187
actor_critic,,2,563,36.53293535000517,24,0.014574050903320312,5.367125988006592,,,108.18393445185696,-6.678651325559865,164.0894140787835,1.5221449832121532,,,-2.95979897181193
actor_critic,,2,564,36.43323830376732,24,0.014489173889160156,5.381792068481445,,,58.28130353793191,-4.281782837662225,89.37583506636535,1.5186105420192082,,,-2.9923926989237466
actor_critic,,2,565,33.58888153560659,22,0.013469219207763672,5.3954267501831055,,,77.63597815136679,-1.665246925909411,113.28746154218574,1.5211657935922795,,,-3.27978532964533
actor_critic,,2,566,21.417524631619248,15,0.009302139282226562,5.404898166656494,,,129.03280304670335,-6.772596782445907,194.00772465616464,1.5241879940032959,,,-5.160209655761719
actor_critic,,2,567,23.1070879547182,16,0.009913921356201172,5.414968967437744,,,124.61271875025705,-3.357926396187395,182.81520878412994,1.528448961675167,,,-4.822376489639282
actor_critic,,2,568,32.37677568083301,21,0.012874126434326172,5.428001165390015,,,76.14109907037623,-6.354625329818754,117.85103965072804,1.5318791752769834,,,-3.286757151285807
actor_critic,,2,569,25.107750968382803,17,0.010352134704589844,5.438496112823486,,,116.73079616839395,-5.0714525145423766,174.0032108933699,1.5285698385799633,,,-4.3524688271915215
actor_critic,,2,570,21.53145855528537,15,0.009367227554321289,5.4480390548706055,,,138.85350525615115,-3.5954754542559386,203.49855436626822,1.5265219688415528,,,-5.059301503499349
actor_critic,,2,571,23.415699813043748,16,0.009763956069946289,5.457928895950317,,,111.01765192754101,-12.10892763058655,175.89511611884518,1.5257876515388489,,,-4.454524517059326
actor_critic,,2,572,17.289229429941475,13,0.00797414779663086,5.466048955917358,,,179.35291292117194,-6.045715302515489,264.85517101104443,1.522809698031499,,,-5.61705310528095
actor_critic,,2,573,17.265241257214317,13,0.008195161819458008,5.474472999572754,,,179.3233760893345,-7.083503446899927,266.29555090975305,1.522455362173227,,,-5.4489132807804985
actor_critic,,2,574,32.15829224314257,21,0.01275491714477539,5.4873809814453125,,,68.75069371952365,-7.432184274884916,108.83267915000518,1.5181818803151448,,,-2.7495696658179876
actor_critic,,2,575,21.408625345319464,15,0.009279012680053711,5.49685001373291,,,138.40767255624135,-3.392768360177676,202.5720614850521,1.5124887466430663,,,-4.280793253580729
actor_critic,,2,576,17.06534658746115,13,0.007924079895019531,5.50493597984314,,,188.97949001078422,-5.275541585082045,277.50720611730446,1.5124244965039766,,,-4.931811112623948
actor_critic,,2,577,14.74247942237736,12,0.007206916809082031,5.512316942214966,,,211.66152849731347,-1.9558076437873144,305.16763981160085,1.5142881572246552,,,-5.18946901957194
actor_critic,,2,578,15.099824861333614,12,0.007651805877685547,5.520111799240112,,,197.57965179315457,-7.627674262970686,293.15334096490795,1.5141841371854146,,,-4.95420519510905
actor_critic,,2,579,19.37039825484491,14,0.008664131164550781,5.528949022293091,,,151.90347030492765,-12.258694722716298,234.51739452007627,1.511500631059919,,,-3.9590952736990794
actor_critic,,2,580,19.184907702773376,14,0.008683919906616211,5.537805080413818,19.704418144548043,0.7587124137908787,161.55127050381685,-7.225383356479662,241.10951065152352,1.509347072669438,,,-4.009379795619419
actor_critic,,2,581,23.049158814209814,16,0.01000523567199707,5.555469036102295,,,116.39135526964674,-2.8178398341406137,170.298845651796,1.5067916512489319,,,-3.4631965160369873
actor_critic,,2,582,33.602153984656105,22,0.0135650634765625,5.569176912307739,,,65.54826395213604,-2.7320154570043087,97.5432578468145,1.5032557303255254,,,-2.166810295798562
actor_critic,,2,583,30.21403856143146,20,0.012063980102539062,5.581407070159912,,,69.2756531778723,-3.4537132965400814,103.89909241450951,1.5018403768539428,,,-2.569116973876953
actor_critic,,2,584,32.11814531908793,21,0.012720823287963867,5.594267845153809,,,65.3454437436802,-2.4607194417289326,96.86595151772988,1.497521576427278,,,-2.4401232401529946
actor_critic,,2,585,30.092978370418,20,0.012340068817138672,5.606760025024414,,,69.58854467347264,-3.3494010962545873,104.19706901954487,1.4953826308250426,,,-2.6564052581787108
actor_critic,,2,586,30.86468950702164,20,0.012362957000732422,5.619248867034912,,,67.02475090101362,-5.260067171044648,103.26402192283422,1.4872021138668061,,,-2.6563087463378907
actor_critic,,2,587,22.99580514509871,16,0.01022791862487793,5.629610061645508,,,99.14612630056217,-5.946065951138735,150.13170341201476,1.4834878891706467,,,-3.7811203002929688
actor_critic,,2,588,21.432532692811908,15,0.009804964065551758,5.639555931091309,,,121.21065485030412,-8.180845521887143,184.84499794493118,1.4829696973164876,,,-4.1053209940592446
actor_critic,,2,589,30.238708040016157,20,0.013375282287597656,5.653143882751465,,,74.68476990237832,-2.221900149062276,109.86666941111908,1.4818594396114348,,,-2.783613586425781
actor_critic,,2,590,34.515427134648625,23,0.01524496078491211,5.668576002120972,,,61.922345513073,-5.171837900076872,95.84883249421482,1.4807864479396655,,,-2.316650390625
actor_critic,,2,591,35.32973227376689,23,0.014077186584472656,5.682816982269287,,,63.63994026637596,-7.810089740416278,102.07147203871737,1.4780966665433801,,,-2.353904392408288
actor_critic,,2,592,32.35415864287617,21,0.01291966438293457,5.695897817611694,,,83.72499375471047,-0.1628031036151307,119.83971146378843,1.4725795473371233,,,-2.8517379760742188
actor_critic,,2,593,33.36215326199971,22,0.013485908508300781,5.70953893661499,,,85.82100922699001,-7.775867942043326,133.70982659506527,1.4688704230568626,,,-2.908127177845348
actor_critic,,2,594,33.22279585791142,22,0.013210058212280273,5.722903728485107,,,89.9404544994362,-7.1093341102823615,138.64255651793792,1.4639324708418413,,,-2.8716995932839136
actor_critic,,2,595,30.36408379894263,20,0.012195110321044922,5.735291957855225,,,108.73784773591906,-3.9038900123909115,160.91676956373558,1.464606875181198,,,-3.3396148681640625
actor_critic,,2,596,35.416757728092094,23,0.013759136199951172,5.749215126037598,,,81.08991169285677,-12.978051414794248,134.3828011669583,1.4636995636898538,,,-2.7928392161493716
actor_critic,,2,597,36.67611116776895,24,0.01440286636352539,5.763780832290649,,,91.43080367272098,-3.6528956079079458,135.8338579193569,1.4621684104204178,,,-2.8095059394836426
actor_critic,,2,598,37.10992070135686,24,0.014409065246582031,5.778331995010376,,,95.72007205958168,-2.255547802817697,139.96516925275014,1.4566137591997783,,,-2.952505588531494
actor_critic,,2,599,36.36015549767232,24,0.014518022537231445,5.7930848598480225,,,95.90449788033341,-2.308682155640175,140.30454738958846,1.4566314021746318,,,-2.9639153480529785
actor_critic,,2,600,41.04064487468301,25,0.015027999877929688,5.808284044265747,45.97364232286406,4.045762812139771,123.60511907603592,-0.3859594926983118,177.13011615969472,1.4624606132507325,,,-2.760808868408203
actor_critic,,2,601,49.86721691787059,30,0.01835012435913086,5.839488983154297,,,157.36109793980916,-1.6316720683127641,227.13252740626532,1.4653286258379619,,,-2.6842300415039064
actor_critic,,2,602,29.202916598923395,19,0.011436700820922852,5.851096868515015,,,238.94895125356945,-4.428982312742033,347.6827774499298,1.465402603149414,,,-4.782316107498972
actor_critic,,2,603,32.48742466187947,21,0.012552022933959961,5.863821029663086,,,195.17023660694915,-21.50406116868059,309.534715403714,1.4653000207174391,,,-4.127334958031064
actor_critic,,2,604,32.615503165975355,21,0.012878894805908203,5.876847982406616,,,201.70327179062934,-4.046179577708244,293.9277938703696,1.462715705235799,,,-4.165034339541481
actor_critic,,2,605,32.76685336430383,21,0.012532949447631836,5.889548063278198,,,198.93495390362418,-5.843924740329385,292.5412428830861,1.4570355869474865,,,-4.167830694289434
actor_critic,,2,606,32.66683622569805,21,0.012951135635375977,5.902694940567017,,,197.4116661704722,-4.585866763566931,288.5679150990188,1.4459639049711681,,,-4.274688720703125
actor_critic,,2,607,34.08980675588094,22,0.013455867767333984,5.916306018829346,,,174.4338780386818,-3.7462507314472036,254.54304219302932,1.4360963864759966,,,-4.1821583834561435
actor_critic,,2,608,33.806204396522425,22,0.013286828994750977,5.92975378036499,,,173.9900734108788,-1.3805916316129945,250.5295276697725,1.4388601238077336,,,-4.259843652898615
actor_critic,,2,609,34.266650151749374,22,0.013265848159790039,5.943163871765137,,,157.52731125556272,-5.044430978765542,232.2453348616731,1.439855315468528,,,-4.21196885542436
actor_critic,,2,610,37.22339321666118,24,0.014542102813720703,5.9578540325164795,,,130.390133260012,-4.016623826775079,192.00966517955385,1.4384793986876805,,,-3.78269100189209
actor_critic,,2,611,35.011564172473655,23,0.01392674446105957,5.97194504737854,,,142.9699391030261,-5.828584792497366,212.5693087380825,1.4352156131163887,,,-3.9845982427182407
actor_critic,,2,612,36.88489153121685,24,0.014406204223632812,5.986518144607544,,,135.3729412660614,-10.038879399963966,207.73117134862696,1.4337264746427536,,,-3.8501303990681968
actor_critic,,2,613,37.11326705615787,24,0.01437997817993164,6.001132011413574,,,154.14855136159653,-4.611199346914266,226.79964255264107,1.4291432152191799,,,-3.9230918884277344
actor_critic,,2,614,33.49257468932609,22,0.013155221939086914,6.0144641399383545,,,163.99964586319402,-8.942741878923368,247.06056067781702,1.425537954677235,,,-4.2976979342373935
actor_critic,,2,615,35.01419696128324,23,0.013889074325561523,6.028545141220093,,,166.63547048515275,-6.690775907962866,247.60893626094278,1.418098439341006,,,-4.1422119140625
actor_critic,,2,616,34.96676353183995,23,0.013998985290527344,6.042727947235107,,,165.42069309382984,-6.9584251223536935,246.25588731172382,1.412706178167592,,,-4.20735035771909
actor_critic,,2,617,36.85764776092904,24,0.014563798904418945,6.057443857192993,,,173.01203641031557,-3.2556175474698343,251.81093009425481,1.4121359586715698,,,-4.183289210001628
actor_critic,,2,618,36.85159212497052,24,0.014453887939453125,6.072054147720337,,,162.0233350401589,-9.127038785566887,244.50052895730673,1.4147882113854091,,,-4.138078371683757
actor_critic,,2,619,37.34266223573261,25,0.01488804817199707,6.08710789680481,,,125.38381572986953,-4.847418099269271,186.04461798745442,1.4186465215682984,,,-3.80353271484375
actor_critic,,2,620,38.20423668217133,25,0.014915943145751953,6.102169990539551,38.320506242756025,0.26087143526050655,88.98613426927477,-18.128085800558328,153.02032251850702,1.4229681158065797,,,-3.618672332763672
actor_critic,,2,621,40.500726441780785,26,0.01625823974609375,6.129817962646484,,,112.71850512234064,-4.188877792885671,167.01054275181377,1.4210334099256074,,,-3.181006358220027
actor_critic,,2,622,38.56390683606243,25,0.01503610610961914,6.145014047622681,,,54.33901528537273,-5.501953811347485,85.4870980580151,1.4191408634185791,,,-3.3896351623535157
actor_critic,,2,623,41.959594517843236,27,0.016100168228149414,6.161288022994995,,,13.24233307606644,-4.315564349845603,25.082709614256466,1.4186037867157548,,,-2.4191277821858725
actor_critic,,2,624,41.55560809402568,27,0.01622295379638672,6.177670001983643,,,22.60497544857639,-2.3269139230251312,35.616985459398066,1.4146277948662087,,,-2.325127433847498
actor_critic,,2,625,40.89292002498874,27,0.01592087745666504,6.193751811981201,,,75.93434605457716,-6.263307946561663,117.42522457040225,1.4175139047481395,,,-2.7116980420218573
actor_critic,,2,626,42.379258194383624,27,0.016390085220336914,6.210283994674683,,,84.41555836562205,-3.1326853730888278,125.06891436500612,1.4177530385829784,,,-2.874830312199063
actor_critic,,2,627,43.358625204218065,28,0.017032861709594727,6.227464914321899,,,94.73325797809022,-3.993991868304355,141.038930857288,1.4133799246379308,,,-2.9959962368011475
actor_critic,,2,628,41.69214068190072,27,0.01622796058654785,6.243849992752075,,,87.02129914946164,-10.989095374527905,140.0148462309239,1.4091332885954115,,,-2.997390870694761
actor_critic,,2,629,40.962498675582864,26,0.015440940856933594,6.259439945220947,,,97.21409951268623,-4.399245750803787,145.1619255497689,1.411746268089001,,,-3.4175178087674656
actor_critic,,2,630,36.40776807870927,24,0.01450490951538086,6.274097919464111,,,128.82950012882552,-5.889023589901626,192.45504384239516,1.4192405045032501,,,-3.73317289352417
actor_critic,,2,631,35.94698843365196,23,0.013916015625,6.288182973861694,,,118.53640184357114,-7.991667903554828,180.7543918668576,1.4196691409401272,,,-3.811769153760827
actor_critic,,2,632,34.269863320351185,22,0.013428926467895508,6.301768064498901,,,125.70377766815099,-6.6861253876916384,189.1284352974458,1.4190266674215144,,,-4.188893578269265
actor_critic,,2,633,36.93285230554755,24,0.014628887176513672,6.316536903381348,,,94.60432948792975,-7.072002425789833,145.2519069071859,1.4126029660304387,,,-3.3219879468282065
actor_critic,,2,634,35.29357274460326,23,0.013790130615234375,6.330467939376831,,,103.47385458518629,-1.9466904511918193,150.60078337918156,1.405670404434204,,,-3.349140333092731
actor_critic,,2,635,30.667874804713726,20,0.012070178985595703,6.342667102813721,,,88.17424727752805,-3.995873312279582,131.67160173547455,1.404451185464859,,,-3.596744346618652
actor_critic,,2,636,25.094731364235603,17,0.010226011276245117,6.353048801422119,,,177.32776777533923,-3.0942194781759205,257.7456888648517,1.4041649734272676,,,-4.434923508588006
actor_critic,,2,637,25.335397749710637,17,0.010657072067260742,6.363844871520996,,,191.26038590818644,0.9218233407420271,271.9122305405052,1.4072098381379072,,,-3.8975937787224266
actor_critic,,2,638,25.080958263407346,17,0.010334968566894531,6.374297857284546,,,108.17706002305974,-6.311175980331266,163.55462174227134,1.411830705754897,,,-3.8916480120490577
actor_critic,,2,639,18.898141064274963,14,0.00867605209350586,6.383104085922241,,,250.67936186173134,-10.143988773226738,372.604779017557,1.4091260603496008,,,-4.849670955113003
actor_critic,,2,640,16.477902250214186,13,0.007892131805419922,6.391138076782227,17.03715928301188,0.11702642822184467,257.6248297231415,-27.47985500541444,407.2924295454286,1.4068059921264648,,,-5.261083162747896
actor_critic,,2,641,17.167602879760086,13,0.008268117904663086,6.406714916229248,,,288.05836082006306,-1.9532061403330703,414.3022307284006,1.403458127608666,,,-5.4404766376201925
actor_critic,,2,642,19.281179568964852,14,0.00857686996459961,6.415437936782837,,,267.4539991963123,-8.731653695659977,394.55094733115817,1.4035248586109705,,,-4.957157679966518
actor_critic,,2,643,21.400273540965337,15,0.009300947189331055,6.4248998165130615,,,229.07951542387406,-8.851219842334588,339.9010731761654,1.4037366310755413,,,-4.524138895670573
actor_critic,,2,644,17.07043317169039,13,0.008114814758300781,6.433175802230835,,,323.49176414941365,0.8497513641531651,460.91716742461836,1.404531790659978,,,-5.5386786827674275
actor_critic,,2,645,19.11027646981487,14,0.008506059646606445,6.441847085952759,,,312.92413433534756,-2.5330145997660503,450.6530520846136,1.4058755040168762,,,-5.322904859270368
actor_critic,,2,646,21.457899073519048,15,0.009226799011230469,6.451228857040405,,,254.82284993330637,-4.355679652715723,370.25505274434886,1.4053892294565837,,,-5.19622802734375
actor_critic,,2,647,23.294346046860927,16,0.0098419189453125,6.461239814758301,,,139.50924360292265,-11.571068317862228,215.82901737699285,1.4070954844355583,,,-4.803387403488159
actor_critic,,2,648,25.085370238865885,17,0.01020503044128418,6.471608877182007,,,98.95802130747367,-2.347481018699267,144.7221443873474,1.408112315570607,,,-4.4552302641027115
actor_critic,,2,649,25.363617606328653,17,0.01029515266418457,6.482061147689819,,,108.27754181886421,-10.03147086939391,169.01287624283748,1.412529047797708,,,-4.282662784352022
actor_critic,,2,650,27.09742162503317,18,0.010833978652954102,6.493062973022461,,,86.29678092069096,-1.34430912292252,125.20155779730219,1.410207490126292,,,-4.082069820827908
actor_critic,,2,651,32.575647118678624,21,0.012923717498779297,6.506141901016235,,,50.306351990926835,-5.721385671269326,80.03962810310934,1.414543969290597,,,-2.950797512417748
actor_critic,,2,652,35.41704188259656,23,0.013807058334350586,6.520106077194214,,,100.539166248363,-3.3842381837413362,148.46200468164423,1.415969781253649,,,-2.817038815954457
actor_critic,,2,653,38.64679957576126,25,0.015239953994750977,6.535507917404175,,,107.673662353158,1.1902257308363915,152.11919426493347,1.4166591787338256,,,-2.4971347427368165
actor_critic,,2,654,37.934349615253645,25,0.015166997909545898,6.550893783569336,,,84.42321928843856,-10.264684368297457,135.2684369800985,1.4181020069122314,,,-2.595994400978088
actor_critic,,2,655,31.737934538040577,21,0.012642621994018555,6.5636937618255615,,,127.28373077618224,-4.72652746577348,188.58609539968893,1.4151016246704828,,,-3.651746165184748
actor_critic,,2,656,29.21407856064723,19,0.01152801513671875,6.575383901596069,,,87.82680625899842,-9.70893636385077,139.33677802842698,1.4144216713152433,,,-3.9108075593647205
actor_critic,,2,657,29.350658566760924,19,0.011595010757446289,6.587154865264893,,,89.2104283047742,-0.24689617439320213,127.7961808811187,1.4145754512987638,,,-3.4148559695795964
actor_critic,,2,658,33.65736999592511,22,0.01338505744934082,6.600718975067139,,,58.469675698740915,-2.55689732527191,87.18081657918678,1.417425968430259,,,-2.9498693726279517
actor_critic,,2,659,34.53637068204905,23,0.030776023864746094,6.63165283203125,,,30.198502601974685,-6.295313240150395,52.13402261018105,1.4182011303694353,,,-2.9414100646972656
actor_critic,,2,660,34.98525864819171,23,0.01970815658569336,6.651607036590576,36.28989565710682,0.35142061887999604,47.71230121863925,-3.3467718178163404,72.9415341793438,1.4176388564317122,,,-2.8532854577769404
actor_critic,,2,661,37.10053051775252,25,0.01547694206237793,6.678094863891602,,,162.53265794277192,-15.736356688067318,254.6700244391337,1.4191394329071045,,,-2.2775336647033693
actor_critic,,2,662,35.8759579771072,23,0.013896942138671875,6.692154884338379,,,22.3342296688453,-2.904382651914721,36.055160245331734,1.4278063152147376,,,-2.206081053485041
actor_critic,,2,663,36.285145876700554,24,0.014480113983154297,6.706812858581543,,,79.1339387871946,-4.219819502594571,119.07680304056073,1.435951605439186,,,-1.8699550454815228
actor_critic,,2,664,35.11456628140426,23,0.013929367065429688,6.720909118652344,,,12.515811699422319,-1.623228598062111,20.198629107377517,1.4426380136738652,,,-1.8512536079987236
actor_critic,,2,665,36.53471968511917,24,0.01445913314819336,6.735541105270386,,,68.11337133993705,0.0370976614455382,97.25182171383251,1.4461122502883275,,,-1.276541531085968
actor_critic,,2,666,37.118653142469576,24,0.014396905899047852,6.750108003616333,,,21.25474413911191,-2.1876338540265956,33.48911246362453,1.446697900692622,,,-0.9634130497773489
actor_critic,,2,667,34.082210852999246,23,0.013885021209716797,6.764178991317749,,,16.251974074898854,-0.949222121225751,24.57313765102552,1.4467323966648267,,,-0.7351555824279785
actor_critic,,2,668,34.61230130393456,23,0.013816118240356445,6.778207063674927,,,16.904267047977317,0.46085048426428565,23.490595639647875,1.4483247114264446,,,-0.39979555295861285
actor_critic,,2,669,30.35558492797155,20,0.012035846710205078,6.790487766265869,,,16.638506054133178,-0.6208685591816903,24.656249845772983,1.4474878013134003,,,-0.38912091255187986
actor_critic,,2,670,30.769615721389542,20,0.012111186981201172,6.802771091461182,,,11.11144387871027,0.29670624807477,15.44962466701254,1.448282814025879,,,-0.2565601825714111
actor_critic,,2,671,32.551284325268576,21,0.012708187103271484,6.815623044967651,,,19.761303019665537,-2.522425616869614,31.833898654296284,1.447175559543428,,,-0.11717909858340309
actor_critic,,2,672,32.442052916899755,21,0.012689352035522461,6.828468084335327,,,12.565521274294172,0.05776742717162484,17.86821950333459,1.4503356218338013,,,-0.11431085495721727
actor_critic,,2,673,28.805566426971943,19,0.011538982391357422,6.840143918991089,,,28.54138254413479,1.1846843573607897,39.080998260086695,1.4548941725178768,,,-0.30115027176706416
actor_critic,,2,674,27.310671685100456,18,0.011008024215698242,6.851314067840576,,,26.926075248668592,0.4739197488460276,37.78879423563679,1.4522050155533686,,,-0.5229802661471896
actor_critic,,2,675,25.204095478148613,17,0.010182857513427734,6.861679792404175,,,31.111440039732877,-0.22629568901132135,44.76819322625285,1.44405856553246,,,-0.8716607935288373
actor_critic,,2,676,25.07524847128475,17,0.010377883911132812,6.87225079536438,,,34.41730911153204,-0.2438215522424263,49.51590404210283,1.437548321836135,,,-1.2946817734662224
actor_critic,,2,677,27.461342174714424,18,0.010926008224487305,6.883330821990967,,,35.690162095137765,0.12460855084160964,50.80793396450786,1.4360702766312494,,,-1.139412562052409
actor_critic,,2,678,25.128835859536064,17,0.010447978973388672,6.8939409255981445,,,37.68360109364285,-1.9196310106884031,56.576043399817806,1.432636155801661,,,-1.658910639145795
actor_critic,,2,679,27.102738312778683,18,0.011060953140258789,6.905173063278198,,,48.71710307896137,-0.9691426714675294,70.98035286035802,1.4298750228352017,,,-1.7531903584798176
actor_critic,,2,680,27.105644422124534,18,0.010760068893432617,6.91612696647644,26.989427772128757,0.18935927054212948,47.71989901984731,-2.111650742176506,71.18792810736016,1.4249660571416218,,,-1.9215664333767362
actor_critic,,2,681,29.99540171901003,20,0.012579917907714844,6.937763929367065,,,28.383552794903515,-2.2050672680139543,43.69802989657037,1.421443486213684,,,-1.9374211311340332
actor_critic,,2,682,26.889622879815644,18,0.010974884033203125,6.948891878128052,,,56.313979180529714,-6.304708422058159,89.4552693484972,1.4188668661647372,,,-2.732815424601237
actor_critic,,2,683,26.560054828417076,18,0.011600017547607422,6.960584878921509,,,51.337138363677596,-8.924967124230331,86.08872291901369,1.4133840004603069,,,-2.9987650977240667
actor_critic,,2,684,34.24067529479367,22,0.013405323028564453,6.974167108535767,,,26.387348255650565,-3.696401029994542,42.976784292947166,1.4037509018724614,,,-2.29421667619185
actor_critic,,2,685,35.052609417119335,23,0.014046907424926758,6.98836088180542,,,27.880224556743126,-3.301508709302415,44.54533342717458,1.3986024752907131,,,-2.2599491451097573
actor_critic,,2,686,35.8627572898065,24,0.014501810073852539,7.003033876419067,,,38.23153778600196,-0.7158733823647102,55.63915808506621,1.3995357006788254,,,-2.1723148822784424
actor_critic,,2,687,36.1077310688255,24,0.01454305648803711,7.01774001121521,,,36.35010151192546,-1.6092752665281296,54.227681775111705,1.4050482561190922,,,-2.09619132677714
actor_critic,,2,688,39.49980160853837,26,0.015688180923461914,7.03358006477356,,,40.02853143816957,-1.7972015651086202,59.75104798970278,1.4065005733416631,,,-2.0118755927452674
actor_critic,,2,689,36.5507680056957,24,0.014627933502197266,7.048378944396973,,,49.05271565999525,-0.43561694856422645,70.69761805824237,1.4054839809735615,,,-2.5100828806559243
actor_critic,,2,690,38.349023754163056,25,0.015299081802368164,7.06384801864624,,,94.04727335883304,-6.206183210909367,143.21922335603276,1.4023063135147096,,,-2.496303939819336
actor_critic,,2,691,39.78076181019681,26,0.015631914138793945,7.079652786254883,,,91.28131541036643,-1.3932255580304906,132.39220323170034,1.3949698759959295,,,-2.5205678206223707
actor_critic,,2,692,62.418762896672284,40,0.02378106117248535,7.1035919189453125,,,116.74941261787899,-0.6028314618393779,167.64606160799158,1.3917798012495042,,,-1.2946120262145997
actor_critic,,2,693,33.11867770904529,27,0.016052961349487305,7.1198248863220215,,,66.02526632613606,-5.125105841292275,101.64339207871645,1.3880920145246718,,,-2.875745561387804
actor_critic,,2,694,41.48308886210558,27,0.016585826873779297,7.13658595085144,,,90.92096610657043,-2.2907610800531177,133.15961096630673,1.3887808367058083,,,-2.5555328086570457
actor_critic,,2,695,38.70292234829745,27,0.016196727752685547,7.152943849563599,,,61.77381479703925,-4.978081677936846,95.35985467321007,1.3938100691194888,,,-2.678752757884838
actor_critic,,2,696,40.54310368285989,27,0.01619410514831543,7.16930890083313,,,55.80545079583923,-3.1764532449068845,84.2598669503781,1.393223179711236,,,-2.5126300387912326
actor_critic,,2,697,40.99024932763616,27,0.01622772216796875,7.1857008934021,,,35.45949765708711,-1.6502623179996456,53.01394264967422,1.3932317760255601,,,-2.3143701906557435
actor_critic,,2,698,39.20322721817186,25,0.014997005462646484,7.2008819580078125,,,36.74974152270705,-1.9674043283611535,55.31020825875923,1.4005506229400635,,,-2.630457992553711
actor_critic,,2,699,40.12603566515377,25,0.014828920364379883,7.215874910354614,,,35.13321262218058,-3.035827021151781,54.52719968643039,1.4076145744323731,,,-2.5792782211303713
actor_critic,,2,700,36.442757214394284,23,0.013847827911376953,7.2299017906188965,37.295626485322416,0.5808260498772875,42.456006169157185,-2.645329198759535,64.4304792935297,1.4101885038873423,,,-2.771420312964398
actor_critic,,2,701,37.751456596665754,24,0.014697074890136719,7.255853891372681,,,68.02652672119439,-1.1607121791069706,98.83891539353256,1.4097435176372528,,,-2.088000535964966
actor_critic,,2,702,39.66920046537345,25,0.015097856521606445,7.271119832992554,,,143.58978748485447,4.545184492990375,198.63514682002366,1.4166781663894654,,,-1.88081974029541
actor_critic,,2,703,38.34582628559329,24,0.01464223861694336,7.285952091217041,,,163.39487621869193,1.5944140569772571,231.14351513424967,1.427331805229187,,,-2.4822456439336142
actor_critic,,2,704,39.9144893095953,25,0.015377044677734375,7.301501035690308,,,149.31079296976327,4.198755159378051,207.3029078729544,1.4410739183425902,,,-2.5662324714660643
actor_critic,,2,705,39.15220751930196,25,0.015034914016723633,7.3167009353637695,,,149.17617705494166,-1.5190387220680714,215.27888586753048,1.4515718221664429,,,-2.764271354675293
actor_critic,,2,706,40.50165224434313,26,0.015481948852539062,7.332345962524414,,,147.7886985897158,-9.319917616362755,224.44088454974386,1.4522943863501916,,,-2.810548892387977
actor_critic,,2,707,38.873993740980374,25,0.015162944793701172,7.347681999206543,,,167.58007250882685,-4.240520200058818,245.45799649489112,1.4487175703048707,,,-2.985410671234131
actor_critic,,2,708,39.57811900226015,25,0.015166997909545898,7.3630149364471436,,,188.10930806040764,4.0291829448938365,262.9716118047759,1.4411268377304076,,,-3.308154373168945
actor_critic,,2,709,40.25542278822512,26,0.01563405990600586,7.378809928894043,,,184.46147278707045,2.662195791132175,259.71324624930725,1.446537210391118,,,-3.29526556455172
actor_critic,,2,710,40.329855365207585,26,0.015744924545288086,7.3947060108184814,,,194.27211116727156,-8.029819707171274,289.0027570370585,1.4522491418398344,,,-3.306101578932542
actor_critic,,2,711,39.81176862156755,26,0.015858888626098633,7.410738945007324,,,182.29157323547855,1.945571253577677,257.63715412592194,1.4522597056168776,,,-3.037796607384315
actor_critic,,2,712,38.88517755472935,25,0.01524972915649414,7.426162004470825,,,141.6816829958558,-1.808424749970436,204.98586882450618,1.4486039113998412,,,-3.1317616271972657
actor_critic,,2,713,42.126690432553474,27,0.016368865966796875,7.44269585609436,,,146.68247839967134,-3.903516999963257,215.1228497828857,1.4492121625829626,,,-2.7372250733552157
actor_critic,,2,714,40.138661652843915,26,0.015714168548583984,7.458582162857056,,,118.69256573596682,3.4862747340678024,164.58041860298488,1.4524235037656932,,,-2.6995249528151293
actor_critic,,2,715,40.42192104906664,26,0.015806913375854492,7.474543809890747,,,91.2541114977346,2.0166729665719547,127.48205604289586,1.4611155619988074,,,-2.217357635498047
actor_critic,,2,716,42.05902144333143,27,0.01635599136352539,7.491071939468384,,,48.82053699178828,-3.700015550962201,75.0293638898659,1.4682156024155792,,,-2.0619145146122686
actor_critic,,2,717,42.4141000115214,28,0.016837120056152344,7.508074998855591,,,52.861778202067526,-5.328584630574499,83.12909164705447,1.4620877163750785,,,-2.1812805448259627
actor_critic,,2,718,45.140983241564044,29,0.017302989959716797,7.525540828704834,,,34.14214129077977,-5.6862440330201185,56.89769393925009,1.4540534964923202,,,-1.6491350634344693
actor_critic,,2,719,45.22680835223902,30,0.01828312873840332,7.543982982635498,,,101.48339239954949,-1.7674781118830045,147.50124208841783,1.4534497102101644,,,-1.7525898615519206
actor_critic,,2,720,42.15450930938623,28,0.017096996307373047,7.56125807762146,42.23765564640314,0.5331393299816001,126.61653418732541,-4.0808903843696624,186.7106063310057,1.4517345769064767,,,-1.7457304682050432
actor_critic,,2,721,41.739800877623175,28,0.01758122444152832,7.590679168701172,,,140.12979622171926,0.5119031191404376,199.4541466412172,1.4470978081226349,,,-1.5161422320774622
actor_critic,,2,722,44.35096551693077,31,0.01881122589111328,7.609663009643555,,,126.92995612467489,-5.047883332256348,188.53977595242642,1.4390824225641066,,,-1.3142482388404109
actor_critic,,2,723,44.810135473625806,30,0.017956018447875977,7.627784967422485,,,91.9543322702249,-4.565292439982295,137.885180673562,1.4347899238268533,,,-1.2432261149088542
actor_critic,,2,724,47.23478885943034,31,0.018707990646362305,7.646655082702637,,,85.17994062914964,-3.6744302555678354,126.93481934354537,1.42903684800671,,,-1.2431134254701677
actor_critic,,2,725,49.36069962207855,33,0.019599199295043945,7.666433095932007,,,45.88176264862219,-0.20081851834600623,65.832258529566,1.4248628507960925,,,-1.0537569450609612
actor_critic,,2,726,171.54253927898924,87,0.05179715156555176,7.718367099761963,,,247.39742451180416,2.1034925267442888,350.41988788990454,1.4172875936003937,,,-0.3017958279313712
actor_critic,,2,727,171.3178886300433,87,0.05165576934814453,7.770196914672852,,,270.49968772677,-0.5765175516877709,387.2517015416304,1.4039693152767487,,,-0.7551876375044899
actor_critic,,2,728,169.33182108216423,86,0.05058884620666504,7.820978879928589,,,313.23148033780933,-3.2424241035613557,452.10558750790943,1.402671712775563,,,-1.1459512045217115
actor_critic,,2,729,169.65030871468426,85,0.05002784729003906,7.871181964874268,,,353.85456900516084,-2.5004820861141472,509.0786502131179,1.3873274101930506,,,-1.3497866462258732
actor_critic,,2,730,38.31472796979954,24,0.01469111442565918,7.886045932769775,,,1222.9222805343259,-16.38527972297743,1770.4393919711486,1.3747409482796986,,,-5.571365674336751
actor_critic,,2,731,21.680915052650708,15,0.00903010368347168,7.895231008529663,,,1026.2294138709703,-17.920535212755205,1491.6428308447203,1.3648537079493204,,,-8.970272827148438
actor_critic,,2,732,21.657556039735812,15,0.009243249893188477,7.904642105102539,,,1159.3673543016116,4.563064382597804,1649.7204157474762,1.3599618037541708,,,-9.389518229166667
actor_critic,,2,733,19.47213979749762,14,0.008754968643188477,7.91356086730957,,,807.0707930837359,-26.662723267051792,1191.047812300069,1.3632083705493383,,,-10.219316755022321
actor_critic,,2,734,12.730456045158114,11,0.006868124008178711,7.920589923858643,,,933.2848071110519,-1.7248960697854108,1335.7281421910632,1.362512772733515,,,-13.001699967817826
actor_critic,,2,735,12.813519426489961,11,0.006821155548095703,7.927561044692993,,,965.5299533063716,-18.467324103482746,1405.710455398668,1.3608370152386753,,,-12.72969540682706
actor_critic,,2,736,10.878209410377568,10,0.006184101104736328,7.933881998062134,,,1057.8852676041424,-2.052585778944194,1514.1969974301348,1.3564096331596374,,,-13.45406494140625
actor_critic,,2,737,9.249647515650672,9,0.0055828094482421875,7.939661741256714,,,1076.9842492441337,-12.482888640628921,1556.3816050298306,1.3537693288591173,,,-14.816058688693577
actor_critic,,2,738,8.996071700724036,9,0.00551605224609375,7.9453089237213135,,,914.7687211930752,-1.358501543601354,1308.7531402475304,1.356983568933275,,,-14.12048594156901
actor_critic,,2,739,10.842181178670922,10,0.006164073944091797,7.951653003692627,,,720.9131246171892,-8.91009468510747,1042.6045860929414,1.36330908536911,,,-11.985604095458985
actor_critic,,2,740,12.79911948236704,11,0.006636142730712891,7.958430051803589,12.764708562314066,0.10912885251303472,623.9196792217818,-12.355743872679092,908.9649139425971,1.3684290647506714,,,-10.677597739479758
actor_critic,,2,741,12.852754688570434,11,0.007035732269287109,7.971932888031006,,,657.162584358657,-11.6126839437268,955.3932331760668,1.3696881207552822,,,-10.265430797230113
actor_critic,,2,742,19.410674559893984,14,0.008671998977661133,7.980729818344116,,,541.2867010589689,-12.878972344765705,791.6653010713843,1.369033430303846,,,-7.758189610072544
actor_critic,,2,743,21.003569296083633,15,0.009176969528198242,7.9900758266448975,,,473.80347543979684,-9.683443457633256,690.6956213783473,1.3683480898539224,,,-7.017558288574219
actor_critic,,2,744,21.52448793150899,15,0.009134054183959961,7.999360084533691,,,474.31989046533903,-17.839476382297775,703.0848143833534,1.3638525009155273,,,-6.757415262858073
actor_critic,,2,745,29.421387528149666,19,0.011799097061157227,8.011323928833008,,,1359.4091316907127,-2.349766460198321,1945.3698152019642,1.358146397691024,,,-5.55482964766653
actor_critic,,2,746,34.40824755927836,22,0.013386011123657227,8.024872064590454,,,1203.691654030403,-0.3778150575235486,1720.0992631890854,1.354671749201688,,,-5.191007093949751
actor_critic,,2,747,38.55646661127427,24,0.014606952667236328,8.039675951004028,,,1108.2892766981386,-2.8115032685454935,1587.2867883046758,1.3569429566462834,,,-4.803829828898112
actor_critic,,2,748,40.244385631356586,25,0.015336990356445312,8.055176019668579,,,994.997294691673,-51.949348924309014,1495.638070073137,1.3586567449569702,,,-5.004183959960938
actor_critic,,2,749,38.98150555716088,24,0.014503002166748047,8.069853067398071,,,1084.4530112926925,-1.430346382316202,1551.2619142595602,1.359133169054985,,,-5.573354721069336
actor_critic,,2,750,25.36657493248314,17,0.010626077651977539,8.080727100372314,,,1505.6228622829212,-14.673250434481922,2171.851608858389,1.3556953317978804,,,-8.708886539234834
actor_critic,,2,751,21.224575780456238,15,0.00904226303100586,8.089931011199951,,,1280.4631301998472,-6.427819357129435,1838.415601939351,1.3489331086476644,,,-10.58592529296875
actor_critic,,2,752,27.13623182650824,18,0.011148929595947266,8.101231813430786,,,1414.1258398282032,-12.147313912502593,2037.5330735619386,1.3491940233442519,,,-8.968109130859375
actor_critic,,2,753,34.78893229466001,22,0.013410091400146484,8.114817142486572,,,1163.222595187158,-19.617453522218224,1689.7715072193796,1.3485037792812695,,,-7.621760281649503
actor_critic,,2,754,36.21173934024759,23,0.013779163360595703,8.12874698638916,,,1096.971484278936,-25.990655460921317,1604.2316476638005,1.345798575359842,,,-7.522802601689878
actor_critic,,2,755,42.7227376410438,26,0.01587820053100586,8.144788980484009,,,994.7337551835316,-1.6548850487989302,1423.412393624554,1.3491721932704632,,,-6.851060720590445
actor_critic,,2,756,48.79042629354625,29,0.01771402359008789,8.162678956985474,,,887.2212341150333,-4.905461097457286,1274.4667232752745,1.3476282892556026,,,-6.205056552229257
actor_critic,,2,757,42.19158931101124,26,0.015826940536499023,8.178671836853027,,,978.7197618071491,-11.551874361287515,1414.6738132096182,1.3514489348118122,,,-7.0166179950420675
actor_critic,,2,758,27.06525232198045,18,0.011295080184936523,8.190123081207275,,,1375.4192120311263,-36.38259665347222,2016.8598827821615,1.352125393019782,,,-9.949120415581596
actor_critic,,2,759,27.06484001528276,18,0.011060953140258789,8.201351881027222,,,1407.8477278711896,0.29375194013118744,2010.7914155039211,1.3539565205574036,,,-10.135821872287327
actor_critic,,2,760,21.310349468976565,15,0.00942087173461914,8.210914850234985,21.376549110976566,0.14281374993010967,1687.8132049984608,-6.177410432696343,2419.986692744618,1.3560375452041626,,,-12.48524881998698
actor_critic,,2,761,23.03167117708795,16,0.009939908981323242,8.228740930557251,,,1511.8963744840585,-40.27356324275024,2217.3855412789853,1.354168489575386,,,-11.713106155395508
actor_critic,,2,762,23.138992161339193,16,0.00976109504699707,8.238665103912354,,,1506.3761909027817,-0.631603496382013,2152.8682649704424,1.3534648418426514,,,-11.63137149810791
actor_critic,,2,763,36.456440319487434,23,0.014106988906860352,8.252944946289062,,,1093.598647384135,-3.633481230829721,1567.4744940654516,1.353628625040469,,,-8.096005647078805
actor_critic,,2,764,42.626989514459105,27,0.016366004943847656,8.269460916519165,,,923.4151692936817,-2.557527831859059,1322.8181095895943,1.3533956739637587,,,-6.938205295138889
actor_critic,,2,765,218.39196840755793,97,0.05774807929992676,8.327378988265991,,,38.14813007529556,-4.461799307899146,60.871329825594735,1.3767365880848206,,,-1.3821521247785116
actor_critic,,2,766,178.7560675639856,85,0.05059313774108887,8.3781259059906,,,309.9074263398611,-3.8756130848299053,448.2615118269562,1.365718814905952,,,-2.029073558134191
actor_critic,,2,767,175.13014721292504,84,0.049941301345825195,8.428173065185547,,,318.9968181469123,-1.0412344115209722,457.19721395586663,1.3616433342297871,,,-2.1286802746000744
actor_critic,,2,768,173.66018415108272,86,0.05055999755859375,8.478893756866455,,,315.2971463506706,-3.6042458879176613,455.57343239584117,1.3624843248101168,,,-2.1557977365892986
actor_critic,,2,769,167.9023301307472,86,0.05082106590270996,8.529887914657593,,,319.88828679834774,-0.6480999374112417,457.9091445099492,1.3593752120816431,,,-2.222540567087573
actor_critic,,2,770,171.6496944821455,85,0.050466060638427734,8.580551862716675,,,323.1310272672049,-1.4340503537260434,463.6644122982973,1.3662212231579949,,,-2.2037132711971505
actor_critic,,2,771,119.40651819801985,67,0.03988313674926758,8.620618104934692,,,404.3259438849819,-1.935284920008992,580.3731652565315,1.3847232701173469,,,-3.0328847401177703
actor_critic,,2,772,61.053401488085235,36,0.021490097045898438,8.64228105545044,,,730.3637759817971,-24.99109417368244,1079.0784232926026,1.4018189277913835,,,-5.448379940456814
actor_critic,,2,773,66.78914232238125,39,0.023481130599975586,8.66595196723938,,,683.9679461471402,-8.12561837502588,988.7051388506527,1.4148754584483612,,,-5.04136227338742
actor_critic,,2,774,78.30093256689933,45,0.026949167251586914,8.693077087402344,,,587.3971325283663,-4.648685222284661,845.7797957553631,1.4214379866917928,,,-4.334757147894965
actor_critic,,2,775,61.94255316784991,36,0.021617889404296875,8.714873790740967,,,725.8667080570012,-9.931408667109078,1051.140190975941,1.4283703433142767,,,-5.41278076171875
actor_critic,,2,776,76.22967155858468,44,0.026315927505493164,8.741368770599365,,,586.7105892239647,-11.345866772642529,854.3663861199431,1.428626843474128,,,-4.45965541492809
actor_critic,,2,777,64.84351459442496,38,0.02293229103088379,8.764471054077148,,,680.3042244788406,-5.6524191999464835,979.9380606763114,1.4384574639169794,,,-5.112080222681949
actor_critic,,2,778,72.263949869258,42,0.02510380744934082,8.789743900299072,,,609.6008420866204,-6.040613623291609,879.4878237562841,1.4447161157925923,,,-4.606900169735863
actor_critic,,2,779,67.27947270686292,39,0.023813962936401367,8.813731908798218,,,656.7833806423901,-3.224529831455304,942.8684906116986,1.4485769944313245,,,-4.929009070763221
actor_critic,,2,780,169.0105639499355,85,0.050444841384887695,8.864354848861694,173.58023699391032,1.474158564560726,300.5526336858172,-0.51538856266176,430.0971799274496,1.4490369207718794,,,-2.1054251278147977
actor_critic,,2,781,150.48861513306304,75,0.045228004455566406,8.946621894836426,,,344.6458258987808,0.00413580817480882,492.34528813383855,1.4437964280446371,,,-2.4178342692057293
actor_critic,,2,782,106.24909206983119,58,0.034621238708496094,8.981420040130615,,,447.5448985335835,-4.129768534467138,645.249507846086,1.4490177384738265,,,-3.3637766344793913
actor_critic,,2,783,84.49893003414145,46,0.0274960994720459,9.009093999862671,,,566.125633934619,-3.1868499973383932,813.3035510339997,1.4608902050101238,,,-4.180092521335768
actor_critic,,2,784,92.24906412458749,51,0.03025984764099121,9.039523839950562,,,504.7053163698783,-5.8600902578921295,729.3791502962144,1.468665648909176,,,-3.765598072725184
actor_critic,,2,785,122.73304485644336,63,0.03748202323913574,9.077176809310913,,,409.12310767079157,-11.750810674317773,601.2484550394583,1.4685905963655501,,,-2.9281807551308283
actor_critic,,2,786,117.20060680041222,64,0.037863731384277344,9.115218877792358,,,405.2329696330344,-1.4097173139598453,580.9181597002062,1.464731840416789,,,-2.9985265731811523
actor_critic,,2,787,114.80025407579453,63,0.03734898567199707,9.152740955352783,,,404.5604668435241,-3.472343306249333,582.9040065471098,1.4777245899987599,,,-3.040411328512525
actor_critic,,2,788,124.16506458839612,67,0.03958606719970703,9.192559957504272,,,356.5629109665404,-3.6240976926550936,514.5528680843253,1.4941340364626985,,,-2.745203502142607
actor_critic,,2,789,159.92485081917033,79,0.0467681884765625,9.239509105682373,,,286.61927782381366,-1.6876344639760783,411.8670076232498,1.5074006394494939,,,-2.078560937809039
actor_critic,,2,790,124.88603402355918,67,0.03958892822265625,9.279278993606567,,,339.9731420435206,-6.570871436912844,495.0628882405216,1.515101379422999,,,-2.6858240383774485
actor_critic,,2,791,109.76126951865295,60,0.03570270538330078,9.315170764923096,,,390.8005062417438,-0.3193546859547496,558.7426696226428,1.5227766851584117,,,-3.107624308268229
actor_critic,,2,792,80.79603421969634,44,0.02603006362915039,9.341377019882202,,,530.4505181995072,-5.236532413316044,765.2672819316292,1.5401247360489585,,,-4.25080698186701
actor_critic,,2,793,63.32584360365472,35,0.020776033401489258,9.362329959869385,,,670.8237716105899,-3.280582624088441,963.0062435680402,1.5461262362343924,,,-5.339886038643973
actor_critic,,2,794,68.41542804263484,37,0.022099971771240234,9.384597063064575,,,628.9761328788323,-8.651002876863286,910.895867209397,1.5468113132425256,,,-5.002203451620566
actor_critic,,2,795,82.11218541749712,45,0.026748180389404297,9.411530017852783,,,516.9669695396183,-6.597391250481208,747.9490636037042,1.5473209778467814,,,-4.15232679578993
actor_critic,,2,796,70.59261581250162,39,0.02313399314880371,9.434834957122803,,,602.6037443099806,-3.6194715827512436,866.0331873700846,1.5578602369015033,,,-4.806764651567508
actor_critic,,2,797,70.75103433434028,39,0.02315998077392578,9.45817494392395,,,604.3962792635788,-3.6136882388247895,868.5856972603987,1.5691916698064559,,,-4.82260014460637
actor_critic,,2,798,67.42753784973516,45,0.026652812957763672,9.48500108718872,,,768.2464493817546,-1.1905862719234492,1099.1957377675972,1.5798908021714952,,,-3.992553721533881
actor_critic,,2,799,72.14676312846153,40,0.023624897003173828,9.508813858032227,,,587.4441226988565,-4.935341101000086,846.2563741369464,1.5885119080543517,,,-4.677853393554687
actor_critic,,2,800,48.64496911312471,35,0.020622730255126953,9.529615879058838,78.96350739111395,5.227738198651232,192.0400448387888,-7.946584714470165,285.6951820612885,1.5928447587149483,,,-4.659597662517003
actor_critic,,2,801,72.1619477787252,39,0.02368307113647461,9.571489095687866,,,606.3777419438777,-8.596392930031588,878.5345181723734,1.6013661898099458,,,-4.77024410932492
actor_critic,,2,802,69.04732653676615,38,0.02293086051940918,9.594589948654175,,,594.6899894273007,-33.622518426591625,897.5892739711439,1.6064712969880355,,,-4.982464840537624
actor_critic,,2,803,60.140598922406376,33,0.019813060760498047,9.614593029022217,,,713.5898441553793,-13.704114162222002,1038.9914411049633,1.6077280044555664,,,-5.755714185310133
actor_critic,,2,804,48.52465260054889,27,0.01607203483581543,9.630836009979248,,,882.7195861717618,-8.424678648097647,1273.0632884338222,1.6120808256997003,,,-7.05962230541088
actor_critic,,2,805,57.024595291257896,31,0.018834829330444336,9.649836778640747,,,766.6254441757357,-12.32034063255114,1112.779721259883,1.6160194104717625,,,-6.128372684601815
actor_critic,,2,806,50.891726600678325,28,0.0167849063873291,9.666790008544922,,,859.0584504229149,-7.353281040210277,1237.7310522047171,1.6171775885990687,,,-6.82493645804269
actor_critic,,2,807,50.192447795130235,28,0.016807079315185547,9.683787107467651,,,866.7017946139177,-2.5436083490162025,1241.779141237768,1.618747626032148,,,-6.850900377546038
actor_critic,,2,808,59.377260267660844,33,0.019884824752807617,9.703837871551514,,,735.3064443343742,-3.0442455206630807,1054.7866981488187,1.6275636680198438,,,-5.8153973203716856
actor_critic,,2,809,52.748975776001735,29,0.017396926879882812,9.721406936645508,,,833.7484073003047,-7.229446374393743,1201.3970028243173,1.6380959009302074,,,-6.572866505589978
actor_critic,,2,810,58.0617547267452,32,0.019643306732177734,9.74122405052185,,,754.0314471026941,-9.672550125455018,1091.005724243434,1.6461901478469372,,,-6.009565830230713
actor_critic,,2,811,54.51539073503183,30,0.018057823181152344,9.759448766708374,,,792.4446595594908,-23.925750857405365,1166.2434760272736,1.6464620312054952,,,-6.39883778889974
actor_critic,,2,812,54.507805597087035,30,0.01798224449157715,9.777590036392212,,,794.724734576807,-21.981224545898538,1166.722782479956,1.6502491235733032,,,-6.343681844075521
actor_critic,,2,813,48.384797316544606,27,0.016408920288085938,9.79417896270752,,,896.8393470522844,-9.526814174458936,1294.8088227427581,1.6546573859673959,,,-7.039916427047165
actor_critic,,2,814,53.814470541412994,30,0.017871856689453125,9.812206983566284,,,802.7205567805951,-13.857735659368336,1166.5404355166324,1.6592441240946452,,,-6.3374170939127605
actor_critic,,2,815,49.140631210518286,27,0.016073226928710938,9.828459978103638,,,893.567278966894,-7.310981646180153,1286.9689663361016,1.6617170483977706,,,-6.9734536630136
actor_critic,,2,816,49.495797445319596,28,0.01678633689880371,9.845420837402344,,,866.1027583556715,-8.446116985753179,1249.3554843772686,1.6599628499576025,,,-6.721790313720703
actor_critic,,2,817,66.70258229678824,37,0.022076845169067383,9.867645978927612,,,659.5141228068576,-8.22058508197802,953.9067078980089,1.6623404219343856,,,-5.049559722075591
actor_critic,,2,818,52.7907873380281,29,0.017306804656982422,9.885114908218384,,,843.1545820013171,-14.639085997859466,1225.4195864185258,1.6676678739745041,,,-6.4739795553273165
actor_critic,,2,819,50.22823169822297,28,0.016689062118530273,9.901962995529175,,,882.9643192417986,-9.418830645071077,1274.8330357464813,1.671438455581665,,,-6.748255048479352
actor_critic,,2,820,50.182694821715025,28,0.01682567596435547,9.918949842453003,50.326900845612826,0.689297733914431,888.2464227247173,-5.676369457372597,1277.0325939003046,1.6750723464148385,,,-6.798738207135882
actor_critic,,2,821,46.4360087400119,26,0.015963077545166016,9.94774603843689,,,947.8466631687747,-16.44706529063674,1377.5624544690274,1.6800886759391198,,,-7.3010699932391825
actor_critic,,2,822,42.92055612919817,24,0.014586925506591797,9.96250295639038,,,1023.3734835213594,-5.088161800056696,1469.230969750536,1.685458282629649,,,-7.893882115681966
actor_critic,,2,823,44.48575162546796,25,0.014956951141357422,9.977613925933838,,,985.3136346362531,-11.279087719917298,1423.7039584860113,1.6891709899902343,,,-7.56975341796875
actor_critic,,2,824,46.24467771087341,26,0.015596151351928711,9.99337100982666,,,940.5020255080174,-21.335757225751877,1374.0540229495919,1.6965605937517607,,,-7.293251037597656
actor_critic,,2,825,48.285897663385626,27,0.016192913055419922,10.009731769561768,,,905.0096950539629,-24.123637721149457,1327.3334268404567,1.6964212302808408,,,-7.05128648546007
actor_critic,,2,826,44.56566311320008,25,0.015259027481079102,10.025162935256958,,,988.9064560104162,-17.033735680654644,1437.0575014607516,1.7014349174499512,,,-7.627040405273437
actor_critic,,2,827,44.24852435430945,25,0.014837026596069336,10.040171146392822,,,1001.1240295475069,-6.464885263442993,1439.4128045184445,1.7084130668640136,,,-7.6750946044921875
actor_critic,,2,828,47.040823895410014,26,0.01578807830810547,10.056131839752197,,,964.085895128978,-4.697897437744989,1383.9768859331693,1.7173969653936534,,,-7.357933044433594
actor_critic,,2,829,45.07066559171549,25,0.01517796516418457,10.071510076522827,,,988.9819298308715,-16.405029253363608,1436.2670983574073,1.7265252542495728,,,-7.660625610351563
actor_critic,,2,830,50.28286849662385,28,0.01701188087463379,10.08866000175476,,,889.8802867549655,-5.52519337686577,1279.1507807280036,1.7363921063286918,,,-6.824409484863281
actor_critic,,2,831,50.278509914944415,28,0.01683211326599121,10.105669975280762,,,876.297168681531,-15.422278519719839,1273.884913990141,1.7491485263620103,,,-6.793764386858259
actor_critic,,2,832,49.74235966293841,28,0.017101764678955078,10.122947931289673,,,885.5858648086765,-7.010901404611234,1275.1382408779298,1.7623986176082067,,,-6.771482740129743
actor_critic,,2,833,55.00190920907668,30,0.018010854721069336,10.14111590385437,,,822.3370826921115,-12.371865482379993,1192.4413562849784,1.767039660612742,,,-6.267325846354167
actor_critic,,2,834,58.353214140748605,32,0.019243955612182617,10.160531044006348,,,774.8241790861357,-10.286815142841078,1121.5872291588166,1.7716853469610214,,,-5.8813581466674805
actor_critic,,2,835,59.50446345276221,33,0.02028799057006836,10.180989980697632,,,732.2516308235089,-30.465792881550662,1089.5963518113094,1.7758681846387459,,,-5.714562155983665
actor_critic,,2,836,54.30584611130785,30,0.017913103103637695,10.199058055877686,,,824.9817562161635,-15.153772650162379,1200.1936815477363,1.7788439035415649,,,-6.28023427327474
actor_critic,,2,837,50.91217896919919,28,0.01693415641784668,10.216139078140259,,,885.9651050368391,-17.09865395185937,1290.0911415653204,1.7839920009885515,,,-6.756628308977399
actor_critic,,2,838,58.24193639070879,32,0.019486188888549805,10.235777139663696,,,782.5779684680456,-10.68374627851881,1133.231091092166,1.7907109297811985,,,-5.936820030212402
actor_critic,,2,839,60.353561589365896,33,0.01972484588623047,10.255639791488647,,,761.4053738286232,-9.15419314429164,1100.7994307987603,1.802041075446389,,,-5.757266882694129
actor_critic,,2,840,69.64245876867525,38,0.022575855255126953,10.278361797332764,64.16046207549395,3.191093470332574,666.8895150245424,-3.2577975739381815,957.3533249960808,1.807158162719325,,,-4.99727389686986
actor_critic,,2,841,69.8389019370477,38,0.0234067440032959,10.317399740219116,,,658.1039166221515,-13.90520719247625,960.013018875726,1.8138361667331897,,,-4.988853454589844
actor_critic,,2,842,62.47903483967536,34,0.0201570987701416,10.337695121765137,,,748.3781835403335,-5.079356615376823,1076.3679102748865,1.8128404231632458,,,-5.574631186092601
actor_critic,,2,843,68.82198580912802,38,0.02257513999938965,10.36041808128357,,,653.6770444364091,-20.007525752984773,962.4065605066043,1.8180093639775325,,,-5.047539961965461
actor_critic,,2,844,77.16068654515361,42,0.02517223358154297,10.385730028152466,,,583.7676883933791,-26.900742755315843,872.3834855262401,1.8229062528837294,,,-4.543811979747954
actor_critic,,2,845,74.30128385348313,41,0.024375200271606445,10.410262107849121,,,617.1778194577058,-7.83551826555191,892.8762114138979,1.8266057066801118,,,-4.679629814334032
actor_critic,,2,846,54.70660376452456,30,0.018104076385498047,10.4285409450531,,,849.390374410688,-5.8102268426368635,1221.7151274963437,1.8368853171666464,,,-6.310862731933594
actor_critic,,2,847,56.25899433650167,31,0.018713951110839844,10.447425127029419,,,810.2346733945963,-17.29434853503781,1182.184337858291,1.846018002879235,,,-6.1300654257497476
actor_critic,,2,848,49.30209362479072,27,0.016250133514404297,10.46383810043335,,,939.9664140720334,-8.284336374520704,1354.6440218909022,1.8471741720482155,,,-7.07306812427662
actor_critic,,2,849,52.08703576160312,29,0.017243146896362305,10.48122501373291,,,873.1996657163655,-12.894961278628687,1265.8495236612807,1.8518130244879887,,,-6.595116450868804
actor_critic,,2,850,52.348019479013466,29,0.017671823501586914,10.499066829681396,,,874.8992943923182,-12.540385052240614,1267.7710076249525,1.8540097433945228,,,-6.574751755286908
actor_critic,,2,851,57.87265800836604,32,0.01899099349975586,10.518229961395264,,,794.5378836216914,-10.219585677376017,1149.653509857424,1.8564509265124798,,,-5.986370086669922
actor_critic,,2,852,52.01994198165605,29,0.017231225967407227,10.535629034042358,,,852.5931275439095,-34.712337545857864,1267.5793074017695,1.8644637650456921,,,-6.59405833277209
actor_critic,,2,853,47.80774414825936,27,0.016388893127441406,10.552197933197021,,,941.7947068833832,-8.858952717786586,1358.07667417281,1.873918339058205,,,-7.096690425166377
actor_critic,,2,854,45.04669556511418,25,0.014958620071411133,10.56732177734375,,,1021.7456268625799,-9.486241955012083,1473.1884239730425,1.8796716165542602,,,-7.559671630859375
actor_critic,,2,855,46.318574359409745,26,0.015509843826293945,10.58302092552185,,,989.6636103765609,-4.220197777693661,1419.8340625432947,1.8843743113371043,,,-7.339474604679988
actor_critic,,2,856,48.111744540730385,27,0.01626300811767578,10.599450826644897,,,947.6490169271862,-8.044772521558183,1365.276869359366,1.897768952228405,,,-7.078573156286169
actor_critic,,2,857,44.431056544390216,25,0.015257835388183594,10.614872932434082,,,1024.7844423352926,-9.323585662990808,1477.29716977722,1.9049650526046753,,,-7.62802001953125
actor_critic,,2,858,45.89306270197406,26,0.016054153442382812,10.631051063537598,,,981.6510639040408,-12.695023380219936,1420.4943949804338,1.90723782319289,,,-7.371456439678486
actor_critic,,2,859,43.913488751365485,25,0.016139984130859375,10.647343873977661,,,1012.0411769241281,-20.250500954017042,1474.7024796307273,1.9140092039108276,,,-7.696605834960938
actor_critic,,2,860,48.29048933287627,27,0.018240928649902344,10.665750980377197,46.37267173797665,1.0386651998991512,939.9879768219845,-15.961538324960404,1365.6420921557583,1.920710523923238,,,-7.080655698423032
actor_critic,,2,861,45.209322020787994,25,0.015552997589111328,10.693327903747559,,,1030.4065059025213,-4.701367885768414,1478.7255402652268,1.92677800655365,,,-7.621023559570313
actor_critic,,2,862,52.33623371864428,29,0.017843008041381836,10.711344003677368,,,887.1665198003536,-6.85989141567,1277.1805976754263,1.9352160240041798,,,-6.611972151131465
actor_critic,,2,863,46.664287020569276,26,0.015720844268798828,10.727238893508911,,,985.7509121982238,-9.683099602277462,1422.0486261845351,1.9415114613679738,,,-7.400547907902644
actor_critic,,2,864,48.14822609815097,27,0.016491174697875977,10.74388313293457,,,940.3049672125641,-20.454122656335432,1372.5129196451269,1.9506790019847728,,,-7.112685592086227
actor_critic,,2,865,44.55069085647523,25,0.015365123748779297,10.759425163269043,,,1028.573621078115,-9.6705418035388,1483.2059677298832,1.9585167741775513,,,-7.669398803710937
actor_critic,,2,866,45.84994163510572,26,0.016025066375732422,10.775617122650146,,,993.8659045632498,-4.927813657344534,1426.8482793890155,1.963019540676704,,,-7.399684612567608
actor_critic,,2,867,44.535546084716046,25,0.015157938003540039,10.790955066680908,,,1005.4843612054269,-31.755617588460446,1481.7713529383204,1.9691746711730957,,,-7.69553955078125
actor_critic,,2,868,44.2331366670237,25,0.015532732009887695,10.806647777557373,,,1018.137932562828,-20.458726702407002,1483.7095010349713,1.9710515594482423,,,-7.706421508789062
actor_critic,,2,869,48.78285219695509,27,0.016221046447753906,10.823004961013794,,,948.9374667604765,-13.71454621002906,1375.2171820598498,1.9732636434060555,,,-7.100915414315683
actor_critic,,2,870,51.776091543261444,29,0.017499923706054688,10.840660095214844,,,879.415856504042,-17.898255321229325,1281.8773783705326,1.979438905058236,,,-6.626433273841595
actor_critic,,2,871,46.004785548716626,26,0.015976905822753906,10.856910943984985,,,985.7237425662327,-13.259570512920618,1427.1190270673967,1.9825931970889752,,,-7.421230609600361
actor_critic,,2,872,50.5919043250269,28,0.0169370174407959,10.874007940292358,,,925.5708838115762,-3.976471196460937,1327.9248417642416,1.9918395962033952,,,-6.836641584123884
actor_critic,,2,873,51.16255439920136,28,0.016910076141357422,10.891077995300293,,,918.4925391971732,-14.156162593114589,1332.3552851541815,2.0022463543074474,,,-6.839479173932757
actor_critic,,2,874,50.39368722067194,28,0.016754150390625,10.907999038696289,,,918.5665819912184,-14.77564023328679,1333.3460510531024,2.011627427169255,,,-6.877876281738281
actor_critic,,2,875,54.169657035574744,30,0.0182650089263916,10.926429986953735,,,865.8734749927137,-4.100653752498329,1242.8202454680577,2.0216250816980996,,,-6.445138549804687
actor_critic,,2,876,49.98570319130951,28,0.017014026641845703,10.943599939346313,,,923.3754960282406,-10.064252503548882,1333.4853967827346,2.035811569009508,,,-6.8482546125139505
actor_critic,,2,877,50.50620907479373,28,0.016919851303100586,10.960707902908325,,,928.6400428105345,-6.846261299215257,1336.4090675330456,2.040851925100599,,,-6.848728179931641
actor_critic,,2,878,45.01918989143408,25,0.015394926071166992,10.976258754730225,,,1033.8324827522783,-13.492160700708627,1496.178056497518,2.0448278522491456,,,-7.65993408203125
actor_critic,,2,879,49.71156969981513,28,0.01699090003967285,10.993421792984009,,,918.8312742010997,-13.907339866738766,1332.4838362125697,2.0554511291640147,,,-6.926049913678851
actor_critic,,2,880,41.150698353789046,23,0.014077901840209961,11.007658958435059,43.52037545768515,1.7295503356561028,1117.9140426207982,-15.041470643780801,1618.507920443293,2.064469917960789,,,-8.375963293987772
actor_critic,,2,881,40.69561011454146,23,0.014289140701293945,11.03379201889038,,,1129.203559848804,-6.270656734704971,1622.106082449576,2.0690719563028086,,,-8.393110192340353
actor_critic,,2,882,44.26261325010157,25,0.015424013137817383,11.04938292503357,,,1025.739186470695,-19.601482925862072,1493.3437980744523,2.0770742893218994,,,-7.724293212890625
actor_critic,,2,883,44.98449796475334,25,0.015106916427612305,11.064658880233765,,,1028.8211558111198,-15.53707461103797,1491.9403253406379,2.084949645996094,,,-7.698985595703125
actor_critic,,2,884,42.94609158729163,24,0.014775991439819336,11.07960295677185,,,1072.9436786784015,-12.261968025161574,1550.2937374066194,2.0942014853159585,,,-8.045527140299479
actor_critic,,2,885,40.52775016014067,23,0.01405477523803711,11.093809843063354,,,1115.5368204860563,-17.453772222542245,1618.558050237596,2.0997488498687744,,,-8.387538744055707
actor_critic,,2,886,43.029438434688394,24,0.014515876770019531,11.108483791351318,,,1080.7037929299695,-7.306289762879412,1554.3001546528346,2.1051767071088157,,,-7.9830881754557295
actor_critic,,2,887,43.989801419525534,25,0.015153169631958008,11.123816967010498,,,1029.8125985968113,-14.054455929249524,1491.238640602827,2.114492130279541,,,-7.73029296875
actor_critic,,2,888,42.78386505372962,24,0.014623165130615234,11.138601064682007,,,1080.3827767301507,-8.156696140300483,1555.056460293301,2.122631480296453,,,-7.991217295328776
actor_critic,,2,889,40.8283888811531,23,0.014020681381225586,11.1527738571167,,,1129.7853760116166,-7.3225447184851635,1624.4399165164316,2.127711420473845,,,-8.353348441745924
actor_critic,,2,890,40.73925406090068,23,0.013859748840332031,11.16681981086731,,,1113.6674044396243,-24.6731301429479,1626.2007166741053,2.13274798185929,,,-8.37793433147928
actor_critic,,2,891,42.26480708781114,24,0.01459813117980957,11.181618928909302,,,1071.47127666337,-17.873104921619717,1556.206284840048,2.1339476009209952,,,-8.078245162963867
actor_critic,,2,892,40.63635921288821,23,0.013922691345214844,11.195716857910156,,,1128.354364254097,-8.36346738372484,1623.8826604177061,2.1331027901690938,,,-8.38713206415591
actor_critic,,2,893,40.7663265580566,23,0.014264106750488281,11.210144996643066,,,1129.4728872878477,-8.59907899853652,1625.8171401877441,2.138302699379299,,,-8.391383295473846
actor_critic,,2,894,40.83685845442322,23,0.014297962188720703,11.224601984024048,,,1120.3040068100672,-16.80238646025891,1624.4377441009628,2.1450076932492466,,,-8.362256920855978
actor_critic,,2,895,40.41086044333796,23,0.01425790786743164,11.23902702331543,,,1128.6074611329595,-5.932208798501803,1620.7709868032405,2.1465667745341426,,,-8.415516065514606
actor_critic,,2,896,37.20803461434283,21,0.01282501220703125,11.252017974853516,,,1221.2398875095394,-21.34321775384957,1775.1187421475936,2.160293840226673,,,-9.16939217703683
actor_critic,,2,897,40.95153806208352,23,0.014010906219482422,11.266182899475098,,,1119.7881068993138,-19.436198555742916,1627.4633727631754,2.1675078661545464,,,-8.399805483610734
actor_critic,,2,898,40.51345645848006,23,0.027749061584472656,11.294093132019043,,,1130.1079914780591,-8.670920665335396,1626.8270306168731,2.168427674666695,,,-8.432383661684783
actor_critic,,2,899,39.00191164463117,22,0.021944046020507812,11.316297054290771,,,1139.0575864680577,-48.366053187203676,1696.319459853514,2.1763319102200596,,,-8.798059636896307
actor_critic,,2,900,40.27266887520426,23,0.014247894287109375,11.33073115348816,38.54172939430157,0.6368867048354225,1110.3513773607049,-24.18139077172331,1620.7610965694057,2.1782634880231773,,,-8.38438083814538
actor_critic,,2,901,40.570357341024064,23,0.014004945755004883,11.355610847473145,,,1096.723093073815,-39.88795954912253,1623.7301593352636,2.176417298938917,,,-8.330432394276494
actor_critic,,2,902,37.15231904396435,21,0.013103008270263672,11.368875980377197,,,1241.1458218461125,-6.81234847381711,1782.7974418089836,2.172562462942941,,,-9.140438988095237
actor_critic,,2,903,40.66640490483752,23,0.014171123504638672,11.383209943771362,,,1122.9962489594423,-16.474350651483174,1627.8151043906464,2.1784586388131846,,,-8.425194781759512
actor_critic,,2,904,41.83733017214457,24,0.014413118362426758,11.397793054580688,,,1078.2417246651796,-10.592637529053414,1555.4776497439307,2.1873126327991486,,,-8.084644317626953
actor_critic,,2,905,40.309280652216,23,0.014026880264282227,11.411974906921387,,,1126.3308354773276,-10.801674693336953,1624.4750532214023,2.199154687964398,,,-8.349603404169498
actor_critic,,2,906,40.75365928230376,23,0.014053106307983398,11.426187992095947,,,1109.4621306097783,-27.616282789846476,1624.3977864963083,2.2099209142767866,,,-8.34115865956182
actor_critic,,2,907,40.49759953225732,23,0.013987064361572266,11.440333127975464,,,1096.7736636390505,-36.18351089905786,1618.5102690508204,2.212997519451639,,,-8.34372213612432
actor_critic,,2,908,38.877114780844316,22,0.013435125350952148,11.45392894744873,,,1173.498349593021,-9.958104683340274,1690.652110438593,2.211804162372242,,,-8.733270818536932
actor_critic,,2,909,38.966175190175804,22,0.013506174087524414,11.467578887939453,,,1171.7218632236209,-14.315297588028692,1694.338809087534,2.2126946449279785,,,-8.71470156582919
actor_critic,,2,910,42.416055082430866,24,0.014630794525146484,11.482364892959595,,,1066.5545640460914,-23.388325984822586,1557.0612264280887,2.2155506213506064,,,-8.04458745320638
actor_critic,,2,911,40.46911658967226,23,0.014179229736328125,11.496701955795288,,,1128.0077025166956,-6.912122304105888,1621.314142343892,2.2150447161301323,,,-8.393928859544838
actor_critic,,2,912,40.67414888108421,23,0.014149904251098633,11.511010885238647,,,1126.2742558539967,-10.914009129385585,1624.5547560058312,2.2208600977192754,,,-8.390049146569293
actor_critic,,2,913,41.04589743951005,23,0.013836860656738281,11.524994850158691,,,1104.7380541463424,-27.349249680405077,1617.2675943309137,2.2308756994164507,,,-8.370031605596127
actor_critic,,2,914,57.920943865361984,33,0.019780874252319336,11.544941902160645,,,789.2665692751268,-14.815938116926135,1148.6893720914554,2.2413683876846777,,,-5.804931178237453
actor_critic,,2,915,38.82378655909396,22,0.013328790664672852,11.558426856994629,,,1150.244098444173,-29.572057279504158,1685.4517017678484,2.240179430354725,,,-8.708930969238281
actor_critic,,2,916,39.18521649381564,22,0.013339996337890625,11.571938753128052,,,1161.3530775410209,-20.999182081019338,1689.074710101122,2.243165677244013,,,-8.723946311257102
actor_critic,,2,917,38.55113170622456,22,0.01322484016418457,11.585310935974121,,,1156.766240572049,-25.66807918479158,1689.1918798095378,2.2488392916592685,,,-8.755894747647373
actor_critic,,2,918,40.3480565813011,23,0.013954877853393555,11.599406957626343,,,1113.3355537027364,-16.607927975690234,1614.2050416837446,2.253331764884617,,,-8.383205247961957
actor_critic,,2,919,40.37880900120701,23,0.014086008071899414,11.613648891448975,,,1111.673871768922,-18.729299002529487,1614.8617036137832,2.2571129487908403,,,-8.36418284540591
actor_critic,,2,920,40.86927267875365,23,0.01378488540649414,11.627588987350464,38.81977582870229,1.112402696844481,1097.170055028132,-34.14612766120421,1616.165991191145,2.260623683100161,,,-8.358076012652853
actor_critic,,2,921,38.53833528149015,22,0.013785839080810547,11.652066946029663,,,1171.1390467512167,-9.078429299660705,1686.0249721286077,2.2642422155900435,,,-8.757809032093395
actor_critic,,2,922,39.35339621833595,22,0.01334691047668457,11.66558289527893,,,1172.2422642084261,-9.86148358068683,1688.719646040382,2.2745549895546655,,,-8.686222423206676
actor_critic,,2,923,40.86374814574959,23,0.013952970504760742,11.679687976837158,,,1108.9882488142619,-22.623522577402383,1616.5882160254532,2.284614894701087,,,-8.323098224142324
actor_critic,,2,924,40.93244166059496,23,0.013987064361572266,11.693840980529785,,,1116.033307533873,-18.051344379539724,1620.1210348227912,2.2894901814668076,,,-8.30772996985394
actor_critic,,2,925,40.71446673313916,23,0.014001846313476562,11.708006858825684,,,1098.4772675782442,-33.21743690416865,1616.7067449561564,2.290902967038362,,,-8.328703507133152
actor_critic,,2,926,40.89073174140451,23,0.01402902603149414,11.722218036651611,,,1118.1032620158005,-14.06640498664068,1617.3852980959878,2.29424148020537,,,-8.371511044709578
actor_critic,,2,927,38.79723973889968,22,0.013334989547729492,11.735744953155518,,,1170.677165530241,-11.78942800634964,1689.238020690465,2.2917740561745386,,,-8.772910378196023
actor_critic,,2,928,46.10025729204251,26,0.016270875930786133,11.75218391418457,,,973.5956649282732,-28.902234646133504,1432.1399262863695,2.2893654383145847,,,-7.4085540771484375
actor_critic,,2,929,40.51457937454658,23,0.014083147048950195,11.76642894744873,,,1114.8283724015093,-18.66075151640436,1619.2701944620146,2.290925710097603,,,-8.355992192807404
actor_critic,,2,930,40.75155296705514,23,0.014011144638061523,11.780598163604736,,,1124.3090924009398,-9.524091858578766,1619.761704882374,2.294425528982411,,,-8.369052389393682
actor_critic,,2,931,38.96881663658377,22,0.01318812370300293,11.79394006729126,,,1142.675596720285,-39.00242580321025,1688.1114932517098,2.3037472421472724,,,-8.757383173162287
actor_critic,,2,932,38.652153941082915,22,0.013573169708251953,11.80765700340271,,,1163.893458200788,-15.5660667327148,1684.9422981702003,2.308218099854209,,,-8.76511660489169
actor_critic,,2,933,38.75754449225632,22,0.01318502426147461,11.821009874343872,,,1152.7010143588043,-27.25397681173953,1685.6499834292758,2.3050850846550683,,,-8.699447631835938
actor_critic,,2,934,40.96583780655603,23,0.014051198959350586,11.835216999053955,,,1120.830537780917,-9.807419412000025,1615.1970741190119,2.3001186640366265,,,-8.308118737262228
actor_critic,,2,935,42.361135740801885,24,0.014747858047485352,11.85011887550354,,,1070.3059956036839,-12.916706182140237,1547.46108321083,2.3013127148151398,,,-7.994941711425781
actor_critic,,2,936,40.8987536709192,23,0.013934135437011719,11.864212989807129,,,1115.1197107713872,-14.830078757813443,1614.2139319684154,2.304607795632404,,,-8.353342470915422
actor_critic,,2,937,42.5713916041719,24,0.014592885971069336,11.878970861434937,,,1067.29831520013,-15.709601267706603,1547.154222694439,2.3110185861587524,,,-8.007366180419922
actor_critic,,2,938,42.47359984307934,24,0.014444112777709961,11.893574953079224,,,1056.6868327162229,-26.749717028345913,1547.7664328059375,2.311788558959961,,,-7.977895736694336
actor_critic,,2,939,45.908664280555676,26,0.015746116638183594,11.909487962722778,,,989.5366326331233,-11.823167013434263,1430.5140427564754,2.311652742899381,,,-7.383939302884615
actor_critic,,2,940,42.20511909221105,24,0.014261007308959961,11.923918962478638,40.865763208762885,1.0820957310615762,1072.6218796980877,-8.34999061585404,1544.2455304778316,2.3209650119145713,,,-8.023235956827799
actor_critic,,2,941,39.16384855045828,22,0.013678789138793945,11.948867797851562,,,1166.503675195304,-11.922830561345274,1683.4664823655992,2.335784218528054,,,-8.717326771129262
actor_critic,,2,942,42.511645537847066,24,0.01451420783996582,11.963520050048828,,,1050.6783694073674,-32.56046001372548,1547.4840776425942,2.343571146329244,,,-8.028525034586588
actor_critic,,2,943,39.06761006968794,22,0.013386011123657227,11.977051019668579,,,1158.8667180969126,-19.184361714531075,1682.9300799350656,2.34786255793138,,,-8.77195184881037
actor_critic,,2,944,43.95755807934009,25,0.015424013137817383,11.992633819580078,,,1020.4417251208146,-16.627931790053843,1481.5281559345033,2.3507826137542724,,,-7.716644897460937
actor_critic,,2,945,44.180437557029066,25,0.015398740768432617,12.008198022842407,,,977.8396639905125,-56.785467187464235,1478.0358235517797,2.356775302886963,,,-7.674014892578125
actor_critic,,2,946,42.52782742368633,24,0.01445627212524414,12.0228271484375,,,1067.127929159343,-12.345972294686362,1542.1055280896835,2.3574943939844766,,,-7.962560653686523
actor_critic,,2,947,42.58191596042541,24,0.014708995819091797,12.037689924240112,,,1047.5896019943368,-32.3916086521931,1542.8302936525918,2.3555471301078796,,,-7.972134908040364
actor_critic,,2,948,46.104262623987886,26,0.015746593475341797,12.05359172821045,,,974.4950647820056,-20.97653750767215,1422.1022567912541,2.3583197685388417,,,-7.400914705716646
actor_critic,,2,949,40.98901057599142,23,0.013815879821777344,12.067567825317383,,,1109.3528570857952,-17.26892063394189,1609.4596388615344,2.3593757152557373,,,-8.335065095320992
actor_critic,,2,950,44.04229422055968,25,0.015228033065795898,12.08295202255249,,,1017.097560462337,-21.288716802000998,1483.4090456453246,2.3600329399108886,,,-7.727111206054688
actor_critic,,2,951,42.54214359342431,24,0.014461040496826172,12.097584009170532,,,1050.390897620353,-29.52740654225151,1542.7405050012069,2.3649653693040213,,,-8.023821512858072
actor_critic,,2,952,44.76112568555522,25,0.015291929244995117,12.113117933273315,,,1002.7355653214082,-33.905895410627124,1480.916407351494,2.3736957550048827,,,-7.675635986328125
actor_critic,,2,953,42.46810944627029,24,0.014611959457397461,12.12788987159729,,,1064.8551374908905,-15.326359034826359,1543.1164446682087,2.378804008165995,,,-7.973041534423828
actor_critic,,2,954,40.92473068452088,23,0.013926029205322266,12.141984939575195,,,1103.1013112900698,-22.614739601864763,1608.1658377881952,2.382890452509341,,,-8.293555218240488
actor_critic,,2,955,46.10138376758121,26,0.015552043914794922,12.157702922821045,,,981.7526920984785,-13.693544783342917,1422.0660312278285,2.382996604992793,,,-7.380818293644832
actor_critic,,2,956,47.78529097008455,27,0.01640915870666504,12.174278974533081,,,949.4906134241847,-8.203330016453508,1368.1342716007061,2.3876237251140453,,,-7.124640570746528
actor_critic,,2,957,44.298572930973805,25,0.014883041381835938,12.18932294845581,,,1024.6358051931113,-10.726958075761795,1479.0896060039197,2.393899192810059,,,-7.638500366210938
actor_critic,,2,958,42.457606326369934,24,0.02908802032470703,12.218558073043823,,,1063.5459501846537,-19.53859277527469,1547.2636284429657,2.3949665327866874,,,-8.00484848022461
actor_critic,,2,959,42.51249500735083,24,0.014840126037597656,12.23363208770752,,,1061.3908346851047,-21.87721716426313,1547.5258493990889,2.3956324259440103,,,-8.024189631144205
actor_critic,,2,960,41.94325964415451,24,0.014575004577636719,12.24834394454956,42.98484752071728,1.0876973722645311,1049.188036124154,-33.070027425109096,1546.0829595542066,2.3968922893206277,,,-8.078041076660156
actor_critic,,2,961,46.12545668574606,26,0.015896081924438477,12.275667905807495,,,986.558923346689,-11.093692832841324,1425.2179614229467,2.4038220093800473,,,-7.435489361102764
actor_critic,,2,962,45.878705815831566,26,0.01592111587524414,12.29175615310669,,,977.8086102566897,-17.770850222915985,1422.2563573542643,2.410796257165762,,,-7.419800978440505
actor_critic,,2,963,46.25743036344967,26,0.015625953674316406,12.307590961456299,,,967.7118567557325,-23.84318873859369,1416.5071427922946,2.4144272804260254,,,-7.381903428297776
actor_critic,,2,964,48.066908671472575,27,0.016214847564697266,12.323960781097412,,,939.864157988457,-16.79283549008822,1366.6528462121194,2.4178220607616283,,,-7.056817513925058
actor_critic,,2,965,46.93718947948889,26,0.015672683715820312,12.339780807495117,,,979.0325376555467,-14.95940791349858,1419.988525864865,2.420824179282555,,,-7.330716059758113
actor_critic,,2,966,44.51329005963518,25,0.014961719512939453,12.35490107536316,,,1001.6622775073349,-30.91722347252071,1475.1135672521218,2.4234457302093504,,,-7.671505126953125
actor_critic,,2,967,41.02129423081891,23,0.013828039169311523,12.368880987167358,,,1108.6440552737079,-16.0297839116791,1606.676974915454,2.4290457601132602,,,-8.31495003078295
actor_critic,,2,968,46.45517858833715,26,0.015641212463378906,12.384663105010986,,,983.11136076911,-14.39893939002202,1425.014767835454,2.431196231108445,,,-7.378508934607873
actor_critic,,2,969,46.09128889448043,26,0.015577077865600586,12.400393009185791,,,980.8557440291804,-14.19942322294586,1421.5074062631286,2.433790399478032,,,-7.38612307035006
actor_critic,,2,970,50.30257447832188,28,0.016693115234375,12.417260885238647,,,912.5654167042646,-10.216202202652182,1318.259465242262,2.443529188632965,,,-6.844246455601284
actor_critic,,2,971,46.49512157434121,26,0.015834808349609375,12.433294773101807,,,971.8427492945025,-25.29735889378935,1424.4858829270815,2.4557128777870765,,,-7.39210686316857
actor_critic,,2,972,48.83178564668656,27,0.016098976135253906,12.449558019638062,,,947.6504222423256,-11.311915730643603,1369.946223586703,2.4606552918752036,,,-7.12033533166956
actor_critic,,2,973,50.2269060111868,28,0.01698780059814453,12.46673583984375,,,905.848814488638,-19.305139362412906,1321.6486088831193,2.4694960628237044,,,-6.865043640136719
actor_critic,,2,974,48.75752296744438,27,0.01601099967956543,12.482919931411743,,,954.0629693917516,-7.573086971968964,1373.76582968185,2.476227327629372,,,-7.0940122251157405
actor_critic,,2,975,57.55919475905074,32,0.019444942474365234,12.502530097961426,,,796.6426336513264,-15.158848430379294,1159.716452832312,2.489452563226223,,,-6.006387710571289
actor_critic,,2,976,50.20150702936133,28,0.017045021057128906,12.519737958908081,,,896.0718033393579,-29.071528429830714,1321.6332987078265,2.5002655812672208,,,-6.865473066057477
actor_critic,,2,977,44.57450042354684,25,0.014992952346801758,12.534905910491943,,,1019.5120965835453,-18.153649901151656,1482.379653888205,2.5055861473083496,,,-7.6426763916015625
actor_critic,,2,978,44.946306740434395,25,0.015050888061523438,12.55013394355774,,,1018.0993081801385,-12.792884374782442,1472.703241034681,2.50810396194458,,,-7.641517944335938
actor_critic,,2,979,49.53505788273274,28,0.017014026641845703,12.567312002182007,,,912.0913364438208,-13.065355945378542,1321.6524341960487,2.5124408432415555,,,-6.875817435128348
actor_critic,,2,980,64.49477811768115,36,0.021847963333129883,12.589319944381714,50.673206809689745,1.6522717921869063,699.6027192625786,-19.5602393153434,1027.375641549543,2.5214924216270447,,,-5.350445217556423
actor_critic,,2,981,47.702070833475986,27,0.016821861267089844,12.619233131408691,,,921.1559096912819,-35.1044392571957,1366.0862386112308,2.5330027209387884,,,-7.114873815465857
actor_critic,,2,982,48.13030613343296,27,0.016223907470703125,12.635623931884766,,,946.2370952700429,-11.715802700707206,1368.5041267081958,2.54447810738175,,,-7.068326031720197
actor_critic,,2,983,50.299625621970925,28,0.016885042190551758,12.652674198150635,,,911.5787847268928,-14.157546457568449,1322.4805257498103,2.555757965360369,,,-6.8315326145717075
actor_critic,,2,984,45.28911604377309,25,0.015283823013305664,12.668132781982422,,,1019.3731122718286,-18.05362060531974,1482.0381936633028,2.565094537734985,,,-7.701851196289063
actor_critic,,2,985,44.61351540622748,25,0.01501917839050293,12.683325052261353,,,1020.0697375570983,-19.347905790507795,1484.882348690927,2.575472059249878,,,-7.70719482421875
actor_critic,,2,986,42.194991636940735,24,0.014477968215942383,12.69797396659851,,,1059.6509233616525,-21.028629193082452,1543.8279387658306,2.582687924305598,,,-8.005821228027344
actor_critic,,2,987,44.8372219218941,25,0.01487278938293457,12.71300482749939,,,1024.847181916423,-10.689436770379544,1479.3381097024958,2.5871044254302977,,,-7.687952880859375
actor_critic,,2,988,44.246537202953085,25,0.01516580581665039,12.728318929672241,,,1023.603918667473,-13.17539203695953,1481.1133787883819,2.595132532119751,,,-7.656016845703125
actor_critic,,2,989,44.04378221878375,25,0.015109062194824219,12.743583917617798,,,1023.7327019095607,-14.004103566706181,1482.4811262497026,2.603160581588745,,,-7.606724243164063
actor_critic,,2,990,44.09151431901046,25,0.01514887809753418,12.758906841278076,,,1017.8645684997097,-21.426774113327266,1484.7019270830788,2.6077923488616945,,,-7.641748046875
actor_critic,,2,991,40.30370750484971,23,0.014111042022705078,12.773190975189209,,,1098.1781833379773,-27.33889557890918,1607.8815541933595,2.6167756474536397,,,-8.363588416058084
actor_critic,,2,992,39.21353923464651,22,0.013121843338012695,12.786467790603638,,,1155.4998623575084,-19.147849622605875,1678.06820753439,2.630983526056463,,,-8.71308066628196
actor_critic,,2,993,40.85233732887077,23,0.014106035232543945,12.800724029541016,,,1109.0094275375748,-19.414976335576046,1612.0349472105686,2.6377461371214492,,,-8.364324818486752
actor_critic,,2,994,40.412702125857344,23,0.014092206954956055,12.814977169036865,,,1105.2922650708454,-22.391997279518325,1610.9775752701958,2.640032032261724,,,-8.378458437712297
actor_critic,,2,995,38.50745921165409,22,0.013077974319458008,12.828206777572632,,,1135.893695826515,-39.043226510625,1678.481244701183,2.6427724686535923,,,-8.741433577104049
actor_critic,,2,996,38.73956859018642,22,0.023554086685180664,12.851938009262085,,,1164.215166749602,-9.956430956382643,1677.3881213785235,2.6474810296838935,,,-8.68620508367365
actor_critic,,2,997,44.42781908623526,25,0.015286922454833984,12.867400884628296,,,1017.6733044006396,-17.942018604278566,1479.4504970115051,2.665928506851196,,,-7.655400390625
actor_critic,,2,998,40.84139214003075,23,0.01421213150024414,12.8817880153656,,,1103.3179814951575,-20.47379026464794,1605.4168384281877,2.6765528036200483,,,-8.31592725670856
actor_critic,,2,999,41.02433129054854,23,0.013980865478515625,12.895980834960938,,,1108.7369867515063,-14.578049818458764,1604.7357991331096,2.681146590606026,,,-8.328320047129756
actor_critic,,2,1000,44.081093172938246,25,0.015269994735717773,12.911418914794922,44.82289354026448,1.5005189558643326,1022.4547551571112,-13.767585302740336,1480.3175821437594,2.6870883750915526,,,-7.646101684570312
