algo,baseline,seed,episode,episode_return,episode_steps,episode_time_sec,elapsed_time_sec,eval_mean_return,eval_std_return,loss,policy_loss,value_loss,entropy,mean_return,mean_advantage,advantage
reinforce,0.0,1,1,48.77487904113931,45,0.04175901412963867,0.04176211357116699,,,43.52301025390625,43.52301025390625,,,22.113414764404297,22.113414764404297,
reinforce,0.0,1,2,73.2521363852344,47,0.00793600082397461,0.049832820892333984,,,70.15652465820312,70.15652465820312,,,36.28981018066406,36.28981018066406,
reinforce,0.0,1,3,28.62995043557932,38,0.007051706314086914,0.05700993537902832,,,25.133251190185547,25.133251190185547,,,12.523750305175781,12.523750305175781,
reinforce,0.0,1,4,31.22563505093172,26,0.004806041717529297,0.06196904182434082,,,37.85932922363281,37.85932922363281,,,16.742652893066406,16.742652893066406,
reinforce,0.0,1,5,23.20010563550929,25,0.00486302375793457,0.06698894500732422,,,26.932266235351562,26.932266235351562,,,11.325407981872559,11.325407981872559,
reinforce,0.0,1,6,25.908873176593353,24,0.0045740604400634766,0.07168698310852051,,,27.440523147583008,27.440523147583008,,,12.62456226348877,12.62456226348877,
reinforce,0.0,1,7,8.384400047244158,15,0.0028030872344970703,0.07465004920959473,,,6.603628635406494,6.603628635406494,,,2.6160500049591064,2.6160500049591064,
reinforce,0.0,1,8,32.40432344862508,26,0.004504203796386719,0.07925605773925781,,,34.94182586669922,34.94182586669922,,,17.089963912963867,17.089963912963867,
reinforce,0.0,1,9,40.12978808475976,30,0.0054819583892822266,0.08492588996887207,,,41.72270584106445,41.72270584106445,,,20.23627471923828,20.23627471923828,
reinforce,0.0,1,10,5.489776088557555,12,0.0025501251220703125,0.08756089210510254,,,6.478801727294922,6.478801727294922,,,1.8883929252624512,1.8883929252624512,
reinforce,0.0,1,11,35.81607185186124,29,0.005309104919433594,0.09297800064086914,,,36.1624870300293,36.1624870300293,,,17.97394371032715,17.97394371032715,
reinforce,0.0,1,12,5.124519518590273,11,0.002191305160522461,0.09536314010620117,,,2.5912928581237793,2.5912928581237793,,,1.5952576398849487,1.5952576398849487,
reinforce,0.0,1,13,8.707250582646031,13,0.0023360252380371094,0.09782910346984863,,,12.318541526794434,12.318541526794434,,,4.248717784881592,4.248717784881592,
reinforce,0.0,1,14,6.463837974932273,11,0.002405881881713867,0.10035204887390137,,,7.585990905761719,7.585990905761719,,,2.6925876140594482,2.6925876140594482,
reinforce,0.0,1,15,4.0525862710449445,9,0.001767873764038086,0.10222697257995605,,,3.086984157562256,3.086984157562256,,,1.3719220161437988,1.3719220161437988,
reinforce,0.0,1,16,5.203164936532374,10,0.0019030570983886719,0.10420393943786621,,,2.877101182937622,2.877101182937622,,,2.0338730812072754,2.0338730812072754,
reinforce,0.0,1,17,44.35872706512852,30,0.005410909652709961,0.1096949577331543,,,57.09720993041992,57.09720993041992,,,23.800365447998047,23.800365447998047,
reinforce,0.0,1,18,5.058622335654489,10,0.0018498897552490234,0.1116480827331543,,,5.071152687072754,5.071152687072754,,,1.9701957702636719,1.9701957702636719,
reinforce,0.0,1,19,6.339704014532128,11,0.002012968063354492,0.11374592781066895,,,6.56301736831665,6.56301736831665,,,2.4685416221618652,2.4685416221618652,
reinforce,0.0,1,20,6.322513208295524,11,0.002393960952758789,0.11622905731201172,5.017009908471744,0.09394795126182741,4.94273567199707,4.94273567199707,,,2.490499496459961,2.490499496459961,
reinforce,0.0,1,21,4.635190483378927,10,0.002360105514526367,0.12766098976135254,,,1.957167387008667,1.957167387008667,,,1.5902683734893799,1.5902683734893799,
reinforce,0.0,1,22,4.8043388975197745,10,0.002125978469848633,0.1299419403076172,,,3.8933234214782715,3.8933234214782715,,,1.8088304996490479,1.8088304996490479,
reinforce,0.0,1,23,5.237359066421675,11,0.0022411346435546875,0.1322941780090332,,,2.883262872695923,2.883262872695923,,,1.6252449750900269,1.6252449750900269,
reinforce,0.0,1,24,4.560831533025895,10,0.001989126205444336,0.13438010215759277,,,2.8548505306243896,2.8548505306243896,,,1.5931220054626465,1.5931220054626465,
reinforce,0.0,1,25,4.045660717756872,10,0.0019292831420898438,0.13640117645263672,,,1.9986597299575806,1.9986597299575806,,,1.039639949798584,1.039639949798584,
reinforce,0.0,1,26,4.795880093843763,10,0.00197601318359375,0.13849592208862305,,,4.317448616027832,4.317448616027832,,,1.6301829814910889,1.6301829814910889,
reinforce,0.0,1,27,5.147762073606185,10,0.0021240711212158203,0.14074015617370605,,,3.965904951095581,3.965904951095581,,,1.9632103443145752,1.9632103443145752,
reinforce,0.0,1,28,4.331242350637913,10,0.001905202865600586,0.142747163772583,,,2.4693362712860107,2.4693362712860107,,,1.474103331565857,1.474103331565857,
reinforce,0.0,1,29,5.17107411952673,10,0.0018222332000732422,0.14465713500976562,,,3.984285831451416,3.984285831451416,,,1.9474605321884155,1.9474605321884155,
reinforce,0.0,1,30,3.9391013130540675,10,0.0018877983093261719,0.14662694931030273,,,3.300300121307373,3.300300121307373,,,1.161704659461975,1.161704659461975,
reinforce,0.0,1,31,4.998359687246868,10,0.0022852420806884766,0.14899516105651855,,,3.9469692707061768,3.9469692707061768,,,1.889386534690857,1.889386534690857,
reinforce,0.0,1,32,4.416057519397904,10,0.00197601318359375,0.15105509757995605,,,2.304225444793701,2.304225444793701,,,1.4680439233779907,1.4680439233779907,
reinforce,0.0,1,33,4.390694901064457,10,0.001911163330078125,0.15305709838867188,,,2.0118589401245117,2.0118589401245117,,,1.4585082530975342,1.4585082530975342,
reinforce,0.0,1,34,5.021356803323157,10,0.002048969268798828,0.15519213676452637,,,4.854457855224609,4.854457855224609,,,1.8758071660995483,1.8758071660995483,
reinforce,0.0,1,35,4.599358789500334,10,0.001965045928955078,0.15726113319396973,,,3.819004774093628,3.819004774093628,,,1.4816737174987793,1.4816737174987793,
reinforce,0.0,1,36,4.963226697259282,10,0.001810312271118164,0.15915393829345703,,,3.717629909515381,3.717629909515381,,,1.7865850925445557,1.7865850925445557,
reinforce,0.0,1,37,4.613577129884508,10,0.0017559528350830078,0.16096901893615723,,,5.532232761383057,5.532232761383057,,,1.7299989461898804,1.7299989461898804,
reinforce,0.0,1,38,4.887059328402678,10,0.0019447803497314453,0.16305994987487793,,,4.672093868255615,4.672093868255615,,,1.8428847789764404,1.8428847789764404,
reinforce,0.0,1,39,4.695292118447668,10,0.0018582344055175781,0.16501307487487793,,,3.566281795501709,3.566281795501709,,,1.749577283859253,1.749577283859253,
reinforce,0.0,1,40,4.482042228034098,10,0.0018198490142822266,0.1668989658355713,4.849827115727623,0.0302397903806645,2.3357787132263184,2.3357787132263184,,,1.564509630203247,1.564509630203247,
reinforce,0.0,1,41,4.092201539155241,10,0.001962900161743164,0.17474985122680664,,,4.11733341217041,4.11733341217041,,,1.3573836088180542,1.3573836088180542,
reinforce,0.0,1,42,4.841869572276966,12,0.0024480819702148438,0.17731404304504395,,,4.830286502838135,4.830286502838135,,,1.0203510522842407,1.0203510522842407,
reinforce,0.0,1,43,4.003125941641744,9,0.0017211437225341797,0.17915010452270508,,,3.225233316421509,3.225233316421509,,,1.4104870557785034,1.4104870557785034,
reinforce,0.0,1,44,4.260363722449768,10,0.0019240379333496094,0.18114900588989258,,,2.4620676040649414,2.4620676040649414,,,1.3938853740692139,1.3938853740692139,
reinforce,0.0,1,45,4.729647190211651,10,0.002008199691772461,0.18323612213134766,,,3.9074604511260986,3.9074604511260986,,,1.7937549352645874,1.7937549352645874,
reinforce,0.0,1,46,4.51571074903286,10,0.0019142627716064453,0.18523216247558594,,,2.9411680698394775,2.9411680698394775,,,1.555220603942871,1.555220603942871,
reinforce,0.0,1,47,4.683995973163088,10,0.001873016357421875,0.1871800422668457,,,2.248342990875244,2.248342990875244,,,1.7636339664459229,1.7636339664459229,
reinforce,0.0,1,48,4.952925750454502,10,0.0018248558044433594,0.18907809257507324,,,4.369174957275391,4.369174957275391,,,1.8564355373382568,1.8564355373382568,
reinforce,0.0,1,49,5.309348851456107,10,0.002004861831665039,0.19121193885803223,,,5.57410192489624,5.57410192489624,,,2.087777853012085,2.087777853012085,
reinforce,0.0,1,50,4.6751252525067235,10,0.0018498897552490234,0.19315195083618164,,,3.3274033069610596,3.3274033069610596,,,1.7611833810806274,1.7611833810806274,
reinforce,0.0,1,51,4.505708445306319,10,0.0018317699432373047,0.19508981704711914,,,3.8064799308776855,3.8064799308776855,,,1.6476742029190063,1.6476742029190063,
reinforce,0.0,1,52,4.629981535991997,10,0.0020780563354492188,0.19724702835083008,,,3.5933384895324707,3.5933384895324707,,,1.7159926891326904,1.7159926891326904,
reinforce,0.0,1,53,4.411830354329707,10,0.0017960071563720703,0.1991560459136963,,,2.8373970985412598,2.8373970985412598,,,1.54440176486969,1.54440176486969,
reinforce,0.0,1,54,4.802877977847805,10,0.0018279552459716797,0.2010500431060791,,,4.441685676574707,4.441685676574707,,,1.8345943689346313,1.8345943689346313,
reinforce,0.0,1,55,4.896752414283918,10,0.0020432472229003906,0.20316314697265625,,,3.7890777587890625,3.7890777587890625,,,1.860803246498108,1.860803246498108,
reinforce,0.0,1,56,4.123027589117161,10,0.0021152496337890625,0.20549511909484863,,,2.1172380447387695,2.1172380447387695,,,1.2275826930999756,1.2275826930999756,
reinforce,0.0,1,57,4.000565273119219,9,0.001722097396850586,0.20731210708618164,,,3.0221307277679443,3.0221307277679443,,,1.4422075748443604,1.4422075748443604,
reinforce,0.0,1,58,3.93279553739509,9,0.0017409324645996094,0.20914793014526367,,,2.8763771057128906,2.8763771057128906,,,1.3794975280761719,1.3794975280761719,
reinforce,0.0,1,59,5.424035158813363,10,0.002007007598876953,0.21123409271240234,,,5.905052185058594,5.905052185058594,,,2.1608986854553223,2.1608986854553223,
reinforce,0.0,1,60,3.9532469745718384,10,0.0018160343170166016,0.21314716339111328,4.67752688718446,0.028978735045775042,3.1290125846862793,3.1290125846862793,,,1.126299500465393,1.126299500465393,
reinforce,0.0,1,61,4.646485291004624,10,0.0019698143005371094,0.22113990783691406,,,3.1815896034240723,3.1815896034240723,,,1.737105369567871,1.737105369567871,
reinforce,0.0,1,62,4.458639631698025,10,0.0018110275268554688,0.2230520248413086,,,4.475330352783203,4.475330352783203,,,1.533072590827942,1.533072590827942,
reinforce,0.0,1,63,4.740846653567269,10,0.002087831497192383,0.2252190113067627,,,4.700810432434082,4.700810432434082,,,1.8171736001968384,1.8171736001968384,
reinforce,0.0,1,64,4.526883184139689,9,0.0016281604766845703,0.22693920135498047,,,3.970595359802246,3.970595359802246,,,1.926787257194519,1.926787257194519,
reinforce,0.0,1,65,4.633485519442472,10,0.0016632080078125,0.2286670207977295,,,3.243783950805664,3.243783950805664,,,1.8138282299041748,1.8138282299041748,
reinforce,0.0,1,66,4.627727079525351,10,0.0019359588623046875,0.23065495491027832,,,3.5073189735412598,3.5073189735412598,,,1.7137317657470703,1.7137317657470703,
reinforce,0.0,1,67,3.899741026312792,10,0.002032756805419922,0.2328329086303711,,,3.601364850997925,3.601364850997925,,,0.9079077839851379,0.9079077839851379,
reinforce,0.0,1,68,4.67189147011224,10,0.001641988754272461,0.23457598686218262,,,3.350550889968872,3.350550889968872,,,1.7961053848266602,1.7961053848266602,
reinforce,0.0,1,69,4.645460047095523,10,0.0016980171203613281,0.23633193969726562,,,3.370436429977417,3.370436429977417,,,1.7386798858642578,1.7386798858642578,
reinforce,0.0,1,70,4.912650859398753,10,0.002053976058959961,0.23846101760864258,,,3.1722989082336426,3.1722989082336426,,,1.884910225868225,1.884910225868225,
reinforce,0.0,1,71,4.030733481102808,8,0.0013778209686279297,0.2399439811706543,,,3.0548722743988037,3.0548722743988037,,,1.6814786195755005,1.6814786195755005,
reinforce,0.0,1,72,4.699126406144754,10,0.001708984375,0.24171686172485352,,,6.103456020355225,6.103456020355225,,,1.8019157648086548,1.8019157648086548,
reinforce,0.0,1,73,4.37307101050798,9,0.0014688968658447266,0.2432548999786377,,,5.171477317810059,5.171477317810059,,,1.8153433799743652,1.8153433799743652,
reinforce,0.0,1,74,4.710188752721471,10,0.0020008087158203125,0.24531197547912598,,,3.574807643890381,3.574807643890381,,,1.9088042974472046,1.9088042974472046,
reinforce,0.0,1,75,3.637401621484501,8,0.0015292167663574219,0.24692916870117188,,,4.048299789428711,4.048299789428711,,,1.3797848224639893,1.3797848224639893,
reinforce,0.0,1,76,4.729239674341651,10,0.0017919540405273438,0.24882197380065918,,,3.1482722759246826,3.1482722759246826,,,1.8004804849624634,1.8004804849624634,
reinforce,0.0,1,77,4.886127841583273,10,0.0018160343170166016,0.2506990432739258,,,4.16457462310791,4.16457462310791,,,1.8902546167373657,1.8902546167373657,
reinforce,0.0,1,78,4.9019709876593325,10,0.001965761184692383,0.25275588035583496,,,4.140866279602051,4.140866279602051,,,1.8626911640167236,1.8626911640167236,
reinforce,0.0,1,79,4.1422165807522955,10,0.0016677379608154297,0.2545158863067627,,,1.7236080169677734,1.7236080169677734,,,1.3988063335418701,1.3988063335418701,
reinforce,0.0,1,80,4.223925375184958,10,0.0016787052154541016,0.2562549114227295,4.663826049537063,0.020029903420199405,1.645643949508667,1.645643949508667,,,1.3732737302780151,1.3732737302780151,
reinforce,0.0,1,81,4.780123535051643,10,0.0019588470458984375,0.2638099193572998,,,3.692002773284912,3.692002773284912,,,1.8215376138687134,1.8215376138687134,
reinforce,0.0,1,82,4.9280494301838935,10,0.001989126205444336,0.26589107513427734,,,4.590524196624756,4.590524196624756,,,1.9671804904937744,1.9671804904937744,
reinforce,0.0,1,83,4.714859476005384,10,0.0020270347595214844,0.26800107955932617,,,3.292691707611084,3.292691707611084,,,1.8055269718170166,1.8055269718170166,
reinforce,0.0,1,84,4.764681220444664,10,0.0019850730895996094,0.2700929641723633,,,3.002875804901123,3.002875804901123,,,1.865645170211792,1.865645170211792,
reinforce,0.0,1,85,4.126346905781955,9,0.0016140937805175781,0.27178120613098145,,,4.393148899078369,4.393148899078369,,,1.5044623613357544,1.5044623613357544,
reinforce,0.0,1,86,4.95268136311852,10,0.0021293163299560547,0.2739691734313965,,,3.153043031692505,3.153043031692505,,,1.9236959218978882,1.9236959218978882,
reinforce,0.0,1,87,4.7018534456093715,10,0.0017428398132324219,0.2758059501647949,,,7.086699485778809,7.086699485778809,,,1.8778564929962158,1.8778564929962158,
reinforce,0.0,1,88,4.868093510907921,10,0.0017709732055664062,0.27763986587524414,,,2.762481689453125,2.762481689453125,,,1.883026123046875,1.883026123046875,
reinforce,0.0,1,89,5.991620688789339,11,0.0022978782653808594,0.2799959182739258,,,6.1202921867370605,6.1202921867370605,,,2.373262882232666,2.373262882232666,
reinforce,0.0,1,90,4.716582808253222,10,0.0017719268798828125,0.28188204765319824,,,4.560642719268799,4.560642719268799,,,1.8137085437774658,1.8137085437774658,
reinforce,0.0,1,91,5.254205629347283,10,0.0016949176788330078,0.2836458683013916,,,3.644287109375,3.644287109375,,,2.042137622833252,2.042137622833252,
reinforce,0.0,1,92,4.79055505498596,10,0.0017898082733154297,0.28550291061401367,,,3.0100181102752686,3.0100181102752686,,,1.8503204584121704,1.8503204584121704,
reinforce,0.0,1,93,4.455809179306182,9,0.0018107891082763672,0.2874019145965576,,,4.285745620727539,4.285745620727539,,,1.804384708404541,1.804384708404541,
reinforce,0.0,1,94,4.88682138964887,10,0.0016520023345947266,0.28912901878356934,,,2.34480619430542,2.34480619430542,,,1.900504469871521,1.900504469871521,
reinforce,0.0,1,95,5.034452623266938,10,0.0017910003662109375,0.2909848690032959,,,3.3634262084960938,3.3634262084960938,,,1.997595191001892,1.997595191001892,
reinforce,0.0,1,96,4.609780830844909,10,0.0018529891967773438,0.29291796684265137,,,3.3641445636749268,3.3641445636749268,,,1.710997223854065,1.710997223854065,
reinforce,0.0,1,97,4.952133501304819,10,0.0017478466033935547,0.29477500915527344,,,3.4519989490509033,3.4519989490509033,,,1.920827865600586,1.920827865600586,
reinforce,0.0,1,98,4.750270029025099,10,0.0017800331115722656,0.2966279983520508,,,3.593048572540283,3.593048572540283,,,1.769179105758667,1.769179105758667,
reinforce,0.0,1,99,5.010543386253337,10,0.0018122196197509766,0.29851198196411133,,,2.7647557258605957,2.7647557258605957,,,1.9545412063598633,1.9545412063598633,
reinforce,0.0,1,100,4.418612665113806,10,0.0017440319061279297,0.30033206939697266,4.774261450748264,0.03433981372298976,3.125838279724121,3.125838279724121,,,1.5959465503692627,1.5959465503692627,
reinforce,0.0,1,101,4.843321612138044,10,0.002202749252319336,0.30809688568115234,,,3.8319637775421143,3.8319637775421143,,,1.8766587972640991,1.8766587972640991,
reinforce,0.0,1,102,4.559339454507413,10,0.0018990039825439453,0.3101160526275635,,,3.60945200920105,3.60945200920105,,,1.6826339960098267,1.6826339960098267,
reinforce,0.0,1,103,4.765743438667601,10,0.001882791519165039,0.3120748996734619,,,3.7008795738220215,3.7008795738220215,,,1.803519606590271,1.803519606590271,
reinforce,0.0,1,104,4.6905775689091,10,0.0019648075103759766,0.3141210079193115,,,3.6125481128692627,3.6125481128692627,,,1.7557636499404907,1.7557636499404907,
reinforce,0.0,1,105,4.609581837399638,10,0.0019261837005615234,0.31614208221435547,,,2.5740420818328857,2.5740420818328857,,,1.683176040649414,1.683176040649414,
reinforce,0.0,1,106,4.700826833216697,10,0.001950979232788086,0.31818389892578125,,,4.791184425354004,4.791184425354004,,,1.7924877405166626,1.7924877405166626,
reinforce,0.0,1,107,4.905705539545184,10,0.0018832683563232422,0.3201751708984375,,,3.487412214279175,3.487412214279175,,,1.8387737274169922,1.8387737274169922,
reinforce,0.0,1,108,4.72449544285831,10,0.0020639896392822266,0.3223090171813965,,,3.631308078765869,3.631308078765869,,,1.8770968914031982,1.8770968914031982,
reinforce,0.0,1,109,4.704413983199613,10,0.0019190311431884766,0.32432007789611816,,,3.939547061920166,3.939547061920166,,,1.7250076532363892,1.7250076532363892,
reinforce,0.0,1,110,4.5813408383692735,10,0.0017430782318115234,0.3261559009552002,,,5.671794414520264,5.671794414520264,,,1.6019248962402344,1.6019248962402344,
reinforce,0.0,1,111,4.795790045371638,10,0.0019550323486328125,0.32817602157592773,,,3.209331512451172,3.209331512451172,,,1.7790368795394897,1.7790368795394897,
reinforce,0.0,1,112,5.193830865388222,10,0.0018568038940429688,0.33011889457702637,,,4.210476875305176,4.210476875305176,,,1.9936853647232056,1.9936853647232056,
reinforce,0.0,1,113,5.295056044476343,10,0.0017421245574951172,0.3319270610809326,,,4.82802677154541,4.82802677154541,,,2.0768826007843018,2.0768826007843018,
reinforce,0.0,1,114,4.949314199703085,10,0.0018410682678222656,0.33382201194763184,,,7.689719200134277,7.689719200134277,,,1.8762845993041992,1.8762845993041992,
reinforce,0.0,1,115,4.68042015435219,10,0.0019390583038330078,0.33583903312683105,,,3.166138172149658,3.166138172149658,,,1.807342529296875,1.807342529296875,
reinforce,0.0,1,116,4.931691738524688,10,0.0017461776733398438,0.33770012855529785,,,4.48192834854126,4.48192834854126,,,1.892282485961914,1.892282485961914,
reinforce,0.0,1,117,4.919108377920175,10,0.001837015151977539,0.3395969867706299,,,5.343097686767578,5.343097686767578,,,1.858547568321228,1.858547568321228,
reinforce,0.0,1,118,4.9470709337972325,10,0.001991748809814453,0.34166812896728516,,,3.3438117504119873,3.3438117504119873,,,1.861859917640686,1.861859917640686,
reinforce,0.0,1,119,5.057142540636443,10,0.001955747604370117,0.3436899185180664,,,3.817826509475708,3.817826509475708,,,1.9866794347763062,1.9866794347763062,
reinforce,0.0,1,120,4.911904851729468,10,0.0018589496612548828,0.3456399440765381,4.936744798943596,0.0315632883543565,2.6938107013702393,2.6938107013702393,,,1.8934571743011475,1.8934571743011475,
reinforce,0.0,1,121,4.815566187895786,10,0.0019757747650146484,0.3537888526916504,,,5.555695533752441,5.555695533752441,,,1.8410794734954834,1.8410794734954834,
reinforce,0.0,1,122,5.540015425733683,10,0.0020117759704589844,0.3558800220489502,,,4.947065830230713,4.947065830230713,,,2.2136290073394775,2.2136290073394775,
reinforce,0.0,1,123,4.87095746474696,10,0.0019712448120117188,0.3580012321472168,,,3.0340960025787354,3.0340960025787354,,,1.8937495946884155,1.8937495946884155,
reinforce,0.0,1,124,5.1858425769961505,10,0.0018417835235595703,0.35991597175598145,,,4.458495140075684,4.458495140075684,,,2.067589521408081,2.067589521408081,
reinforce,0.0,1,125,5.265605757922666,10,0.0018780231475830078,0.3618900775909424,,,5.025326728820801,5.025326728820801,,,2.093796491622925,2.093796491622925,
reinforce,0.0,1,126,5.347618946178051,10,0.0021958351135253906,0.36418986320495605,,,5.607871055603027,5.607871055603027,,,2.1398532390594482,2.1398532390594482,
reinforce,0.0,1,127,5.00626776585926,10,0.00191497802734375,0.36622095108032227,,,4.188290596008301,4.188290596008301,,,1.9790900945663452,1.9790900945663452,
reinforce,0.0,1,128,5.39104861845965,10,0.0017859935760498047,0.36809301376342773,,,3.299137830734253,3.299137830734253,,,2.1564745903015137,2.1564745903015137,
reinforce,0.0,1,129,5.067604790296727,10,0.0021851062774658203,0.3703470230102539,,,5.282269477844238,5.282269477844238,,,2.001410961151123,2.001410961151123,
reinforce,0.0,1,130,4.999587543728978,10,0.001828908920288086,0.37227487564086914,,,3.585627794265747,3.585627794265747,,,1.9851360321044922,1.9851360321044922,
reinforce,0.0,1,131,4.827536859064559,9,0.0015916824340820312,0.3739278316497803,,,5.325837135314941,5.325837135314941,,,2.030052900314331,2.030052900314331,
reinforce,0.0,1,132,5.144377764905577,10,0.0018031597137451172,0.37578606605529785,,,4.504331588745117,4.504331588745117,,,2.0572123527526855,2.0572123527526855,
reinforce,0.0,1,133,4.964759906113734,10,0.0021839141845703125,0.3780820369720459,,,2.747281789779663,2.747281789779663,,,1.9225696325302124,1.9225696325302124,
reinforce,0.0,1,134,5.213820133716488,10,0.0018069744110107422,0.379971981048584,,,3.2796478271484375,3.2796478271484375,,,2.0636467933654785,2.0636467933654785,
reinforce,0.0,1,135,5.093217878003646,10,0.0018589496612548828,0.38190507888793945,,,3.8411736488342285,3.8411736488342285,,,2.01354718208313,2.01354718208313,
reinforce,0.0,1,136,5.129570979457577,10,0.0019221305847167969,0.3839149475097656,,,2.9250919818878174,2.9250919818878174,,,2.030838966369629,2.030838966369629,
reinforce,0.0,1,137,5.332857102657371,10,0.001857757568359375,0.38584184646606445,,,3.2394168376922607,3.2394168376922607,,,2.153262138366699,2.153262138366699,
reinforce,0.0,1,138,5.311883344673369,10,0.0018367767333984375,0.387772798538208,,,5.129828929901123,5.129828929901123,,,2.146883487701416,2.146883487701416,
reinforce,0.0,1,139,5.104964258432153,10,0.0017647743225097656,0.38961100578308105,,,3.723548173904419,3.723548173904419,,,2.031869411468506,2.031869411468506,
reinforce,0.0,1,140,5.053186350200402,10,0.0019249916076660156,0.39159297943115234,5.121828671930048,0.024030791922302643,4.512758731842041,4.512758731842041,,,1.9971033334732056,1.9971033334732056,
reinforce,0.0,1,141,5.087167540066417,10,0.002043008804321289,0.4003310203552246,,,3.5165908336639404,3.5165908336639404,,,1.9910621643066406,1.9910621643066406,
reinforce,0.0,1,142,5.219631380938684,10,0.0018868446350097656,0.40228819847106934,,,3.2518413066864014,3.2518413066864014,,,2.059603691101074,2.059603691101074,
reinforce,0.0,1,143,5.251874838018689,10,0.0021278858184814453,0.4044809341430664,,,6.3505964279174805,6.3505964279174805,,,2.11029314994812,2.11029314994812,
reinforce,0.0,1,144,5.558481441020029,10,0.0018160343170166016,0.4063839912414551,,,3.9633002281188965,3.9633002281188965,,,2.2862141132354736,2.2862141132354736,
reinforce,0.0,1,145,5.6517261688741876,10,0.0018739700317382812,0.4083220958709717,,,4.342004299163818,4.342004299163818,,,2.3102431297302246,2.3102431297302246,
reinforce,0.0,1,146,5.028300919550056,10,0.002006053924560547,0.41040802001953125,,,3.035216808319092,3.035216808319092,,,2.0008950233459473,2.0008950233459473,
reinforce,0.0,1,147,5.2936491586791785,10,0.002103090286254883,0.4126009941101074,,,3.6109447479248047,3.6109447479248047,,,2.1002793312072754,2.1002793312072754,
reinforce,0.0,1,148,5.263812130561553,10,0.0019087791442871094,0.4146289825439453,,,5.223031520843506,5.223031520843506,,,2.0966272354125977,2.0966272354125977,
reinforce,0.0,1,149,5.675787683200505,10,0.0019218921661376953,0.41663599014282227,,,5.1076860427856445,5.1076860427856445,,,2.3347020149230957,2.3347020149230957,
reinforce,0.0,1,150,6.2376875578053745,11,0.002089977264404297,0.41880178451538086,,,4.977324962615967,4.977324962615967,,,2.472409248352051,2.472409248352051,
reinforce,0.0,1,151,5.132427238346581,10,0.0018610954284667969,0.42078304290771484,,,4.274336814880371,4.274336814880371,,,2.0484445095062256,2.0484445095062256,
reinforce,0.0,1,152,5.598665062175462,10,0.0018558502197265625,0.4227139949798584,,,5.898244857788086,5.898244857788086,,,2.269700527191162,2.269700527191162,
reinforce,0.0,1,153,5.172805617008228,10,0.0018947124481201172,0.42469286918640137,,,3.2590460777282715,3.2590460777282715,,,2.071762800216675,2.071762800216675,
reinforce,0.0,1,154,5.303207763471767,10,0.002022266387939453,0.42680907249450684,,,4.8678154945373535,4.8678154945373535,,,2.118210554122925,2.118210554122925,
reinforce,0.0,1,155,5.270045589877306,10,0.0019240379333496094,0.4288179874420166,,,4.1036858558654785,4.1036858558654785,,,2.11242938041687,2.11242938041687,
reinforce,0.0,1,156,5.733965513496429,10,0.0018439292907714844,0.4307429790496826,,,6.183650016784668,6.183650016784668,,,2.3493552207946777,2.3493552207946777,
reinforce,0.0,1,157,5.805821488570904,10,0.0019989013671875,0.43280887603759766,,,4.167115688323975,4.167115688323975,,,2.413289785385132,2.413289785385132,
reinforce,0.0,1,158,5.30431300079899,10,0.0018320083618164062,0.4347188472747803,,,3.6382110118865967,3.6382110118865967,,,2.116215229034424,2.116215229034424,
reinforce,0.0,1,159,5.2405810204491035,10,0.001795053482055664,0.4365811347961426,,,4.75078010559082,4.75078010559082,,,2.1040987968444824,2.1040987968444824,
reinforce,0.0,1,160,5.153438070690295,10,0.0019106864929199219,0.4385569095611572,5.229301130549853,0.030985757639107943,3.1303298473358154,3.1303298473358154,,,2.024851083755493,2.024851083755493,
reinforce,0.0,1,161,5.234297900280335,10,0.003801107406616211,0.44922900199890137,,,2.7154722213745117,2.7154722213745117,,,2.06838059425354,2.06838059425354,
reinforce,0.0,1,162,7.026244970726425,11,0.002736330032348633,0.45214319229125977,,,9.636025428771973,9.636025428771973,,,3.000288963317871,3.000288963317871,
reinforce,0.0,1,163,5.28911473906908,10,0.0023038387298583984,0.454603910446167,,,2.8304121494293213,2.8304121494293213,,,2.123812437057495,2.123812437057495,
reinforce,0.0,1,164,5.93962221941152,10,0.001990795135498047,0.4567279815673828,,,4.8977861404418945,4.8977861404418945,,,2.462679624557495,2.462679624557495,
reinforce,0.0,1,165,5.662616074760197,10,0.0021228790283203125,0.45894694328308105,,,3.5705230236053467,3.5705230236053467,,,2.292250633239746,2.292250633239746,
reinforce,0.0,1,166,5.146250643648803,10,0.0021576881408691406,0.4612128734588623,,,7.179723262786865,7.179723262786865,,,2.0152475833892822,2.0152475833892822,
reinforce,0.0,1,167,5.033380331484545,10,0.0018649101257324219,0.4631788730621338,,,3.8877692222595215,3.8877692222595215,,,1.92782461643219,1.92782461643219,
reinforce,0.0,1,168,4.960094688950994,10,0.002110004425048828,0.4654121398925781,,,7.221756935119629,7.221756935119629,,,1.9179162979125977,1.9179162979125977,
reinforce,0.0,1,169,5.144894631374736,10,0.002126932144165039,0.4676809310913086,,,3.9067673683166504,3.9067673683166504,,,2.0325546264648438,2.0325546264648438,
reinforce,0.0,1,170,5.158941353743743,10,0.0018668174743652344,0.46966099739074707,,,2.791963577270508,2.791963577270508,,,2.0405819416046143,2.0405819416046143,
reinforce,0.0,1,171,5.065686832553671,10,0.0020351409912109375,0.4717681407928467,,,3.1687138080596924,3.1687138080596924,,,1.9419851303100586,1.9419851303100586,
reinforce,0.0,1,172,5.158787210408873,10,0.00203704833984375,0.47391200065612793,,,3.0649209022521973,3.0649209022521973,,,2.0383658409118652,2.0383658409118652,
reinforce,0.0,1,173,5.067299805570087,10,0.0018749237060546875,0.47589707374572754,,,4.0144805908203125,4.0144805908203125,,,2.002659797668457,2.002659797668457,
reinforce,0.0,1,174,5.133567286306849,10,0.002022981643676758,0.47798609733581543,,,4.309837341308594,4.309837341308594,,,1.9725134372711182,1.9725134372711182,
reinforce,0.0,1,175,4.976718766842119,10,0.0019121170043945312,0.4800131320953369,,,3.6842563152313232,3.6842563152313232,,,1.9046329259872437,1.9046329259872437,
reinforce,0.0,1,176,5.365295516950315,10,0.0021262168884277344,0.48224616050720215,,,4.239602088928223,4.239602088928223,,,2.0979106426239014,2.0979106426239014,
reinforce,0.0,1,177,5.105411377498298,10,0.0018851757049560547,0.4842190742492676,,,4.089514255523682,4.089514255523682,,,1.9839308261871338,1.9839308261871338,
reinforce,0.0,1,178,5.078630222301486,10,0.0018742084503173828,0.48616909980773926,,,4.724839210510254,4.724839210510254,,,1.9302356243133545,1.9302356243133545,
reinforce,0.0,1,179,5.139007710717688,10,0.0018079280853271484,0.488055944442749,,,4.25628662109375,4.25628662109375,,,1.964661955833435,1.964661955833435,
reinforce,0.0,1,180,5.088016771135342,10,0.0018310546875,0.4899630546569824,5.15264329368554,0.04114983113083809,3.218231678009033,3.218231678009033,,,1.9677460193634033,1.9677460193634033,
reinforce,0.0,1,181,5.132885383081873,10,0.0019881725311279297,0.49782609939575195,,,3.4798316955566406,3.4798316955566406,,,2.004396438598633,2.004396438598633,
reinforce,0.0,1,182,5.15693749769842,10,0.0018351078033447266,0.49974918365478516,,,3.7985641956329346,3.7985641956329346,,,1.9838517904281616,1.9838517904281616,
reinforce,0.0,1,183,5.098648072995939,10,0.0022878646850585938,0.5021228790283203,,,5.496338844299316,5.496338844299316,,,1.9914987087249756,1.9914987087249756,
reinforce,0.0,1,184,5.067086363059477,10,0.001850128173828125,0.5040922164916992,,,3.9642276763916016,3.9642276763916016,,,1.948740005493164,1.948740005493164,
reinforce,0.0,1,185,5.065146871218818,10,0.0017588138580322266,0.5059239864349365,,,6.279533863067627,6.279533863067627,,,1.9252498149871826,1.9252498149871826,
reinforce,0.0,1,186,5.325638675154813,10,0.0018808841705322266,0.5078859329223633,,,5.5154008865356445,5.5154008865356445,,,2.092491865158081,2.092491865158081,
reinforce,0.0,1,187,5.1352814867590775,10,0.002162933349609375,0.5101370811462402,,,3.722238063812256,3.722238063812256,,,1.9998201131820679,1.9998201131820679,
reinforce,0.0,1,188,4.942481467665978,10,0.001825094223022461,0.5120561122894287,,,5.978098392486572,5.978098392486572,,,1.9061771631240845,1.9061771631240845,
reinforce,0.0,1,189,5.018576910227194,10,0.0018079280853271484,0.5139389038085938,,,3.3824222087860107,3.3824222087860107,,,1.9157072305679321,1.9157072305679321,
reinforce,0.0,1,190,4.977159893562471,10,0.0019240379333496094,0.515949010848999,,,4.081049919128418,4.081049919128418,,,1.8680760860443115,1.8680760860443115,
reinforce,0.0,1,191,5.283995897131485,10,0.001817941665649414,0.5178670883178711,,,3.8338685035705566,3.8338685035705566,,,2.050816297531128,2.050816297531128,
reinforce,0.0,1,192,5.0360734837351,10,0.001775979995727539,0.5197188854217529,,,4.199487686157227,4.199487686157227,,,1.9263700246810913,1.9263700246810913,
reinforce,0.0,1,193,5.102840672996396,10,0.0018203258514404297,0.5216031074523926,,,3.7569191455841064,3.7569191455841064,,,1.9328181743621826,1.9328181743621826,
reinforce,0.0,1,194,4.9569568844045016,10,0.0021638870239257812,0.5238368511199951,,,3.8044331073760986,3.8044331073760986,,,1.880385398864746,1.880385398864746,
reinforce,0.0,1,195,5.03910013809211,10,0.001795053482055664,0.525745153427124,,,5.551337242126465,5.551337242126465,,,1.9152809381484985,1.9152809381484985,
reinforce,0.0,1,196,5.138750777642654,10,0.0018510818481445312,0.5276610851287842,,,3.6349549293518066,3.6349549293518066,,,1.9694255590438843,1.9694255590438843,
reinforce,0.0,1,197,5.024364873225309,10,0.0021469593048095703,0.5298941135406494,,,3.8018622398376465,3.8018622398376465,,,1.9232149124145508,1.9232149124145508,
reinforce,0.0,1,198,5.163636590582048,10,0.0018248558044433594,0.531836986541748,,,2.54093074798584,2.54093074798584,,,1.9945415258407593,1.9945415258407593,
reinforce,0.0,1,199,5.093815660118504,10,0.0017919540405273438,0.5336959362030029,,,2.9320993423461914,2.9320993423461914,,,1.9620319604873657,1.9620319604873657,
reinforce,0.0,1,200,5.0986284176557195,10,0.0018529891967773438,0.5356199741363525,5.130678525560048,0.023933380986432908,3.1003780364990234,3.1003780364990234,,,1.9333053827285767,1.9333053827285767,
reinforce,0.0,1,201,5.068915843614946,10,0.002184152603149414,0.543524980545044,,,3.085853338241577,3.085853338241577,,,1.9530704021453857,1.9530704021453857,
reinforce,0.0,1,202,4.9668334458473,10,0.0019156932830810547,0.5455360412597656,,,5.4625983238220215,5.4625983238220215,,,1.8877665996551514,1.8877665996551514,
reinforce,0.0,1,203,5.0777818562825905,10,0.0017862319946289062,0.5474040508270264,,,3.5230846405029297,3.5230846405029297,,,1.9390522241592407,1.9390522241592407,
reinforce,0.0,1,204,5.0554797721628395,10,0.0018601417541503906,0.5493371486663818,,,2.697600841522217,2.697600841522217,,,1.9166014194488525,1.9166014194488525,
reinforce,0.0,1,205,5.049643701595307,10,0.002054929733276367,0.5514669418334961,,,3.0399398803710938,3.0399398803710938,,,1.911471962928772,1.911471962928772,
reinforce,0.0,1,206,4.926355969230142,10,0.0018110275268554688,0.5533599853515625,,,3.7518439292907715,3.7518439292907715,,,1.8429301977157593,1.8429301977157593,
reinforce,0.0,1,207,5.081803837081283,10,0.0018391609191894531,0.5552670955657959,,,3.4276909828186035,3.4276909828186035,,,1.9578584432601929,1.9578584432601929,
reinforce,0.0,1,208,5.033834301342438,10,0.0018999576568603516,0.5572450160980225,,,5.016131401062012,5.016131401062012,,,1.8997293710708618,1.8997293710708618,
reinforce,0.0,1,209,5.091738376531718,10,0.0019207000732421875,0.5592389106750488,,,3.423553466796875,3.423553466796875,,,1.979640245437622,1.979640245437622,
reinforce,0.0,1,210,4.917179745962648,10,0.0018951892852783203,0.5612220764160156,,,5.732875823974609,5.732875823974609,,,1.8597240447998047,1.8597240447998047,
reinforce,0.0,1,211,5.010088983269094,10,0.0017578601837158203,0.5630509853363037,,,3.7658162117004395,3.7658162117004395,,,1.8888123035430908,1.8888123035430908,
reinforce,0.0,1,212,5.123179740771846,10,0.0020389556884765625,0.5651450157165527,,,3.674574613571167,3.674574613571167,,,1.9562156200408936,1.9562156200408936,
reinforce,0.0,1,213,4.992465416764762,10,0.0017549991607666016,0.567018985748291,,,2.830915927886963,2.830915927886963,,,1.874053716659546,1.874053716659546,
reinforce,0.0,1,214,5.0667266932768165,10,0.0018291473388671875,0.568911075592041,,,4.3785529136657715,4.3785529136657715,,,1.9623825550079346,1.9623825550079346,
reinforce,0.0,1,215,4.9988062751643465,10,0.0019299983978271484,0.5709149837493896,,,2.8020052909851074,2.8020052909851074,,,1.903412103652954,1.903412103652954,
reinforce,0.0,1,216,4.965420148718012,10,0.002003908157348633,0.5730228424072266,,,2.972531318664551,2.972531318664551,,,1.837519645690918,1.837519645690918,
reinforce,0.0,1,217,5.265079325850615,10,0.0018439292907714844,0.5749528408050537,,,3.6685707569122314,3.6685707569122314,,,2.022390842437744,2.022390842437744,
reinforce,0.0,1,218,5.117147999832753,10,0.0018150806427001953,0.576840877532959,,,3.870800733566284,3.870800733566284,,,1.922659158706665,1.922659158706665,
reinforce,0.0,1,219,5.079190627547375,10,0.0022101402282714844,0.5791211128234863,,,3.9692676067352295,3.9692676067352295,,,1.9327713251113892,1.9327713251113892,
reinforce,0.0,1,220,5.094349589959759,10,0.0018260478973388672,0.5810401439666748,5.094727088956768,0.035070842437815296,4.348028182983398,4.348028182983398,,,1.944934606552124,1.944934606552124,
reinforce,0.0,1,221,5.127274913748533,10,0.0019230842590332031,0.5888371467590332,,,5.15869140625,5.15869140625,,,1.973230004310608,1.973230004310608,
reinforce,0.0,1,222,5.024524612210909,10,0.0017631053924560547,0.5906832218170166,,,3.662006378173828,3.662006378173828,,,1.9199298620224,1.9199298620224,
reinforce,0.0,1,223,5.107435508415202,10,0.0023021697998046875,0.5930838584899902,,,3.577234983444214,3.577234983444214,,,1.9863710403442383,1.9863710403442383,
reinforce,0.0,1,224,4.958857449568385,10,0.0018050670623779297,0.5949890613555908,,,5.73184871673584,5.73184871673584,,,1.8904335498809814,1.8904335498809814,
reinforce,0.0,1,225,5.0740204289652375,10,0.0017769336700439453,0.5968339443206787,,,4.019361972808838,4.019361972808838,,,1.9765068292617798,1.9765068292617798,
reinforce,0.0,1,226,5.0229196961607245,10,0.002099275588989258,0.5990240573883057,,,6.045821189880371,6.045821189880371,,,1.9279464483261108,1.9279464483261108,
reinforce,0.0,1,227,5.148935101437649,10,0.0019118785858154297,0.6011509895324707,,,3.177882671356201,3.177882671356201,,,1.9968875646591187,1.9968875646591187,
reinforce,0.0,1,228,5.077461789579463,10,0.0017752647399902344,0.603032112121582,,,3.0313663482666016,3.0313663482666016,,,1.9412832260131836,1.9412832260131836,
reinforce,0.0,1,229,5.146919929531316,10,0.0018413066864013672,0.604945182800293,,,3.756301164627075,3.756301164627075,,,1.9989416599273682,1.9989416599273682,
reinforce,0.0,1,230,5.1025662099941975,10,0.002048015594482422,0.6070940494537354,,,4.115399360656738,4.115399360656738,,,1.935731291770935,1.935731291770935,
reinforce,0.0,1,231,5.238332755932242,10,0.0018129348754882812,0.6089987754821777,,,6.241154670715332,6.241154670715332,,,2.0435595512390137,2.0435595512390137,
reinforce,0.0,1,232,5.226122013372132,10,0.0019142627716064453,0.6109921932220459,,,4.085727214813232,4.085727214813232,,,2.049286365509033,2.049286365509033,
reinforce,0.0,1,233,5.175990452016632,10,0.0018961429595947266,0.6129560470581055,,,4.089206695556641,4.089206695556641,,,2.004734516143799,2.004734516143799,
reinforce,0.0,1,234,5.249820680086111,10,0.002044200897216797,0.6151180267333984,,,5.286677360534668,5.286677360534668,,,2.0616486072540283,2.0616486072540283,
reinforce,0.0,1,235,5.205540745844471,10,0.0018639564514160156,0.6170811653137207,,,3.3316650390625,3.3316650390625,,,2.016909122467041,2.016909122467041,
reinforce,0.0,1,236,5.28169727981183,10,0.001809835433959961,0.6189827919006348,,,3.2169291973114014,3.2169291973114014,,,2.0860676765441895,2.0860676765441895,
reinforce,0.0,1,237,5.285985188575734,10,0.002103090286254883,0.6211509704589844,,,5.012892723083496,5.012892723083496,,,2.0909812450408936,2.0909812450408936,
reinforce,0.0,1,238,5.178781028193966,10,0.0018877983093261719,0.6231279373168945,,,3.8687081336975098,3.8687081336975098,,,2.052215099334717,2.052215099334717,
reinforce,0.0,1,239,5.3250118941077975,10,0.0018019676208496094,0.625007152557373,,,4.51744270324707,4.51744270324707,,,2.140756607055664,2.140756607055664,
reinforce,0.0,1,240,5.175001605715785,10,0.0020368099212646484,0.6270990371704102,5.361466500378204,0.03099018403289124,3.017853260040283,3.017853260040283,,,2.026390552520752,2.026390552520752,
reinforce,0.0,1,241,5.191640231477884,10,0.0023260116577148438,0.6359009742736816,,,5.015704154968262,5.015704154968262,,,2.0468497276306152,2.0468497276306152,
reinforce,0.0,1,242,5.233700534549647,10,0.0019257068634033203,0.6379420757293701,,,4.417183876037598,4.417183876037598,,,2.0381007194519043,2.0381007194519043,
reinforce,0.0,1,243,5.185643274057695,10,0.0021431446075439453,0.6401710510253906,,,3.4809634685516357,3.4809634685516357,,,2.03613543510437,2.03613543510437,
reinforce,0.0,1,244,5.294965331526644,10,0.0020341873168945312,0.6423101425170898,,,4.184805393218994,4.184805393218994,,,2.1328647136688232,2.1328647136688232,
reinforce,0.0,1,245,5.276008299848601,10,0.0018188953399658203,0.6442208290100098,,,3.920055389404297,3.920055389404297,,,2.096863269805908,2.096863269805908,
reinforce,0.0,1,246,5.275480083796652,10,0.002002239227294922,0.6463091373443604,,,2.743861675262451,2.743861675262451,,,2.064567804336548,2.064567804336548,
reinforce,0.0,1,247,5.15453666085722,10,0.002039194107055664,0.6484332084655762,,,3.261699676513672,3.261699676513672,,,2.0162055492401123,2.0162055492401123,
reinforce,0.0,1,248,5.240677491977028,10,0.0018911361694335938,0.6504161357879639,,,4.760572910308838,4.760572910308838,,,2.0963497161865234,2.0963497161865234,
reinforce,0.0,1,249,5.215659623094229,10,0.0019059181213378906,0.6523928642272949,,,4.317634105682373,4.317634105682373,,,2.069878578186035,2.069878578186035,
reinforce,0.0,1,250,5.3009839892456485,10,0.0018649101257324219,0.6543538570404053,,,4.563431262969971,4.563431262969971,,,2.1272637844085693,2.1272637844085693,
reinforce,0.0,1,251,5.201897215901333,10,0.0019359588623046875,0.6563830375671387,,,4.664139270782471,4.664139270782471,,,2.0243210792541504,2.0243210792541504,
reinforce,0.0,1,252,5.284390392177055,10,0.0019121170043945312,0.6584110260009766,,,3.988253116607666,3.988253116607666,,,2.11898136138916,2.11898136138916,
reinforce,0.0,1,253,5.300334876926728,10,0.0018258094787597656,0.6603069305419922,,,2.3034415245056152,2.3034415245056152,,,2.0763022899627686,2.0763022899627686,
reinforce,0.0,1,254,5.402596029077842,10,0.0021047592163085938,0.6624948978424072,,,5.501395225524902,5.501395225524902,,,2.1626908779144287,2.1626908779144287,
reinforce,0.0,1,255,5.143851501247937,10,0.0018248558044433594,0.6644060611724854,,,3.5204291343688965,3.5204291343688965,,,1.9769998788833618,1.9769998788833618,
reinforce,0.0,1,256,5.2208083538892005,10,0.0018711090087890625,0.6663601398468018,,,2.935415029525757,2.935415029525757,,,2.0309698581695557,2.0309698581695557,
reinforce,0.0,1,257,5.105374535817579,10,0.0018892288208007812,0.6683320999145508,,,4.714286804199219,4.714286804199219,,,1.975298523902893,1.975298523902893,
reinforce,0.0,1,258,5.108687631047551,10,0.0019440650939941406,0.6704251766204834,,,4.489929676055908,4.489929676055908,,,1.9676259756088257,1.9676259756088257,
reinforce,0.0,1,259,5.117181160550478,10,0.001875162124633789,0.6723990440368652,,,3.2065391540527344,3.2065391540527344,,,1.9894832372665405,1.9894832372665405,
reinforce,0.0,1,260,5.148697972285223,10,0.001817941665649414,0.6742949485778809,5.187590351515377,0.036858315090906354,4.945377349853516,4.945377349853516,,,1.978697419166565,1.978697419166565,
reinforce,0.0,1,261,5.010941042000796,10,0.002110004425048828,0.6821911334991455,,,4.530516624450684,4.530516624450684,,,1.9274184703826904,1.9274184703826904,
reinforce,0.0,1,262,5.096098251130646,10,0.002054929733276367,0.6843929290771484,,,3.026609420776367,3.026609420776367,,,1.972100853919983,1.972100853919983,
reinforce,0.0,1,263,5.059027472517678,10,0.0017971992492675781,0.6862871646881104,,,4.383953094482422,4.383953094482422,,,1.924564003944397,1.924564003944397,
reinforce,0.0,1,264,5.070433476581163,10,0.0018167495727539062,0.6881799697875977,,,5.100015163421631,5.100015163421631,,,1.9301090240478516,1.9301090240478516,
reinforce,0.0,1,265,5.021614402113025,10,0.0022110939025878906,0.6904580593109131,,,4.220549583435059,4.220549583435059,,,1.8862329721450806,1.8862329721450806,
reinforce,0.0,1,266,4.998294326046484,10,0.0018770694732666016,0.6924440860748291,,,3.6616244316101074,3.6616244316101074,,,1.8679358959197998,1.8679358959197998,
reinforce,0.0,1,267,4.956626390656272,10,0.0018990039825439453,0.6944129467010498,,,3.6191627979278564,3.6191627979278564,,,1.8727543354034424,1.8727543354034424,
reinforce,0.0,1,268,5.031656941579862,10,0.0019021034240722656,0.696397066116333,,,2.993342638015747,2.993342638015747,,,1.8913319110870361,1.8913319110870361,
reinforce,0.0,1,269,4.807398454237417,10,0.0018329620361328125,0.698328971862793,,,2.6552841663360596,2.6552841663360596,,,1.7300422191619873,1.7300422191619873,
reinforce,0.0,1,270,5.076994349193775,10,0.0018880367279052734,0.700300931930542,,,4.468764781951904,4.468764781951904,,,1.930201768875122,1.930201768875122,
reinforce,0.0,1,271,4.949490349883637,10,0.0018157958984375,0.7021939754486084,,,2.3336968421936035,2.3336968421936035,,,1.8344199657440186,1.8344199657440186,
reinforce,0.0,1,272,4.955482688514124,10,0.002029895782470703,0.7042930126190186,,,2.253973960876465,2.253973960876465,,,1.8673388957977295,1.8673388957977295,
reinforce,0.0,1,273,4.969925218017282,10,0.0018298625946044922,0.7062180042266846,,,3.367626905441284,3.367626905441284,,,1.84765625,1.84765625,
reinforce,0.0,1,274,4.924095293562248,10,0.00177001953125,0.7080471515655518,,,2.7989230155944824,2.7989230155944824,,,1.8043556213378906,1.8043556213378906,
reinforce,0.0,1,275,4.716020056126934,9,0.001744985580444336,0.7098610401153564,,,5.2563157081604,5.2563157081604,,,1.8912252187728882,1.8912252187728882,
reinforce,0.0,1,276,5.010335364586629,10,0.0020329952239990234,0.7119929790496826,,,5.638947010040283,5.638947010040283,,,1.9236828088760376,1.9236828088760376,
reinforce,0.0,1,277,4.732106457889282,9,0.0016181468963623047,0.7137210369110107,,,2.8088269233703613,2.8088269233703613,,,1.8710556030273438,1.8710556030273438,
reinforce,0.0,1,278,4.8876603399041745,10,0.0017418861389160156,0.7155308723449707,,,3.8390984535217285,3.8390984535217285,,,1.7814273834228516,1.7814273834228516,
reinforce,0.0,1,279,5.041994416030497,10,0.002131938934326172,0.7177300453186035,,,3.542957305908203,3.542957305908203,,,1.912414312362671,1.912414312362671,
reinforce,0.0,1,280,4.999876602097726,10,0.0018589496612548828,0.7196919918060303,4.992500863047798,0.01840437383832288,2.3150599002838135,2.3150599002838135,,,1.8811994791030884,1.8811994791030884,
reinforce,0.0,1,281,5.0726258745804245,10,0.0018520355224609375,0.7272369861602783,,,3.179661512374878,3.179661512374878,,,1.9298505783081055,1.9298505783081055,
reinforce,0.0,1,282,5.026053790049684,10,0.001844167709350586,0.7291581630706787,,,3.3649139404296875,3.3649139404296875,,,1.8630430698394775,1.8630430698394775,
reinforce,0.0,1,283,4.888456799001529,9,0.002009868621826172,0.7312519550323486,,,3.908881187438965,3.908881187438965,,,1.9937292337417603,1.9937292337417603,
reinforce,0.0,1,284,4.981025366672153,10,0.0017428398132324219,0.7331068515777588,,,4.992650032043457,4.992650032043457,,,1.8877170085906982,1.8877170085906982,
reinforce,0.0,1,285,5.106469048764107,10,0.0017600059509277344,0.7349259853363037,,,4.016397953033447,4.016397953033447,,,1.9797462224960327,1.9797462224960327,
reinforce,0.0,1,286,5.081803326601843,10,0.001798868179321289,0.7367899417877197,,,4.536239147186279,4.536239147186279,,,1.9413589239120483,1.9413589239120483,
reinforce,0.0,1,287,5.029157960845765,10,0.001959085464477539,0.7388629913330078,,,3.4754154682159424,3.4754154682159424,,,1.8858239650726318,1.8858239650726318,
reinforce,0.0,1,288,5.2618132930187,10,0.001798868179321289,0.740760087966919,,,3.6191437244415283,3.6191437244415283,,,2.049452543258667,2.049452543258667,
reinforce,0.0,1,289,5.135653730735654,10,0.001828908920288086,0.7426660060882568,,,3.556809902191162,3.556809902191162,,,1.996921181678772,1.996921181678772,
reinforce,0.0,1,290,5.168200379295899,10,0.0018548965454101562,0.7445938587188721,,,3.7387547492980957,3.7387547492980957,,,2.016284942626953,2.016284942626953,
reinforce,0.0,1,291,5.003907711522056,10,0.00213623046875,0.7468111515045166,,,3.008171796798706,3.008171796798706,,,1.9134352207183838,1.9134352207183838,
reinforce,0.0,1,292,5.219407901246032,10,0.0017762184143066406,0.7486650943756104,,,4.846279144287109,4.846279144287109,,,2.0351529121398926,2.0351529121398926,
reinforce,0.0,1,293,5.1615176960028855,10,0.0018050670623779297,0.7505378723144531,,,3.6605358123779297,3.6605358123779297,,,1.9996715784072876,1.9996715784072876,
reinforce,0.0,1,294,5.137152020968021,10,0.002084016799926758,0.7526881694793701,,,4.1480302810668945,4.1480302810668945,,,1.9497267007827759,1.9497267007827759,
reinforce,0.0,1,295,5.148247129660816,10,0.0018398761749267578,0.7546250820159912,,,3.3517813682556152,3.3517813682556152,,,1.997035264968872,1.997035264968872,
reinforce,0.0,1,296,5.2210637427470505,10,0.0018067359924316406,0.7565009593963623,,,3.594188690185547,3.594188690185547,,,2.0279037952423096,2.0279037952423096,
reinforce,0.0,1,297,5.207505453059957,10,0.0021631717681884766,0.7587361335754395,,,5.271210670471191,5.271210670471191,,,2.0432658195495605,2.0432658195495605,
reinforce,0.0,1,298,5.2550256592372815,10,0.001983165740966797,0.7609190940856934,,,4.637928009033203,4.637928009033203,,,2.0909764766693115,2.0909764766693115,
reinforce,0.0,1,299,5.2250938551994714,10,0.0018908977508544922,0.7629189491271973,,,2.5920138359069824,2.5920138359069824,,,2.073526382446289,2.073526382446289,
reinforce,0.0,1,300,5.184570044031794,10,0.001867055892944336,0.7648591995239258,5.295329797323637,0.028471313410466433,3.834106922149658,3.834106922149658,,,2.0334882736206055,2.0334882736206055,
reinforce,0.0,1,301,5.121836826007505,10,0.0020799636840820312,0.7725839614868164,,,4.857045650482178,4.857045650482178,,,2.0005125999450684,2.0005125999450684,
reinforce,0.0,1,302,5.293780626536467,10,0.0018219947814941406,0.774569034576416,,,4.450350284576416,4.450350284576416,,,2.074383020401001,2.074383020401001,
reinforce,0.0,1,303,5.254454600837992,10,0.0019199848175048828,0.7765519618988037,,,4.127110481262207,4.127110481262207,,,2.0485565662384033,2.0485565662384033,
reinforce,0.0,1,304,5.215035810502747,10,0.0019011497497558594,0.7785520553588867,,,3.34272837638855,3.34272837638855,,,2.009526252746582,2.009526252746582,
reinforce,0.0,1,305,5.273168722501817,10,0.0020940303802490234,0.7807211875915527,,,4.734799861907959,4.734799861907959,,,2.051581859588623,2.051581859588623,
reinforce,0.0,1,306,5.381059989273938,10,0.0018458366394042969,0.7826519012451172,,,3.015637159347534,3.015637159347534,,,2.162802219390869,2.162802219390869,
reinforce,0.0,1,307,5.2163340307480155,10,0.0018439292907714844,0.7845680713653564,,,4.730654716491699,4.730654716491699,,,2.0765881538391113,2.0765881538391113,
reinforce,0.0,1,308,5.361917660944977,10,0.0017619132995605469,0.7863988876342773,,,4.801913261413574,4.801913261413574,,,2.1497092247009277,2.1497092247009277,
reinforce,0.0,1,309,5.318736836934732,10,0.0018811225891113281,0.788358211517334,,,2.460875988006592,2.460875988006592,,,2.1284050941467285,2.1284050941467285,
reinforce,0.0,1,310,5.392284159027519,10,0.0018422603607177734,0.7903001308441162,,,6.2684807777404785,6.2684807777404785,,,2.1479849815368652,2.1479849815368652,
reinforce,0.0,1,311,5.38708816387337,10,0.0017809867858886719,0.7921600341796875,,,5.576571464538574,5.576571464538574,,,2.199618339538574,2.199618339538574,
reinforce,0.0,1,312,5.451584981654733,10,0.002208709716796875,0.7944498062133789,,,3.9022419452667236,3.9022419452667236,,,2.2408790588378906,2.2408790588378906,
reinforce,0.0,1,313,5.3821194672848325,10,0.0018432140350341797,0.7963900566101074,,,6.402783393859863,6.402783393859863,,,2.150054454803467,2.150054454803467,
reinforce,0.0,1,314,5.459487681445045,10,0.0017478466033935547,0.7982120513916016,,,3.71885347366333,3.71885347366333,,,2.2106966972351074,2.2106966972351074,
reinforce,0.0,1,315,5.496601288522906,10,0.0021119117736816406,0.8003840446472168,,,3.9768834114074707,3.9768834114074707,,,2.246328353881836,2.246328353881836,
reinforce,0.0,1,316,5.455752861628687,10,0.0018432140350341797,0.802321195602417,,,3.2482504844665527,3.2482504844665527,,,2.2061586380004883,2.2061586380004883,
reinforce,0.0,1,317,5.39862124274652,10,0.0017631053924560547,0.8041441440582275,,,4.161861896514893,4.161861896514893,,,2.199702739715576,2.199702739715576,
reinforce,0.0,1,318,5.470443629883055,10,0.0018768310546875,0.8060860633850098,,,3.1325459480285645,3.1325459480285645,,,2.239276170730591,2.239276170730591,
reinforce,0.0,1,319,5.472291924360477,10,0.00202178955078125,0.8081798553466797,,,4.859641075134277,4.859641075134277,,,2.2416677474975586,2.2416677474975586,
reinforce,0.0,1,320,5.370636092081262,10,0.0017979145050048828,0.8100769519805908,5.442168664177752,0.027727252181364178,4.35124397277832,4.35124397277832,,,2.1774814128875732,2.1774814128875732,
reinforce,0.0,1,321,5.409058802943115,10,0.002076864242553711,0.8184099197387695,,,3.1100175380706787,3.1100175380706787,,,2.212876796722412,2.212876796722412,
reinforce,0.0,1,322,5.385049550391312,10,0.001882791519165039,0.8203928470611572,,,5.567802429199219,5.567802429199219,,,2.1613593101501465,2.1613593101501465,
reinforce,0.0,1,323,5.354119383824811,10,0.0020253658294677734,0.8225011825561523,,,4.592898368835449,4.592898368835449,,,2.1473679542541504,2.1473679542541504,
reinforce,0.0,1,324,5.421953079741928,10,0.0018241405487060547,0.8244049549102783,,,5.068779945373535,5.068779945373535,,,2.175611972808838,2.175611972808838,
reinforce,0.0,1,325,5.4699217083337155,10,0.001909017562866211,0.8263978958129883,,,6.199326515197754,6.199326515197754,,,2.25424861907959,2.25424861907959,
reinforce,0.0,1,326,5.348627416772722,10,0.0020570755004882812,0.828524112701416,,,4.450946807861328,4.450946807861328,,,2.113055467605591,2.113055467605591,
reinforce,0.0,1,327,5.382493452805452,10,0.0018918514251708984,0.8305258750915527,,,4.655928611755371,4.655928611755371,,,2.2112064361572266,2.2112064361572266,
reinforce,0.0,1,328,5.304271439280726,10,0.0017960071563720703,0.8324000835418701,,,3.6640076637268066,3.6640076637268066,,,2.07914400100708,2.07914400100708,
reinforce,0.0,1,329,5.003979656552325,9,0.0016388893127441406,0.8341078758239746,,,3.295725107192993,3.295725107192993,,,2.066696882247925,2.066696882247925,
reinforce,0.0,1,330,5.453332663237987,10,0.002062082290649414,0.8362381458282471,,,4.510394096374512,4.510394096374512,,,2.21502423286438,2.21502423286438,
reinforce,0.0,1,331,5.41100935717989,10,0.0017690658569335938,0.8380889892578125,,,4.295507431030273,4.295507431030273,,,2.204569101333618,2.204569101333618,
reinforce,0.0,1,332,5.355765158390289,10,0.0019497871398925781,0.8400979042053223,,,4.819082736968994,4.819082736968994,,,2.193268060684204,2.193268060684204,
reinforce,0.0,1,333,5.0382788491700214,9,0.0018568038940429688,0.842033863067627,,,4.4214935302734375,4.4214935302734375,,,2.096888303756714,2.096888303756714,
reinforce,0.0,1,334,5.16686091718006,9,0.001653909683227539,0.8437800407409668,,,6.472530364990234,6.472530364990234,,,2.194567918777466,2.194567918777466,
reinforce,0.0,1,335,5.377638338925358,10,0.0018529891967773438,0.8457138538360596,,,3.976839780807495,3.976839780807495,,,2.2043819427490234,2.2043819427490234,
reinforce,0.0,1,336,5.413529977687882,10,0.001889944076538086,0.8476769924163818,,,6.867637634277344,6.867637634277344,,,2.1752028465270996,2.1752028465270996,
reinforce,0.0,1,337,5.334491397095716,10,0.0019359588623046875,0.8496890068054199,,,3.905322551727295,3.905322551727295,,,2.1296873092651367,2.1296873092651367,
reinforce,0.0,1,338,5.327597469886207,10,0.001817941665649414,0.851586103439331,,,4.5608954429626465,4.5608954429626465,,,2.108018159866333,2.108018159866333,
reinforce,0.0,1,339,5.0995695029489205,9,0.0018231868743896484,0.8534951210021973,,,3.5455381870269775,3.5455381870269775,,,2.145623207092285,2.145623207092285,
reinforce,0.0,1,340,5.443105847112849,10,0.0018620491027832031,0.8554379940032959,5.418022315044588,0.026888547085136588,3.4217655658721924,3.4217655658721924,,,2.2548577785491943,2.2548577785491943,
reinforce,0.0,1,341,5.283785239675389,10,0.0024073123931884766,0.8634521961212158,,,5.973767280578613,5.973767280578613,,,2.079406261444092,2.079406261444092,
reinforce,0.0,1,342,5.255597013319505,10,0.0018796920776367188,0.8654468059539795,,,4.546244144439697,4.546244144439697,,,2.091378688812256,2.091378688812256,
reinforce,0.0,1,343,5.299933761803653,10,0.0019118785858154297,0.8674318790435791,,,4.112361431121826,4.112361431121826,,,2.0869059562683105,2.0869059562683105,
reinforce,0.0,1,344,5.303952575707506,10,0.002002239227294922,0.869542121887207,,,3.8859660625457764,3.8859660625457764,,,2.08573579788208,2.08573579788208,
reinforce,0.0,1,345,5.211229301528993,9,0.0017690658569335938,0.8714079856872559,,,4.910154342651367,4.910154342651367,,,2.2431185245513916,2.2431185245513916,
reinforce,0.0,1,346,5.259554269799032,10,0.0017788410186767578,0.8732609748840332,,,3.6227030754089355,3.6227030754089355,,,2.0382590293884277,2.0382590293884277,
reinforce,0.0,1,347,5.335394636182894,10,0.0018401145935058594,0.8751630783081055,,,4.151423931121826,4.151423931121826,,,2.1313118934631348,2.1313118934631348,
reinforce,0.0,1,348,5.285867333093255,10,0.002095937728881836,0.8773329257965088,,,3.2001285552978516,3.2001285552978516,,,2.1008358001708984,2.1008358001708984,
reinforce,0.0,1,349,5.399910867040571,10,0.0018088817596435547,0.879302978515625,,,3.776737928390503,3.776737928390503,,,2.1630592346191406,2.1630592346191406,
reinforce,0.0,1,350,5.302748770361093,10,0.001773834228515625,0.8811500072479248,,,3.1518983840942383,3.1518983840942383,,,2.06771183013916,2.06771183013916,
reinforce,0.0,1,351,5.1492594200834905,10,0.0020558834075927734,0.883281946182251,,,5.351022243499756,5.351022243499756,,,2.0285208225250244,2.0285208225250244,
reinforce,0.0,1,352,5.236613540529254,10,0.001962900161743164,0.8854320049285889,,,4.545332431793213,4.545332431793213,,,2.039391040802002,2.039391040802002,
reinforce,0.0,1,353,5.298058886252054,10,0.0017879009246826172,0.8873090744018555,,,2.589768648147583,2.589768648147583,,,2.086434841156006,2.086434841156006,
reinforce,0.0,1,354,5.146815089275415,10,0.0017940998077392578,0.8891730308532715,,,2.570859909057617,2.570859909057617,,,2.0031819343566895,2.0031819343566895,
reinforce,0.0,1,355,5.272548634002808,10,0.0020759105682373047,0.8913300037384033,,,3.7002971172332764,3.7002971172332764,,,2.096944570541382,2.096944570541382,
reinforce,0.0,1,356,5.255206543346446,10,0.0018260478973388672,0.8932421207427979,,,5.723723411560059,5.723723411560059,,,2.069521903991699,2.069521903991699,
reinforce,0.0,1,357,5.293476980620106,10,0.0017979145050048828,0.8951108455657959,,,3.6902499198913574,3.6902499198913574,,,2.079007863998413,2.079007863998413,
reinforce,0.0,1,358,5.14518739982495,10,0.0021507740020751953,0.8973398208618164,,,3.1057584285736084,3.1057584285736084,,,1.9940704107284546,1.9940704107284546,
reinforce,0.0,1,359,5.23549799231224,10,0.0019559860229492188,0.8994059562683105,,,4.471982479095459,4.471982479095459,,,2.033824920654297,2.033824920654297,
reinforce,0.0,1,360,5.178379022610643,10,0.0017611980438232422,0.9012401103973389,5.186570911790147,0.036694530953237395,3.8453993797302246,3.8453993797302246,,,2.034440517425537,2.034440517425537,
reinforce,0.0,1,361,5.120150468835414,10,0.0019838809967041016,0.9089808464050293,,,3.9833672046661377,3.9833672046661377,,,1.9463602304458618,1.9463602304458618,
reinforce,0.0,1,362,5.20283820160034,10,0.0019297599792480469,0.9110498428344727,,,2.8520593643188477,2.8520593643188477,,,2.019871234893799,2.019871234893799,
reinforce,0.0,1,363,5.208976046866771,10,0.0018491744995117188,0.9130611419677734,,,2.950814723968506,2.950814723968506,,,2.016610622406006,2.016610622406006,
reinforce,0.0,1,364,5.153965073931691,10,0.0018339157104492188,0.914963960647583,,,2.7392075061798096,2.7392075061798096,,,2.0014288425445557,2.0014288425445557,
reinforce,0.0,1,365,5.212286460619044,10,0.0018329620361328125,0.9168679714202881,,,3.3335018157958984,3.3335018157958984,,,2.0555026531219482,2.0555026531219482,
reinforce,0.0,1,366,5.113445784319189,10,0.0020699501037597656,0.9190340042114258,,,4.303604602813721,4.303604602813721,,,1.9379451274871826,1.9379451274871826,
reinforce,0.0,1,367,5.114304096802621,10,0.0018210411071777344,0.9209489822387695,,,6.846324920654297,6.846324920654297,,,1.9924709796905518,1.9924709796905518,
reinforce,0.0,1,368,5.192155487592603,10,0.0017940998077392578,0.9228191375732422,,,3.7082953453063965,3.7082953453063965,,,2.0091185569763184,2.0091185569763184,
reinforce,0.0,1,369,5.17389408128713,10,0.0022928714752197266,0.9251918792724609,,,4.069018363952637,4.069018363952637,,,1.9787746667861938,1.9787746667861938,
reinforce,0.0,1,370,5.1745887628165015,10,0.0019099712371826172,0.9272050857543945,,,3.05916428565979,3.05916428565979,,,2.009648084640503,2.009648084640503,
reinforce,0.0,1,371,5.2351078327587635,10,0.0017762184143066406,0.9290611743927002,,,5.4866838455200195,5.4866838455200195,,,2.0160086154937744,2.0160086154937744,
reinforce,0.0,1,372,5.192457385027879,10,0.0018770694732666016,0.9310100078582764,,,5.1205620765686035,5.1205620765686035,,,1.9845077991485596,1.9845077991485596,
reinforce,0.0,1,373,5.234518978277139,10,0.0019969940185546875,0.933107852935791,,,3.1873791217803955,3.1873791217803955,,,2.0197880268096924,2.0197880268096924,
reinforce,0.0,1,374,5.019153489655978,9,0.0016009807586669922,0.9347949028015137,,,6.198797225952148,6.198797225952148,,,2.071061611175537,2.071061611175537,
reinforce,0.0,1,375,5.071709897921748,10,0.001966238021850586,0.9368240833282471,,,5.553380489349365,5.553380489349365,,,1.9550888538360596,1.9550888538360596,
reinforce,0.0,1,376,5.182520795667215,10,0.001995086669921875,0.9389219284057617,,,5.046046733856201,5.046046733856201,,,2.029247283935547,2.029247283935547,
reinforce,0.0,1,377,5.113949258703176,10,0.0017998218536376953,0.9408349990844727,,,4.1762776374816895,4.1762776374816895,,,1.9744945764541626,1.9744945764541626,
reinforce,0.0,1,378,4.975694410110691,9,0.00168609619140625,0.9426050186157227,,,3.485722541809082,3.485722541809082,,,2.0380563735961914,2.0380563735961914,
reinforce,0.0,1,379,4.842759478208699,9,0.0016088485717773438,0.9442858695983887,,,5.102186679840088,5.102186679840088,,,1.960528016090393,1.960528016090393,
reinforce,0.0,1,380,5.0280088981947735,9,0.0016582012176513672,0.9460091590881348,5.029171770623283,0.007741081653928838,4.022785186767578,4.022785186767578,,,2.0830936431884766,2.0830936431884766,
reinforce,0.0,1,381,4.888263962975069,9,0.0019690990447998047,0.9530670642852783,,,3.229987144470215,3.229987144470215,,,1.9711426496505737,1.9711426496505737,
reinforce,0.0,1,382,4.957903030388451,9,0.0016989707946777344,0.9549000263214111,,,5.643971920013428,5.643971920013428,,,2.03869366645813,2.03869366645813,
reinforce,0.0,1,383,4.841404647230414,9,0.0017108917236328125,0.9567019939422607,,,6.01539421081543,6.01539421081543,,,1.9127678871154785,1.9127678871154785,
reinforce,0.0,1,384,4.750336942808875,9,0.0016682147979736328,0.9584498405456543,,,2.6652002334594727,2.6652002334594727,,,1.8635010719299316,1.8635010719299316,
reinforce,0.0,1,385,4.827839261879767,9,0.0018270015716552734,0.9603550434112549,,,3.2072854042053223,3.2072854042053223,,,1.916670322418213,1.916670322418213,
reinforce,0.0,1,386,4.87059212554842,9,0.0015931129455566406,0.9620280265808105,,,3.8342487812042236,3.8342487812042236,,,1.9316602945327759,1.9316602945327759,
reinforce,0.0,1,387,4.815091994207879,9,0.0015642642974853516,0.9636631011962891,,,5.3015336990356445,5.3015336990356445,,,1.9157638549804688,1.9157638549804688,
reinforce,0.0,1,388,4.4943543964065675,8,0.0014011859893798828,0.9651319980621338,,,3.4666402339935303,3.4666402339935303,,,1.881535291671753,1.881535291671753,
reinforce,0.0,1,389,4.571073796731303,8,0.001422882080078125,0.9666099548339844,,,2.5231986045837402,2.5231986045837402,,,1.880873441696167,1.880873441696167,
reinforce,0.0,1,390,4.705446276224867,9,0.0017328262329101562,0.9684238433837891,,,3.665919065475464,3.665919065475464,,,1.7821019887924194,1.7821019887924194,
reinforce,0.0,1,391,4.498890866690772,8,0.0013408660888671875,0.9698460102081299,,,3.547074794769287,3.547074794769287,,,1.887093424797058,1.887093424797058,
reinforce,0.0,1,392,4.4012312392591415,8,0.001394033432006836,0.9712910652160645,,,4.495530128479004,4.495530128479004,,,1.7781352996826172,1.7781352996826172,
reinforce,0.0,1,393,4.460542621146685,8,0.0013659000396728516,0.9727530479431152,,,3.878641128540039,3.878641128540039,,,1.8175444602966309,1.8175444602966309,
reinforce,0.0,1,394,4.195084901388155,8,0.0015377998352050781,0.9743537902832031,,,3.4154529571533203,3.4154529571533203,,,1.639205813407898,1.639205813407898,
reinforce,0.0,1,395,4.314218252265594,8,0.0013561248779296875,0.9757781028747559,,,4.136683464050293,4.136683464050293,,,1.7409136295318604,1.7409136295318604,
reinforce,0.0,1,396,4.305260491953781,8,0.001422882080078125,0.9772758483886719,,,5.101168632507324,5.101168632507324,,,1.7081236839294434,1.7081236839294434,
reinforce,0.0,1,397,4.386388002514292,8,0.0013897418975830078,0.9787828922271729,,,2.6734306812286377,2.6734306812286377,,,1.758357048034668,1.758357048034668,
reinforce,0.0,1,398,4.597069746586852,8,0.0013551712036132812,0.9802041053771973,,,4.423906326293945,4.423906326293945,,,1.9994699954986572,1.9994699954986572,
reinforce,0.0,1,399,4.0451443726966385,7,0.001519918441772461,0.9818029403686523,,,3.3135154247283936,3.3135154247283936,,,1.7453776597976685,1.7453776597976685,
reinforce,0.0,1,400,4.030156748930265,7,0.00121307373046875,0.9831061363220215,4.0596857663598795,0.043217285914422796,2.843327760696411,2.843327760696411,,,1.7278764247894287,1.7278764247894287,
reinforce,0.0,1,401,3.9240988671970913,7,0.001600027084350586,0.988785982131958,,,3.671471118927002,3.671471118927002,,,1.6658525466918945,1.6658525466918945,
reinforce,0.0,1,402,3.971180343133618,7,0.0012888908386230469,0.9902079105377197,,,4.683812618255615,4.683812618255615,,,1.6760733127593994,1.6760733127593994,
reinforce,0.0,1,403,4.2914050173719005,8,0.0015430450439453125,0.9918220043182373,,,2.6290273666381836,2.6290273666381836,,,1.6818538904190063,1.6818538904190063,
reinforce,0.0,1,404,4.137275487797612,8,0.0015292167663574219,0.9934241771697998,,,3.9837799072265625,3.9837799072265625,,,1.541737675666809,1.541737675666809,
reinforce,0.0,1,405,4.095639665805067,7,0.001352071762084961,0.9948430061340332,,,2.5383987426757812,2.5383987426757812,,,1.7510429620742798,1.7510429620742798,
reinforce,0.0,1,406,4.064679321707444,7,0.0012717247009277344,0.996243953704834,,,2.4255385398864746,2.4255385398864746,,,1.7376766204833984,1.7376766204833984,
reinforce,0.0,1,407,4.0548813902375525,7,0.0013470649719238281,0.9976420402526855,,,3.880317211151123,3.880317211151123,,,1.7299083471298218,1.7299083471298218,
reinforce,0.0,1,408,4.063350899017951,7,0.0013179779052734375,0.9990379810333252,,,3.6384525299072266,3.6384525299072266,,,1.7611039876937866,1.7611039876937866,
reinforce,0.0,1,409,4.109263636356868,8,0.0014252662658691406,1.00052809715271,,,2.9695284366607666,2.9695284366607666,,,1.5500357151031494,1.5500357151031494,
reinforce,0.0,1,410,3.7157147594052526,7,0.0015239715576171875,1.0021109580993652,,,2.4314193725585938,2.4314193725585938,,,1.5230493545532227,1.5230493545532227,
reinforce,0.0,1,411,3.9253987220407773,7,0.0013697147369384766,1.0035738945007324,,,2.3246912956237793,2.3246912956237793,,,1.6546523571014404,1.6546523571014404,
reinforce,0.0,1,412,4.1425956432159525,8,0.00146484375,1.0050978660583496,,,2.867365837097168,2.867365837097168,,,1.5562808513641357,1.5562808513641357,
reinforce,0.0,1,413,4.063552866250805,7,0.0012729167938232422,1.00642991065979,,,2.279141664505005,2.279141664505005,,,1.7479383945465088,1.7479383945465088,
reinforce,0.0,1,414,4.048089212776056,7,0.001332998275756836,1.007817029953003,,,3.235758066177368,3.235758066177368,,,1.7109696865081787,1.7109696865081787,
reinforce,0.0,1,415,3.997957274357948,7,0.0017631053924560547,1.0096440315246582,,,3.5140602588653564,3.5140602588653564,,,1.685450553894043,1.685450553894043,
reinforce,0.0,1,416,3.9381668868816826,7,0.0013120174407958984,1.0110368728637695,,,2.5194242000579834,2.5194242000579834,,,1.6559544801712036,1.6559544801712036,
reinforce,0.0,1,417,3.8977672919761193,7,0.0012657642364501953,1.012359857559204,,,3.198545455932617,3.198545455932617,,,1.6363239288330078,1.6363239288330078,
reinforce,0.0,1,418,4.136778699400729,8,0.0015239715576171875,1.0139398574829102,,,2.9715352058410645,2.9715352058410645,,,1.58823823928833,1.58823823928833,
reinforce,0.0,1,419,3.9721761696534865,7,0.0014889240264892578,1.0154948234558105,,,3.740581512451172,3.740581512451172,,,1.6943225860595703,1.6943225860595703,
reinforce,0.0,1,420,3.8155939738666422,7,0.0014829635620117188,1.017063856124878,3.9227824484055325,0.0566740502977642,2.295339345932007,2.295339345932007,,,1.5862376689910889,1.5862376689910889,
reinforce,0.0,1,421,3.958655021850083,7,0.0016200542449951172,1.0227880477905273,,,3.7037136554718018,3.7037136554718018,,,1.6843637228012085,1.6843637228012085,
reinforce,0.0,1,422,3.8242936795240743,7,0.0013422966003417969,1.0242209434509277,,,4.85239839553833,4.85239839553833,,,1.6262578964233398,1.6262578964233398,
reinforce,0.0,1,423,4.051099269085093,8,0.001451730728149414,1.025735855102539,,,4.093729019165039,4.093729019165039,,,1.552280068397522,1.552280068397522,
reinforce,0.0,1,424,3.732795240662834,7,0.0012841224670410156,1.0270781517028809,,,2.500370740890503,2.500370740890503,,,1.5346267223358154,1.5346267223358154,
reinforce,0.0,1,425,4.099255658624827,7,0.001299142837524414,1.0284450054168701,,,3.475484609603882,3.475484609603882,,,1.7664281129837036,1.7664281129837036,
reinforce,0.0,1,426,4.000253380769308,7,0.001573801040649414,1.0301430225372314,,,1.547723650932312,1.547723650932312,,,1.6881858110427856,1.6881858110427856,
reinforce,0.0,1,427,4.103874307798117,8,0.001489877700805664,1.0317261219024658,,,4.195214748382568,4.195214748382568,,,1.5792210102081299,1.5792210102081299,
reinforce,0.0,1,428,4.016177828665819,7,0.0012559890747070312,1.0330910682678223,,,2.281315565109253,2.281315565109253,,,1.7183749675750732,1.7183749675750732,
reinforce,0.0,1,429,3.7359771774142754,7,0.0012078285217285156,1.0344510078430176,,,5.725034236907959,5.725034236907959,,,1.5671151876449585,1.5671151876449585,
reinforce,0.0,1,430,4.182683236862267,8,0.0014209747314453125,1.0359289646148682,,,3.72274112701416,3.72274112701416,,,1.6071183681488037,1.6071183681488037,
reinforce,0.0,1,431,3.844695456915817,7,0.0016069412231445312,1.0376288890838623,,,3.908700942993164,3.908700942993164,,,1.6298272609710693,1.6298272609710693,
reinforce,0.0,1,432,3.9181591913997185,7,0.0012919902801513672,1.039005994796753,,,2.204071521759033,2.204071521759033,,,1.657218098640442,1.657218098640442,
reinforce,0.0,1,433,3.978258399314715,7,0.0012240409851074219,1.040302038192749,,,3.2788233757019043,3.2788233757019043,,,1.7173538208007812,1.7173538208007812,
reinforce,0.0,1,434,4.1137587739482795,8,0.0013952255249023438,1.0417540073394775,,,3.8236429691314697,3.8236429691314697,,,1.596636414527893,1.596636414527893,
reinforce,0.0,1,435,4.042096752249045,7,0.0014450550079345703,1.0432679653167725,,,3.491856813430786,3.491856813430786,,,1.7072527408599854,1.7072527408599854,
reinforce,0.0,1,436,3.8320782021178355,7,0.0013391971588134766,1.0447280406951904,,,4.942735195159912,4.942735195159912,,,1.6150362491607666,1.6150362491607666,
reinforce,0.0,1,437,3.9819837232368003,7,0.0013120174407958984,1.046130895614624,,,3.617971420288086,3.617971420288086,,,1.7073400020599365,1.7073400020599365,
reinforce,0.0,1,438,3.815188286528567,7,0.0013687610626220703,1.047550916671753,,,2.4281349182128906,2.4281349182128906,,,1.5984855890274048,1.5984855890274048,
reinforce,0.0,1,439,3.7393969619248795,7,0.0013148784637451172,1.0489451885223389,,,2.9870855808258057,2.9870855808258057,,,1.5548137426376343,1.5548137426376343,
reinforce,0.0,1,440,3.618642937304525,7,0.0016198158264160156,1.050623893737793,3.819387113158965,0.10732833742502873,1.7822582721710205,1.7822582721710205,,,1.4671077728271484,1.4671077728271484,
reinforce,0.0,1,441,3.9310164566811414,7,0.0013270378112792969,1.0560989379882812,,,2.9382007122039795,2.9382007122039795,,,1.65982186794281,1.65982186794281,
reinforce,0.0,1,442,3.6627258412193466,7,0.0015568733215332031,1.0577259063720703,,,1.8715708255767822,1.8715708255767822,,,1.4809023141860962,1.4809023141860962,
reinforce,0.0,1,443,3.9235452148838634,7,0.001352071762084961,1.059164047241211,,,3.698535919189453,3.698535919189453,,,1.6357234716415405,1.6357234716415405,
reinforce,0.0,1,444,3.9012674282060993,7,0.0013492107391357422,1.0605921745300293,,,4.525881290435791,4.525881290435791,,,1.6405398845672607,1.6405398845672607,
reinforce,0.0,1,445,3.666476247373689,7,0.0012552738189697266,1.0619261264801025,,,3.3273260593414307,3.3273260593414307,,,1.490936279296875,1.490936279296875,
reinforce,0.0,1,446,3.734073809889776,7,0.0012831687927246094,1.063265085220337,,,2.5619587898254395,2.5619587898254395,,,1.5424821376800537,1.5424821376800537,
reinforce,0.0,1,447,3.763493859207945,7,0.0014681816101074219,1.0647931098937988,,,2.449693202972412,2.449693202972412,,,1.531783103942871,1.531783103942871,
reinforce,0.0,1,448,3.892023071340521,7,0.0013031959533691406,1.066174030303955,,,3.1276090145111084,3.1276090145111084,,,1.6260229349136353,1.6260229349136353,
reinforce,0.0,1,449,3.6082441224578616,7,0.001322031021118164,1.0676100254058838,,,2.8865208625793457,2.8865208625793457,,,1.4638338088989258,1.4638338088989258,
reinforce,0.0,1,450,3.625947863378171,7,0.001291036605834961,1.0689690113067627,,,2.1158480644226074,2.1158480644226074,,,1.4612592458724976,1.4612592458724976,
reinforce,0.0,1,451,3.693538401322623,7,0.0012929439544677734,1.0703210830688477,,,3.99196457862854,3.99196457862854,,,1.526727557182312,1.526727557182312,
reinforce,0.0,1,452,3.609798025085088,7,0.001506805419921875,1.0719020366668701,,,2.228593587875366,2.228593587875366,,,1.4721916913986206,1.4721916913986206,
reinforce,0.0,1,453,3.621745727695312,7,0.0012631416320800781,1.073263168334961,,,3.2637367248535156,3.2637367248535156,,,1.4569170475006104,1.4569170475006104,
reinforce,0.0,1,454,3.5589272809837738,7,0.0013000965118408203,1.0746309757232666,,,2.6437528133392334,2.6437528133392334,,,1.4217846393585205,1.4217846393585205,
reinforce,0.0,1,455,3.6149527343639103,7,0.0013298988342285156,1.0760219097137451,,,2.711751699447632,2.711751699447632,,,1.4705947637557983,1.4705947637557983,
reinforce,0.0,1,456,3.8063470564984314,7,0.0013089179992675781,1.0773968696594238,,,2.518610715866089,2.518610715866089,,,1.5714948177337646,1.5714948177337646,
reinforce,0.0,1,457,3.791826164908099,7,0.0014469623565673828,1.0789408683776855,,,2.6479074954986572,2.6479074954986572,,,1.5751115083694458,1.5751115083694458,
reinforce,0.0,1,458,3.6938519268343795,7,0.001268148422241211,1.0802860260009766,,,3.8888113498687744,3.8888113498687744,,,1.4928114414215088,1.4928114414215088,
reinforce,0.0,1,459,3.788021797646302,7,0.0012660026550292969,1.0816199779510498,,,3.081813335418701,3.081813335418701,,,1.5739967823028564,1.5739967823028564,
reinforce,0.0,1,460,3.8540892714947126,7,0.001277923583984375,1.082956075668335,3.654448461061122,0.10541142686465893,4.1977105140686035,4.1977105140686035,,,1.6099920272827148,1.6099920272827148,
reinforce,0.0,1,461,3.8732663558772993,7,0.0013942718505859375,1.088604211807251,,,3.8749501705169678,3.8749501705169678,,,1.593753457069397,1.593753457069397,
reinforce,0.0,1,462,3.8140145000615524,7,0.0012917518615722656,1.0899808406829834,,,2.8804898262023926,2.8804898262023926,,,1.5644943714141846,1.5644943714141846,
reinforce,0.0,1,463,3.8531230392673512,7,0.0012242794036865234,1.091270923614502,,,2.6302783489227295,2.6302783489227295,,,1.5901747941970825,1.5901747941970825,
reinforce,0.0,1,464,3.7298207283358202,7,0.0015211105346679688,1.0928471088409424,,,4.7291259765625,4.7291259765625,,,1.5113508701324463,1.5113508701324463,
reinforce,0.0,1,465,3.7017608427305717,7,0.0013709068298339844,1.0943028926849365,,,2.077970266342163,2.077970266342163,,,1.5148504972457886,1.5148504972457886,
reinforce,0.0,1,466,3.651449232596357,7,0.0013232231140136719,1.095703125,,,2.7035958766937256,2.7035958766937256,,,1.4974260330200195,1.4974260330200195,
reinforce,0.0,1,467,3.697126052639469,7,0.001238107681274414,1.0970020294189453,,,2.333388090133667,2.333388090133667,,,1.5315245389938354,1.5315245389938354,
reinforce,0.0,1,468,3.6834392232287794,7,0.0015261173248291016,1.09859299659729,,,2.4018609523773193,2.4018609523773193,,,1.4896440505981445,1.4896440505981445,
reinforce,0.0,1,469,3.552978551087008,7,0.0016131401062011719,1.1003639698028564,,,1.7472361326217651,1.7472361326217651,,,1.4177123308181763,1.4177123308181763,
reinforce,0.0,1,470,3.6336115427306543,7,0.0012738704681396484,1.1017179489135742,,,3.3824217319488525,3.3824217319488525,,,1.4894403219223022,1.4894403219223022,
reinforce,0.0,1,471,3.681274206565701,7,0.0012612342834472656,1.103039026260376,,,3.662532329559326,3.662532329559326,,,1.498864769935608,1.498864769935608,
reinforce,0.0,1,472,3.809736559105747,7,0.0013728141784667969,1.1044669151306152,,,3.897636651992798,3.897636651992798,,,1.5604503154754639,1.5604503154754639,
reinforce,0.0,1,473,3.613177823719367,7,0.0014960765838623047,1.1060469150543213,,,2.5201382637023926,2.5201382637023926,,,1.4678270816802979,1.4678270816802979,
reinforce,0.0,1,474,3.796685656985646,7,0.0013051033020019531,1.1074349880218506,,,3.03755521774292,3.03755521774292,,,1.5566825866699219,1.5566825866699219,
reinforce,0.0,1,475,3.8488579589022716,7,0.0013167858123779297,1.1088109016418457,,,2.3140392303466797,2.3140392303466797,,,1.5867027044296265,1.5867027044296265,
reinforce,0.0,1,476,3.6137202381635776,7,0.0013458728790283203,1.1102278232574463,,,5.747011661529541,5.747011661529541,,,1.4559786319732666,1.4559786319732666,
reinforce,0.0,1,477,3.6125333712425807,7,0.0013370513916015625,1.1117150783538818,,,1.93277108669281,1.93277108669281,,,1.4534751176834106,1.4534751176834106,
reinforce,0.0,1,478,3.458487318011245,6,0.0012009143829345703,1.112989902496338,,,2.588750123977661,2.588750123977661,,,1.5592865943908691,1.5592865943908691,
reinforce,0.0,1,479,3.7914620696398416,7,0.001375436782836914,1.1144602298736572,,,2.3840293884277344,2.3840293884277344,,,1.547843098640442,1.547843098640442,
reinforce,0.0,1,480,3.760377904263406,7,0.0012981891632080078,1.1158230304718018,3.7637028225573226,0.07144317024050251,2.6861305236816406,2.6861305236816406,,,1.5333940982818604,1.5333940982818604,
reinforce,0.0,1,481,3.673809408519072,7,0.001447916030883789,1.1215898990631104,,,2.6319401264190674,2.6319401264190674,,,1.4946115016937256,1.4946115016937256,
reinforce,0.0,1,482,3.5728895679755577,7,0.0012950897216796875,1.1229660511016846,,,2.835761785507202,2.835761785507202,,,1.4283921718597412,1.4283921718597412,
reinforce,0.0,1,483,3.6025239017526807,7,0.0013010501861572266,1.124337911605835,,,1.5210583209991455,1.5210583209991455,,,1.4463348388671875,1.4463348388671875,
reinforce,0.0,1,484,3.904964454109174,7,0.0014278888702392578,1.125838041305542,,,2.730386734008789,2.730386734008789,,,1.6142237186431885,1.6142237186431885,
reinforce,0.0,1,485,3.8847218685788687,7,0.0014982223510742188,1.127500057220459,,,2.6463191509246826,2.6463191509246826,,,1.6046879291534424,1.6046879291534424,
reinforce,0.0,1,486,3.5273492513023457,7,0.0012400150299072266,1.1288349628448486,,,4.123345375061035,4.123345375061035,,,1.4027739763259888,1.4027739763259888,
reinforce,0.0,1,487,3.5381123058655093,7,0.0012199878692626953,1.1301119327545166,,,3.721229314804077,3.721229314804077,,,1.409533143043518,1.409533143043518,
reinforce,0.0,1,488,3.7680786024698762,7,0.0013539791107177734,1.1315159797668457,,,2.3440654277801514,2.3440654277801514,,,1.5403918027877808,1.5403918027877808,
reinforce,0.0,1,489,3.5834256465410244,7,0.0012798309326171875,1.1328728199005127,,,2.6587681770324707,2.6587681770324707,,,1.4340907335281372,1.4340907335281372,
reinforce,0.0,1,490,3.6912408058968413,7,0.0017421245574951172,1.1346790790557861,,,2.985880136489868,2.985880136489868,,,1.4950331449508667,1.4950331449508667,
reinforce,0.0,1,491,3.5717478916351064,7,0.0012972354888916016,1.1360671520233154,,,2.1232426166534424,2.1232426166534424,,,1.4287207126617432,1.4287207126617432,
reinforce,0.0,1,492,3.5874978168666676,7,0.0013103485107421875,1.1374461650848389,,,3.4041519165039062,3.4041519165039062,,,1.4357259273529053,1.4357259273529053,
reinforce,0.0,1,493,3.5708617043357056,7,0.0013108253479003906,1.1388239860534668,,,1.634163737297058,1.634163737297058,,,1.4255402088165283,1.4255402088165283,
reinforce,0.0,1,494,3.5520058234343987,7,0.0012538433074951172,1.140136957168579,,,3.342325210571289,3.342325210571289,,,1.417998194694519,1.417998194694519,
reinforce,0.0,1,495,3.7885775036192433,7,0.0014367103576660156,1.1417288780212402,,,2.663862466812134,2.663862466812134,,,1.5473992824554443,1.5473992824554443,
reinforce,0.0,1,496,3.8491125368798493,7,0.0013120174407958984,1.1431291103363037,,,3.6012165546417236,3.6012165546417236,,,1.5822945833206177,1.5822945833206177,
reinforce,0.0,1,497,3.7269311009346047,7,0.0013358592987060547,1.1445369720458984,,,4.4605584144592285,4.4605584144592285,,,1.5363720655441284,1.5363720655441284,
reinforce,0.0,1,498,3.5556605529018697,7,0.0012450218200683594,1.1458439826965332,,,2.2301058769226074,2.2301058769226074,,,1.421637773513794,1.421637773513794,
reinforce,0.0,1,499,3.711994469337928,7,0.0013580322265625,1.1472630500793457,,,2.3960535526275635,2.3960535526275635,,,1.503461480140686,1.503461480140686,
reinforce,0.0,1,500,3.699165924558254,7,0.0014810562133789062,1.1488640308380127,3.5890823667662586,0.08517677817272437,2.2780659198760986,2.2780659198760986,,,1.4982719421386719,1.4982719421386719,
reinforce,0.0,1,501,3.6267433332790207,7,0.0015170574188232422,1.1542940139770508,,,3.4699180126190186,3.4699180126190186,,,1.4719727039337158,1.4719727039337158,
reinforce,0.0,1,502,3.6248939530130015,7,0.0015611648559570312,1.155959129333496,,,3.4457154273986816,3.4457154273986816,,,1.466146469116211,1.466146469116211,
reinforce,0.0,1,503,3.588069331806198,7,0.0013697147369384766,1.1574280261993408,,,2.5270142555236816,2.5270142555236816,,,1.4401675462722778,1.4401675462722778,
reinforce,0.0,1,504,3.577863585891075,7,0.0012819766998291016,1.1587860584259033,,,2.375993251800537,2.375993251800537,,,1.4357316493988037,1.4357316493988037,
reinforce,0.0,1,505,3.6323782634196675,7,0.0012359619140625,1.1601121425628662,,,2.740662097930908,2.740662097930908,,,1.4735127687454224,1.4735127687454224,
reinforce,0.0,1,506,3.651523270602647,7,0.0016927719116210938,1.1618738174438477,,,1.7310667037963867,1.7310667037963867,,,1.4710973501205444,1.4710973501205444,
reinforce,0.0,1,507,3.7349135517063483,7,0.0013318061828613281,1.1633288860321045,,,5.088472843170166,5.088472843170166,,,1.5365116596221924,1.5365116596221924,
reinforce,0.0,1,508,3.6154406245032473,7,0.0014379024505615234,1.1648449897766113,,,3.973482370376587,3.973482370376587,,,1.4686944484710693,1.4686944484710693,
reinforce,0.0,1,509,3.650714940904445,7,0.001268148422241211,1.1661980152130127,,,2.369793176651001,2.369793176651001,,,1.4871423244476318,1.4871423244476318,
reinforce,0.0,1,510,3.5721693585129493,7,0.0012023448944091797,1.1674821376800537,,,3.299323558807373,3.299323558807373,,,1.4334371089935303,1.4334371089935303,
reinforce,0.0,1,511,3.7589806658197253,7,0.001622915267944336,1.1691570281982422,,,3.204641580581665,3.204641580581665,,,1.5327816009521484,1.5327816009521484,
reinforce,0.0,1,512,3.653878839370936,7,0.0014569759368896484,1.1707079410552979,,,5.673095226287842,5.673095226287842,,,1.501413345336914,1.501413345336914,
reinforce,0.0,1,513,3.7684924740514676,7,0.0014483928680419922,1.1722412109375,,,2.2601120471954346,2.2601120471954346,,,1.5449965000152588,1.5449965000152588,
reinforce,0.0,1,514,3.631666952516416,7,0.0012879371643066406,1.1736178398132324,,,1.879561424255371,1.879561424255371,,,1.4615705013275146,1.4615705013275146,
reinforce,0.0,1,515,3.72845198976547,7,0.0012898445129394531,1.1749649047851562,,,2.112858533859253,2.112858533859253,,,1.5298748016357422,1.5298748016357422,
reinforce,0.0,1,516,3.587371097447515,7,0.0016720294952392578,1.1767370700836182,,,2.885672092437744,2.885672092437744,,,1.4377915859222412,1.4377915859222412,
reinforce,0.0,1,517,3.844749848214428,7,0.00133514404296875,1.1781811714172363,,,2.089280605316162,2.089280605316162,,,1.6072015762329102,1.6072015762329102,
reinforce,0.0,1,518,3.64841705650877,7,0.0012619495391845703,1.179502010345459,,,2.731236219406128,2.731236219406128,,,1.4674304723739624,1.4674304723739624,
reinforce,0.0,1,519,3.7551436856940095,7,0.0012240409851074219,1.1807811260223389,,,1.9355443716049194,1.9355443716049194,,,1.5879859924316406,1.5879859924316406,
reinforce,0.0,1,520,3.6897147562369983,7,0.0014483928680419922,1.1822772026062012,3.7087424186462696,0.05967381582939332,3.824425458908081,3.824425458908081,,,1.5341483354568481,1.5341483354568481,
reinforce,0.0,1,521,3.6852248651188777,7,0.0013878345489501953,1.1878278255462646,,,3.6315484046936035,3.6315484046936035,,,1.5108941793441772,1.5108941793441772,
reinforce,0.0,1,522,3.579210450325521,7,0.0015139579772949219,1.189410924911499,,,2.4292047023773193,2.4292047023773193,,,1.4440696239471436,1.4440696239471436,
reinforce,0.0,1,523,3.9601292754723207,7,0.001432180404663086,1.1909501552581787,,,2.4576809406280518,2.4576809406280518,,,1.7832800149917603,1.7832800149917603,
reinforce,0.0,1,524,3.9088087849353457,7,0.0012459754943847656,1.1922709941864014,,,3.034456253051758,3.034456253051758,,,1.7207309007644653,1.7207309007644653,
reinforce,0.0,1,525,3.8892479441433596,7,0.0013659000396728516,1.1936838626861572,,,3.0250070095062256,3.0250070095062256,,,1.7205642461776733,1.7205642461776733,
reinforce,0.0,1,526,3.9451332702215334,7,0.0013649463653564453,1.195120096206665,,,2.354918956756592,2.354918956756592,,,1.731418251991272,1.731418251991272,
reinforce,0.0,1,527,3.7330407173426297,7,0.0014808177947998047,1.196688175201416,,,3.376392364501953,3.376392364501953,,,1.5389909744262695,1.5389909744262695,
reinforce,0.0,1,528,3.657726396139948,7,0.0012478828430175781,1.198023796081543,,,1.761281132698059,1.761281132698059,,,1.5015437602996826,1.5015437602996826,
reinforce,0.0,1,529,3.9748275744355714,7,0.0012700557708740234,1.1993980407714844,,,3.0690760612487793,3.0690760612487793,,,1.77785325050354,1.77785325050354,
reinforce,0.0,1,530,3.8032662950881786,7,0.001352071762084961,1.200819969177246,,,3.0583150386810303,3.0583150386810303,,,1.55673348903656,1.55673348903656,
reinforce,0.0,1,531,3.947347355691379,7,0.001355886459350586,1.2022619247436523,,,3.8983490467071533,3.8983490467071533,,,1.7273856401443481,1.7273856401443481,
reinforce,0.0,1,532,3.800891276336802,7,0.0015878677368164062,1.2039148807525635,,,2.8357129096984863,2.8357129096984863,,,1.6449061632156372,1.6449061632156372,
reinforce,0.0,1,533,3.9338377152989152,7,0.0012888908386230469,1.2052998542785645,,,2.07265567779541,2.07265567779541,,,1.7623298168182373,1.7623298168182373,
reinforce,0.0,1,534,4.244072502492887,7,0.001317739486694336,1.2066848278045654,,,3.7385036945343018,3.7385036945343018,,,2.0154147148132324,2.0154147148132324,
reinforce,0.0,1,535,3.5090551241178902,6,0.0011401176452636719,1.2078840732574463,,,3.799720525741577,3.799720525741577,,,1.6292535066604614,1.6292535066604614,
reinforce,0.0,1,536,3.9963018581728953,7,0.0013630390167236328,1.2093000411987305,,,5.078176021575928,5.078176021575928,,,1.814780831336975,1.814780831336975,
reinforce,0.0,1,537,3.9064919144309296,7,0.0014600753784179688,1.210860013961792,,,4.940361022949219,4.940361022949219,,,1.7533313035964966,1.7533313035964966,
reinforce,0.0,1,538,3.819062658226362,7,0.0013339519500732422,1.2122690677642822,,,3.0642244815826416,3.0642244815826416,,,1.5831362009048462,1.5831362009048462,
reinforce,0.0,1,539,3.883648898143729,7,0.0013191699981689453,1.2136681079864502,,,2.5274338722229004,2.5274338722229004,,,1.7187308073043823,1.7187308073043823,
reinforce,0.0,1,540,3.800424543430415,7,0.0013349056243896484,1.2150681018829346,3.7461925244027157,0.07139939760302322,2.436673641204834,2.436673641204834,,,1.6341092586517334,1.6341092586517334,
reinforce,0.0,1,541,3.7187519056494702,7,0.001341104507446289,1.220621109008789,,,2.3672616481781006,2.3672616481781006,,,1.558330774307251,1.558330774307251,
reinforce,0.0,1,542,3.709610280127192,7,0.0012187957763671875,1.2219078540802002,,,2.365386962890625,2.365386962890625,,,1.560473084449768,1.560473084449768,
reinforce,0.0,1,543,4.053434135249855,7,0.001280069351196289,1.223242998123169,,,3.335657835006714,3.335657835006714,,,1.7642806768417358,1.7642806768417358,
reinforce,0.0,1,544,3.6469705615651464,7,0.0014679431915283203,1.224787950515747,,,1.7577277421951294,1.7577277421951294,,,1.4825900793075562,1.4825900793075562,
reinforce,0.0,1,545,3.712033228984848,7,0.001241922378540039,1.2261078357696533,,,2.2443645000457764,2.2443645000457764,,,1.562574028968811,1.562574028968811,
reinforce,0.0,1,546,3.624259949812603,7,0.0011970996856689453,1.227356195449829,,,2.758129358291626,2.758129358291626,,,1.4562394618988037,1.4562394618988037,
reinforce,0.0,1,547,3.5213594321882056,6,0.0011210441589355469,1.2285220623016357,,,4.226592540740967,4.226592540740967,,,1.6243886947631836,1.6243886947631836,
reinforce,0.0,1,548,3.765665678672518,7,0.0013971328735351562,1.2299880981445312,,,1.8682501316070557,1.8682501316070557,,,1.61080801486969,1.61080801486969,
reinforce,0.0,1,549,3.6553675048750556,7,0.0014431476593017578,1.2314910888671875,,,3.447639226913452,3.447639226913452,,,1.4917621612548828,1.4917621612548828,
reinforce,0.0,1,550,3.864093201432201,7,0.0012900829315185547,1.2328760623931885,,,2.7182140350341797,2.7182140350341797,,,1.5910850763320923,1.5910850763320923,
reinforce,0.0,1,551,3.486870971107897,6,0.0011069774627685547,1.2340338230133057,,,3.813990354537964,3.813990354537964,,,1.5902581214904785,1.5902581214904785,
reinforce,0.0,1,552,3.4288677990044443,6,0.0011789798736572266,1.2352750301361084,,,3.048691511154175,3.048691511154175,,,1.5406187772750854,1.5406187772750854,
reinforce,0.0,1,553,3.561284227287146,7,0.0013751983642578125,1.2367210388183594,,,1.8338747024536133,1.8338747024536133,,,1.423228144645691,1.423228144645691,
reinforce,0.0,1,554,3.7763582018360724,7,0.0014472007751464844,1.2382361888885498,,,2.3520450592041016,2.3520450592041016,,,1.5430995225906372,1.5430995225906372,
reinforce,0.0,1,555,3.4276020179340185,6,0.0011448860168457031,1.2394750118255615,,,1.9378708600997925,1.9378708600997925,,,1.5402601957321167,1.5402601957321167,
reinforce,0.0,1,556,3.567616468996677,7,0.0012941360473632812,1.2408320903778076,,,1.7951676845550537,1.7951676845550537,,,1.4318190813064575,1.4318190813064575,
reinforce,0.0,1,557,3.899671960012083,7,0.0013580322265625,1.2422571182250977,,,2.3056139945983887,2.3056139945983887,,,1.6136349439620972,1.6136349439620972,
reinforce,0.0,1,558,3.5482284623290283,7,0.0013041496276855469,1.2436840534210205,,,1.9808406829833984,1.9808406829833984,,,1.4183349609375,1.4183349609375,
reinforce,0.0,1,559,3.6097779007241595,7,0.0013360977172851562,1.2451691627502441,,,1.7323068380355835,1.7323068380355835,,,1.4641646146774292,1.4641646146774292,
reinforce,0.0,1,560,3.5687523838708204,7,0.0012378692626953125,1.2464828491210938,3.6361101312007222,0.03631528813763172,2.6182610988616943,2.6182610988616943,,,1.4231959581375122,1.4231959581375122,
reinforce,0.0,1,561,3.480651262576247,6,0.0013921260833740234,1.2519211769104004,,,3.6505563259124756,3.6505563259124756,,,1.5801607370376587,1.5801607370376587,
reinforce,0.0,1,562,3.616849963760035,7,0.0013930797576904297,1.2534101009368896,,,3.3840489387512207,3.3840489387512207,,,1.4508544206619263,1.4508544206619263,
reinforce,0.0,1,563,3.376137366021616,6,0.0011730194091796875,1.2546610832214355,,,2.8364264965057373,2.8364264965057373,,,1.5161482095718384,1.5161482095718384,
reinforce,0.0,1,564,3.505790074983199,6,0.0011751651763916016,1.2559139728546143,,,3.1988136768341064,3.1988136768341064,,,1.5865575075149536,1.5865575075149536,
reinforce,0.0,1,565,3.664074480315203,7,0.0012798309326171875,1.257248878479004,,,2.7666752338409424,2.7666752338409424,,,1.4752037525177002,1.4752037525177002,
reinforce,0.0,1,566,3.6404377722366696,7,0.0013539791107177734,1.2586638927459717,,,2.221137523651123,2.221137523651123,,,1.4649080038070679,1.4649080038070679,
reinforce,0.0,1,567,3.5570143423921228,7,0.0013971328735351562,1.260141134262085,,,2.3198275566101074,2.3198275566101074,,,1.420027732849121,1.420027732849121,
reinforce,0.0,1,568,3.5559274050793586,7,0.001277923583984375,1.2614860534667969,,,2.817225933074951,2.817225933074951,,,1.417165994644165,1.417165994644165,
reinforce,0.0,1,569,3.4392471341028807,6,0.0011799335479736328,1.2627310752868652,,,2.6608808040618896,2.6608808040618896,,,1.5474281311035156,1.5474281311035156,
reinforce,0.0,1,570,3.309246120667017,6,0.00121307373046875,1.2639939785003662,,,2.2191824913024902,2.2191824913024902,,,1.4690918922424316,1.4690918922424316,
reinforce,0.0,1,571,3.6684675636044006,7,0.0013260841369628906,1.2653980255126953,,,3.0969302654266357,3.0969302654266357,,,1.4806346893310547,1.4806346893310547,
reinforce,0.0,1,572,3.345825165052312,6,0.0012769699096679688,1.2667510509490967,,,3.5407354831695557,3.5407354831695557,,,1.4915333986282349,1.4915333986282349,
reinforce,0.0,1,573,3.569980403818796,7,0.0012650489807128906,1.26808500289917,,,2.154183864593506,2.154183864593506,,,1.4309537410736084,1.4309537410736084,
reinforce,0.0,1,574,3.546072241552846,7,0.0012049674987792969,1.2693419456481934,,,1.5100215673446655,1.5100215673446655,,,1.4118322134017944,1.4118322134017944,
reinforce,0.0,1,575,3.5410840934216212,7,0.0013279914855957031,1.2707250118255615,,,2.2585253715515137,2.2585253715515137,,,1.4088979959487915,1.4088979959487915,
reinforce,0.0,1,576,3.2585583849390507,6,0.0011680126190185547,1.2719640731811523,,,3.653336524963379,3.653336524963379,,,1.4396063089370728,1.4396063089370728,
reinforce,0.0,1,577,3.268181959276368,6,0.0016911029815673828,1.2737209796905518,,,5.142327785491943,5.142327785491943,,,1.4506889581680298,1.4506889581680298,
reinforce,0.0,1,578,3.446325212889543,6,0.001088857650756836,1.2748908996582031,,,2.560443162918091,2.560443162918091,,,1.548871636390686,1.548871636390686,
reinforce,0.0,1,579,3.5614512557674134,7,0.001283884048461914,1.2762279510498047,,,1.7922922372817993,1.7922922372817993,,,1.422367811203003,1.422367811203003,
reinforce,0.0,1,580,3.385894324670951,6,0.0011682510375976562,1.2774641513824463,3.55101921460808,0.024013667246095768,3.8332529067993164,3.8332529067993164,,,1.522635817527771,1.522635817527771,
reinforce,0.0,1,581,3.733680781365083,7,0.001477956771850586,1.2831239700317383,,,2.8201348781585693,2.8201348781585693,,,1.51792311668396,1.51792311668396,
reinforce,0.0,1,582,3.959995269905288,7,0.0013659000396728516,1.2845699787139893,,,4.510104656219482,4.510104656219482,,,1.690611481666565,1.690611481666565,
reinforce,0.0,1,583,3.620731110976277,7,0.001293182373046875,1.2859351634979248,,,1.9586738348007202,1.9586738348007202,,,1.4603475332260132,1.4603475332260132,
reinforce,0.0,1,584,3.6757100107725904,7,0.0013670921325683594,1.2874081134796143,,,1.998059630393982,1.998059630393982,,,1.4872710704803467,1.4872710704803467,
reinforce,0.0,1,585,3.579670686736165,7,0.0013928413391113281,1.288874864578247,,,3.6345913410186768,3.6345913410186768,,,1.4498369693756104,1.4498369693756104,
reinforce,0.0,1,586,3.6356113243776766,7,0.0012781620025634766,1.290229082107544,,,3.283355236053467,3.283355236053467,,,1.4997656345367432,1.4997656345367432,
reinforce,0.0,1,587,3.7974119871764964,7,0.001293182373046875,1.2915840148925781,,,2.6608493328094482,2.6608493328094482,,,1.639524221420288,1.639524221420288,
reinforce,0.0,1,588,3.659349327944417,7,0.0012822151184082031,1.2929201126098633,,,3.230510950088501,3.230510950088501,,,1.5157922506332397,1.5157922506332397,
reinforce,0.0,1,589,6.974046836805883,8,0.0016798973083496094,1.2947509288787842,,,12.417924880981445,12.417924880981445,,,3.872602939605713,3.872602939605713,
reinforce,0.0,1,590,3.8109903241661667,7,0.0012631416320800781,1.2961020469665527,,,3.469130039215088,3.469130039215088,,,1.634714961051941,1.634714961051941,
reinforce,0.0,1,591,3.6029074719868355,6,0.0010952949523925781,1.2972521781921387,,,3.0731680393218994,3.0731680393218994,,,1.7326598167419434,1.7326598167419434,
reinforce,0.0,1,592,4.857431525639138,7,0.0012650489807128906,1.298572063446045,,,4.113551139831543,4.113551139831543,,,2.5427088737487793,2.5427088737487793,
reinforce,0.0,1,593,4.514229231220544,7,0.0015680789947509766,1.3001980781555176,,,3.251854419708252,3.251854419708252,,,2.243594169616699,2.243594169616699,
reinforce,0.0,1,594,4.2516268033507725,7,0.0015540122985839844,1.3018779754638672,,,2.3875234127044678,2.3875234127044678,,,2.02020525932312,2.02020525932312,
reinforce,0.0,1,595,4.401538192835225,7,0.0012688636779785156,1.303222894668579,,,4.984433174133301,4.984433174133301,,,2.1620373725891113,2.1620373725891113,
reinforce,0.0,1,596,4.691842581331738,7,0.0012519359588623047,1.3045480251312256,,,3.9647629261016846,3.9647629261016846,,,2.366962194442749,2.366962194442749,
reinforce,0.0,1,597,4.35317946074753,7,0.0013899803161621094,1.305999994277954,,,3.25278639793396,3.25278639793396,,,2.152890920639038,2.152890920639038,
reinforce,0.0,1,598,4.634528525730428,7,0.0015349388122558594,1.3075909614562988,,,4.2916765213012695,4.2916765213012695,,,2.322223663330078,2.322223663330078,
reinforce,0.0,1,599,4.315801694764958,7,0.001299142837524414,1.3089878559112549,,,3.7495858669281006,3.7495858669281006,,,2.1056721210479736,2.1056721210479736,
reinforce,0.0,1,600,4.977804676175852,7,0.001291036605834961,1.3103439807891846,5.019997471940667,0.06651112973966765,5.9614176750183105,5.9614176750183105,,,2.632516622543335,2.632516622543335,
reinforce,0.0,1,601,4.004245217258175,7,0.0014150142669677734,1.3165419101715088,,,4.127102375030518,4.127102375030518,,,1.8246577978134155,1.8246577978134155,
reinforce,0.0,1,602,5.042433565496807,7,0.0012919902801513672,1.3179230690002441,,,4.14043664932251,4.14043664932251,,,2.6820406913757324,2.6820406913757324,
reinforce,0.0,1,603,3.8897862553413116,6,0.0014510154724121094,1.3194859027862549,,,6.747194766998291,6.747194766998291,,,2.011514902114868,2.011514902114868,
reinforce,0.0,1,604,4.557413082590102,7,0.0018167495727539062,1.321502923965454,,,4.291415214538574,4.291415214538574,,,2.3020169734954834,2.3020169734954834,
reinforce,0.0,1,605,4.38153126880711,7,0.0014519691467285156,1.323091983795166,,,2.4883668422698975,2.4883668422698975,,,2.158888339996338,2.158888339996338,
reinforce,0.0,1,606,12.990800369476995,14,0.00237274169921875,1.3255679607391357,,,11.664812088012695,11.664812088012695,,,6.91085147857666,6.91085147857666,
reinforce,0.0,1,607,5.2775020119199745,7,0.0014200210571289062,1.3271269798278809,,,6.068725109100342,6.068725109100342,,,2.9345455169677734,2.9345455169677734,
reinforce,0.0,1,608,4.242135975660758,7,0.0017309188842773438,1.3289690017700195,,,2.801126480102539,2.801126480102539,,,2.0122177600860596,2.0122177600860596,
reinforce,0.0,1,609,4.360486438336415,7,0.0012590885162353516,1.3303191661834717,,,3.7968029975891113,3.7968029975891113,,,2.1584632396698,2.1584632396698,
reinforce,0.0,1,610,4.328152326341625,7,0.0012087821960449219,1.33160400390625,,,5.0913405418396,5.0913405418396,,,2.1224091053009033,2.1224091053009033,
reinforce,0.0,1,611,4.637825332186482,7,0.0012369155883789062,1.3329029083251953,,,4.86587381362915,4.86587381362915,,,2.312566041946411,2.312566041946411,
reinforce,0.0,1,612,3.9537975618058003,7,0.0015978813171386719,1.334716796875,,,1.7903079986572266,1.7903079986572266,,,1.7973649501800537,1.7973649501800537,
reinforce,0.0,1,613,3.8999200557976885,7,0.0015752315521240234,1.3364830017089844,,,2.2705492973327637,2.2705492973327637,,,1.7252627611160278,1.7252627611160278,
reinforce,0.0,1,614,3.9553646642834197,7,0.00128173828125,1.337885856628418,,,3.252471446990967,3.252471446990967,,,1.7781225442886353,1.7781225442886353,
reinforce,0.0,1,615,3.619940755147943,7,0.0012090206146240234,1.3391690254211426,,,3.0668253898620605,3.0668253898620605,,,1.4735726118087769,1.4735726118087769,
reinforce,0.0,1,616,3.6563866389469153,7,0.001519918441772461,1.3407559394836426,,,3.4920575618743896,3.4920575618743896,,,1.5025206804275513,1.5025206804275513,
reinforce,0.0,1,617,3.762337059195335,7,0.0018639564514160156,1.3427069187164307,,,2.494230031967163,2.494230031967163,,,1.5518715381622314,1.5518715381622314,
reinforce,0.0,1,618,3.34044350626798,6,0.0011091232299804688,1.3439030647277832,,,3.610764741897583,3.610764741897583,,,1.5032919645309448,1.5032919645309448,
reinforce,0.0,1,619,3.328883075731497,6,0.0010302066802978516,1.3449981212615967,,,2.485051393508911,2.485051393508911,,,1.4791650772094727,1.4791650772094727,
reinforce,0.0,1,620,3.7204902443886203,7,0.0012469291687011719,1.3463201522827148,3.4802697451026874,0.01372398592081566,3.3120195865631104,3.3120195865631104,,,1.5097819566726685,1.5097819566726685,
reinforce,0.0,1,621,3.689321384740756,7,0.0013818740844726562,1.3520817756652832,,,2.759542465209961,2.759542465209961,,,1.4921232461929321,1.4921232461929321,
reinforce,0.0,1,622,3.4548143431326097,7,0.0012688636779785156,1.353430986404419,,,5.763487339019775,5.763487339019775,,,1.3598355054855347,1.3598355054855347,
reinforce,0.0,1,623,3.442202631085382,6,0.0011949539184570312,1.354726791381836,,,3.4639971256256104,3.4639971256256104,,,1.5485941171646118,1.5485941171646118,
reinforce,0.0,1,624,3.495363918287696,6,0.001544952392578125,1.3563461303710938,,,1.7528222799301147,1.7528222799301147,,,1.58045494556427,1.58045494556427,
reinforce,0.0,1,625,3.6829756909158444,7,0.0012888908386230469,1.357724905014038,,,2.673105001449585,2.673105001449585,,,1.487991213798523,1.487991213798523,
reinforce,0.0,1,626,3.618868911794217,7,0.0011987686157226562,1.3589859008789062,,,2.998955249786377,2.998955249786377,,,1.4516963958740234,1.4516963958740234,
reinforce,0.0,1,627,3.5401500906175296,7,0.0012097358703613281,1.3602628707885742,,,2.0384633541107178,2.0384633541107178,,,1.4068692922592163,1.4068692922592163,
reinforce,0.0,1,628,3.376640770289959,6,0.0011658668518066406,1.361501932144165,,,2.425694465637207,2.425694465637207,,,1.5106369256973267,1.5106369256973267,
reinforce,0.0,1,629,3.505719233059188,7,0.001882314682006836,1.3635351657867432,,,3.3030102252960205,3.3030102252960205,,,1.3739941120147705,1.3739941120147705,
reinforce,0.0,1,630,3.5516709570727523,7,0.0012402534484863281,1.364854097366333,,,2.9697766304016113,2.9697766304016113,,,1.4163309335708618,1.4163309335708618,
reinforce,0.0,1,631,3.17735492805932,6,0.0012459754943847656,1.3661959171295166,,,2.398960828781128,2.398960828781128,,,1.3851228952407837,1.3851228952407837,
reinforce,0.0,1,632,3.309410448623319,6,0.001251220703125,1.367542028427124,,,2.592029571533203,2.592029571533203,,,1.4650940895080566,1.4650940895080566,
reinforce,0.0,1,633,3.4489297643460084,6,0.0014750957489013672,1.3690919876098633,,,2.1121084690093994,2.1121084690093994,,,1.5501961708068848,1.5501961708068848,
reinforce,0.0,1,634,3.612424841950901,7,0.0013518333435058594,1.370621919631958,,,3.459153652191162,3.459153652191162,,,1.4463671445846558,1.4463671445846558,
reinforce,0.0,1,635,3.451835785853062,7,0.0013878345489501953,1.3721158504486084,,,4.159460067749023,4.159460067749023,,,1.3385757207870483,1.3385757207870483,
reinforce,0.0,1,636,3.6325739244989284,7,0.001283884048461914,1.3734898567199707,,,3.6448512077331543,3.6448512077331543,,,1.4480444192886353,1.4480444192886353,
reinforce,0.0,1,637,3.572417623241683,7,0.0012390613555908203,1.374819040298462,,,2.8779284954071045,2.8779284954071045,,,1.3944718837738037,1.3944718837738037,
reinforce,0.0,1,638,3.3635025176395357,6,0.0013151168823242188,1.3763420581817627,,,3.5589075088500977,3.5589075088500977,,,1.4858112335205078,1.4858112335205078,
reinforce,0.0,1,639,3.4097458797923603,7,0.0015249252319335938,1.3780558109283447,,,2.620689868927002,2.620689868927002,,,1.3093273639678955,1.3093273639678955,
reinforce,0.0,1,640,3.4039075926568896,7,0.0012471675872802734,1.3794209957122803,3.474719614095414,0.026714695612198937,2.355288028717041,2.355288028717041,,,1.2918537855148315,1.2918537855148315,
reinforce,0.0,1,641,3.6709831697563136,7,0.001583099365234375,1.3859210014343262,,,2.8728058338165283,2.8728058338165283,,,1.4573163986206055,1.4573163986206055,
reinforce,0.0,1,642,3.4316375871866875,7,0.0013890266418457031,1.3873929977416992,,,1.8444929122924805,1.8444929122924805,,,1.3148279190063477,1.3148279190063477,
reinforce,0.0,1,643,3.5070936541344473,7,0.0016162395477294922,1.3890931606292725,,,1.7377926111221313,1.7377926111221313,,,1.350126028060913,1.350126028060913,
reinforce,0.0,1,644,3.4837782184125863,7,0.002125978469848633,1.3913249969482422,,,2.3084158897399902,2.3084158897399902,,,1.3433187007904053,1.3433187007904053,
reinforce,0.0,1,645,3.5375112459088367,7,0.0014238357543945312,1.3928618431091309,,,1.6912221908569336,1.6912221908569336,,,1.3557528257369995,1.3557528257369995,
reinforce,0.0,1,646,3.6370166172770437,7,0.001363992691040039,1.3943290710449219,,,4.247551918029785,4.247551918029785,,,1.4174522161483765,1.4174522161483765,
reinforce,0.0,1,647,3.3204274621114855,7,0.0013849735260009766,1.3957939147949219,,,1.7260205745697021,1.7260205745697021,,,1.233834981918335,1.233834981918335,
reinforce,0.0,1,648,3.361726718400899,6,0.0015239715576171875,1.3974180221557617,,,2.1838481426239014,2.1838481426239014,,,1.4701648950576782,1.4701648950576782,
reinforce,0.0,1,649,3.254704410123691,7,0.0013267993927001953,1.3989078998565674,,,1.4316383600234985,1.4316383600234985,,,1.1925607919692993,1.1925607919692993,
reinforce,0.0,1,650,3.619342282203718,7,0.0012271404266357422,1.4002270698547363,,,1.8205556869506836,1.8205556869506836,,,1.4146257638931274,1.4146257638931274,
reinforce,0.0,1,651,3.4935971744973617,7,0.0012040138244628906,1.4015018939971924,,,1.297104001045227,1.297104001045227,,,1.3288004398345947,1.3288004398345947,
reinforce,0.0,1,652,3.33300793368396,7,0.0012359619140625,1.4027929306030273,,,1.9322198629379272,1.9322198629379272,,,1.2342931032180786,1.2342931032180786,
reinforce,0.0,1,653,3.2504407240523183,6,0.0013790130615234375,1.4042689800262451,,,2.229198694229126,2.229198694229126,,,1.4081788063049316,1.4081788063049316,
reinforce,0.0,1,654,3.4059821391579024,7,0.0014910697937011719,1.405864953994751,,,2.8133575916290283,2.8133575916290283,,,1.2902729511260986,1.2902729511260986,
reinforce,0.0,1,655,3.329243568352452,7,0.0012469291687011719,1.4072151184082031,,,1.736793875694275,1.736793875694275,,,1.2285977602005005,1.2285977602005005,
reinforce,0.0,1,656,3.702676061833715,7,0.001316070556640625,1.4085988998413086,,,2.657614231109619,2.657614231109619,,,1.4527469873428345,1.4527469873428345,
reinforce,0.0,1,657,3.5245525120359615,7,0.0013339519500732422,1.4100210666656494,,,1.7815054655075073,1.7815054655075073,,,1.3394241333007812,1.3394241333007812,
reinforce,0.0,1,658,3.5075778116815917,7,0.0015769004821777344,1.4116668701171875,,,1.8306564092636108,1.8306564092636108,,,1.3326812982559204,1.3326812982559204,
reinforce,0.0,1,659,3.386492743742531,7,0.0013129711151123047,1.4131009578704834,,,2.5114192962646484,2.5114192962646484,,,1.2639788389205933,1.2639788389205933,
reinforce,0.0,1,660,3.6034645681033504,7,0.0013759136199951172,1.4145619869232178,3.4415206583633426,0.0778992615999227,2.412207841873169,2.412207841873169,,,1.3983266353607178,1.3983266353607178,
reinforce,0.0,1,661,3.28727802035035,7,0.0014917850494384766,1.420564889907837,,,1.3437970876693726,1.3437970876693726,,,1.200706124305725,1.200706124305725,
reinforce,0.0,1,662,3.2185028401154474,7,0.001447916030883789,1.4220998287200928,,,2.874033212661743,2.874033212661743,,,1.1587034463882446,1.1587034463882446,
reinforce,0.0,1,663,3.6590545399329337,7,0.0013079643249511719,1.4234769344329834,,,2.718061685562134,2.718061685562134,,,1.444584608078003,1.444584608078003,
reinforce,0.0,1,664,3.3099306082543745,7,0.0013060569763183594,1.4248509407043457,,,1.8299839496612549,1.8299839496612549,,,1.2055003643035889,1.2055003643035889,
reinforce,0.0,1,665,3.490683579315463,7,0.0014309883117675781,1.4263699054718018,,,2.437458038330078,2.437458038330078,,,1.3126966953277588,1.3126966953277588,
reinforce,0.0,1,666,3.3871271170483954,7,0.0013248920440673828,1.427764892578125,,,3.292396068572998,3.292396068572998,,,1.259636640548706,1.259636640548706,
reinforce,0.0,1,667,3.5109263151174877,7,0.001310110092163086,1.4291470050811768,,,3.3071045875549316,3.3071045875549316,,,1.321437954902649,1.321437954902649,
reinforce,0.0,1,668,3.3322353846064616,7,0.001329183578491211,1.4305729866027832,,,1.796399474143982,1.796399474143982,,,1.2297884225845337,1.2297884225845337,
reinforce,0.0,1,669,3.2748621281810517,7,0.0013098716735839844,1.4319469928741455,,,2.15226674079895,2.15226674079895,,,1.1813688278198242,1.1813688278198242,
reinforce,0.0,1,670,3.0468511022804567,6,0.0013380050659179688,1.4334149360656738,,,3.9399049282073975,3.9399049282073975,,,1.262579083442688,1.262579083442688,
reinforce,0.0,1,671,3.2384688883178234,7,0.001275777816772461,1.434769868850708,,,2.777505874633789,2.777505874633789,,,1.1577788591384888,1.1577788591384888,
reinforce,0.0,1,672,3.5623884374422263,7,0.0013728141784667969,1.4362428188323975,,,2.509124517440796,2.509124517440796,,,1.3737456798553467,1.3737456798553467,
reinforce,0.0,1,673,3.298559332163138,7,0.00127410888671875,1.4375841617584229,,,2.227623701095581,2.227623701095581,,,1.2097551822662354,1.2097551822662354,
reinforce,0.0,1,674,3.234752943181552,7,0.0013608932495117188,1.4389948844909668,,,1.7272752523422241,1.7272752523422241,,,1.1616750955581665,1.1616750955581665,
reinforce,0.0,1,675,3.2056187188272265,7,0.0014731884002685547,1.440535068511963,,,1.9972364902496338,1.9972364902496338,,,1.1442700624465942,1.1442700624465942,
reinforce,0.0,1,676,3.239254488638929,7,0.0012509822845458984,1.4418690204620361,,,1.4725316762924194,1.4725316762924194,,,1.1718181371688843,1.1718181371688843,
reinforce,0.0,1,677,3.090182224017204,6,0.001100778579711914,1.443025827407837,,,4.0565996170043945,4.0565996170043945,,,1.2884961366653442,1.2884961366653442,
reinforce,0.0,1,678,3.2258698717692607,7,0.0013527870178222656,1.4444530010223389,,,3.0418808460235596,3.0418808460235596,,,1.1478073596954346,1.1478073596954346,
reinforce,0.0,1,679,3.5059681038415604,7,0.001583099365234375,1.4461030960083008,,,2.551234006881714,2.551234006881714,,,1.308827519416809,1.308827519416809,
reinforce,0.0,1,680,3.2657052361999677,7,0.001528024673461914,1.4477081298828125,3.3828952237147627,0.08403048786184217,1.8262250423431396,1.8262250423431396,,,1.176621675491333,1.176621675491333,
reinforce,0.0,1,681,3.176702694841566,7,0.0017728805541992188,1.4535601139068604,,,2.938770294189453,2.938770294189453,,,1.1165964603424072,1.1165964603424072,
reinforce,0.0,1,682,3.4027792095529303,7,0.0012967586517333984,1.4549508094787598,,,1.3043508529663086,1.3043508529663086,,,1.2496193647384644,1.2496193647384644,
reinforce,0.0,1,683,3.5529031961555813,7,0.0013382434844970703,1.4563860893249512,,,2.0826730728149414,2.0826730728149414,,,1.3390958309173584,1.3390958309173584,
reinforce,0.0,1,684,3.395566097653764,7,0.001355886459350586,1.4578039646148682,,,2.9251132011413574,2.9251132011413574,,,1.2527471780776978,1.2527471780776978,
reinforce,0.0,1,685,3.2245339350772753,7,0.0013279914855957031,1.45920991897583,,,1.2177749872207642,1.2177749872207642,,,1.1525126695632935,1.1525126695632935,
reinforce,0.0,1,686,3.4367294378928364,7,0.0015468597412109375,1.4608120918273926,,,1.777490258216858,1.777490258216858,,,1.2713708877563477,1.2713708877563477,
reinforce,0.0,1,687,3.204531679100158,7,0.0013539791107177734,1.4622700214385986,,,1.2790008783340454,1.2790008783340454,,,1.1311476230621338,1.1311476230621338,
reinforce,0.0,1,688,3.149370941528371,6,0.0012028217315673828,1.4635419845581055,,,1.9367327690124512,1.9367327690124512,,,1.3049181699752808,1.3049181699752808,
reinforce,0.0,1,689,3.182142394753975,6,0.001110076904296875,1.4647119045257568,,,4.413933277130127,4.413933277130127,,,1.3482245206832886,1.3482245206832886,
reinforce,0.0,1,690,3.1944239599672564,7,0.0012118816375732422,1.4659850597381592,,,3.0091347694396973,3.0091347694396973,,,1.133116602897644,1.133116602897644,
reinforce,0.0,1,691,3.398857245854562,7,0.0014469623565673828,1.467494010925293,,,1.5943996906280518,1.5943996906280518,,,1.2682435512542725,1.2682435512542725,
reinforce,0.0,1,692,3.2037654096245456,7,0.0013260841369628906,1.4689021110534668,,,1.8492158651351929,1.8492158651351929,,,1.1362277269363403,1.1362277269363403,
reinforce,0.0,1,693,3.226532918833727,7,0.0012810230255126953,1.4702398777008057,,,2.028986692428589,2.028986692428589,,,1.1432350873947144,1.1432350873947144,
reinforce,0.0,1,694,3.439241550625337,7,0.0013000965118408203,1.471601963043213,,,1.2763214111328125,1.2763214111328125,,,1.2684744596481323,1.2684744596481323,
reinforce,0.0,1,695,3.2130274475376455,7,0.0012688636779785156,1.4729230403900146,,,2.0962023735046387,2.0962023735046387,,,1.1382033824920654,1.1382033824920654,
reinforce,0.0,1,696,3.047733507029511,6,0.0014429092407226562,1.474487066268921,,,2.9063565731048584,2.9063565731048584,,,1.2561713457107544,1.2561713457107544,
reinforce,0.0,1,697,3.2184843104139924,7,0.001241922378540039,1.4758069515228271,,,1.5549736022949219,1.5549736022949219,,,1.145661473274231,1.145661473274231,
reinforce,0.0,1,698,3.1971547554113027,6,0.0011081695556640625,1.4769668579101562,,,1.3301903009414673,1.3301903009414673,,,1.3420495986938477,1.3420495986938477,
reinforce,0.0,1,699,3.2931071064045336,7,0.0013470649719238281,1.4783790111541748,,,1.1370784044265747,1.1370784044265747,,,1.1847026348114014,1.1847026348114014,
reinforce,0.0,1,700,3.155510001415208,7,0.0013120174407958984,1.479768991470337,3.1999810931850754,0.023367607709718245,2.3986809253692627,2.3986809253692627,,,1.097000241279602,1.097000241279602,
reinforce,0.0,1,701,3.2263500146929616,7,0.001383066177368164,1.4851980209350586,,,1.3310152292251587,1.3310152292251587,,,1.149728775024414,1.149728775024414,
reinforce,0.0,1,702,3.18761849355997,7,0.001299142837524414,1.4866070747375488,,,1.5616121292114258,1.5616121292114258,,,1.1102632284164429,1.1102632284164429,
reinforce,0.0,1,703,3.1288335855650207,7,0.001374959945678711,1.488041877746582,,,1.3109896183013916,1.3109896183013916,,,1.079817295074463,1.079817295074463,
reinforce,0.0,1,704,3.275017574931585,7,0.0013401508331298828,1.4894750118255615,,,1.5786038637161255,1.5786038637161255,,,1.1759083271026611,1.1759083271026611,
reinforce,0.0,1,705,3.264737137483111,7,0.0013458728790283203,1.490891933441162,,,1.2547740936279297,1.2547740936279297,,,1.1569440364837646,1.1569440364837646,
reinforce,0.0,1,706,3.434569335462542,7,0.0012750625610351562,1.4922330379486084,,,2.143357753753662,2.143357753753662,,,1.254280924797058,1.254280924797058,
reinforce,0.0,1,707,3.0748405206752656,7,0.001245737075805664,1.4935379028320312,,,2.0114684104919434,2.0114684104919434,,,1.0524790287017822,1.0524790287017822,
reinforce,0.0,1,708,3.122361964383968,7,0.0015511512756347656,1.4951510429382324,,,1.1288764476776123,1.1288764476776123,,,1.0622848272323608,1.0622848272323608,
reinforce,0.0,1,709,3.3749527338033043,7,0.0014319419860839844,1.496661901473999,,,2.4016435146331787,2.4016435146331787,,,1.2364369630813599,1.2364369630813599,
reinforce,0.0,1,710,3.097422014146825,7,0.0012578964233398438,1.4979948997497559,,,1.3221896886825562,1.3221896886825562,,,1.065543293952942,1.065543293952942,
reinforce,0.0,1,711,3.3038930178273147,7,0.0012259483337402344,1.4992780685424805,,,1.507112741470337,1.507112741470337,,,1.181065320968628,1.181065320968628,
reinforce,0.0,1,712,3.2309077088320177,7,0.001310110092163086,1.500641107559204,,,2.719193935394287,2.719193935394287,,,1.136905550956726,1.136905550956726,
reinforce,0.0,1,713,3.300023757463162,7,0.0017731189727783203,1.502474069595337,,,1.9789021015167236,1.9789021015167236,,,1.168296456336975,1.168296456336975,
reinforce,0.0,1,714,3.363445870407146,7,0.001310110092163086,1.503866195678711,,,2.0469002723693848,2.0469002723693848,,,1.2261359691619873,1.2261359691619873,
reinforce,0.0,1,715,3.1038264033114915,7,0.0012700557708740234,1.5052011013031006,,,2.362492799758911,2.362492799758911,,,1.0675305128097534,1.0675305128097534,
reinforce,0.0,1,716,3.2687964352668586,7,0.0012521743774414062,1.5064990520477295,,,0.9057440757751465,0.9057440757751465,,,1.1724755764007568,1.1724755764007568,
reinforce,0.0,1,717,3.3114157459186417,7,0.0014801025390625,1.5080461502075195,,,2.166788101196289,2.166788101196289,,,1.2218008041381836,1.2218008041381836,
reinforce,0.0,1,718,3.229192296948723,7,0.0013849735260009766,1.5094971656799316,,,1.4846975803375244,1.4846975803375244,,,1.1866662502288818,1.1866662502288818,
reinforce,0.0,1,719,3.294502624933047,7,0.0012769699096679688,1.5108511447906494,,,2.7532958984375,2.7532958984375,,,1.2392033338546753,1.2392033338546753,
reinforce,0.0,1,720,3.7127502147195353,7,0.0012192726135253906,1.512139081954956,3.248224516884295,0.08943258665863096,3.0396506786346436,3.0396506786346436,,,1.4732320308685303,1.4732320308685303,
reinforce,0.0,1,721,3.222829912179152,7,0.0014069080352783203,1.517906904220581,,,1.094378113746643,1.094378113746643,,,1.133201241493225,1.133201241493225,
reinforce,0.0,1,722,3.272603981084909,7,0.0013391971588134766,1.5193111896514893,,,1.4359897375106812,1.4359897375106812,,,1.1646565198898315,1.1646565198898315,
reinforce,0.0,1,723,2.9756655906107694,7,0.0012960433959960938,1.5206830501556396,,,2.20719313621521,2.20719313621521,,,0.9615365266799927,0.9615365266799927,
reinforce,0.0,1,724,3.640454095159517,7,0.0014011859893798828,1.5221450328826904,,,1.311026930809021,1.311026930809021,,,1.5457346439361572,1.5457346439361572,
reinforce,0.0,1,725,3.646291059073918,7,0.0013048648834228516,1.523582935333252,,,2.973642587661743,2.973642587661743,,,1.5204261541366577,1.5204261541366577,
reinforce,0.0,1,726,3.4827363825690574,7,0.001341104507446289,1.5249879360198975,,,4.212357044219971,4.212357044219971,,,1.301523208618164,1.301523208618164,
reinforce,0.0,1,727,3.541376987214692,7,0.001310110092163086,1.5263659954071045,,,2.345180034637451,2.345180034637451,,,1.3654943704605103,1.3654943704605103,
reinforce,0.0,1,728,3.4608653502492004,7,0.0012569427490234375,1.5276820659637451,,,2.3765861988067627,2.3765861988067627,,,1.332826018333435,1.332826018333435,
reinforce,0.0,1,729,3.488778731473346,7,0.0014307498931884766,1.5291588306427002,,,2.0668113231658936,2.0668113231658936,,,1.4222661256790161,1.4222661256790161,
reinforce,0.0,1,730,5.3912709100785925,8,0.0015652179718017578,1.5308330059051514,,,6.896356582641602,6.896356582641602,,,2.835095167160034,2.835095167160034,
reinforce,0.0,1,731,3.7143393094378014,7,0.00128173828125,1.5321898460388184,,,1.8901290893554688,1.8901290893554688,,,1.610190510749817,1.610190510749817,
reinforce,0.0,1,732,3.6852818081626264,7,0.0012350082397460938,1.5334808826446533,,,2.5748493671417236,2.5748493671417236,,,1.5636358261108398,1.5636358261108398,
reinforce,0.0,1,733,4.262209727559873,7,0.001348257064819336,1.5349161624908447,,,3.7234573364257812,3.7234573364257812,,,2.060704469680786,2.060704469680786,
reinforce,0.0,1,734,3.3913483318697915,7,0.0013377666473388672,1.5363199710845947,,,2.5194458961486816,2.5194458961486816,,,1.3334119319915771,1.3334119319915771,
reinforce,0.0,1,735,3.7128058718299757,7,0.0014140605926513672,1.5378270149230957,,,1.2782478332519531,1.2782478332519531,,,1.583467721939087,1.583467721939087,
reinforce,0.0,1,736,3.584611493989356,7,0.0012500286102294922,1.539146900177002,,,2.326280117034912,2.326280117034912,,,1.5029479265213013,1.5029479265213013,
reinforce,0.0,1,737,4.414387276661784,7,0.0014390945434570312,1.5406379699707031,,,2.829665422439575,2.829665422439575,,,2.181039810180664,2.181039810180664,
reinforce,0.0,1,738,3.7674639509649754,7,0.0013322830200195312,1.5420432090759277,,,2.4848732948303223,2.4848732948303223,,,1.5202462673187256,1.5202462673187256,
reinforce,0.0,1,739,3.634585244516065,7,0.0014371871948242188,1.5435371398925781,,,1.6382442712783813,1.6382442712783813,,,1.4258754253387451,1.4258754253387451,
reinforce,0.0,1,740,4.738359935067754,8,0.0014338493347167969,1.545041799545288,3.8173537273394444,0.10736088765463804,3.5535478591918945,3.5535478591918945,,,2.2125794887542725,2.2125794887542725,
reinforce,0.0,1,741,4.149399440500634,7,0.0015883445739746094,1.5507681369781494,,,2.6429126262664795,2.6429126262664795,,,1.988639235496521,1.988639235496521,
reinforce,0.0,1,742,3.944706787432124,7,0.0013461112976074219,1.5522170066833496,,,2.626164674758911,2.626164674758911,,,1.7854913473129272,1.7854913473129272,
reinforce,0.0,1,743,3.7574975447415246,7,0.0013210773468017578,1.5536060333251953,,,2.5524494647979736,2.5524494647979736,,,1.6375001668930054,1.6375001668930054,
reinforce,0.0,1,744,4.100528483570501,7,0.0014121532440185547,1.5551002025604248,,,3.4872164726257324,3.4872164726257324,,,1.9022222757339478,1.9022222757339478,
reinforce,0.0,1,745,4.347411136140222,7,0.0014040470123291016,1.5565800666809082,,,3.74769926071167,3.74769926071167,,,2.153778314590454,2.153778314590454,
reinforce,0.0,1,746,15.897740632157696,17,0.0029761791229248047,1.5596652030944824,,,15.18602466583252,15.18602466583252,,,8.213903427124023,8.213903427124023,
reinforce,0.0,1,747,4.453334380966407,7,0.0013539791107177734,1.5610990524291992,,,4.50732946395874,4.50732946395874,,,2.246931552886963,2.246931552886963,
reinforce,0.0,1,748,15.444532711324628,17,0.0030138492584228516,1.5641789436340332,,,13.889992713928223,13.889992713928223,,,8.217835426330566,8.217835426330566,
reinforce,0.0,1,749,16.16648761313582,17,0.002899169921875,1.5671920776367188,,,10.906685829162598,10.906685829162598,,,8.497904777526855,8.497904777526855,
reinforce,0.0,1,750,4.47945755340389,7,0.0013439655303955078,1.56862211227417,,,4.140956401824951,4.140956401824951,,,2.2644975185394287,2.2644975185394287,
reinforce,0.0,1,751,5.276301771259394,8,0.0014300346374511719,1.570115089416504,,,3.291566848754883,3.291566848754883,,,2.693718910217285,2.693718910217285,
reinforce,0.0,1,752,7.2216941451867855,9,0.0016968250274658203,1.5718770027160645,,,10.507521629333496,10.507521629333496,,,4.017795085906982,4.017795085906982,
reinforce,0.0,1,753,12.519448429509433,15,0.002521038055419922,1.5744819641113281,,,13.230348587036133,13.230348587036133,,,6.040626525878906,6.040626525878906,
reinforce,0.0,1,754,19.583079983122953,19,0.0032241344451904297,1.5777950286865234,,,17.086271286010742,17.086271286010742,,,10.30104923248291,10.30104923248291,
reinforce,0.0,1,755,4.8862698058154,8,0.0016970634460449219,1.579617977142334,,,4.925765037536621,4.925765037536621,,,2.331556797027588,2.331556797027588,
reinforce,0.0,1,756,16.107787661760486,18,0.002981901168823242,1.5827059745788574,,,14.54026985168457,14.54026985168457,,,7.963273048400879,7.963273048400879,
reinforce,0.0,1,757,21.385747581530847,20,0.0036280155181884766,1.586426019668579,,,14.323269844055176,14.323269844055176,,,11.472548484802246,11.472548484802246,
reinforce,0.0,1,758,5.6547846053057444,8,0.0015561580657958984,1.588090181350708,,,4.401088714599609,4.401088714599609,,,2.9311184883117676,2.9311184883117676,
reinforce,0.0,1,759,5.607457953774252,8,0.0013892650604248047,1.589548110961914,,,4.625208377838135,4.625208377838135,,,2.914485454559326,2.914485454559326,
reinforce,0.0,1,760,5.2845676313072305,8,0.0014178752899169922,1.5910179615020752,11.36845502886191,4.853142111230339,3.79579758644104,3.79579758644104,,,2.6612420082092285,2.6612420082092285,
reinforce,0.0,1,761,21.367638643949984,20,0.0036869049072265625,1.6019299030303955,,,21.2393856048584,21.2393856048584,,,11.421565055847168,11.421565055847168,
reinforce,0.0,1,762,15.068849721588471,16,0.0028176307678222656,1.604860782623291,,,15.127513885498047,15.127513885498047,,,7.782835006713867,7.782835006713867,
reinforce,0.0,1,763,5.878899171908247,8,0.0019278526306152344,1.6068830490112305,,,3.5886075496673584,3.5886075496673584,,,3.119590997695923,3.119590997695923,
reinforce,0.0,1,764,16.73331331095471,17,0.0029020309448242188,1.6098811626434326,,,13.1522216796875,13.1522216796875,,,8.946374893188477,8.946374893188477,
reinforce,0.0,1,765,32.2049484600092,27,0.004837989807128906,1.614828109741211,,,35.696407318115234,35.696407318115234,,,16.599876403808594,16.599876403808594,
reinforce,0.0,1,766,17.02023230256497,18,0.003103017807006836,1.6180729866027832,,,15.154881477355957,15.154881477355957,,,8.480348587036133,8.480348587036133,
reinforce,0.0,1,767,13.486982870745948,15,0.0029256343841552734,1.6211190223693848,,,12.177201271057129,12.177201271057129,,,6.780625343322754,6.780625343322754,
reinforce,0.0,1,768,18.136071658083967,18,0.0029609203338623047,1.624182939529419,,,23.365610122680664,23.365610122680664,,,9.489155769348145,9.489155769348145,
reinforce,0.0,1,769,15.067338389677172,16,0.0030002593994140625,1.627291202545166,,,10.148500442504883,10.148500442504883,,,7.953604221343994,7.953604221343994,
reinforce,0.0,1,770,14.242276314164721,15,0.0026340484619140625,1.6300420761108398,,,11.346282958984375,11.346282958984375,,,7.495039939880371,7.495039939880371,
reinforce,0.0,1,771,17.706655475441234,18,0.003350973129272461,1.6334850788116455,,,19.481496810913086,19.481496810913086,,,9.286337852478027,9.286337852478027,
reinforce,0.0,1,772,15.560097164969992,17,0.002946138381958008,1.6365349292755127,,,17.600807189941406,17.600807189941406,,,7.752841949462891,7.752841949462891,
reinforce,0.0,1,773,5.782485241374739,8,0.001447916030883789,1.6380789279937744,,,7.120802879333496,7.120802879333496,,,3.080148696899414,3.080148696899414,
reinforce,0.0,1,774,17.626186549187608,18,0.003345012664794922,1.641484022140503,,,13.160856246948242,13.160856246948242,,,9.291186332702637,9.291186332702637,
reinforce,0.0,1,775,25.254899321625317,23,0.0038433074951171875,1.6454541683197021,,,24.29932975769043,24.29932975769043,,,13.194587707519531,13.194587707519531,
reinforce,0.0,1,776,13.8796233950092,15,0.0027761459350585938,1.6483371257781982,,,15.109906196594238,15.109906196594238,,,7.104859352111816,7.104859352111816,
reinforce,0.0,1,777,14.322299897332822,15,0.002496957778930664,1.650951862335205,,,13.36092472076416,13.36092472076416,,,7.536840438842773,7.536840438842773,
reinforce,0.0,1,778,13.830175211498705,15,0.0025548934936523438,1.6535639762878418,,,17.434972763061523,17.434972763061523,,,7.209341049194336,7.209341049194336,
reinforce,0.0,1,779,18.714040384720207,18,0.0033321380615234375,1.6570360660552979,,,17.776954650878906,17.776954650878906,,,9.96296501159668,9.96296501159668,
reinforce,0.0,1,780,6.260005780910411,8,0.00152587890625,1.6587059497833252,19.245265482689877,5.536080081928246,5.485917568206787,5.485917568206787,,,3.44400954246521,3.44400954246521,
reinforce,0.0,1,781,15.159547335030304,16,0.0029718875885009766,1.6712000370025635,,,12.537677764892578,12.537677764892578,,,7.807154178619385,7.807154178619385,
reinforce,0.0,1,782,20.872554315791298,20,0.0033233165740966797,1.674626111984253,,,15.718633651733398,15.718633651733398,,,10.952061653137207,10.952061653137207,
reinforce,0.0,1,783,29.623782060559627,25,0.004570960998535156,1.6793010234832764,,,36.525489807128906,36.525489807128906,,,15.721452713012695,15.721452713012695,
reinforce,0.0,1,784,31.174749334484943,26,0.004597902297973633,1.6840739250183105,,,27.92383575439453,27.92383575439453,,,16.246129989624023,16.246129989624023,
reinforce,0.0,1,785,14.34186200419476,15,0.0027201175689697266,1.6869151592254639,,,11.854866981506348,11.854866981506348,,,7.632370948791504,7.632370948791504,
reinforce,0.0,1,786,14.244319363089806,16,0.0028650760650634766,1.6898870468139648,,,9.980426788330078,9.980426788330078,,,6.958896636962891,6.958896636962891,
reinforce,0.0,1,787,39.06008354964488,30,0.005064964294433594,1.6950619220733643,,,31.221891403198242,31.221891403198242,,,20.480445861816406,20.480445861816406,
reinforce,0.0,1,788,14.373407445230177,16,0.003055095672607422,1.69822096824646,,,12.140615463256836,12.140615463256836,,,7.13392448425293,7.13392448425293,
reinforce,0.0,1,789,13.339233074527948,14,0.002357006072998047,1.700692892074585,,,12.336848258972168,12.336848258972168,,,7.164676666259766,7.164676666259766,
reinforce,0.0,1,790,14.316104648768677,15,0.0026769638061523438,1.7034580707550049,,,18.33346939086914,18.33346939086914,,,7.692052841186523,7.692052841186523,
reinforce,0.0,1,791,25.017227006154798,22,0.0037689208984375,1.70735502243042,,,22.940662384033203,22.940662384033203,,,13.245902061462402,13.245902061462402,
reinforce,0.0,1,792,13.55850496815039,15,0.0030069351196289062,1.710472822189331,,,12.894195556640625,12.894195556640625,,,6.671865940093994,6.671865940093994,
reinforce,0.0,1,793,14.277530591094093,15,0.007828950881958008,1.719877004623413,,,15.419702529907227,15.419702529907227,,,7.493255615234375,7.493255615234375,
reinforce,0.0,1,794,13.413638558944683,14,0.008826971054077148,1.7289659976959229,,,7.81125020980835,7.81125020980835,,,7.072941780090332,7.072941780090332,
reinforce,0.0,1,795,25.3576491234645,23,0.0073091983795166016,1.736570119857788,,,19.431591033935547,19.431591033935547,,,13.032393455505371,13.032393455505371,
reinforce,0.0,1,796,11.056206569748447,12,0.004312992095947266,1.7411260604858398,,,8.945062637329102,8.945062637329102,,,5.79791259765625,5.79791259765625,
reinforce,0.0,1,797,12.144880844094866,13,0.0025491714477539062,1.7438910007476807,,,13.755148887634277,13.755148887634277,,,6.448331832885742,6.448331832885742,
reinforce,0.0,1,798,13.290092677197936,14,0.007130146026611328,1.7512590885162354,,,19.10826301574707,19.10826301574707,,,6.993213176727295,6.993213176727295,
reinforce,0.0,1,799,10.908639658869447,12,0.0023419857025146484,1.7538130283355713,,,10.096458435058594,10.096458435058594,,,5.634922504425049,5.634922504425049,
reinforce,0.0,1,800,11.966033291246191,13,0.0022759437561035156,1.7562010288238525,13.861433956346024,0.9306465715009822,11.211970329284668,11.211970329284668,,,6.234528541564941,6.234528541564941,
reinforce,0.0,1,801,13.186341764137545,14,0.002878904342651367,1.766291856765747,,,10.814437866210938,10.814437866210938,,,6.883500099182129,6.883500099182129,
reinforce,0.0,1,802,11.92633633377262,13,0.0022728443145751953,1.768683910369873,,,7.492564678192139,7.492564678192139,,,6.234281539916992,6.234281539916992,
reinforce,0.0,1,803,10.821380949106537,12,0.002301931381225586,1.771061897277832,,,9.035505294799805,9.035505294799805,,,5.739424228668213,5.739424228668213,
reinforce,0.0,1,804,9.701448267930529,11,0.0020771026611328125,1.7732570171356201,,,8.357973098754883,8.357973098754883,,,4.89970588684082,4.89970588684082,
reinforce,0.0,1,805,12.259387318579575,13,0.0023381710052490234,1.7757089138031006,,,12.77314567565918,12.77314567565918,,,6.4598212242126465,6.4598212242126465,
reinforce,0.0,1,806,11.760552539756445,13,0.0023522377014160156,1.7781400680541992,,,14.07921028137207,14.07921028137207,,,6.232231616973877,6.232231616973877,
reinforce,0.0,1,807,10.897982092523922,12,0.0022857189178466797,1.7805118560791016,,,9.606133460998535,9.606133460998535,,,5.617249965667725,5.617249965667725,
reinforce,0.0,1,808,12.85581084994649,14,0.0023779869079589844,1.7830078601837158,,,9.30308723449707,9.30308723449707,,,6.690342903137207,6.690342903137207,
reinforce,0.0,1,809,10.712603673863253,12,0.002206087112426758,1.7853000164031982,,,12.947503089904785,12.947503089904785,,,5.43267822265625,5.43267822265625,
reinforce,0.0,1,810,14.280770889398635,15,0.0029108524322509766,1.78830885887146,,,14.877964973449707,14.877964973449707,,,7.427638053894043,7.427638053894043,
reinforce,0.0,1,811,7.430701122379822,9,0.0015900135040283203,1.7899971008300781,,,6.140530109405518,6.140530109405518,,,4.115638256072998,4.115638256072998,
reinforce,0.0,1,812,14.297562856161434,15,0.002599954605102539,1.7926619052886963,,,10.642011642456055,10.642011642456055,,,7.570955276489258,7.570955276489258,
reinforce,0.0,1,813,10.58136014084489,12,0.002260923385620117,1.7950258255004883,,,8.54265308380127,8.54265308380127,,,5.566396236419678,5.566396236419678,
reinforce,0.0,1,814,8.678408710882026,10,0.0017592906951904297,1.796870231628418,,,8.551896095275879,8.551896095275879,,,4.675841331481934,4.675841331481934,
reinforce,0.0,1,815,15.797967450138481,16,0.0028541088104248047,1.7997939586639404,,,9.85083293914795,9.85083293914795,,,8.266886711120605,8.266886711120605,
reinforce,0.0,1,816,9.431768794899815,11,0.002000093460083008,1.8018970489501953,,,8.824837684631348,8.824837684631348,,,4.786774158477783,4.786774158477783,
reinforce,0.0,1,817,6.208042572099529,8,0.0014829635620117188,1.803454875946045,,,7.749690055847168,7.749690055847168,,,3.4300756454467773,3.4300756454467773,
reinforce,0.0,1,818,7.641541377749321,9,0.0017142295837402344,1.8052301406860352,,,9.415959358215332,9.415959358215332,,,4.2273712158203125,4.2273712158203125,
reinforce,0.0,1,819,22.864499046349994,21,0.003939151763916016,1.8092410564422607,,,30.688127517700195,30.688127517700195,,,11.840599060058594,11.840599060058594,
reinforce,0.0,1,820,12.481882991615747,14,0.002395153045654297,1.8117401599884033,11.25998246564686,0.4907738534892902,8.62975788116455,8.62975788116455,,,6.340606689453125,6.340606689453125,
reinforce,0.0,1,821,17.12934608380177,17,0.0032749176025390625,1.8217799663543701,,,14.196622848510742,14.196622848510742,,,8.992721557617188,8.992721557617188,
reinforce,0.0,1,822,6.020796930014773,8,0.0015599727630615234,1.8234500885009766,,,6.683789253234863,6.683789253234863,,,3.2945353984832764,3.2945353984832764,
reinforce,0.0,1,823,10.428150452240912,12,0.0021371841430664062,1.8256981372833252,,,9.206591606140137,9.206591606140137,,,5.21576452255249,5.21576452255249,
reinforce,0.0,1,824,10.618933318022776,12,0.002129077911376953,1.8279290199279785,,,9.864065170288086,9.864065170288086,,,5.612590312957764,5.612590312957764,
reinforce,0.0,1,825,8.65370013315626,10,0.001936197280883789,1.8299751281738281,,,9.174420356750488,9.174420356750488,,,4.641260623931885,4.641260623931885,
reinforce,0.0,1,826,10.379964654097517,12,0.002150297164916992,1.8322291374206543,,,7.980933666229248,7.980933666229248,,,5.403748989105225,5.403748989105225,
reinforce,0.0,1,827,10.466166267956726,12,0.0020470619201660156,1.834346055984497,,,6.400091648101807,6.400091648101807,,,5.2794647216796875,5.2794647216796875,
reinforce,0.0,1,828,11.979299592261475,13,0.0025310516357421875,1.836954116821289,,,12.920900344848633,12.920900344848633,,,6.256004810333252,6.256004810333252,
reinforce,0.0,1,829,9.528787046750237,11,0.0018551349639892578,1.8388941287994385,,,9.48921012878418,9.48921012878418,,,5.0533905029296875,5.0533905029296875,
reinforce,0.0,1,830,6.414010806394604,8,0.0014271736145019531,1.8404431343078613,,,7.982189655303955,7.982189655303955,,,3.481501817703247,3.481501817703247,
reinforce,0.0,1,831,10.485418780648454,12,0.002279996871948242,1.8427960872650146,,,9.900498390197754,9.900498390197754,,,5.434701442718506,5.434701442718506,
reinforce,0.0,1,832,7.549821797406569,9,0.001680135726928711,1.8445680141448975,,,6.236855506896973,6.236855506896973,,,4.075838088989258,4.075838088989258,
reinforce,0.0,1,833,6.537525080669239,8,0.0014846324920654297,1.846120834350586,,,9.256196975708008,9.256196975708008,,,3.4125702381134033,3.4125702381134033,
reinforce,0.0,1,834,6.400563207505383,8,0.0015599727630615234,1.8477768898010254,,,4.471047401428223,4.471047401428223,,,3.4635579586029053,3.4635579586029053,
reinforce,0.0,1,835,12.755038476948167,14,0.0025560855865478516,1.8504040241241455,,,8.665895462036133,8.665895462036133,,,6.5095953941345215,6.5095953941345215,
reinforce,0.0,1,836,11.704168251196506,13,0.002228975296020508,1.8527731895446777,,,8.81843090057373,8.81843090057373,,,6.11777400970459,6.11777400970459,
reinforce,0.0,1,837,9.42000503749994,11,0.0019190311431884766,1.8547918796539307,,,7.883793354034424,7.883793354034424,,,4.735544204711914,4.735544204711914,
reinforce,0.0,1,838,7.3356935260138725,9,0.0017998218536376953,1.8566699028015137,,,6.677675247192383,6.677675247192383,,,3.783724784851074,3.783724784851074,
reinforce,0.0,1,839,6.682710963138975,8,0.0014929771423339844,1.8582429885864258,,,5.0721845626831055,5.0721845626831055,,,3.7220280170440674,3.7220280170440674,
reinforce,0.0,1,840,7.269627152823077,9,0.0016710758209228516,1.8600010871887207,9.42556267718296,0.3495736063862072,7.819748878479004,7.819748878479004,,,3.6383581161499023,3.6383581161499023,
reinforce,0.0,1,841,6.668158250496082,8,0.0015821456909179688,1.8676950931549072,,,4.173019886016846,4.173019886016846,,,3.569218873977661,3.569218873977661,
reinforce,0.0,1,842,7.667936460419331,9,0.0017080307006835938,1.8694851398468018,,,7.03244161605835,7.03244161605835,,,4.089173316955566,4.089173316955566,
reinforce,0.0,1,843,6.735723260795638,8,0.0018219947814941406,1.8714008331298828,,,6.969274520874023,6.969274520874023,,,3.698820114135742,3.698820114135742,
reinforce,0.0,1,844,13.508247543915667,14,0.0024073123931884766,1.873915195465088,,,10.300347328186035,10.300347328186035,,,7.050566673278809,7.050566673278809,
reinforce,0.0,1,845,7.482239037075779,9,0.0016713142395019531,1.875662088394165,,,12.67885684967041,12.67885684967041,,,3.978573799133301,3.978573799133301,
reinforce,0.0,1,846,7.384263184555781,9,0.0020270347595214844,1.87776517868042,,,6.25311803817749,6.25311803817749,,,3.6746156215667725,3.6746156215667725,
reinforce,0.0,1,847,6.716791190761311,8,0.0014159679412841797,1.879276990890503,,,6.60325288772583,6.60325288772583,,,3.666794776916504,3.666794776916504,
reinforce,0.0,1,848,7.307391279753375,9,0.0016210079193115234,1.8809621334075928,,,6.44634485244751,6.44634485244751,,,3.9483156204223633,3.9483156204223633,
reinforce,0.0,1,849,6.4799127393452824,8,0.0015091896057128906,1.8825631141662598,,,5.822804927825928,5.822804927825928,,,3.3025264739990234,3.3025264739990234,
reinforce,0.0,1,850,7.429290168099476,9,0.0017848014831542969,1.8844258785247803,,,9.094107627868652,9.094107627868652,,,3.817223072052002,3.817223072052002,
reinforce,0.0,1,851,6.359797986788165,8,0.0014357566833496094,1.8859429359436035,,,4.938447952270508,4.938447952270508,,,3.4554173946380615,3.4554173946380615,
reinforce,0.0,1,852,6.324309296089451,8,0.0015702247619628906,1.8875691890716553,,,5.652156829833984,5.652156829833984,,,3.1193273067474365,3.1193273067474365,
reinforce,0.0,1,853,6.647498876465309,8,0.0014340877532958984,1.889070987701416,,,7.100208759307861,7.100208759307861,,,3.5112156867980957,3.5112156867980957,
reinforce,0.0,1,854,7.5337666276188955,9,0.0019779205322265625,1.8911089897155762,,,6.20366907119751,6.20366907119751,,,3.911491870880127,3.911491870880127,
reinforce,0.0,1,855,6.402157480321217,8,0.0015320777893066406,1.8927299976348877,,,5.3768391609191895,5.3768391609191895,,,3.2270381450653076,3.2270381450653076,
reinforce,0.0,1,856,6.501319307028858,8,0.0014481544494628906,1.8942451477050781,,,6.088681221008301,6.088681221008301,,,3.413708209991455,3.413708209991455,
reinforce,0.0,1,857,6.5639787716701585,8,0.001447916030883789,1.8957748413085938,,,7.3646931648254395,7.3646931648254395,,,3.3799097537994385,3.3799097537994385,
reinforce,0.0,1,858,7.454597029145002,9,0.00183868408203125,1.89768385887146,,,4.278177261352539,4.278177261352539,,,3.9770801067352295,3.9770801067352295,
reinforce,0.0,1,859,6.592804625877121,8,0.001483917236328125,1.8992559909820557,,,7.76552677154541,7.76552677154541,,,3.523026466369629,3.523026466369629,
reinforce,0.0,1,860,8.449909507384934,10,0.0017681121826171875,1.9010941982269287,6.710459660591401,0.35233308509547173,11.588050842285156,11.588050842285156,,,4.170249938964844,4.170249938964844,
reinforce,0.0,1,861,7.183235173837801,9,0.0017499923706054688,1.907684087753296,,,5.669441223144531,5.669441223144531,,,3.5427052974700928,3.5427052974700928,
reinforce,0.0,1,862,6.57749905371993,8,0.0015759468078613281,1.9093518257141113,,,6.657432556152344,6.657432556152344,,,3.3321502208709717,3.3321502208709717,
reinforce,0.0,1,863,6.611767354696488,8,0.0018990039825439453,1.911344051361084,,,6.136297225952148,6.136297225952148,,,3.418874740600586,3.418874740600586,
reinforce,0.0,1,864,7.387481677753621,9,0.001773834228515625,1.9132790565490723,,,7.217434406280518,7.217434406280518,,,3.787590980529785,3.787590980529785,
reinforce,0.0,1,865,6.420725648713878,8,0.0014147758483886719,1.914780855178833,,,3.6646666526794434,3.6646666526794434,,,3.190460205078125,3.190460205078125,
reinforce,0.0,1,866,6.442329333086573,8,0.0014562606811523438,1.9163141250610352,,,5.077658176422119,5.077658176422119,,,3.2448742389678955,3.2448742389678955,
reinforce,0.0,1,867,6.56293494831189,8,0.0015690326690673828,1.9179508686065674,,,6.281888008117676,6.281888008117676,,,3.4058425426483154,3.4058425426483154,
reinforce,0.0,1,868,6.7671980059332375,8,0.001603841781616211,1.9196770191192627,,,8.220077514648438,8.220077514648438,,,3.530972719192505,3.530972719192505,
reinforce,0.0,1,869,6.47890197302393,8,0.001516103744506836,1.9212851524353027,,,6.46160888671875,6.46160888671875,,,3.2896666526794434,3.2896666526794434,
reinforce,0.0,1,870,13.080635406153846,14,0.002451181411743164,1.9238049983978271,,,13.144688606262207,13.144688606262207,,,6.62996244430542,6.62996244430542,
reinforce,0.0,1,871,7.331471622779553,9,0.0018582344055175781,1.9257490634918213,,,5.310037136077881,5.310037136077881,,,3.62249755859375,3.62249755859375,
reinforce,0.0,1,872,6.440240965090985,8,0.0014913082122802734,1.927333116531372,,,3.89285945892334,3.89285945892334,,,3.2177839279174805,3.2177839279174805,
reinforce,0.0,1,873,7.556202384811543,9,0.0016660690307617188,1.929069995880127,,,5.308566570281982,5.308566570281982,,,3.8827922344207764,3.8827922344207764,
reinforce,0.0,1,874,9.51783388772112,11,0.001956939697265625,1.9311118125915527,,,7.465519428253174,7.465519428253174,,,4.694442272186279,4.694442272186279,
reinforce,0.0,1,875,6.656685236290888,8,0.0018641948699951172,1.9330601692199707,,,5.042999267578125,5.042999267578125,,,3.4430348873138428,3.4430348873138428,
reinforce,0.0,1,876,6.719225107229263,8,0.0014803409576416016,1.934629201889038,,,4.748157024383545,4.748157024383545,,,3.4651222229003906,3.4651222229003906,
reinforce,0.0,1,877,7.513635765545653,9,0.0016429424285888672,1.936352014541626,,,3.94404935836792,3.94404935836792,,,3.80830717086792,3.80830717086792,
reinforce,0.0,1,878,6.373865886859722,8,0.0014836788177490234,1.9379057884216309,,,4.430000305175781,4.430000305175781,,,3.176748037338257,3.176748037338257,
reinforce,0.0,1,879,6.411286820463633,8,0.0016658306121826172,1.939633846282959,,,5.436110496520996,5.436110496520996,,,3.270549774169922,3.270549774169922,
reinforce,0.0,1,880,7.507323463761253,9,0.0017118453979492188,1.9414498805999756,7.214355792115702,0.46403876208918876,4.413435935974121,4.413435935974121,,,3.7816386222839355,3.7816386222839355,
reinforce,0.0,1,881,8.383177530474466,10,0.001977682113647461,1.9487228393554688,,,7.553560733795166,7.553560733795166,,,4.2042765617370605,4.2042765617370605,
reinforce,0.0,1,882,6.479033291719647,8,0.0014798641204833984,1.950294017791748,,,4.982274055480957,4.982274055480957,,,3.277902364730835,3.277902364730835,
reinforce,0.0,1,883,7.130385659584155,9,0.001703023910522461,1.9520649909973145,,,7.25946569442749,7.25946569442749,,,3.5118327140808105,3.5118327140808105,
reinforce,0.0,1,884,6.42367299929228,8,0.0017101764678955078,1.9538490772247314,,,4.794926166534424,4.794926166534424,,,3.2317421436309814,3.2317421436309814,
reinforce,0.0,1,885,6.420552000081994,8,0.0014739036560058594,1.9554309844970703,,,6.293985843658447,6.293985843658447,,,3.2389214038848877,3.2389214038848877,
reinforce,0.0,1,886,6.405923492533833,8,0.0014691352844238281,1.956974983215332,,,5.563673496246338,5.563673496246338,,,3.242751121520996,3.242751121520996,
reinforce,0.0,1,887,6.636451816682569,8,0.001569986343383789,1.9586138725280762,,,10.262767791748047,10.262767791748047,,,3.4737300872802734,3.4737300872802734,
reinforce,0.0,1,888,6.279450926426438,8,0.0017170906066894531,1.9604129791259766,,,6.307350158691406,6.307350158691406,,,3.0915122032165527,3.0915122032165527,
reinforce,0.0,1,889,6.621420961904638,8,0.0014319419860839844,1.9619450569152832,,,3.4801642894744873,3.4801642894744873,,,3.375713348388672,3.375713348388672,
reinforce,0.0,1,890,7.33275811191173,9,0.0015940666198730469,1.9636001586914062,,,5.420693397521973,5.420693397521973,,,3.608036994934082,3.608036994934082,
reinforce,0.0,1,891,7.589813833446392,9,0.001683950424194336,1.9653429985046387,,,6.656414031982422,6.656414031982422,,,3.966156005859375,3.966156005859375,
reinforce,0.0,1,892,6.388874816921026,8,0.0014719963073730469,1.9668920040130615,,,3.327483654022217,3.327483654022217,,,3.2658698558807373,3.2658698558807373,
reinforce,0.0,1,893,7.62246835897045,9,0.0016901493072509766,1.9686739444732666,,,7.216213703155518,7.216213703155518,,,3.93290114402771,3.93290114402771,
reinforce,0.0,1,894,6.338844544720038,8,0.0014567375183105469,1.9702048301696777,,,2.9552090167999268,2.9552090167999268,,,3.1680052280426025,3.1680052280426025,
reinforce,0.0,1,895,7.370711005801512,9,0.0016129016876220703,1.9719090461730957,,,5.997885704040527,5.997885704040527,,,3.672211170196533,3.672211170196533,
reinforce,0.0,1,896,6.459843191119393,8,0.001474142074584961,1.973464012145996,,,7.75638484954834,7.75638484954834,,,3.4392025470733643,3.4392025470733643,
reinforce,0.0,1,897,7.511506513587937,9,0.0018770694732666016,1.9754931926727295,,,11.182740211486816,11.182740211486816,,,3.785889148712158,3.785889148712158,
reinforce,0.0,1,898,8.490242535038506,10,0.0018799304962158203,1.9774689674377441,,,9.248071670532227,9.248071670532227,,,4.320626258850098,4.320626258850098,
reinforce,0.0,1,899,6.677201631930265,8,0.0014710426330566406,1.979032039642334,,,3.870115280151367,3.870115280151367,,,3.543412446975708,3.543412446975708,
reinforce,0.0,1,900,6.22587478907989,8,0.001641988754272461,1.9807429313659668,7.978365322066492,0.4611370111673411,3.556769609451294,3.556769609451294,,,3.1125526428222656,3.1125526428222656,
reinforce,0.0,1,901,7.521708067463328,9,0.0021741390228271484,1.988166093826294,,,7.3349480628967285,7.3349480628967285,,,3.8676888942718506,3.8676888942718506,
reinforce,0.0,1,902,10.475718473374267,12,0.002165079116821289,1.9904630184173584,,,8.264134407043457,8.264134407043457,,,5.206752300262451,5.206752300262451,
reinforce,0.0,1,903,6.63597423286615,8,0.0014941692352294922,1.9920430183410645,,,8.150211334228516,8.150211334228516,,,3.574408531188965,3.574408531188965,
reinforce,0.0,1,904,6.67575043289019,8,0.0014636516571044922,1.9935967922210693,,,5.558267593383789,5.558267593383789,,,3.509983539581299,3.509983539581299,
reinforce,0.0,1,905,7.273322486607821,9,0.0017600059509277344,1.9954218864440918,,,5.717648029327393,5.717648029327393,,,3.7419214248657227,3.7419214248657227,
reinforce,0.0,1,906,11.6666496817843,13,0.002262115478515625,1.9977679252624512,,,8.029470443725586,8.029470443725586,,,5.956943035125732,5.956943035125732,
reinforce,0.0,1,907,9.556516303361391,11,0.0018787384033203125,1.999729871749878,,,7.579355239868164,7.579355239868164,,,4.817532062530518,4.817532062530518,
reinforce,0.0,1,908,9.45242133454423,11,0.0019600391387939453,2.001756191253662,,,9.189032554626465,9.189032554626465,,,4.730051040649414,4.730051040649414,
reinforce,0.0,1,909,6.585188319370912,8,0.0016281604766845703,2.003462076187134,,,6.0638556480407715,6.0638556480407715,,,3.423537015914917,3.423537015914917,
reinforce,0.0,1,910,11.664665935217933,13,0.0023109912872314453,2.0058670043945312,,,7.893466472625732,7.893466472625732,,,5.9367146492004395,5.9367146492004395,
reinforce,0.0,1,911,6.636773862265353,8,0.0015301704406738281,2.007503032684326,,,8.205974578857422,8.205974578857422,,,3.639281988143921,3.639281988143921,
reinforce,0.0,1,912,8.667892490642883,10,0.0022351741790771484,2.009793996810913,,,4.959966659545898,4.959966659545898,,,4.505743980407715,4.505743980407715,
reinforce,0.0,1,913,8.263782192220543,10,0.0018091201782226562,2.0116961002349854,,,4.983070373535156,4.983070373535156,,,4.158078193664551,4.158078193664551,
reinforce,0.0,1,914,8.412587475116512,10,0.0017399787902832031,2.013511896133423,,,7.153986930847168,7.153986930847168,,,4.370499134063721,4.370499134063721,
reinforce,0.0,1,915,8.673413991012959,10,0.002229928970336914,2.015820026397705,,,6.250425338745117,6.250425338745117,,,4.696911811828613,4.696911811828613,
reinforce,0.0,1,916,12.319923677640476,14,0.002371072769165039,2.0182881355285645,,,12.188420295715332,12.188420295715332,,,6.346341133117676,6.346341133117676,
reinforce,0.0,1,917,7.342498071747301,9,0.001528024673461914,2.0198910236358643,,,7.990715026855469,7.990715026855469,,,3.7114384174346924,3.7114384174346924,
reinforce,0.0,1,918,9.43632693978051,11,0.0019850730895996094,2.0219309329986572,,,9.234713554382324,9.234713554382324,,,4.887799263000488,4.887799263000488,
reinforce,0.0,1,919,9.37451011429794,11,0.002501964569091797,2.024529218673706,,,8.825164794921875,8.825164794921875,,,4.759685039520264,4.759685039520264,
reinforce,0.0,1,920,7.464331432751628,9,0.001628875732421875,2.0262598991394043,9.6131636429987,0.44750695657086353,9.550331115722656,9.550331115722656,,,3.993229389190674,3.993229389190674,
reinforce,0.0,1,921,6.597552780144396,8,0.001651763916015625,2.03433895111084,,,7.284588813781738,7.284588813781738,,,3.4967081546783447,3.4967081546783447,
reinforce,0.0,1,922,9.424608740952294,11,0.0023632049560546875,2.0368130207061768,,,6.545672416687012,6.545672416687012,,,4.961076259613037,4.961076259613037,
reinforce,0.0,1,923,10.6998873001392,12,0.0022499561309814453,2.039180040359497,,,7.962159633636475,7.962159633636475,,,5.472073078155518,5.472073078155518,
reinforce,0.0,1,924,8.57214106092635,10,0.0019168853759765625,2.0412049293518066,,,6.825592041015625,6.825592041015625,,,4.389401435852051,4.389401435852051,
reinforce,0.0,1,925,9.475259451669043,11,0.0024220943450927734,2.04374098777771,,,11.411602020263672,11.411602020263672,,,4.878085136413574,4.878085136413574,
reinforce,0.0,1,926,8.419494873415772,10,0.001898050308227539,2.0457379817962646,,,9.94017219543457,9.94017219543457,,,4.479762077331543,4.479762077331543,
reinforce,0.0,1,927,8.300591814519326,10,0.0017750263214111328,2.0475990772247314,,,4.727869987487793,4.727869987487793,,,4.202638149261475,4.202638149261475,
reinforce,0.0,1,928,9.36009869229915,11,0.0018198490142822266,2.0495009422302246,,,6.985922336578369,6.985922336578369,,,4.917684555053711,4.917684555053711,
reinforce,0.0,1,929,8.233935456911553,10,0.002568960189819336,2.0521469116210938,,,5.426936149597168,5.426936149597168,,,4.114811897277832,4.114811897277832,
reinforce,0.0,1,930,6.389170172575469,8,0.0015599727630615234,2.0538339614868164,,,4.366682529449463,4.366682529449463,,,3.4810590744018555,3.4810590744018555,
reinforce,0.0,1,931,8.4764709802247,10,0.0018010139465332031,2.0557429790496826,,,5.238030433654785,5.238030433654785,,,4.403759002685547,4.403759002685547,
reinforce,0.0,1,932,8.409806750165513,10,0.002149820327758789,2.057990789413452,,,13.070134162902832,13.070134162902832,,,4.405467987060547,4.405467987060547,
reinforce,0.0,1,933,8.517271467021603,10,0.001850128173828125,2.0600340366363525,,,7.837888240814209,7.837888240814209,,,4.573251247406006,4.573251247406006,
reinforce,0.0,1,934,8.575657263124494,10,0.0019021034240722656,2.0620579719543457,,,5.8647027015686035,5.8647027015686035,,,4.644404888153076,4.644404888153076,
reinforce,0.0,1,935,9.452162545736428,11,0.002275705337524414,2.0644469261169434,,,7.263392925262451,7.263392925262451,,,4.853631019592285,4.853631019592285,
reinforce,0.0,1,936,7.49044454350228,9,0.0017549991607666016,2.0663950443267822,,,7.241010665893555,7.241010665893555,,,3.993913412094116,3.993913412094116,
reinforce,0.0,1,937,6.352336693545339,8,0.0013971328735351562,2.0679070949554443,,,5.7142157554626465,5.7142157554626465,,,3.4647045135498047,3.4647045135498047,
reinforce,0.0,1,938,10.385917708003849,12,0.001959085464477539,2.0699660778045654,,,7.830272674560547,7.830272674560547,,,5.416017532348633,5.416017532348633,
reinforce,0.0,1,939,9.997554351498046,12,0.0033969879150390625,2.073441982269287,,,9.408495903015137,9.408495903015137,,,5.1721296310424805,5.1721296310424805,
reinforce,0.0,1,940,7.5140798616360325,9,0.0017528533935546875,2.075368881225586,10.278342887749854,1.1365568056299624,7.833369731903076,7.833369731903076,,,4.090021133422852,4.090021133422852,
reinforce,0.0,1,941,11.125221627374922,13,0.0023539066314697266,2.084473133087158,,,9.378583908081055,9.378583908081055,,,5.595301151275635,5.595301151275635,
reinforce,0.0,1,942,9.950085640588794,12,0.0027408599853515625,2.0873987674713135,,,7.148471832275391,7.148471832275391,,,5.104701042175293,5.104701042175293,
reinforce,0.0,1,943,10.935601495800544,13,0.002274036407470703,2.0898008346557617,,,8.689189910888672,8.689189910888672,,,5.4637556076049805,5.4637556076049805,
reinforce,0.0,1,944,10.3358769603595,12,0.0022521018981933594,2.0921552181243896,,,6.623666286468506,6.623666286468506,,,5.15164041519165,5.15164041519165,
reinforce,0.0,1,945,10.266884421323038,12,0.0022590160369873047,2.094589948654175,,,10.992167472839355,10.992167472839355,,,5.459174633026123,5.459174633026123,
reinforce,0.0,1,946,6.441398371321329,8,0.0014600753784179688,2.0961310863494873,,,8.186586380004883,8.186586380004883,,,3.481071949005127,3.481071949005127,
reinforce,0.0,1,947,8.410107859154687,10,0.0018939971923828125,2.098104953765869,,,7.88055419921875,7.88055419921875,,,4.518875598907471,4.518875598907471,
reinforce,0.0,1,948,10.164647644303146,12,0.002485036849975586,2.1006789207458496,,,11.661628723144531,11.661628723144531,,,5.145184516906738,5.145184516906738,
reinforce,0.0,1,949,9.15644217511784,11,0.0019521713256835938,2.1027331352233887,,,9.357837677001953,9.357837677001953,,,4.644227981567383,4.644227981567383,
reinforce,0.0,1,950,7.470570228979753,9,0.0016260147094726562,2.1044390201568604,,,9.148594856262207,9.148594856262207,,,4.034798622131348,4.034798622131348,
reinforce,0.0,1,951,9.991496299641653,12,0.0025441646575927734,2.1070640087127686,,,10.25805377960205,10.25805377960205,,,5.11981725692749,5.11981725692749,
reinforce,0.0,1,952,9.918992677725843,12,0.0021681785583496094,2.1093502044677734,,,9.564360618591309,9.564360618591309,,,4.926331043243408,4.926331043243408,
reinforce,0.0,1,953,11.78245835012064,14,0.0023920536041259766,2.1118199825286865,,,7.411717414855957,7.411717414855957,,,5.802868366241455,5.802868366241455,
reinforce,0.0,1,954,10.57482187656517,13,0.0025482177734375,2.1144590377807617,,,8.562984466552734,8.562984466552734,,,5.26554012298584,5.26554012298584,
reinforce,0.0,1,955,7.466964836542065,9,0.0016603469848632812,2.116227149963379,,,6.105889320373535,6.105889320373535,,,3.968013286590576,3.968013286590576,
reinforce,0.0,1,956,11.038764677734969,14,0.0023267269134521484,2.118642807006836,,,8.829256057739258,8.829256057739258,,,5.316532611846924,5.316532611846924,
reinforce,0.0,1,957,10.489176297097467,13,0.0025260448455810547,2.121244192123413,,,7.319559574127197,7.319559574127197,,,5.128597736358643,5.128597736358643,
reinforce,0.0,1,958,7.598961739141928,9,0.001600027084350586,2.122934103012085,,,8.227620124816895,8.227620124816895,,,4.19578218460083,4.19578218460083,
reinforce,0.0,1,959,12.549759112761201,15,0.00257110595703125,2.1255879402160645,,,8.238926887512207,8.238926887512207,,,6.036309242248535,6.036309242248535,
reinforce,0.0,1,960,11.83640091251428,14,0.0027229785919189453,2.1283769607543945,11.062327176685782,0.39351925721819003,11.096955299377441,11.096955299377441,,,5.682671546936035,5.682671546936035,
reinforce,0.0,1,961,9.196808921454686,11,0.002079010009765625,2.137408971786499,,,8.765316009521484,8.765316009521484,,,4.889148235321045,4.889148235321045,
reinforce,0.0,1,962,11.15378421778749,13,0.0022881031036376953,2.1398000717163086,,,11.463973045349121,11.463973045349121,,,5.501741886138916,5.501741886138916,
reinforce,0.0,1,963,10.303773862065274,13,0.0023920536041259766,2.14227294921875,,,9.053293228149414,9.053293228149414,,,4.957983016967773,4.957983016967773,
reinforce,0.0,1,964,7.418982388686103,9,0.0016357898712158203,2.1439969539642334,,,12.201807975769043,12.201807975769043,,,3.970407247543335,3.970407247543335,
reinforce,0.0,1,965,9.76360649411889,12,0.002068042755126953,2.1461470127105713,,,8.500999450683594,8.500999450683594,,,5.029936790466309,5.029936790466309,
reinforce,0.0,1,966,7.301050844959649,9,0.0021729469299316406,2.148419141769409,,,9.6593017578125,9.6593017578125,,,3.7460293769836426,3.7460293769836426,
reinforce,0.0,1,967,8.43898382936316,10,0.001756906509399414,2.1502788066864014,,,7.2661566734313965,7.2661566734313965,,,4.5888214111328125,4.5888214111328125,
reinforce,0.0,1,968,6.302586980876678,8,0.0013670921325683594,2.1517128944396973,,,5.878461837768555,5.878461837768555,,,3.4724631309509277,3.4724631309509277,
reinforce,0.0,1,969,7.48760441703265,9,0.001605987548828125,2.1533749103546143,,,5.87625789642334,5.87625789642334,,,4.098278522491455,4.098278522491455,
reinforce,0.0,1,970,12.10657272008795,16,0.0029158592224121094,2.1563708782196045,,,9.161392211914062,9.161392211914062,,,5.385970592498779,5.385970592498779,
reinforce,0.0,1,971,7.222765860692816,9,0.001714944839477539,2.158221960067749,,,6.975866317749023,6.975866317749023,,,3.8751721382141113,3.8751721382141113,
reinforce,0.0,1,972,12.116272539869769,15,0.0026171207427978516,2.1609280109405518,,,8.378667831420898,8.378667831420898,,,5.743917942047119,5.743917942047119,
reinforce,0.0,1,973,11.660279098492966,14,0.002463102340698242,2.1635420322418213,,,11.948511123657227,11.948511123657227,,,5.766010284423828,5.766010284423828,
reinforce,0.0,1,974,6.013434693371432,8,0.001463174819946289,2.1650969982147217,,,3.9874379634857178,3.9874379634857178,,,3.184659481048584,3.184659481048584,
reinforce,0.0,1,975,6.435482017549151,8,0.001447916030883789,2.1666150093078613,,,6.147802829742432,6.147802829742432,,,3.5828540325164795,3.5828540325164795,
reinforce,0.0,1,976,8.481429198639285,10,0.0019991397857666016,2.1686861515045166,,,8.646627426147461,8.646627426147461,,,4.561788082122803,4.561788082122803,
reinforce,0.0,1,977,6.117615546044624,8,0.0015251636505126953,2.1703009605407715,,,6.600017547607422,6.600017547607422,,,3.3119239807128906,3.3119239807128906,
reinforce,0.0,1,978,7.509300847526334,9,0.0015780925750732422,2.1719601154327393,,,4.486299514770508,4.486299514770508,,,4.127121925354004,4.127121925354004,
reinforce,0.0,1,979,5.6847528702652514,8,0.0013921260833740234,2.1734211444854736,,,5.119406223297119,5.119406223297119,,,2.95143985748291,2.95143985748291,
reinforce,0.0,1,980,5.66817263384374,8,0.0016629695892333984,2.175142765045166,6.031177257252477,0.29221472241819313,3.8187525272369385,3.8187525272369385,,,2.953437328338623,2.953437328338623,
reinforce,0.0,1,981,5.117647020712564,7,0.0014081001281738281,2.181105136871338,,,5.328131675720215,5.328131675720215,,,2.7572617530822754,2.7572617530822754,
reinforce,0.0,1,982,6.004612418422901,8,0.001810312271118164,2.1829822063446045,,,4.613702297210693,4.613702297210693,,,3.2259321212768555,3.2259321212768555,
reinforce,0.0,1,983,7.467393914699502,9,0.001664876937866211,2.1847448348999023,,,6.1328864097595215,6.1328864097595215,,,4.113739967346191,4.113739967346191,
reinforce,0.0,1,984,4.471522428201239,7,0.0013260841369628906,2.186141014099121,,,3.3183319568634033,3.3183319568634033,,,2.200274705886841,2.200274705886841,
reinforce,0.0,1,985,6.052371798609737,8,0.0015070438385009766,2.1877050399780273,,,5.592649936676025,5.592649936676025,,,3.2793898582458496,3.2793898582458496,
reinforce,0.0,1,986,4.609479035034404,7,0.0013706684112548828,2.1891398429870605,,,2.830472946166992,2.830472946166992,,,2.314340591430664,2.314340591430664,
reinforce,0.0,1,987,4.940733539807837,7,0.001435995101928711,2.1907799243927,,,2.5536367893218994,2.5536367893218994,,,2.6184284687042236,2.6184284687042236,
reinforce,0.0,1,988,5.889408039286938,8,0.0014259815216064453,2.19229793548584,,,4.141584873199463,4.141584873199463,,,3.1474499702453613,3.1474499702453613,
reinforce,0.0,1,989,5.306636347768398,8,0.0014729499816894531,2.193850040435791,,,3.469738483428955,3.469738483428955,,,2.6496927738189697,2.6496927738189697,
reinforce,0.0,1,990,5.875732891731429,8,0.0014739036560058594,2.195405960083008,,,6.582214832305908,6.582214832305908,,,3.0754897594451904,3.0754897594451904,
reinforce,0.0,1,991,4.914466214067937,7,0.0016312599182128906,2.197094202041626,,,3.8696906566619873,3.8696906566619873,,,2.5943989753723145,2.5943989753723145,
reinforce,0.0,1,992,5.033095250953124,8,0.0015339851379394531,2.198720932006836,,,4.549577713012695,4.549577713012695,,,2.441535711288452,2.441535711288452,
reinforce,0.0,1,993,4.101503770773669,7,0.0013480186462402344,2.2001450061798096,,,2.7434942722320557,2.7434942722320557,,,1.878401517868042,1.878401517868042,
reinforce,0.0,1,994,4.726048043149308,7,0.0012850761413574219,2.2015089988708496,,,3.1895806789398193,3.1895806789398193,,,2.405726194381714,2.405726194381714,
reinforce,0.0,1,995,6.6407091823556295,8,0.0015690326690673828,2.203136920928955,,,7.887838840484619,7.887838840484619,,,3.706838846206665,3.706838846206665,
reinforce,0.0,1,996,4.907470961235118,7,0.0013608932495117188,2.204641103744507,,,3.2756707668304443,3.2756707668304443,,,2.5901858806610107,2.5901858806610107,
reinforce,0.0,1,997,4.698149781870108,7,0.00127410888671875,2.2059881687164307,,,3.168475389480591,3.168475389480591,,,2.4012980461120605,2.4012980461120605,
reinforce,0.0,1,998,4.841881591212526,7,0.0013082027435302734,2.2073662281036377,,,4.116657733917236,4.116657733917236,,,2.540788173675537,2.540788173675537,
reinforce,0.0,1,999,4.5629689708298145,7,0.0013451576232910156,2.2087690830230713,,,6.193882942199707,6.193882942199707,,,2.3147521018981934,2.3147521018981934,
reinforce,0.0,1,1000,4.242184792240518,7,0.0015871524810791016,2.210414171218872,4.730793422947146,0.20550811025988908,4.015816688537598,4.015816688537598,,,2.0709173679351807,2.0709173679351807,
