algo,baseline,seed,episode,episode_return,episode_steps,episode_time_sec,elapsed_time_sec,eval_mean_return,eval_std_return,loss,policy_loss,value_loss,entropy,mean_return,mean_advantage,advantage
reinforce,0.0,2,1,54.226682973028716,66,0.024415969848632812,0.02441883087158203,,,41.785282135009766,41.785282135009766,,,20.092098236083984,20.092098236083984,
reinforce,0.0,2,2,41.91423969841869,72,0.013676643371582031,0.038243770599365234,,,25.528366088867188,25.528366088867188,,,14.432083129882812,14.432083129882812,
reinforce,0.0,2,3,34.267032130918004,38,0.006561994552612305,0.04494190216064453,,,35.92612075805664,35.92612075805664,,,15.668050765991211,15.668050765991211,
reinforce,0.0,2,4,26.995367813417275,57,0.010560035705566406,0.05561709403991699,,,15.076364517211914,15.076364517211914,,,7.36328125,7.36328125,
reinforce,0.0,2,5,162.26150195021327,132,0.0232541561126709,0.07907891273498535,,,115.16206359863281,115.16206359863281,,,54.37236404418945,54.37236404418945,
reinforce,0.0,2,6,429.61366253278527,345,0.059194087982177734,0.13849091529846191,,,199.48031616210938,199.48031616210938,,,96.66525268554688,96.66525268554688,
reinforce,0.0,2,7,169.8403377656876,141,0.02385401725769043,0.16252803802490234,,,129.9467315673828,129.9467315673828,,,57.35384750366211,57.35384750366211,
reinforce,0.0,2,8,90.541148337854,67,0.011439800262451172,0.17412590980529785,,,75.29855346679688,75.29855346679688,,,38.615230560302734,38.615230560302734,
reinforce,0.0,2,9,109.31346870672368,81,0.014263153076171875,0.18857598304748535,,,112.070556640625,112.070556640625,,,47.304832458496094,47.304832458496094,
reinforce,0.0,2,10,83.40731357968964,56,0.010373830795288086,0.19912195205688477,,,81.23200225830078,81.23200225830078,,,38.094974517822266,38.094974517822266,
reinforce,0.0,2,11,94.10736286266918,64,0.011518001556396484,0.21081185340881348,,,88.46099853515625,88.46099853515625,,,41.528167724609375,41.528167724609375,
reinforce,0.0,2,12,108.37788650231292,75,0.013297796249389648,0.22428178787231445,,,111.49126434326172,111.49126434326172,,,47.0649299621582,47.0649299621582,
reinforce,0.0,2,13,150.45203768318697,79,0.013312816619873047,0.23777985572814941,,,142.6467742919922,142.6467742919922,,,66.59957122802734,66.59957122802734,
reinforce,0.0,2,14,92.9084545382865,62,0.01163792610168457,0.24956893920898438,,,93.50641632080078,93.50641632080078,,,41.80689239501953,41.80689239501953,
reinforce,0.0,2,15,74.87982200081328,46,0.008428096771240234,0.2581608295440674,,,72.10328674316406,72.10328674316406,,,37.1881103515625,37.1881103515625,
reinforce,0.0,2,16,95.859235730431,65,0.011639833450317383,0.26995372772216797,,,94.56791687011719,94.56791687011719,,,43.7052116394043,43.7052116394043,
reinforce,0.0,2,17,235.5092677216454,109,0.01858830451965332,0.2886950969696045,,,225.8471221923828,225.8471221923828,,,94.9205322265625,94.9205322265625,
reinforce,0.0,2,18,87.58995304510334,53,0.009251117706298828,0.2981119155883789,,,87.64158630371094,87.64158630371094,,,42.30537414550781,42.30537414550781,
reinforce,0.0,2,19,103.9815578492701,59,0.010136842727661133,0.308377742767334,,,119.78350067138672,119.78350067138672,,,49.356868743896484,49.356868743896484,
reinforce,0.0,2,20,227.93158015399507,108,0.018431901931762695,0.3269670009613037,101.36578629187005,2.959635711661857,182.48777770996094,182.48777770996094,,,91.88369750976562,91.88369750976562,
reinforce,0.0,2,21,103.07239556034867,58,0.010228157043457031,0.36580896377563477,,,97.7175521850586,97.7175521850586,,,49.494300842285156,49.494300842285156,
reinforce,0.0,2,22,93.44799795591629,53,0.009218215942382812,0.3751659393310547,,,105.10150909423828,105.10150909423828,,,45.600624084472656,45.600624084472656,
reinforce,0.0,2,23,178.725653826722,84,0.014797687530517578,0.39011573791503906,,,176.81002807617188,176.81002807617188,,,79.15849304199219,79.15849304199219,
reinforce,0.0,2,24,211.67680592250196,95,0.016244888305664062,0.406527042388916,,,212.7744598388672,212.7744598388672,,,90.5234375,90.5234375,
reinforce,0.0,2,25,214.75220482786548,95,0.016211748123168945,0.4228947162628174,,,226.12744140625,226.12744140625,,,92.33364868164062,92.33364868164062,
reinforce,0.0,2,26,74.53968253609484,45,0.007912874221801758,0.43097496032714844,,,67.18708801269531,67.18708801269531,,,37.18437957763672,37.18437957763672,
reinforce,0.0,2,27,61.45703233437759,37,0.006306886672973633,0.43741393089294434,,,64.61001586914062,64.61001586914062,,,31.03960418701172,31.03960418701172,
reinforce,0.0,2,28,207.3953617356037,95,0.016458988189697266,0.45410895347595215,,,187.13507080078125,187.13507080078125,,,88.4333267211914,88.4333267211914,
reinforce,0.0,2,29,214.54913490077186,93,0.016000032424926758,0.4702568054199219,,,201.64376831054688,201.64376831054688,,,93.04679870605469,93.04679870605469,
reinforce,0.0,2,30,185.20789789915594,86,0.0150299072265625,0.4854269027709961,,,197.37733459472656,197.37733459472656,,,81.3873062133789,81.3873062133789,
reinforce,0.0,2,31,186.5722474203762,86,0.014734983444213867,0.5002989768981934,,,171.06085205078125,171.06085205078125,,,81.7542495727539,81.7542495727539,
reinforce,0.0,2,32,188.7364808974669,90,0.015495777130126953,0.5160088539123535,,,154.01797485351562,154.01797485351562,,,80.75418090820312,80.75418090820312,
reinforce,0.0,2,33,18.82313571387573,15,0.0028562545776367188,0.5190200805664062,,,24.815954208374023,24.815954208374023,,,10.584314346313477,10.584314346313477,
reinforce,0.0,2,34,179.1050473480293,84,0.014084815979003906,0.5332107543945312,,,162.30091857910156,162.30091857910156,,,78.15707397460938,78.15707397460938,
reinforce,0.0,2,35,38.17458196597568,26,0.004654884338378906,0.5379998683929443,,,38.95697021484375,38.95697021484375,,,20.279972076416016,20.279972076416016,
reinforce,0.0,2,36,31.280069150198827,22,0.004168033599853516,0.5422978401184082,,,40.47630310058594,40.47630310058594,,,16.990877151489258,16.990877151489258,
reinforce,0.0,2,37,34.44057673855495,23,0.0039522647857666016,0.5463581085205078,,,36.87620162963867,36.87620162963867,,,18.712726593017578,18.712726593017578,
reinforce,0.0,2,38,29.111637642772504,21,0.00400996208190918,0.550468921661377,,,34.993892669677734,34.993892669677734,,,15.943655967712402,15.943655967712402,
reinforce,0.0,2,39,34.64564145510908,24,0.004070758819580078,0.5546398162841797,,,35.96834182739258,35.96834182739258,,,19.005352020263672,19.005352020263672,
reinforce,0.0,2,40,165.65070079530477,79,0.013518095016479492,0.5682470798492432,23.15905597633509,0.8489238482598118,131.46896362304688,131.46896362304688,,,74.25519561767578,74.25519561767578,
reinforce,0.0,2,41,29.132790276758158,21,0.0036859512329101562,0.5808248519897461,,,34.715843200683594,34.715843200683594,,,16.170562744140625,16.170562744140625,
reinforce,0.0,2,42,40.45638310987626,27,0.005137205123901367,0.5860469341278076,,,39.30919647216797,39.30919647216797,,,21.75758171081543,21.75758171081543,
reinforce,0.0,2,43,22.951114290015326,18,0.0031769275665283203,0.5893278121948242,,,26.41197395324707,26.41197395324707,,,12.81740951538086,12.81740951538086,
reinforce,0.0,2,44,40.96930176337316,28,0.004963874816894531,0.5943708419799805,,,50.86039352416992,50.86039352416992,,,22.036550521850586,22.036550521850586,
reinforce,0.0,2,45,26.51504434374843,20,0.003660917282104492,0.5981349945068359,,,28.897512435913086,28.897512435913086,,,14.496942520141602,14.496942520141602,
reinforce,0.0,2,46,200.71410544072765,90,0.015516996383666992,0.6137669086456299,,,197.886962890625,197.886962890625,,,88.3061752319336,88.3061752319336,
reinforce,0.0,2,47,160.50004676955825,77,0.012919187545776367,0.6268370151519775,,,160.29217529296875,160.29217529296875,,,72.93692016601562,72.93692016601562,
reinforce,0.0,2,48,40.5527013714078,28,0.004933834075927734,0.6319067478179932,,,51.78857421875,51.78857421875,,,21.799436569213867,21.799436569213867,
reinforce,0.0,2,49,44.989907713097196,30,0.0052607059478759766,0.6373367309570312,,,52.11684036254883,52.11684036254883,,,23.921457290649414,23.921457290649414,
reinforce,0.0,2,50,81.37895805242802,48,0.008494138717651367,0.6459839344024658,,,93.88607788085938,93.88607788085938,,,40.57748031616211,40.57748031616211,
reinforce,0.0,2,51,20.94234062999486,17,0.0031321048736572266,0.6492919921875,,,32.61032485961914,32.61032485961914,,,11.518174171447754,11.518174171447754,
reinforce,0.0,2,52,51.100466128454045,34,0.0060749053955078125,0.655472993850708,,,65.57539367675781,65.57539367675781,,,26.576900482177734,26.576900482177734,
reinforce,0.0,2,53,81.52477661943998,48,0.008282184600830078,0.6638998985290527,,,82.17413330078125,82.17413330078125,,,40.66797637939453,40.66797637939453,
reinforce,0.0,2,54,67.66569580308008,43,0.007587909698486328,0.6716098785400391,,,66.7164077758789,66.7164077758789,,,34.143577575683594,34.143577575683594,
reinforce,0.0,2,55,24.892727540588567,20,0.003865957260131836,0.6756279468536377,,,26.9082088470459,26.9082088470459,,,13.590032577514648,13.590032577514648,
reinforce,0.0,2,56,83.95110435835566,50,0.008699893951416016,0.6844527721405029,,,94.60765838623047,94.60765838623047,,,41.986331939697266,41.986331939697266,
reinforce,0.0,2,57,84.8421243997507,50,0.008587837219238281,0.6931967735290527,,,97.38298034667969,97.38298034667969,,,42.116851806640625,42.116851806640625,
reinforce,0.0,2,58,169.30608966550224,81,0.01387786865234375,0.707197904586792,,,160.04183959960938,160.04183959960938,,,76.92430877685547,76.92430877685547,
reinforce,0.0,2,59,39.60614032477452,29,0.005198001861572266,0.7125329971313477,,,41.72239685058594,41.72239685058594,,,20.86202049255371,20.86202049255371,
reinforce,0.0,2,60,121.98213729666148,68,0.01169896125793457,0.7243828773498535,115.29435452915668,2.327679889438301,118.46414947509766,118.46414947509766,,,56.2237663269043,56.2237663269043,
reinforce,0.0,2,61,67.50008643950568,43,0.007467031478881836,0.7599649429321289,,,76.56885528564453,76.56885528564453,,,34.424644470214844,34.424644470214844,
reinforce,0.0,2,62,114.00593177205735,62,0.010706186294555664,0.7707960605621338,,,106.98622131347656,106.98622131347656,,,55.14374542236328,55.14374542236328,
reinforce,0.0,2,63,176.16012889153595,85,0.0147552490234375,0.7857611179351807,,,180.2969970703125,180.2969970703125,,,78.15279388427734,78.15279388427734,
reinforce,0.0,2,64,225.19871328452422,103,0.017445087432861328,0.8033609390258789,,,232.96157836914062,232.96157836914062,,,96.19878387451172,96.19878387451172,
reinforce,0.0,2,65,233.66811395058593,106,0.01796412467956543,0.8214888572692871,,,200.737548828125,200.737548828125,,,96.18978118896484,96.18978118896484,
reinforce,0.0,2,66,222.61447710093185,101,0.016987085342407227,0.8386459350585938,,,212.4571075439453,212.4571075439453,,,93.50545501708984,93.50545501708984,
reinforce,0.0,2,67,236.54538344796947,116,0.01997995376586914,0.8587877750396729,,,205.45863342285156,205.45863342285156,,,92.55821990966797,92.55821990966797,
reinforce,0.0,2,68,248.88243216404095,127,0.02165389060974121,0.8805859088897705,,,215.48846435546875,215.48846435546875,,,93.85625457763672,93.85625457763672,
reinforce,0.0,2,69,226.44746214957308,112,0.019082069396972656,0.89982008934021,,,169.54519653320312,169.54519653320312,,,89.11767578125,89.11767578125,
reinforce,0.0,2,70,206.13666560475363,98,0.016666889190673828,0.9166359901428223,,,186.66346740722656,186.66346740722656,,,86.43171691894531,86.43171691894531,
reinforce,0.0,2,71,121.81709920958427,68,0.011625051498413086,0.9284548759460449,,,115.07859802246094,115.07859802246094,,,56.48948669433594,56.48948669433594,
reinforce,0.0,2,72,151.719932668935,82,0.014511823654174805,0.9431288242340088,,,139.5599365234375,139.5599365234375,,,67.0447769165039,67.0447769165039,
reinforce,0.0,2,73,135.32314143623114,82,0.014227151870727539,0.9575068950653076,,,129.68890380859375,129.68890380859375,,,57.416282653808594,57.416282653808594,
reinforce,0.0,2,74,87.95163849109697,56,0.009936094284057617,0.9676480293273926,,,92.3586654663086,92.3586654663086,,,41.99394989013672,41.99394989013672,
reinforce,0.0,2,75,124.1613984091991,82,0.014391899108886719,0.982191801071167,,,111.03303527832031,111.03303527832031,,,53.72372055053711,53.72372055053711,
reinforce,0.0,2,76,114.91075208222304,72,0.012631893157958984,0.9949908256530762,,,105.55130004882812,105.55130004882812,,,49.279075622558594,49.279075622558594,
reinforce,0.0,2,77,122.96845427963791,78,0.013408184051513672,1.0085599422454834,,,123.11070251464844,123.11070251464844,,,53.525604248046875,53.525604248046875,
reinforce,0.0,2,78,126.7207916795702,90,0.015637874603271484,1.0243546962738037,,,105.79068756103516,105.79068756103516,,,51.11734390258789,51.11734390258789,
reinforce,0.0,2,79,123.16867398323461,81,0.014079093933105469,1.0385921001434326,,,114.18008422851562,114.18008422851562,,,52.101966857910156,52.101966857910156,
reinforce,0.0,2,80,111.31223315936491,78,0.013463020324707031,1.0521929264068604,111.18985028602178,1.3543291937153012,105.8506088256836,105.8506088256836,,,49.876033782958984,49.876033782958984,
reinforce,0.0,2,81,154.36250984814183,117,0.020273923873901367,1.1094679832458496,,,122.38382720947266,122.38382720947266,,,56.54355239868164,56.54355239868164,
reinforce,0.0,2,82,113.45375988575164,75,0.012791872024536133,1.1224448680877686,,,110.81803131103516,110.81803131103516,,,52.353641510009766,52.353641510009766,
reinforce,0.0,2,83,122.20190815306397,87,0.015191078186035156,1.137800931930542,,,106.41120147705078,106.41120147705078,,,51.85819625854492,51.85819625854492,
reinforce,0.0,2,84,150.66772570564285,122,0.02092742919921875,1.1588847637176514,,,130.75364685058594,130.75364685058594,,,56.905738830566406,56.905738830566406,
reinforce,0.0,2,85,132.8993269882219,104,0.018027782440185547,1.1770908832550049,,,103.65861511230469,103.65861511230469,,,52.482852935791016,52.482852935791016,
reinforce,0.0,2,86,121.41959272127946,88,0.015347957611083984,1.1926028728485107,,,102.28820037841797,102.28820037841797,,,51.699302673339844,51.699302673339844,
reinforce,0.0,2,87,136.98909861515875,109,0.019009828567504883,1.2117788791656494,,,116.41390991210938,116.41390991210938,,,53.4803352355957,53.4803352355957,
reinforce,0.0,2,88,132.85346769493339,105,0.018136978149414062,1.2300758361816406,,,102.90504455566406,102.90504455566406,,,50.52485275268555,50.52485275268555,
reinforce,0.0,2,89,170.9933314405256,139,0.024135828018188477,1.2543869018554688,,,122.0589599609375,122.0589599609375,,,59.40079116821289,59.40079116821289,
reinforce,0.0,2,90,104.02541342464662,75,0.013052940368652344,1.2676188945770264,,,83.1539306640625,83.1539306640625,,,45.01734924316406,45.01734924316406,
reinforce,0.0,2,91,149.620458457435,120,0.020556211471557617,1.2883200645446777,,,117.4413070678711,117.4413070678711,,,55.840721130371094,55.840721130371094,
reinforce,0.0,2,92,191.68360908906067,163,0.02778482437133789,1.3162848949432373,,,130.34283447265625,130.34283447265625,,,63.606727600097656,63.606727600097656,
reinforce,0.0,2,93,108.49454872584943,81,0.014091014862060547,1.3305559158325195,,,99.05047607421875,99.05047607421875,,,44.733333587646484,44.733333587646484,
reinforce,0.0,2,94,113.4680326447529,85,0.014950990676879883,1.3456578254699707,,,102.4074478149414,102.4074478149414,,,47.750396728515625,47.750396728515625,
reinforce,0.0,2,95,119.97022061688025,91,0.016115903854370117,1.3619508743286133,,,105.95381927490234,105.95381927490234,,,47.62819290161133,47.62819290161133,
reinforce,0.0,2,96,126.34179628297073,98,0.017185211181640625,1.379302978515625,,,114.61566162109375,114.61566162109375,,,49.661033630371094,49.661033630371094,
reinforce,0.0,2,97,202.04876150963955,173,0.029549121856689453,1.409024953842163,,,134.3208770751953,134.3208770751953,,,64.48001098632812,64.48001098632812,
reinforce,0.0,2,98,113.05975350509969,83,0.014571666717529297,1.423757791519165,,,95.3641128540039,95.3641128540039,,,45.99118423461914,45.99118423461914,
reinforce,0.0,2,99,88.54591699886815,59,0.010293006896972656,1.4341919422149658,,,81.0897216796875,81.0897216796875,,,41.24104690551758,41.24104690551758,
reinforce,0.0,2,100,110.08979709380122,77,0.01355600357055664,1.447887897491455,107.02714534251035,0.4277619369346424,93.39986419677734,93.39986419677734,,,48.19480514526367,48.19480514526367,
reinforce,0.0,2,101,87.89613281905909,60,0.010763883590698242,1.4943287372589111,,,74.98038482666016,74.98038482666016,,,41.122440338134766,41.122440338134766,
reinforce,0.0,2,102,131.1228312302775,103,0.017976760864257812,1.5125048160552979,,,107.85408782958984,107.85408782958984,,,51.04058837890625,51.04058837890625,
reinforce,0.0,2,103,102.4292220242681,76,0.013714790344238281,1.5263888835906982,,,91.31990051269531,91.31990051269531,,,42.934661865234375,42.934661865234375,
reinforce,0.0,2,104,112.0332828436922,84,0.014636039733886719,1.5411689281463623,,,90.65694427490234,90.65694427490234,,,45.19686508178711,45.19686508178711,
reinforce,0.0,2,105,86.9500963591463,57,0.00998997688293457,1.5513148307800293,,,83.49866485595703,83.49866485595703,,,40.7490119934082,40.7490119934082,
reinforce,0.0,2,106,98.14265442460083,68,0.011943817138671875,1.563417911529541,,,100.70039367675781,100.70039367675781,,,45.35205078125,45.35205078125,
reinforce,0.0,2,107,86.78226789201489,58,0.009981155395507812,1.5735597610473633,,,89.10700225830078,89.10700225830078,,,40.52018356323242,40.52018356323242,
reinforce,0.0,2,108,105.90350563768432,76,0.013289928436279297,1.5869848728179932,,,95.36888122558594,95.36888122558594,,,44.2835807800293,44.2835807800293,
reinforce,0.0,2,109,94.67187590026552,67,0.011739253997802734,1.5988690853118896,,,110.8634262084961,110.8634262084961,,,44.38858413696289,44.38858413696289,
reinforce,0.0,2,110,106.2870574825093,77,0.013685941696166992,1.6126949787139893,,,95.8861083984375,95.8861083984375,,,44.5493278503418,44.5493278503418,
reinforce,0.0,2,111,90.8628728206532,63,0.01101064682006836,1.623842716217041,,,92.11512756347656,92.11512756347656,,,41.392024993896484,41.392024993896484,
reinforce,0.0,2,112,96.5518829551171,69,0.012205839157104492,1.6362287998199463,,,97.81803131103516,97.81803131103516,,,45.495845794677734,45.495845794677734,
reinforce,0.0,2,113,93.56024041351088,65,0.01161503791809082,1.6479828357696533,,,95.47542572021484,95.47542572021484,,,41.58567428588867,41.58567428588867,
reinforce,0.0,2,114,83.70328953867161,55,0.009638309478759766,1.6577579975128174,,,90.99364471435547,90.99364471435547,,,40.063323974609375,40.063323974609375,
reinforce,0.0,2,115,88.88150574865662,58,0.010283946990966797,1.6681768894195557,,,95.33019256591797,95.33019256591797,,,42.231937408447266,42.231937408447266,
reinforce,0.0,2,116,84.0559756956196,55,0.009561300277709961,1.677889108657837,,,77.3254165649414,77.3254165649414,,,39.853248596191406,39.853248596191406,
reinforce,0.0,2,117,84.9668102976271,57,0.010160207748413086,1.6882047653198242,,,82.4238052368164,82.4238052368164,,,39.595008850097656,39.595008850097656,
reinforce,0.0,2,118,85.00018411917671,55,0.009659767150878906,1.6981477737426758,,,76.44292449951172,76.44292449951172,,,40.89952087402344,40.89952087402344,
reinforce,0.0,2,119,88.87448768864756,60,0.010535955429077148,1.708838939666748,,,82.76871490478516,82.76871490478516,,,42.01686096191406,42.01686096191406,
reinforce,0.0,2,120,92.77621497744157,63,0.011114120483398438,1.7201108932495117,76.98484724469263,0.9709799028124315,94.70774841308594,94.70774841308594,,,44.2410774230957,44.2410774230957,
reinforce,0.0,2,121,73.51804640394539,45,0.007789134979248047,1.7502470016479492,,,87.46758270263672,87.46758270263672,,,37.17924499511719,37.17924499511719,
reinforce,0.0,2,122,89.50646432108658,58,0.010279178619384766,1.7606830596923828,,,85.58523559570312,85.58523559570312,,,43.175350189208984,43.175350189208984,
reinforce,0.0,2,123,80.54031087660184,48,0.008498907089233398,1.7693278789520264,,,82.23272705078125,82.23272705078125,,,40.19870376586914,40.19870376586914,
reinforce,0.0,2,124,76.4601662343072,47,0.008296966552734375,1.7777979373931885,,,70.4681625366211,70.4681625366211,,,38.250244140625,38.250244140625,
reinforce,0.0,2,125,82.88140529508213,53,0.009341955184936523,1.7873029708862305,,,87.16262817382812,87.16262817382812,,,40.67808151245117,40.67808151245117,
reinforce,0.0,2,126,73.91775205729623,45,0.007847309112548828,1.7953169345855713,,,60.278221130371094,60.278221130371094,,,37.2634162902832,37.2634162902832,
reinforce,0.0,2,127,79.80992969028156,48,0.008458852767944336,1.8039097785949707,,,84.14482116699219,84.14482116699219,,,40.13578796386719,40.13578796386719,
reinforce,0.0,2,128,83.88270743758315,58,0.010265827178955078,1.8143627643585205,,,84.91950988769531,84.91950988769531,,,40.63954162597656,40.63954162597656,
reinforce,0.0,2,129,68.42956202442228,42,0.0074770450592041016,1.8220069408416748,,,80.10127258300781,80.10127258300781,,,35.10420227050781,35.10420227050781,
reinforce,0.0,2,130,72.29183748884236,45,0.007922887802124023,1.8300738334655762,,,75.24498748779297,75.24498748779297,,,36.60857391357422,36.60857391357422,
reinforce,0.0,2,131,77.46094961809683,47,0.00855398178100586,1.8387720584869385,,,79.30132293701172,79.30132293701172,,,38.9351692199707,38.9351692199707,
reinforce,0.0,2,132,84.08306563660891,50,0.008926153182983398,1.8478538990020752,,,86.31238555908203,86.31238555908203,,,41.620086669921875,41.620086669921875,
reinforce,0.0,2,133,75.4605076091669,46,0.00826406478881836,1.8563008308410645,,,87.63823699951172,87.63823699951172,,,37.71376037597656,37.71376037597656,
reinforce,0.0,2,134,72.10948542577027,44,0.007772922515869141,1.864231824874878,,,79.43215942382812,79.43215942382812,,,36.488182067871094,36.488182067871094,
reinforce,0.0,2,135,84.36388107899302,50,0.00886392593383789,1.8732507228851318,,,95.14603424072266,95.14603424072266,,,42.13600540161133,42.13600540161133,
reinforce,0.0,2,136,75.69534244029585,46,0.008116006851196289,1.8815219402313232,,,67.0645980834961,67.0645980834961,,,38.091556549072266,38.091556549072266,
reinforce,0.0,2,137,76.27306649341413,46,0.008037328720092773,1.8897080421447754,,,94.15847778320312,94.15847778320312,,,38.497283935546875,38.497283935546875,
reinforce,0.0,2,138,74.30317805293205,46,0.008133888244628906,1.8980228900909424,,,75.33016967773438,75.33016967773438,,,37.38785934448242,37.38785934448242,
reinforce,0.0,2,139,76.46914220408038,46,0.008047103881835938,1.9062199592590332,,,81.70258331298828,81.70258331298828,,,38.566280364990234,38.566280364990234,
reinforce,0.0,2,140,89.5832654060961,52,0.009016752243041992,1.9153647422790527,76.62714894606988,1.0079680379795104,96.12609100341797,96.12609100341797,,,44.30234909057617,44.30234909057617,
reinforce,0.0,2,141,79.89795450234344,50,0.008951902389526367,1.9457528591156006,,,87.59004211425781,87.59004211425781,,,39.606990814208984,39.606990814208984,
reinforce,0.0,2,142,82.76338522320864,50,0.009052276611328125,1.9549560546875,,,88.62157440185547,88.62157440185547,,,41.328304290771484,41.328304290771484,
reinforce,0.0,2,143,108.53308445861596,61,0.010605096817016602,1.9657118320465088,,,105.3028793334961,105.3028793334961,,,51.49534225463867,51.49534225463867,
reinforce,0.0,2,144,85.11733914215762,50,0.008913040161132812,1.9748258590698242,,,73.07270050048828,73.07270050048828,,,42.19693374633789,42.19693374633789,
reinforce,0.0,2,145,80.93122382500735,48,0.008393049240112305,1.9834039211273193,,,97.44660186767578,97.44660186767578,,,40.70576095581055,40.70576095581055,
reinforce,0.0,2,146,99.18818108988093,56,0.009641885757446289,1.993208885192871,,,99.5040054321289,99.5040054321289,,,48.43343734741211,48.43343734741211,
reinforce,0.0,2,147,95.05970741741312,54,0.009555816650390625,2.002903699874878,,,96.14954376220703,96.14954376220703,,,46.73204040527344,46.73204040527344,
reinforce,0.0,2,148,106.4601875841888,59,0.010040760040283203,2.013101816177368,,,121.16248321533203,121.16248321533203,,,51.69038772583008,51.69038772583008,
reinforce,0.0,2,149,105.74061294738212,61,0.010976076126098633,2.0242528915405273,,,102.06080627441406,102.06080627441406,,,50.13912582397461,50.13912582397461,
reinforce,0.0,2,150,94.4487294330475,53,0.009289979934692383,2.0337088108062744,,,105.94007110595703,105.94007110595703,,,46.4076042175293,46.4076042175293,
reinforce,0.0,2,151,104.61054724650658,59,0.010386943817138672,2.044236898422241,,,101.11272430419922,101.11272430419922,,,50.091094970703125,50.091094970703125,
reinforce,0.0,2,152,111.07090801515648,61,0.010541200637817383,2.0549440383911133,,,105.96540069580078,105.96540069580078,,,53.33012771606445,53.33012771606445,
reinforce,0.0,2,153,121.49517414997449,64,0.011044025421142578,2.0661778450012207,,,131.49853515625,131.49853515625,,,57.95703125,57.95703125,
reinforce,0.0,2,154,116.28000735693796,62,0.010231971740722656,2.076565980911255,,,115.03919219970703,115.03919219970703,,,55.944332122802734,55.944332122802734,
reinforce,0.0,2,155,136.89487125088766,82,0.01359415054321289,2.090296745300293,,,127.791015625,127.791015625,,,58.28536605834961,58.28536605834961,
reinforce,0.0,2,156,144.46318075174085,74,0.012174844741821289,2.1026697158813477,,,135.18911743164062,135.18911743164062,,,66.03569793701172,66.03569793701172,
reinforce,0.0,2,157,122.46008985201296,68,0.01116180419921875,2.113996744155884,,,123.76197814941406,123.76197814941406,,,55.85271072387695,55.85271072387695,
reinforce,0.0,2,158,178.6326980516663,100,0.016164064407348633,2.1302919387817383,,,161.34368896484375,161.34368896484375,,,70.96326446533203,70.96326446533203,
reinforce,0.0,2,159,121.30105590336518,65,0.011067867279052734,2.1414778232574463,,,122.12771606445312,122.12771606445312,,,57.30309295654297,57.30309295654297,
reinforce,0.0,2,160,165.41593130393363,93,0.015251874923706055,2.156859874725342,167.2891148949231,0.7677005867876526,131.23963928222656,131.23963928222656,,,67.28258514404297,67.28258514404297,
reinforce,0.0,2,161,117.06094330964734,65,0.010771989822387695,2.2074289321899414,,,129.24278259277344,129.24278259277344,,,54.56635284423828,54.56635284423828,
reinforce,0.0,2,162,129.22274034443905,69,0.011357307434082031,2.2189230918884277,,,127.60285186767578,127.60285186767578,,,59.55949783325195,59.55949783325195,
reinforce,0.0,2,163,182.7199159248862,105,0.01712489128112793,2.2361669540405273,,,186.35226440429688,186.35226440429688,,,72.77174377441406,72.77174377441406,
reinforce,0.0,2,164,123.65116081780107,69,0.011218070983886719,2.2475860118865967,,,110.15450286865234,110.15450286865234,,,56.485103607177734,56.485103607177734,
reinforce,0.0,2,165,187.42948809446887,106,0.017236948013305664,2.264946937561035,,,144.91989135742188,144.91989135742188,,,72.92242431640625,72.92242431640625,
reinforce,0.0,2,166,148.86647094675936,77,0.012548208236694336,2.2776410579681396,,,168.32872009277344,168.32872009277344,,,66.78772735595703,66.78772735595703,
reinforce,0.0,2,167,177.27229084362344,97,0.01605701446533203,2.2938249111175537,,,144.98599243164062,144.98599243164062,,,71.88184356689453,71.88184356689453,
reinforce,0.0,2,168,145.41243812303028,76,0.012717008590698242,2.3066728115081787,,,129.06393432617188,129.06393432617188,,,65.23450469970703,65.23450469970703,
reinforce,0.0,2,169,138.5694001022098,75,0.012221097946166992,2.3190159797668457,,,140.0965576171875,140.0965576171875,,,61.76891326904297,61.76891326904297,
reinforce,0.0,2,170,176.3941089717323,94,0.01515960693359375,2.3343067169189453,,,156.2661590576172,156.2661590576172,,,72.7595443725586,72.7595443725586,
reinforce,0.0,2,171,121.49288881061082,65,0.010637998580932617,2.3450827598571777,,,132.49534606933594,132.49534606933594,,,57.24224853515625,57.24224853515625,
reinforce,0.0,2,172,148.2822796580021,79,0.012907981872558594,2.3580989837646484,,,132.78880310058594,132.78880310058594,,,65.34933471679688,65.34933471679688,
reinforce,0.0,2,173,179.34512594362508,98,0.01585698127746582,2.3740859031677246,,,162.02264404296875,162.02264404296875,,,72.10863494873047,72.10863494873047,
reinforce,0.0,2,174,138.1975754942797,70,0.011455059051513672,2.3856618404388428,,,142.58038330078125,142.58038330078125,,,64.86906433105469,64.86906433105469,
reinforce,0.0,2,175,157.3933067536372,80,0.013026952743530273,2.39877986907959,,,135.71633911132812,135.71633911132812,,,70.00706481933594,70.00706481933594,
reinforce,0.0,2,176,131.06288017746894,68,0.011235952377319336,2.4101688861846924,,,128.9342498779297,128.9342498779297,,,61.6513671875,61.6513671875,
reinforce,0.0,2,177,173.07346671674577,89,0.014474153518676758,2.424802780151367,,,164.03724670410156,164.03724670410156,,,73.53633880615234,73.53633880615234,
reinforce,0.0,2,178,160.40364885777257,80,0.013036966323852539,2.4379849433898926,,,143.8666229248047,143.8666229248047,,,71.83683013916016,71.83683013916016,
reinforce,0.0,2,179,144.55695621718948,72,0.011754035949707031,2.449863910675049,,,134.2919921875,134.2919921875,,,67.50725555419922,67.50725555419922,
reinforce,0.0,2,180,174.49463008664264,88,0.014313220977783203,2.4642999172210693,158.7017391347003,0.634398707510482,169.38125610351562,169.38125610351562,,,74.76225280761719,74.76225280761719,
reinforce,0.0,2,181,148.32056150423503,80,0.012987852096557617,2.5104057788848877,,,126.4437484741211,126.4437484741211,,,64.73241424560547,64.73241424560547,
reinforce,0.0,2,182,182.01062193314206,85,0.013777971267700195,2.5242838859558105,,,177.8180389404297,177.8180389404297,,,81.41226196289062,81.41226196289062,
reinforce,0.0,2,183,167.04696629832537,81,0.013456106185913086,2.5378429889678955,,,156.35252380371094,156.35252380371094,,,75.09364318847656,75.09364318847656,
reinforce,0.0,2,184,131.05204231259813,67,0.011173248291015625,2.5491180419921875,,,135.7235870361328,135.7235870361328,,,61.91073226928711,61.91073226928711,
reinforce,0.0,2,185,166.12616885280963,82,0.013574838638305664,2.562821865081787,,,171.19248962402344,171.19248962402344,,,74.11243438720703,74.11243438720703,
reinforce,0.0,2,186,170.8913793035589,84,0.013811349868774414,2.576780080795288,,,193.84866333007812,193.84866333007812,,,76.837158203125,76.837158203125,
reinforce,0.0,2,187,173.33892411787565,87,0.014266014099121094,2.5911779403686523,,,167.4154052734375,167.4154052734375,,,74.99931335449219,74.99931335449219,
reinforce,0.0,2,188,160.88711818156918,80,0.013947725296020508,2.6052417755126953,,,149.06361389160156,149.06361389160156,,,71.99515533447266,71.99515533447266,
reinforce,0.0,2,189,142.45695950462712,70,0.012109041213989258,2.6174867153167725,,,159.82078552246094,159.82078552246094,,,67.33444213867188,67.33444213867188,
reinforce,0.0,2,190,196.18154507200265,91,0.015529870986938477,2.633204936981201,,,181.05503845214844,181.05503845214844,,,85.26429748535156,85.26429748535156,
reinforce,0.0,2,191,180.1488587183595,86,0.014852285385131836,2.648221015930176,,,193.75335693359375,193.75335693359375,,,79.70580291748047,79.70580291748047,
reinforce,0.0,2,192,199.04569884114068,94,0.015925884246826172,2.664303779602051,,,186.56060791015625,186.56060791015625,,,85.2936782836914,85.2936782836914,
reinforce,0.0,2,193,170.93494449203416,82,0.014132261276245117,2.6785831451416016,,,155.91929626464844,155.91929626464844,,,76.69619750976562,76.69619750976562,
reinforce,0.0,2,194,213.037577423678,99,0.01657867431640625,2.6953327655792236,,,185.32333374023438,185.32333374023438,,,89.1688003540039,89.1688003540039,
reinforce,0.0,2,195,235.74214370352695,110,0.01846909523010254,2.7139699459075928,,,197.2397003173828,197.2397003173828,,,94.76524353027344,94.76524353027344,
reinforce,0.0,2,196,169.9193537144608,81,0.014076948165893555,2.728217840194702,,,173.52264404296875,173.52264404296875,,,76.64141082763672,76.64141082763672,
reinforce,0.0,2,197,230.2299489962609,103,0.017568111419677734,2.745943069458008,,,189.86093139648438,189.86093139648438,,,95.59310150146484,95.59310150146484,
reinforce,0.0,2,198,209.17470365614795,92,0.015542745590209961,2.7616567611694336,,,217.1024169921875,217.1024169921875,,,91.90306854248047,91.90306854248047,
reinforce,0.0,2,199,227.42463777552146,103,0.017732858657836914,2.77956485748291,,,206.5374755859375,206.5374755859375,,,94.4631118774414,94.4631118774414,
reinforce,0.0,2,200,229.0665019768654,105,0.017810821533203125,2.7975428104400635,231.37812548489632,1.241698898516453,204.2765655517578,204.2765655517578,,,94.41712951660156,94.41712951660156,
reinforce,0.0,2,201,234.6228924885132,106,0.018019914627075195,2.8611698150634766,,,203.1186981201172,203.1186981201172,,,96.5627212524414,96.5627212524414,
reinforce,0.0,2,202,225.18387350040044,102,0.017302989959716797,2.8786239624023438,,,180.109375,180.109375,,,93.95980072021484,93.95980072021484,
reinforce,0.0,2,203,221.10357516273913,97,0.016733884811401367,2.8955299854278564,,,204.5934295654297,204.5934295654297,,,95.1306381225586,95.1306381225586,
reinforce,0.0,2,204,228.2150713676886,103,0.017480134963989258,2.9132070541381836,,,195.94375610351562,195.94375610351562,,,95.4460678100586,95.4460678100586,
reinforce,0.0,2,205,216.82251538693677,96,0.01645183563232422,2.9298157691955566,,,195.17372131347656,195.17372131347656,,,93.62435913085938,93.62435913085938,
reinforce,0.0,2,206,218.95458252604976,99,0.017145156860351562,2.9470999240875244,,,198.8759002685547,198.8759002685547,,,92.68365478515625,92.68365478515625,
reinforce,0.0,2,207,214.97798083300987,95,0.016182661056518555,2.963470935821533,,,199.49359130859375,199.49359130859375,,,93.44146728515625,93.44146728515625,
reinforce,0.0,2,208,208.15099192952582,93,0.015466928482055664,2.9790918827056885,,,198.19903564453125,198.19903564453125,,,90.95066833496094,90.95066833496094,
reinforce,0.0,2,209,215.84262742289408,95,0.016103029251098633,2.995405912399292,,,185.97512817382812,185.97512817382812,,,93.33230590820312,93.33230590820312,
reinforce,0.0,2,210,210.1334098682557,94,0.01595020294189453,3.011514902114868,,,188.12957763671875,188.12957763671875,,,91.19816589355469,91.19816589355469,
reinforce,0.0,2,211,211.79754061116014,94,0.016006946563720703,3.027693748474121,,,190.94512939453125,190.94512939453125,,,92.03096008300781,92.03096008300781,
reinforce,0.0,2,212,108.2835936450802,59,0.010331869125366211,3.0382468700408936,,,119.40139770507812,119.40139770507812,,,52.30205535888672,52.30205535888672,
reinforce,0.0,2,213,128.5704122639663,66,0.025819778442382812,3.064210891723633,,,128.7958526611328,128.7958526611328,,,61.37260818481445,61.37260818481445,
reinforce,0.0,2,214,94.71581433067152,54,0.01476287841796875,3.079134941101074,,,82.52124786376953,82.52124786376953,,,46.20890808105469,46.20890808105469,
reinforce,0.0,2,215,211.64681007075342,94,0.018851041793823242,3.098322868347168,,,188.87159729003906,188.87159729003906,,,91.4376220703125,91.4376220703125,
reinforce,0.0,2,216,42.77131491069909,30,0.005236148834228516,3.1037189960479736,,,60.83700942993164,60.83700942993164,,,22.597064971923828,22.597064971923828,
reinforce,0.0,2,217,97.8767640204742,55,0.009566783905029297,3.113438844680786,,,97.2836685180664,97.2836685180664,,,47.1847038269043,47.1847038269043,
reinforce,0.0,2,218,99.9428531122768,56,0.009547948837280273,3.1231448650360107,,,108.01334381103516,108.01334381103516,,,48.12160110473633,48.12160110473633,
reinforce,0.0,2,219,220.3734270724339,96,0.01677727699279785,3.1400649547576904,,,198.5952911376953,198.5952911376953,,,95.32331085205078,95.32331085205078,
reinforce,0.0,2,220,179.98040100976746,84,0.014494895935058594,3.154728889465332,210.4057144188842,0.9784511457952435,216.0582275390625,216.0582275390625,,,80.79472351074219,80.79472351074219,
reinforce,0.0,2,221,45.706830158837896,31,0.005750894546508789,3.2007827758789062,,,41.060489654541016,41.060489654541016,,,24.114761352539062,24.114761352539062,
reinforce,0.0,2,222,41.38087597431048,29,0.0052759647369384766,3.2061948776245117,,,42.47017288208008,42.47017288208008,,,21.77586555480957,21.77586555480957,
reinforce,0.0,2,223,29.560331660710798,23,0.004463911056518555,3.21079683303833,,,39.267887115478516,39.267887115478516,,,15.95093822479248,15.95093822479248,
reinforce,0.0,2,224,82.14387829981987,49,0.008296966552734375,3.219214916229248,,,69.06900024414062,69.06900024414062,,,39.917076110839844,39.917076110839844,
reinforce,0.0,2,225,71.50586365774922,44,0.00792384147644043,3.227268934249878,,,70.01483917236328,70.01483917236328,,,35.078487396240234,35.078487396240234,
reinforce,0.0,2,226,24.63840383669285,20,0.003919124603271484,3.2313590049743652,,,34.59475326538086,34.59475326538086,,,13.331609725952148,13.331609725952148,
reinforce,0.0,2,227,205.39766687747326,91,0.015522003173828125,3.2469849586486816,,,190.2889404296875,190.2889404296875,,,89.8167953491211,89.8167953491211,
reinforce,0.0,2,228,37.3155839079928,27,0.0047228336334228516,3.251842737197876,,,48.472042083740234,48.472042083740234,,,19.85603141784668,19.85603141784668,
reinforce,0.0,2,229,63.756932638620086,40,0.006995201110839844,3.25907301902771,,,74.70621490478516,74.70621490478516,,,31.792444229125977,31.792444229125977,
reinforce,0.0,2,230,29.287899341355047,22,0.0038509368896484375,3.263042688369751,,,36.79942321777344,36.79942321777344,,,15.737183570861816,15.737183570861816,
reinforce,0.0,2,231,37.18191449875928,26,0.0047228336334228516,3.2678709030151367,,,45.41408157348633,45.41408157348633,,,20.043222427368164,20.043222427368164,
reinforce,0.0,2,232,43.96323581826707,29,0.005118131637573242,3.27311110496521,,,56.35600662231445,56.35600662231445,,,23.277441024780273,23.277441024780273,
reinforce,0.0,2,233,24.898664550383156,19,0.003515958786010742,3.276721954345703,,,33.1407470703125,33.1407470703125,,,13.74927043914795,13.74927043914795,
reinforce,0.0,2,234,196.91130491702964,87,0.014879941940307617,3.29172682762146,,,191.32237243652344,191.32237243652344,,,87.92833709716797,87.92833709716797,
reinforce,0.0,2,235,37.69634101768146,26,0.0048329830169677734,3.2967288494110107,,,38.974212646484375,38.974212646484375,,,20.197202682495117,20.197202682495117,
reinforce,0.0,2,236,193.05729884535873,86,0.014921903610229492,3.311809778213501,,,195.04156494140625,195.04156494140625,,,86.38618469238281,86.38618469238281,
reinforce,0.0,2,237,202.8274320051548,90,0.015168190002441406,3.327152967453003,,,204.37799072265625,204.37799072265625,,,89.29830932617188,89.29830932617188,
reinforce,0.0,2,238,193.39800165001085,86,0.014557838439941406,3.341860771179199,,,185.4538116455078,185.4538116455078,,,86.2291030883789,86.2291030883789,
reinforce,0.0,2,239,195.26153071358797,87,0.014503717422485352,3.35650897026062,,,183.20797729492188,183.20797729492188,,,86.7667007446289,86.7667007446289,
reinforce,0.0,2,240,27.88071687838074,20,0.0037069320678710938,3.3603768348693848,194.80812041418548,1.9036089915628773,34.72935485839844,34.72935485839844,,,15.587081909179688,15.587081909179688,
reinforce,0.0,2,241,26.406084383655692,19,0.0034818649291992188,3.4014437198638916,,,30.698017120361328,30.698017120361328,,,14.636390686035156,14.636390686035156,
reinforce,0.0,2,242,20.699175682577295,16,0.0031299591064453125,3.4046928882598877,,,20.97084617614746,20.97084617614746,,,11.788445472717285,11.788445472717285,
reinforce,0.0,2,243,191.7792393887362,86,0.01461482048034668,3.419426918029785,,,191.19808959960938,191.19808959960938,,,85.28031158447266,85.28031158447266,
reinforce,0.0,2,244,187.570873994302,84,0.01466226577758789,3.4342610836029053,,,175.52243041992188,175.52243041992188,,,84.13287353515625,84.13287353515625,
reinforce,0.0,2,245,57.58370770668227,35,0.0061740875244140625,3.4405996799468994,,,60.965736389160156,60.965736389160156,,,29.169946670532227,29.169946670532227,
reinforce,0.0,2,246,32.4569731171865,22,0.003887176513671875,3.444662094116211,,,34.304561614990234,34.304561614990234,,,17.724159240722656,17.724159240722656,
reinforce,0.0,2,247,30.623520252269362,21,0.0037550926208496094,3.4485340118408203,,,35.07121276855469,35.07121276855469,,,16.80502700805664,16.80502700805664,
reinforce,0.0,2,248,26.939935413260265,19,0.0035228729248046875,3.452159881591797,,,31.675870895385742,31.675870895385742,,,14.982983589172363,14.982983589172363,
reinforce,0.0,2,249,17.445649942135965,14,0.002582073211669922,3.454869031906128,,,31.057010650634766,31.057010650634766,,,9.981725692749023,9.981725692749023,
reinforce,0.0,2,250,69.83024911336138,41,0.007138967514038086,3.462103843688965,,,64.03060913085938,64.03060913085938,,,34.33829116821289,34.33829116821289,
reinforce,0.0,2,251,27.12299339848419,19,0.003520965576171875,3.4657490253448486,,,31.47270393371582,31.47270393371582,,,15.298492431640625,15.298492431640625,
reinforce,0.0,2,252,191.36366087602443,86,0.014536857604980469,3.4804370403289795,,,182.96218872070312,182.96218872070312,,,84.93651580810547,84.93651580810547,
reinforce,0.0,2,253,185.57411553416762,84,0.014153003692626953,3.494743824005127,,,175.02883911132812,175.02883911132812,,,83.02679443359375,83.02679443359375,
reinforce,0.0,2,254,27.10603509272563,19,0.003507852554321289,3.4984419345855713,,,28.2305965423584,28.2305965423584,,,15.213430404663086,15.213430404663086,
reinforce,0.0,2,255,22.884202004742846,17,0.0032050609588623047,3.50177001953125,,,25.840267181396484,25.840267181396484,,,12.889966011047363,12.889966011047363,
reinforce,0.0,2,256,31.724186576519603,21,0.003664255142211914,3.505547046661377,,,45.48098373413086,45.48098373413086,,,17.55217933654785,17.55217933654785,
reinforce,0.0,2,257,195.5618297949107,87,0.014694929122924805,3.520318031311035,,,188.0462646484375,188.0462646484375,,,86.81414794921875,86.81414794921875,
reinforce,0.0,2,258,24.997528726734657,18,0.003815889358520508,3.524279832839966,,,31.08803939819336,31.08803939819336,,,14.171204566955566,14.171204566955566,
reinforce,0.0,2,259,187.8709593625311,84,0.014297962188720703,3.5386829376220703,,,172.322998046875,172.322998046875,,,84.14361572265625,84.14361572265625,
reinforce,0.0,2,260,22.86486614317339,17,0.0032088756561279297,3.5420479774475098,186.35151512593697,1.1147742820529647,26.855146408081055,26.855146408081055,,,12.996500968933105,12.996500968933105,
reinforce,0.0,2,261,182.51921683013137,85,0.014354228973388672,3.593142032623291,,,163.91702270507812,163.91702270507812,,,80.05174255371094,80.05174255371094,
reinforce,0.0,2,262,38.37158140028902,25,0.004541873931884766,3.5978407859802246,,,44.145050048828125,44.145050048828125,,,20.65835952758789,20.65835952758789,
reinforce,0.0,2,263,191.99909555668535,86,0.01467275619506836,3.6126646995544434,,,170.05300903320312,170.05300903320312,,,85.37621307373047,85.37621307373047,
reinforce,0.0,2,264,189.1738167159842,84,0.014679193496704102,3.627500057220459,,,203.42604064941406,203.42604064941406,,,85.10379791259766,85.10379791259766,
reinforce,0.0,2,265,186.2365689147487,83,0.014207124710083008,3.6418569087982178,,,189.09478759765625,189.09478759765625,,,83.74402618408203,83.74402618408203,
reinforce,0.0,2,266,188.7921348838792,84,0.014316082000732422,3.6563379764556885,,,175.69021606445312,175.69021606445312,,,84.66334533691406,84.66334533691406,
reinforce,0.0,2,267,195.34040219607814,86,0.014541149139404297,3.6710448265075684,,,178.24278259277344,178.24278259277344,,,87.2244644165039,87.2244644165039,
reinforce,0.0,2,268,190.9182090185698,85,0.014464855194091797,3.6856768131256104,,,172.49578857421875,172.49578857421875,,,85.32728576660156,85.32728576660156,
reinforce,0.0,2,269,171.8541353510302,79,0.013479948043823242,3.6993298530578613,,,172.24537658691406,172.24537658691406,,,78.17840576171875,78.17840576171875,
reinforce,0.0,2,270,145.28910376698025,71,0.01189279556274414,3.71136474609375,,,135.91464233398438,135.91464233398438,,,66.34559631347656,66.34559631347656,
reinforce,0.0,2,271,159.35734204095928,75,0.012984752655029297,3.7244417667388916,,,137.73666381835938,137.73666381835938,,,72.97915649414062,72.97915649414062,
reinforce,0.0,2,272,149.71595035257116,72,0.012373924255371094,3.736959934234619,,,147.6147918701172,147.6147918701172,,,68.86322784423828,68.86322784423828,
reinforce,0.0,2,273,146.4402316843051,71,0.012237787246704102,3.749358892440796,,,133.25579833984375,133.25579833984375,,,67.03282165527344,67.03282165527344,
reinforce,0.0,2,274,122.02819764698592,62,0.010647058486938477,3.760162115097046,,,128.21234130859375,128.21234130859375,,,57.45877456665039,57.45877456665039,
reinforce,0.0,2,275,110.11537148610479,59,0.009993314743041992,3.7703161239624023,,,105.00164031982422,105.00164031982422,,,50.64521789550781,50.64521789550781,
reinforce,0.0,2,276,128.70929703489497,65,0.011222600936889648,3.781698703765869,,,112.53099822998047,112.53099822998047,,,60.12310791015625,60.12310791015625,
reinforce,0.0,2,277,124.17760031594504,63,0.011107206344604492,3.7929799556732178,,,130.2078094482422,130.2078094482422,,,57.920982360839844,57.920982360839844,
reinforce,0.0,2,278,87.11041841777538,49,0.008198022842407227,3.801335096359253,,,101.27174377441406,101.27174377441406,,,40.5019645690918,40.5019645690918,
reinforce,0.0,2,279,71.53418092318911,40,0.00704193115234375,3.808539867401123,,,81.255859375,81.255859375,,,35.43004608154297,35.43004608154297,
reinforce,0.0,2,280,90.9140330264266,51,0.008825063705444336,3.8175528049468994,69.14501034270582,2.6750397662633754,76.21123504638672,76.21123504638672,,,42.045772552490234,42.045772552490234,
reinforce,0.0,2,281,70.46406893741246,41,0.0068743228912353516,3.8426880836486816,,,79.1108169555664,79.1108169555664,,,34.096893310546875,34.096893310546875,
reinforce,0.0,2,282,61.01895556066356,35,0.006199836730957031,3.849015712738037,,,56.8450813293457,56.8450813293457,,,30.78101921081543,30.78101921081543,
reinforce,0.0,2,283,54.94006950649625,32,0.00581812858581543,3.855041027069092,,,69.13296508789062,69.13296508789062,,,28.084720611572266,28.084720611572266,
reinforce,0.0,2,284,62.58645560340151,36,0.006098031997680664,3.8613059520721436,,,60.70071029663086,60.70071029663086,,,31.00521469116211,31.00521469116211,
reinforce,0.0,2,285,62.53415990369491,36,0.006159067153930664,3.867666006088257,,,63.81849670410156,63.81849670410156,,,31.235158920288086,31.235158920288086,
reinforce,0.0,2,286,62.57213707169846,36,0.006181240081787109,3.87398099899292,,,55.811336517333984,55.811336517333984,,,30.934499740600586,30.934499740600586,
reinforce,0.0,2,287,66.64195408566482,38,0.006575822830200195,3.8806989192962646,,,71.2720718383789,71.2720718383789,,,32.4631233215332,32.4631233215332,
reinforce,0.0,2,288,54.17734361396206,31,0.005418062210083008,3.886276960372925,,,50.71028137207031,50.71028137207031,,,28.051511764526367,28.051511764526367,
reinforce,0.0,2,289,55.083963928418214,32,0.005515098571777344,3.8919339179992676,,,63.259822845458984,63.259822845458984,,,27.990371704101562,27.990371704101562,
reinforce,0.0,2,290,65.2117795465502,37,0.0064258575439453125,3.8985328674316406,,,68.66039276123047,68.66039276123047,,,32.628089904785156,32.628089904785156,
reinforce,0.0,2,291,61.03820573507455,35,0.006138801574707031,3.904805898666382,,,61.32805633544922,61.32805633544922,,,30.474002838134766,30.474002838134766,
reinforce,0.0,2,292,51.11821990731,29,0.00493311882019043,3.9098968505859375,,,55.372802734375,55.372802734375,,,26.7177791595459,26.7177791595459,
reinforce,0.0,2,293,53.037793860162594,31,0.005524158477783203,3.9155640602111816,,,51.67726135253906,51.67726135253906,,,27.55347442626953,27.55347442626953,
reinforce,0.0,2,294,58.0300113269814,34,0.005957841873168945,3.9216909408569336,,,64.74398040771484,64.74398040771484,,,29.175519943237305,29.175519943237305,
reinforce,0.0,2,295,55.957680085158806,32,0.005533933639526367,3.927377939224243,,,63.478912353515625,63.478912353515625,,,28.64893341064453,28.64893341064453,
reinforce,0.0,2,296,62.0986962963123,36,0.00614619255065918,3.9336719512939453,,,57.05790328979492,57.05790328979492,,,30.755245208740234,30.755245208740234,
reinforce,0.0,2,297,58.66610738399082,34,0.005977153778076172,3.9398279190063477,,,58.41014099121094,58.41014099121094,,,29.959304809570312,29.959304809570312,
reinforce,0.0,2,298,60.967220741741635,35,0.006133079528808594,3.946183919906616,,,60.37461471557617,60.37461471557617,,,30.83241844177246,30.83241844177246,
reinforce,0.0,2,299,60.02212327439291,35,0.006092071533203125,3.9523987770080566,,,59.31473159790039,59.31473159790039,,,30.202720642089844,30.202720642089844,
reinforce,0.0,2,300,55.49369979003867,32,0.005324840545654297,3.9578568935394287,58.25178651022122,2.4393346540774745,47.28566360473633,47.28566360473633,,,28.28459930419922,28.28459930419922,
reinforce,0.0,2,301,58.43903776580053,34,0.005828142166137695,3.9797770977020264,,,63.594947814941406,63.594947814941406,,,29.34531593322754,29.34531593322754,
reinforce,0.0,2,302,59.273368480112744,35,0.00627899169921875,3.9862427711486816,,,60.49448776245117,60.49448776245117,,,30.02166175842285,30.02166175842285,
reinforce,0.0,2,303,62.535607028652855,36,0.006231069564819336,3.9927539825439453,,,72.0624008178711,72.0624008178711,,,31.29119110107422,31.29119110107422,
reinforce,0.0,2,304,62.711149956548184,37,0.0066699981689453125,3.9995388984680176,,,77.1836166381836,77.1836166381836,,,31.31669044494629,31.31669044494629,
reinforce,0.0,2,305,58.096510385901546,34,0.006034135818481445,4.005718946456909,,,77.68099212646484,77.68099212646484,,,29.48645782470703,29.48645782470703,
reinforce,0.0,2,306,59.58358146631065,35,0.006234884262084961,4.012101888656616,,,57.442779541015625,57.442779541015625,,,30.228591918945312,30.228591918945312,
reinforce,0.0,2,307,55.38815415695168,33,0.005903005599975586,4.018198013305664,,,58.67497253417969,58.67497253417969,,,27.958911895751953,27.958911895751953,
reinforce,0.0,2,308,62.662802442071204,37,0.006498813629150391,4.024866819381714,,,61.39109420776367,61.39109420776367,,,30.95184898376465,30.95184898376465,
reinforce,0.0,2,309,62.69580362190126,37,0.006247997283935547,4.031219005584717,,,71.7403793334961,71.7403793334961,,,31.466506958007812,31.466506958007812,
reinforce,0.0,2,310,53.12782754473229,32,0.005650997161865234,4.037009000778198,,,57.09661102294922,57.09661102294922,,,27.785018920898438,27.785018920898438,
reinforce,0.0,2,311,67.8209498365162,40,0.006907939910888672,4.0440568923950195,,,71.89642333984375,71.89642333984375,,,33.33064270019531,33.33064270019531,
reinforce,0.0,2,312,59.60893709102183,36,0.006151914596557617,4.050343990325928,,,66.562255859375,66.562255859375,,,30.04085922241211,30.04085922241211,
reinforce,0.0,2,313,54.45043598347684,33,0.006056308746337891,4.056523084640503,,,64.37796783447266,64.37796783447266,,,28.834938049316406,28.834938049316406,
reinforce,0.0,2,314,59.9869503746541,36,0.00620579719543457,4.062860727310181,,,64.99319458007812,64.99319458007812,,,30.66971206665039,30.66971206665039,
reinforce,0.0,2,315,83.4271471832511,48,0.008248090744018555,4.0713279247283936,,,77.6230239868164,77.6230239868164,,,39.943904876708984,39.943904876708984,
reinforce,0.0,2,316,57.52895604565629,35,0.006075859069824219,4.077534914016724,,,63.85551071166992,63.85551071166992,,,29.274497985839844,29.274497985839844,
reinforce,0.0,2,317,53.95926929511722,33,0.005724906921386719,4.083388805389404,,,57.02702713012695,57.02702713012695,,,28.32907485961914,28.32907485961914,
reinforce,0.0,2,318,57.40020807225156,35,0.0061931610107421875,4.08972692489624,,,59.80057144165039,59.80057144165039,,,29.21664810180664,29.21664810180664,
reinforce,0.0,2,319,55.41934646312257,34,0.006135702133178711,4.096014738082886,,,67.39694213867188,67.39694213867188,,,28.7416934967041,28.7416934967041,
reinforce,0.0,2,320,59.08525979336841,36,0.00648808479309082,4.102634906768799,58.40698198599599,0.9019313592374605,70.58917999267578,70.58917999267578,,,30.373992919921875,30.373992919921875,
reinforce,0.0,2,321,53.99968305844647,33,0.005702018737792969,4.124906063079834,,,54.273887634277344,54.273887634277344,,,28.304338455200195,28.304338455200195,
reinforce,0.0,2,322,55.59680701354601,34,0.005896806716918945,4.1310060024261475,,,62.51686096191406,62.51686096191406,,,28.81497573852539,28.81497573852539,
reinforce,0.0,2,323,57.580790394336326,35,0.006248950958251953,4.137397050857544,,,60.405635833740234,60.405635833740234,,,29.714120864868164,29.714120864868164,
reinforce,0.0,2,324,60.44968704228976,37,0.0067408084869384766,4.144307851791382,,,68.74128723144531,68.74128723144531,,,31.270797729492188,31.270797729492188,
reinforce,0.0,2,325,57.28962300574304,35,0.006394863128662109,4.150851726531982,,,67.78758239746094,67.78758239746094,,,29.38213539123535,29.38213539123535,
reinforce,0.0,2,326,54.02321769961082,33,0.005685091018676758,4.156682014465332,,,53.945533752441406,53.945533752441406,,,28.261760711669922,28.261760711669922,
reinforce,0.0,2,327,64.71499259718976,39,0.007088184356689453,4.163965940475464,,,64.36270141601562,64.36270141601562,,,32.10317611694336,32.10317611694336,
reinforce,0.0,2,328,57.28257341027698,35,0.006188869476318359,4.170296907424927,,,74.92268371582031,74.92268371582031,,,29.521059036254883,29.521059036254883,
reinforce,0.0,2,329,55.76350093330273,34,0.0059359073638916016,4.176379919052124,,,69.884033203125,69.884033203125,,,29.07363510131836,29.07363510131836,
reinforce,0.0,2,330,54.09864974417421,33,0.00568389892578125,4.182189702987671,,,62.910037994384766,62.910037994384766,,,28.048723220825195,28.048723220825195,
reinforce,0.0,2,331,54.11869897866889,33,0.005970954895019531,4.188402891159058,,,59.99827194213867,59.99827194213867,,,28.249752044677734,28.249752044677734,
reinforce,0.0,2,332,56.30342104776118,34,0.005763053894042969,4.194300889968872,,,53.979461669921875,53.979461669921875,,,28.95677947998047,28.95677947998047,
reinforce,0.0,2,333,57.66890526758207,35,0.00616765022277832,4.20064377784729,,,66.19708251953125,66.19708251953125,,,30.09496307373047,30.09496307373047,
reinforce,0.0,2,334,53.90476960008301,33,0.00593113899230957,4.206686973571777,,,56.412200927734375,56.412200927734375,,,27.866655349731445,27.866655349731445,
reinforce,0.0,2,335,55.57353084838676,34,0.005836963653564453,4.212661981582642,,,62.41114044189453,62.41114044189453,,,28.657180786132812,28.657180786132812,
reinforce,0.0,2,336,55.72642944993605,34,0.005737781524658203,4.218540668487549,,,50.1515007019043,50.1515007019043,,,28.35064125061035,28.35064125061035,
reinforce,0.0,2,337,52.54747482458909,32,0.005552053451538086,4.224225044250488,,,51.96742630004883,51.96742630004883,,,27.21556854248047,27.21556854248047,
reinforce,0.0,2,338,54.32813940714905,33,0.00577998161315918,4.230169773101807,,,53.297576904296875,53.297576904296875,,,28.160663604736328,28.160663604736328,
reinforce,0.0,2,339,53.865429548804364,33,0.005594015121459961,4.235889911651611,,,53.99312973022461,53.99312973022461,,,28.09906005859375,28.09906005859375,
reinforce,0.0,2,340,52.656529864005684,32,0.00565791130065918,4.241666793823242,54.46236570265919,0.597113015666555,57.856788635253906,57.856788635253906,,,27.201263427734375,27.201263427734375,
reinforce,0.0,2,341,54.16597884350098,33,0.005742073059082031,4.262999057769775,,,57.665008544921875,57.665008544921875,,,27.912349700927734,27.912349700927734,
reinforce,0.0,2,342,56.10357863056619,34,0.006298065185546875,4.269398927688599,,,71.51812744140625,71.51812744140625,,,28.932172775268555,28.932172775268555,
reinforce,0.0,2,343,55.719695180227376,34,0.006009101867675781,4.275580883026123,,,65.00653839111328,65.00653839111328,,,28.627685546875,28.627685546875,
reinforce,0.0,2,344,52.45820750041682,32,0.005803108215332031,4.28153395652771,,,58.205135345458984,58.205135345458984,,,27.69884490966797,27.69884490966797,
reinforce,0.0,2,345,55.787448960973066,34,0.005968809127807617,4.287640810012817,,,61.413429260253906,61.413429260253906,,,28.66779327392578,28.66779327392578,
reinforce,0.0,2,346,57.352644947107414,35,0.005990266799926758,4.293749094009399,,,62.878326416015625,62.878326416015625,,,29.219018936157227,29.219018936157227,
reinforce,0.0,2,347,55.812629063075434,34,0.006192922592163086,4.300040006637573,,,51.4951286315918,51.4951286315918,,,28.599424362182617,28.599424362182617,
reinforce,0.0,2,348,54.01211769708169,33,0.0057790279388427734,4.3059539794921875,,,49.796470642089844,49.796470642089844,,,27.866058349609375,27.866058349609375,
reinforce,0.0,2,349,57.32781202086202,35,0.006008148193359375,4.312201023101807,,,59.35100555419922,59.35100555419922,,,29.62851905822754,29.62851905822754,
reinforce,0.0,2,350,57.50025192400823,35,0.00634002685546875,4.318676948547363,,,75.23448944091797,75.23448944091797,,,29.424766540527344,29.424766540527344,
reinforce,0.0,2,351,57.059540663856644,35,0.0062139034271240234,4.3250367641448975,,,49.12922668457031,49.12922668457031,,,29.246360778808594,29.246360778808594,
reinforce,0.0,2,352,57.41347951932568,35,0.006262063980102539,4.331468105316162,,,58.39824676513672,58.39824676513672,,,29.747220993041992,29.747220993041992,
reinforce,0.0,2,353,55.618186615860765,34,0.006147146224975586,4.337738037109375,,,69.42667388916016,69.42667388916016,,,28.707551956176758,28.707551956176758,
reinforce,0.0,2,354,58.75734655650923,36,0.0064389705657958984,4.344342947006226,,,63.77988052368164,63.77988052368164,,,30.15980339050293,30.15980339050293,
reinforce,0.0,2,355,55.871952646346884,34,0.005970001220703125,4.350416898727417,,,54.4185791015625,54.4185791015625,,,29.00660514831543,29.00660514831543,
reinforce,0.0,2,356,60.73540998915857,37,0.0063631534576416016,4.356971979141235,,,64.03532409667969,64.03532409667969,,,30.800804138183594,30.800804138183594,
reinforce,0.0,2,357,60.7162038888109,37,0.006418943405151367,4.363502740859985,,,60.630126953125,60.630126953125,,,31.028034210205078,31.028034210205078,
reinforce,0.0,2,358,57.18308219565967,35,0.006271839141845703,4.369893789291382,,,63.03350830078125,63.03350830078125,,,29.424510955810547,29.424510955810547,
reinforce,0.0,2,359,58.998684990331355,36,0.006249904632568359,4.376260757446289,,,48.427406311035156,48.427406311035156,,,30.33577537536621,30.33577537536621,
reinforce,0.0,2,360,59.20709544514112,36,0.006390094757080078,4.3828418254852295,59.02996054917927,0.8252189248749715,64.63995361328125,64.63995361328125,,,30.43211555480957,30.43211555480957,
reinforce,0.0,2,361,60.62852758685221,37,0.006751060485839844,4.406517028808594,,,55.00395202636719,55.00395202636719,,,30.9102840423584,30.9102840423584,
reinforce,0.0,2,362,60.58535404951969,37,0.00662684440612793,4.413273811340332,,,63.26374435424805,63.26374435424805,,,31.100017547607422,31.100017547607422,
reinforce,0.0,2,363,58.64103448953472,36,0.0061681270599365234,4.419549942016602,,,63.70643615722656,63.70643615722656,,,30.151275634765625,30.151275634765625,
reinforce,0.0,2,364,58.781484909366036,36,0.006264925003051758,4.4259679317474365,,,79.28028869628906,79.28028869628906,,,30.48747444152832,30.48747444152832,
reinforce,0.0,2,365,59.05138066903135,36,0.006145000457763672,4.432206869125366,,,60.79395294189453,60.79395294189453,,,30.44222640991211,30.44222640991211,
reinforce,0.0,2,366,60.47373808806263,37,0.006532907485961914,4.438844919204712,,,60.336952209472656,60.336952209472656,,,30.93648338317871,30.93648338317871,
reinforce,0.0,2,367,58.40474368132225,36,0.006314992904663086,4.445288896560669,,,67.07086944580078,67.07086944580078,,,30.09891128540039,30.09891128540039,
reinforce,0.0,2,368,56.95073916220008,35,0.005977153778076172,4.451369047164917,,,66.00872039794922,66.00872039794922,,,29.354248046875,29.354248046875,
reinforce,0.0,2,369,62.4076998184965,38,0.00666499137878418,4.458142042160034,,,57.897769927978516,57.897769927978516,,,31.990066528320312,31.990066528320312,
reinforce,0.0,2,370,62.3760068195423,38,0.007167816162109375,4.4654457569122314,,,65.94467163085938,65.94467163085938,,,31.858556747436523,31.858556747436523,
reinforce,0.0,2,371,62.193868201240846,38,0.00669097900390625,4.4722819328308105,,,64.40298461914062,64.40298461914062,,,31.651071548461914,31.651071548461914,
reinforce,0.0,2,372,60.33042875929454,37,0.006360769271850586,4.478756904602051,,,69.01041412353516,69.01041412353516,,,30.99913215637207,30.99913215637207,
reinforce,0.0,2,373,62.33547857717174,38,0.006772041320800781,4.485638856887817,,,66.2662353515625,66.2662353515625,,,31.97820472717285,31.97820472717285,
reinforce,0.0,2,374,61.87871219883111,38,0.0067331790924072266,4.4925079345703125,,,53.8619270324707,53.8619270324707,,,31.802587509155273,31.802587509155273,
reinforce,0.0,2,375,63.66872560802243,39,0.006916999816894531,4.499553918838501,,,62.828426361083984,62.828426361083984,,,32.21470642089844,32.21470642089844,
reinforce,0.0,2,376,61.658506801278,38,0.006567955017089844,4.5062689781188965,,,69.56549835205078,69.56549835205078,,,31.489700317382812,31.489700317382812,
reinforce,0.0,2,377,63.5705093875181,39,0.006866931915283203,4.513269901275635,,,83.8250732421875,83.8250732421875,,,32.53603744506836,32.53603744506836,
reinforce,0.0,2,378,63.49386271660591,39,0.006878852844238281,4.520282983779907,,,66.94772338867188,66.94772338867188,,,32.468257904052734,32.468257904052734,
reinforce,0.0,2,379,63.98836571852683,39,0.007005929946899414,4.527429819107056,,,72.80103302001953,72.80103302001953,,,32.59358596801758,32.59358596801758,
reinforce,0.0,2,380,61.858742694516536,38,0.006895780563354492,4.534498691558838,62.571587888990265,1.8800728305565675,61.81187057495117,61.81187057495117,,,31.4625186920166,31.4625186920166,
reinforce,0.0,2,381,63.315490716443115,39,0.007074832916259766,4.559564828872681,,,73.47051239013672,73.47051239013672,,,32.40462112426758,32.40462112426758,
reinforce,0.0,2,382,60.59976903820844,37,0.006638765335083008,4.566466808319092,,,55.14522933959961,55.14522933959961,,,31.039194107055664,31.039194107055664,
reinforce,0.0,2,383,61.762362064304256,38,0.006852865219116211,4.573431730270386,,,69.21710205078125,69.21710205078125,,,31.52692222595215,31.52692222595215,
reinforce,0.0,2,384,62.097573631521854,38,0.00666499137878418,4.580216884613037,,,53.5208854675293,53.5208854675293,,,31.534217834472656,31.534217834472656,
reinforce,0.0,2,385,60.32627984405265,37,0.006545066833496094,4.58686089515686,,,65.92842864990234,65.92842864990234,,,31.02921485900879,31.02921485900879,
reinforce,0.0,2,386,60.46764391819854,37,0.0065860748291015625,4.593542814254761,,,55.18656921386719,55.18656921386719,,,31.059715270996094,31.059715270996094,
reinforce,0.0,2,387,60.49676278404414,37,0.006558895111083984,4.600193738937378,,,59.447174072265625,59.447174072265625,,,30.99898338317871,30.99898338317871,
reinforce,0.0,2,388,55.515526065408324,34,0.00634002685546875,4.606675863265991,,,51.43301010131836,51.43301010131836,,,28.834300994873047,28.834300994873047,
reinforce,0.0,2,389,58.373525708698914,36,0.0065228939056396484,4.613304853439331,,,63.18008041381836,63.18008041381836,,,30.305419921875,30.305419921875,
reinforce,0.0,2,390,60.74215815628946,37,0.0064792633056640625,4.619883060455322,,,74.7191162109375,74.7191162109375,,,31.2786808013916,31.2786808013916,
reinforce,0.0,2,391,55.37143299127813,34,0.006106138229370117,4.626132965087891,,,56.35749435424805,56.35749435424805,,,28.68088722229004,28.68088722229004,
reinforce,0.0,2,392,54.07490070999322,33,0.005836009979248047,4.632107973098755,,,57.719669342041016,57.719669342041016,,,28.051292419433594,28.051292419433594,
reinforce,0.0,2,393,55.51570475142762,34,0.006101846694946289,4.638337850570679,,,63.62059020996094,63.62059020996094,,,28.79474639892578,28.79474639892578,
reinforce,0.0,2,394,55.399691341056325,34,0.0061130523681640625,4.6446638107299805,,,55.92374801635742,55.92374801635742,,,28.854175567626953,28.854175567626953,
reinforce,0.0,2,395,55.690394877271146,34,0.005983114242553711,4.6508119106292725,,,58.367496490478516,58.367496490478516,,,28.81852912902832,28.81852912902832,
reinforce,0.0,2,396,55.83812598840032,34,0.0061550140380859375,4.657096862792969,,,70.37666320800781,70.37666320800781,,,29.192426681518555,29.192426681518555,
reinforce,0.0,2,397,52.66327915768311,32,0.00557708740234375,4.662829875946045,,,54.265689849853516,54.265689849853516,,,27.63204002380371,27.63204002380371,
reinforce,0.0,2,398,54.36466032386689,33,0.0057528018951416016,4.668716669082642,,,59.701690673828125,59.701690673828125,,,28.22620964050293,28.22620964050293,
reinforce,0.0,2,399,55.85202745304777,34,0.0059070587158203125,4.674731969833374,,,63.58922576904297,63.58922576904297,,,29.05171012878418,29.05171012878418,
reinforce,0.0,2,400,52.62262592788132,32,0.005447864532470703,4.680327892303467,55.11712959657389,0.8032726426446299,55.22615051269531,55.22615051269531,,,27.315519332885742,27.315519332885742,
reinforce,0.0,2,401,54.034988872251645,33,0.005803108215332031,4.702284097671509,,,61.89845657348633,61.89845657348633,,,28.110729217529297,28.110729217529297,
reinforce,0.0,2,402,53.94977206309597,33,0.005639791488647461,4.708103895187378,,,60.879669189453125,60.879669189453125,,,28.24434471130371,28.24434471130371,
reinforce,0.0,2,403,52.68846463715154,32,0.005708932876586914,4.713939905166626,,,53.3425407409668,53.3425407409668,,,27.288681030273438,27.288681030273438,
reinforce,0.0,2,404,53.97869632703152,33,0.005997896194458008,4.720076084136963,,,68.15426635742188,68.15426635742188,,,28.221744537353516,28.221744537353516,
reinforce,0.0,2,405,50.87037204829497,31,0.005448818206787109,4.725649833679199,,,56.88459396362305,56.88459396362305,,,26.87659454345703,26.87659454345703,
reinforce,0.0,2,406,54.132391334326336,33,0.005674600601196289,4.731468677520752,,,57.961849212646484,57.961849212646484,,,27.910423278808594,27.910423278808594,
reinforce,0.0,2,407,52.48945274342148,32,0.005568981170654297,4.737191915512085,,,59.7547721862793,59.7547721862793,,,27.098018646240234,27.098018646240234,
reinforce,0.0,2,408,54.228291480416964,33,0.00591588020324707,4.743218898773193,,,56.32685470581055,56.32685470581055,,,28.258573532104492,28.258573532104492,
reinforce,0.0,2,409,49.598909832910515,30,0.005167245864868164,4.748507976531982,,,59.130958557128906,59.130958557128906,,,26.277379989624023,26.277379989624023,
reinforce,0.0,2,410,55.8870709003511,34,0.0061798095703125,4.754828691482544,,,57.554996490478516,57.554996490478516,,,28.921072006225586,28.921072006225586,
reinforce,0.0,2,411,49.48575534865896,30,0.005321979522705078,4.760291814804077,,,51.4410400390625,51.4410400390625,,,25.92955780029297,25.92955780029297,
reinforce,0.0,2,412,54.24111074147007,33,0.00595402717590332,4.766377925872803,,,53.99088668823242,53.99088668823242,,,28.370738983154297,28.370738983154297,
reinforce,0.0,2,413,49.66506249096894,30,0.005265235900878906,4.771775007247925,,,51.321292877197266,51.321292877197266,,,25.853513717651367,25.853513717651367,
reinforce,0.0,2,414,52.37565347244367,32,0.005521059036254883,4.777422904968262,,,58.22553634643555,58.22553634643555,,,27.036739349365234,27.036739349365234,
reinforce,0.0,2,415,49.51899648857411,30,0.005560874938964844,4.783105850219727,,,54.11087417602539,54.11087417602539,,,25.709388732910156,25.709388732910156,
reinforce,0.0,2,416,52.722593775973884,32,0.005646228790283203,4.788907051086426,,,47.31098937988281,47.31098937988281,,,27.118383407592773,27.118383407592773,
reinforce,0.0,2,417,49.3559253378296,30,0.0051877498626708984,4.794222831726074,,,53.831119537353516,53.831119537353516,,,25.984989166259766,25.984989166259766,
reinforce,0.0,2,418,47.93418483757036,29,0.005023956298828125,4.799372673034668,,,55.155357360839844,55.155357360839844,,,25.405012130737305,25.405012130737305,
reinforce,0.0,2,419,49.74770640869597,30,0.005256175994873047,4.804735898971558,,,39.61224365234375,39.61224365234375,,,25.99034309387207,25.99034309387207,
reinforce,0.0,2,420,47.848253807356166,29,0.005187034606933594,4.810065984725952,48.690263788811805,0.7624410238867431,59.84394454956055,59.84394454956055,,,25.193809509277344,25.193809509277344,
reinforce,0.0,2,421,51.15510136192589,31,0.005349159240722656,4.829239130020142,,,56.04924392700195,56.04924392700195,,,26.586627960205078,26.586627960205078,
reinforce,0.0,2,422,48.17307772153512,29,0.005099773406982422,4.8344666957855225,,,49.35337829589844,49.35337829589844,,,25.624027252197266,25.624027252197266,
reinforce,0.0,2,423,51.14074123314964,31,0.005295991897583008,4.839910984039307,,,47.854366302490234,47.854366302490234,,,26.43271827697754,26.43271827697754,
reinforce,0.0,2,424,48.36849119186621,29,0.00534510612487793,4.84538197517395,,,50.37141799926758,50.37141799926758,,,25.676021575927734,25.676021575927734,
reinforce,0.0,2,425,51.48069375350797,31,0.00542902946472168,4.850975036621094,,,61.939735412597656,61.939735412597656,,,27.072818756103516,27.072818756103516,
reinforce,0.0,2,426,49.42770425420578,30,0.0053102970123291016,4.856449127197266,,,56.0631217956543,56.0631217956543,,,25.797815322875977,25.797815322875977,
reinforce,0.0,2,427,49.62521390698276,30,0.005379915237426758,4.861956834793091,,,64.4269027709961,64.4269027709961,,,26.194313049316406,26.194313049316406,
reinforce,0.0,2,428,52.881342466399005,32,0.005485057830810547,4.8675620555877686,,,75.71637725830078,75.71637725830078,,,27.422595977783203,27.422595977783203,
reinforce,0.0,2,429,52.75377360936778,32,0.0056781768798828125,4.873366117477417,,,59.38037872314453,59.38037872314453,,,27.88254737854004,27.88254737854004,
reinforce,0.0,2,430,51.50080292203367,31,0.005464076995849609,4.878987073898315,,,47.655799865722656,47.655799865722656,,,26.9444580078125,26.9444580078125,
reinforce,0.0,2,431,52.80267991518061,32,0.005570173263549805,4.884690999984741,,,58.52804946899414,58.52804946899414,,,27.55506134033203,27.55506134033203,
reinforce,0.0,2,432,52.62547840421752,32,0.005606174468994141,4.890493869781494,,,68.58721923828125,68.58721923828125,,,27.41476058959961,27.41476058959961,
reinforce,0.0,2,433,50.72632739643819,31,0.0054090023040771484,4.8960347175598145,,,44.678836822509766,44.678836822509766,,,26.703243255615234,26.703243255615234,
reinforce,0.0,2,434,53.03530990694596,32,0.005638837814331055,4.901904821395874,,,50.59363555908203,50.59363555908203,,,27.76647186279297,27.76647186279297,
reinforce,0.0,2,435,51.08759448260536,31,0.0057451725006103516,4.907764911651611,,,46.03584671020508,46.03584671020508,,,26.83421516418457,26.83421516418457,
reinforce,0.0,2,436,50.767932595235564,31,0.005410194396972656,4.913311004638672,,,47.007625579833984,47.007625579833984,,,26.81584358215332,26.81584358215332,
reinforce,0.0,2,437,51.14712519165909,31,0.005613088607788086,4.919080018997192,,,59.93844985961914,59.93844985961914,,,26.79106330871582,26.79106330871582,
reinforce,0.0,2,438,51.015466439575896,31,0.00545191764831543,4.924655914306641,,,57.70572280883789,57.70572280883789,,,26.383541107177734,26.383541107177734,
reinforce,0.0,2,439,54.03453676748311,33,0.00568079948425293,4.930489778518677,,,69.9526596069336,69.9526596069336,,,28.209224700927734,28.209224700927734,
reinforce,0.0,2,440,52.97089318909312,32,0.005781888961791992,4.936385869979858,52.402654086699684,0.8392144616255828,52.6073112487793,52.6073112487793,,,27.483196258544922,27.483196258544922,
reinforce,0.0,2,441,51.20933760542393,31,0.005403757095336914,4.9571967124938965,,,62.50035858154297,62.50035858154297,,,26.64236068725586,26.64236068725586,
reinforce,0.0,2,442,54.242335128532126,33,0.006173849105834961,4.96355676651001,,,59.055320739746094,59.055320739746094,,,28.22163963317871,28.22163963317871,
reinforce,0.0,2,443,54.01446677899075,33,0.005717039108276367,4.969432830810547,,,53.730525970458984,53.730525970458984,,,27.86336326599121,27.86336326599121,
reinforce,0.0,2,444,51.05209852986087,31,0.005661964416503906,4.975230932235718,,,60.899444580078125,60.899444580078125,,,27.03882598876953,27.03882598876953,
reinforce,0.0,2,445,52.412789099554075,32,0.005460023880004883,4.9808478355407715,,,54.6993408203125,54.6993408203125,,,27.48433494567871,27.48433494567871,
reinforce,0.0,2,446,50.94112913432564,31,0.005485057830810547,4.986482858657837,,,48.9281120300293,48.9281120300293,,,26.611377716064453,26.611377716064453,
reinforce,0.0,2,447,52.8214889406617,32,0.005494117736816406,4.992111921310425,,,44.81134796142578,44.81134796142578,,,27.410003662109375,27.410003662109375,
reinforce,0.0,2,448,54.26938093275718,33,0.005854129791259766,4.9981019496917725,,,66.58531188964844,66.58531188964844,,,28.26251220703125,28.26251220703125,
reinforce,0.0,2,449,52.681353721485344,32,0.005645036697387695,5.003911972045898,,,46.64958953857422,46.64958953857422,,,27.444664001464844,27.444664001464844,
reinforce,0.0,2,450,52.47646661937785,32,0.005673885345458984,5.009721755981445,,,58.85598373413086,58.85598373413086,,,27.491819381713867,27.491819381713867,
reinforce,0.0,2,451,54.387918898848476,33,0.005697011947631836,5.0155298709869385,,,53.41969680786133,53.41969680786133,,,28.375959396362305,28.375959396362305,
reinforce,0.0,2,452,55.7589690249838,34,0.0060808658599853516,5.021729946136475,,,58.46769714355469,58.46769714355469,,,28.712377548217773,28.712377548217773,
reinforce,0.0,2,453,55.90120077671371,34,0.005977630615234375,5.0278449058532715,,,62.61426544189453,62.61426544189453,,,28.976898193359375,28.976898193359375,
reinforce,0.0,2,454,52.55644943005796,32,0.005494832992553711,5.033564805984497,,,48.929588317871094,48.929588317871094,,,27.434579849243164,27.434579849243164,
reinforce,0.0,2,455,57.469854565316766,35,0.006118059158325195,5.039819002151489,,,70.64942932128906,70.64942932128906,,,30.011844635009766,30.011844635009766,
reinforce,0.0,2,456,55.8866667867779,34,0.005877017974853516,5.045830965042114,,,59.300315856933594,59.300315856933594,,,29.245763778686523,29.245763778686523,
reinforce,0.0,2,457,57.735511368306796,35,0.006353855133056641,5.0523388385772705,,,65.58695220947266,65.58695220947266,,,29.91383171081543,29.91383171081543,
reinforce,0.0,2,458,57.35855649463522,35,0.0061931610107421875,5.05867600440979,,,59.273284912109375,59.273284912109375,,,29.613643646240234,29.613643646240234,
reinforce,0.0,2,459,55.84681620610101,34,0.005973100662231445,5.064833879470825,,,61.16796112060547,61.16796112060547,,,29.019113540649414,29.019113540649414,
reinforce,0.0,2,460,58.69696283835845,36,0.00628972053527832,5.071255683898926,58.30109649865589,0.9241422435511577,55.60916519165039,55.60916519165039,,,30.519264221191406,30.519264221191406,
reinforce,0.0,2,461,57.59912036973058,35,0.00608515739440918,5.0941009521484375,,,69.54005432128906,69.54005432128906,,,29.7548828125,29.7548828125,
reinforce,0.0,2,462,60.65653934892272,37,0.0068662166595458984,5.101089954376221,,,60.5748405456543,60.5748405456543,,,31.23943328857422,31.23943328857422,
reinforce,0.0,2,463,58.78290419729237,36,0.006114959716796875,5.107326030731201,,,62.95083999633789,62.95083999633789,,,30.26936149597168,30.26936149597168,
reinforce,0.0,2,464,60.73267873678691,37,0.006437063217163086,5.113921880722046,,,63.103660583496094,63.103660583496094,,,31.18952178955078,31.18952178955078,
reinforce,0.0,2,465,57.15853862661117,35,0.0059740543365478516,5.1200110912323,,,65.14054870605469,65.14054870605469,,,29.641427993774414,29.641427993774414,
reinforce,0.0,2,466,58.45622737717193,36,0.006168842315673828,5.1263508796691895,,,60.57374572753906,60.57374572753906,,,30.21632957458496,30.21632957458496,
reinforce,0.0,2,467,60.631751236405584,37,0.006412982940673828,5.132891893386841,,,76.38489532470703,76.38489532470703,,,31.192079544067383,31.192079544067383,
reinforce,0.0,2,468,59.13568076228314,36,0.006348133087158203,5.139400005340576,,,59.64046096801758,59.64046096801758,,,30.589223861694336,30.589223861694336,
reinforce,0.0,2,469,60.258196332445834,37,0.00666499137878418,5.14621376991272,,,59.46803665161133,59.46803665161133,,,31.073938369750977,31.073938369750977,
reinforce,0.0,2,470,57.0724613199442,35,0.005967140197753906,5.152318954467773,,,68.4082260131836,68.4082260131836,,,29.65581703186035,29.65581703186035,
reinforce,0.0,2,471,57.427154565828545,35,0.00616002082824707,5.158615827560425,,,71.10514831542969,71.10514831542969,,,29.948566436767578,29.948566436767578,
reinforce,0.0,2,472,62.24073057217316,38,0.0066111087799072266,5.165376901626587,,,65.38630676269531,65.38630676269531,,,31.868839263916016,31.868839263916016,
reinforce,0.0,2,473,58.95598924737101,36,0.006506919860839844,5.17200493812561,,,73.22743225097656,73.22743225097656,,,30.446035385131836,30.446035385131836,
reinforce,0.0,2,474,58.517302521979026,36,0.006400108337402344,5.178563833236694,,,66.1976547241211,66.1976547241211,,,30.11640739440918,30.11640739440918,
reinforce,0.0,2,475,60.36742383966238,37,0.0065691471099853516,5.185272932052612,,,55.64358901977539,55.64358901977539,,,31.01216697692871,31.01216697692871,
reinforce,0.0,2,476,57.017779627548535,35,0.006413936614990234,5.191867828369141,,,73.47636413574219,73.47636413574219,,,29.52781105041504,29.52781105041504,
reinforce,0.0,2,477,58.982722972897335,36,0.006120920181274414,5.198129892349243,,,61.83424377441406,61.83424377441406,,,30.41301727294922,30.41301727294922,
reinforce,0.0,2,478,60.44732581343192,37,0.006757974624633789,5.205020904541016,,,57.7390022277832,57.7390022277832,,,31.094600677490234,31.094600677490234,
reinforce,0.0,2,479,59.167071239409374,36,0.006392717361450195,5.211533784866333,,,61.88210678100586,61.88210678100586,,,30.3876953125,30.3876953125,
reinforce,0.0,2,480,60.69513817720655,37,0.006405830383300781,5.218050718307495,60.20948559470823,0.9562522487861732,65.8655014038086,65.8655014038086,,,31.29512596130371,31.29512596130371,
reinforce,0.0,2,481,60.35562479022581,37,0.006621837615966797,5.2416908740997314,,,64.93000030517578,64.93000030517578,,,30.990379333496094,30.990379333496094,
reinforce,0.0,2,482,60.30380700335259,37,0.0066680908203125,5.248476982116699,,,72.7452392578125,72.7452392578125,,,31.07074737548828,31.07074737548828,
reinforce,0.0,2,483,56.77608651076529,35,0.0063762664794921875,5.254956007003784,,,71.95154571533203,71.95154571533203,,,29.516305923461914,29.516305923461914,
reinforce,0.0,2,484,58.62338148615977,36,0.006475925445556641,5.261591911315918,,,71.46875762939453,71.46875762939453,,,30.39114761352539,30.39114761352539,
reinforce,0.0,2,485,58.642756444285006,36,0.0066339969635009766,5.268344879150391,,,66.38157653808594,66.38157653808594,,,30.19744873046875,30.19744873046875,
reinforce,0.0,2,486,60.54765537326968,37,0.006649017333984375,5.275153875350952,,,62.35831832885742,62.35831832885742,,,31.111377716064453,31.111377716064453,
reinforce,0.0,2,487,57.05994824712765,35,0.006116151809692383,5.281429052352905,,,73.68798065185547,73.68798065185547,,,29.457094192504883,29.457094192504883,
reinforce,0.0,2,488,58.90720275480433,36,0.006548404693603516,5.2881081104278564,,,57.36141586303711,57.36141586303711,,,30.237627029418945,30.237627029418945,
reinforce,0.0,2,489,57.502809993544325,35,0.005989789962768555,5.294213771820068,,,57.517066955566406,57.517066955566406,,,29.699222564697266,29.699222564697266,
reinforce,0.0,2,490,58.67306967098557,36,0.006199836730957031,5.300546884536743,,,72.11834716796875,72.11834716796875,,,30.329376220703125,30.329376220703125,
reinforce,0.0,2,491,59.248748580554036,36,0.00621485710144043,5.306865930557251,,,57.26619338989258,57.26619338989258,,,30.47684097290039,30.47684097290039,
reinforce,0.0,2,492,55.50937861224302,34,0.0062830448150634766,5.313302993774414,,,63.41450881958008,63.41450881958008,,,28.829715728759766,28.829715728759766,
reinforce,0.0,2,493,60.63862451191291,37,0.0066149234771728516,5.320131778717041,,,63.75954818725586,63.75954818725586,,,31.221965789794922,31.221965789794922,
reinforce,0.0,2,494,57.00829182616569,35,0.006087064743041992,5.326350927352905,,,67.28661346435547,67.28661346435547,,,29.510211944580078,29.510211944580078,
reinforce,0.0,2,495,57.118289316062594,35,0.006396055221557617,5.332919120788574,,,58.891197204589844,58.891197204589844,,,29.56748390197754,29.56748390197754,
reinforce,0.0,2,496,57.13607147605873,35,0.00625920295715332,5.3393189907073975,,,50.847957611083984,50.847957611083984,,,29.378599166870117,29.378599166870117,
reinforce,0.0,2,497,57.38243584841039,35,0.006337165832519531,5.345792055130005,,,62.35133361816406,62.35133361816406,,,29.769845962524414,29.769845962524414,
reinforce,0.0,2,498,58.54332167343596,36,0.006575822830200195,5.352613925933838,,,51.88456726074219,51.88456726074219,,,30.26447296142578,30.26447296142578,
reinforce,0.0,2,499,60.89674587438674,37,0.006596088409423828,5.35934591293335,,,59.504573822021484,59.504573822021484,,,31.208654403686523,31.208654403686523,
reinforce,0.0,2,500,58.989674690758214,36,0.00655817985534668,5.366070032119751,58.561157603018124,0.6566849992235043,61.66769790649414,61.66769790649414,,,30.362592697143555,30.362592697143555,
reinforce,0.0,2,501,57.06875401550448,35,0.006137847900390625,5.389019966125488,,,53.75465774536133,53.75465774536133,,,29.55271339416504,29.55271339416504,
reinforce,0.0,2,502,59.12544235954699,36,0.006417036056518555,5.395606994628906,,,75.14784240722656,75.14784240722656,,,30.538068771362305,30.538068771362305,
reinforce,0.0,2,503,57.42430097234993,35,0.006523847579956055,5.4022767543792725,,,50.301082611083984,50.301082611083984,,,29.641572952270508,29.641572952270508,
reinforce,0.0,2,504,57.11419493198625,35,0.006134986877441406,5.40865683555603,,,57.88945388793945,57.88945388793945,,,29.621187210083008,29.621187210083008,
reinforce,0.0,2,505,58.88328734979917,36,0.006573200225830078,5.416064023971558,,,47.01723098754883,47.01723098754883,,,30.41795539855957,30.41795539855957,
reinforce,0.0,2,506,58.9970630891633,36,0.006164073944091797,5.422375917434692,,,57.21073913574219,57.21073913574219,,,30.37169075012207,30.37169075012207,
reinforce,0.0,2,507,56.8678872847056,35,0.006138801574707031,5.4286580085754395,,,68.75929260253906,68.75929260253906,,,29.543872833251953,29.543872833251953,
reinforce,0.0,2,508,58.88456248351645,36,0.006470203399658203,5.435233116149902,,,60.20913314819336,60.20913314819336,,,30.360721588134766,30.360721588134766,
reinforce,0.0,2,509,57.3504831871099,35,0.006254911422729492,5.441637992858887,,,70.18793487548828,70.18793487548828,,,29.718442916870117,29.718442916870117,
reinforce,0.0,2,510,57.35233955363925,35,0.006306886672973633,5.448101758956909,,,66.7646255493164,66.7646255493164,,,29.676576614379883,29.676576614379883,
reinforce,0.0,2,511,57.094459221011,35,0.006276845932006836,5.4544997215271,,,52.616783142089844,52.616783142089844,,,29.560054779052734,29.560054779052734,
reinforce,0.0,2,512,57.01737529144798,35,0.006453990936279297,5.461087942123413,,,64.4273681640625,64.4273681640625,,,29.553850173950195,29.553850173950195,
reinforce,0.0,2,513,55.55400511856772,34,0.005988121032714844,5.467189073562622,,,60.45515060424805,60.45515060424805,,,28.936641693115234,28.936641693115234,
reinforce,0.0,2,514,58.991665832378956,36,0.0065081119537353516,5.473834037780762,,,73.41256713867188,73.41256713867188,,,30.40418815612793,30.40418815612793,
reinforce,0.0,2,515,59.16694496407332,36,0.0065462589263916016,5.480524063110352,,,65.48505401611328,65.48505401611328,,,30.48967170715332,30.48967170715332,
reinforce,0.0,2,516,58.86815184975849,36,0.006353855133056641,5.487016916275024,,,63.03877639770508,63.03877639770508,,,30.30394744873047,30.30394744873047,
reinforce,0.0,2,517,60.325425239750714,37,0.0067751407623291016,5.493966817855835,,,76.74671936035156,76.74671936035156,,,31.004182815551758,31.004182815551758,
reinforce,0.0,2,518,60.77725120897552,37,0.006628274917602539,5.500745058059692,,,58.128326416015625,58.128326416015625,,,31.156118392944336,31.156118392944336,
reinforce,0.0,2,519,58.594387996754534,36,0.006134033203125,5.507000923156738,,,55.709529876708984,55.709529876708984,,,30.336238861083984,30.336238861083984,
reinforce,0.0,2,520,58.438470683001455,36,0.0063631534576416016,5.513577938079834,60.4510954285596,0.13109068936218196,65.66299438476562,65.66299438476562,,,30.207496643066406,30.207496643066406,
reinforce,0.0,2,521,58.54722822770903,36,0.006309986114501953,5.537441968917847,,,45.79952621459961,45.79952621459961,,,30.16586685180664,30.16586685180664,
reinforce,0.0,2,522,60.45503471726831,37,0.006533145904541016,5.544098138809204,,,62.90261459350586,62.90261459350586,,,31.1251163482666,31.1251163482666,
reinforce,0.0,2,523,60.40145666396113,37,0.006596088409423828,5.550800800323486,,,58.00871658325195,58.00871658325195,,,31.070804595947266,31.070804595947266,
reinforce,0.0,2,524,63.42767988022133,39,0.006976127624511719,5.557943820953369,,,63.581687927246094,63.581687927246094,,,32.46169662475586,32.46169662475586,
reinforce,0.0,2,525,62.06187860116138,38,0.00690007209777832,5.565001964569092,,,72.3457260131836,72.3457260131836,,,31.7462215423584,31.7462215423584,
reinforce,0.0,2,526,63.338270721260365,39,0.007072925567626953,5.572204828262329,,,70.51341247558594,70.51341247558594,,,32.33513259887695,32.33513259887695,
reinforce,0.0,2,527,62.16131384915502,38,0.0068340301513671875,5.57918381690979,,,83.53536987304688,83.53536987304688,,,31.781770706176758,31.781770706176758,
reinforce,0.0,2,528,61.89837412745844,38,0.006749868392944336,5.58606481552124,,,56.18488693237305,56.18488693237305,,,31.590646743774414,31.590646743774414,
reinforce,0.0,2,529,61.67434418478182,38,0.00676274299621582,5.59296178817749,,,70.10137176513672,70.10137176513672,,,31.646427154541016,31.646427154541016,
reinforce,0.0,2,530,63.66595810946878,39,0.0069921016693115234,5.600087881088257,,,78.82088470458984,78.82088470458984,,,32.6103630065918,32.6103630065918,
reinforce,0.0,2,531,65.52043776612975,40,0.0072100162506103516,5.607447862625122,,,81.11567687988281,81.11567687988281,,,33.309173583984375,33.309173583984375,
reinforce,0.0,2,532,61.69869424804784,38,0.006816864013671875,5.61440372467041,,,56.918670654296875,56.918670654296875,,,31.5384464263916,31.5384464263916,
reinforce,0.0,2,533,65.4316432045259,40,0.0071659088134765625,5.621691942214966,,,66.48079681396484,66.48079681396484,,,33.39539337158203,33.39539337158203,
reinforce,0.0,2,534,63.441053491691534,39,0.006928205490112305,5.628747940063477,,,58.21814727783203,58.21814727783203,,,32.478416442871094,32.478416442871094,
reinforce,0.0,2,535,65.51480496179259,40,0.007097005844116211,5.635970830917358,,,65.01883697509766,65.01883697509766,,,33.40555191040039,33.40555191040039,
reinforce,0.0,2,536,62.07537889550377,38,0.006658077239990234,5.642766952514648,,,73.2747573852539,73.2747573852539,,,31.776390075683594,31.776390075683594,
reinforce,0.0,2,537,63.55274204166428,39,0.006874799728393555,5.649775743484497,,,69.99992370605469,69.99992370605469,,,32.62118911743164,32.62118911743164,
reinforce,0.0,2,538,63.17594251470142,39,0.006958723068237305,5.65685772895813,,,83.08334350585938,83.08334350585938,,,32.28173065185547,32.28173065185547,
reinforce,0.0,2,539,63.683026834559776,39,0.006786823272705078,5.663758754730225,,,60.456729888916016,60.456729888916016,,,32.570579528808594,32.570579528808594,
reinforce,0.0,2,540,61.80463850356159,38,0.006911039352416992,5.670796871185303,64.04743094596964,1.353036067077167,69.58001708984375,69.58001708984375,,,31.557289123535156,31.557289123535156,
reinforce,0.0,2,541,65.64875399496702,40,0.007033109664916992,5.695997953414917,,,72.94023132324219,72.94023132324219,,,33.35386276245117,33.35386276245117,
reinforce,0.0,2,542,61.47777590486265,38,0.006666898727416992,5.702796697616577,,,74.384521484375,74.384521484375,,,31.659198760986328,31.659198760986328,
reinforce,0.0,2,543,61.623583809265256,38,0.0067729949951171875,5.7097086906433105,,,67.02848052978516,67.02848052978516,,,31.686702728271484,31.686702728271484,
reinforce,0.0,2,544,62.27383072485534,38,0.006834983825683594,5.716685771942139,,,76.22859191894531,76.22859191894531,,,31.737512588500977,31.737512588500977,
reinforce,0.0,2,545,63.84669269905334,39,0.006882667541503906,5.723705768585205,,,57.17545700073242,57.17545700073242,,,32.48011779785156,32.48011779785156,
reinforce,0.0,2,546,63.721689739218746,39,0.010230064392089844,5.734073877334595,,,65.25857543945312,65.25857543945312,,,32.458106994628906,32.458106994628906,
reinforce,0.0,2,547,60.403928218586785,37,0.011959075927734375,5.746631860733032,,,67.43053436279297,67.43053436279297,,,31.006267547607422,31.006267547607422,
reinforce,0.0,2,548,60.32341833839017,37,0.012208938598632812,5.759066820144653,,,64.23893737792969,64.23893737792969,,,31.078731536865234,31.078731536865234,
reinforce,0.0,2,549,60.21630470363778,37,0.011538982391357422,5.770810842514038,,,61.0120735168457,61.0120735168457,,,30.956737518310547,30.956737518310547,
reinforce,0.0,2,550,61.949896024121045,38,0.006882190704345703,5.777915954589844,,,67.43922424316406,67.43922424316406,,,31.836837768554688,31.836837768554688,
reinforce,0.0,2,551,58.25102428321279,36,0.00614619255065918,5.784219980239868,,,63.72685241699219,63.72685241699219,,,29.972768783569336,29.972768783569336,
reinforce,0.0,2,552,62.22733210778273,38,0.006699085235595703,5.791042804718018,,,65.4675521850586,65.4675521850586,,,31.824254989624023,31.824254989624023,
reinforce,0.0,2,553,60.72952861480743,37,0.006688833236694336,5.797890901565552,,,65.80754089355469,65.80754089355469,,,31.320764541625977,31.320764541625977,
reinforce,0.0,2,554,62.448327163863766,38,0.006759166717529297,5.8047990798950195,,,64.32003021240234,64.32003021240234,,,31.941682815551758,31.941682815551758,
reinforce,0.0,2,555,60.0161724173548,37,0.006834745407104492,5.811793804168701,,,63.66769027709961,63.66769027709961,,,31.042133331298828,31.042133331298828,
reinforce,0.0,2,556,58.94951807791153,36,0.006463050842285156,5.818405866622925,,,63.39838409423828,63.39838409423828,,,30.43358612060547,30.43358612060547,
reinforce,0.0,2,557,62.183398366314464,38,0.006779909133911133,5.825330972671509,,,71.31328582763672,71.31328582763672,,,31.82427978515625,31.82427978515625,
reinforce,0.0,2,558,60.260283282589334,37,0.006485939025878906,5.8319549560546875,,,64.15044403076172,64.15044403076172,,,31.01962661743164,31.01962661743164,
reinforce,0.0,2,559,60.12874277226197,37,0.006678104400634766,5.8387908935546875,,,53.84446716308594,53.84446716308594,,,31.06627082824707,31.06627082824707,
reinforce,0.0,2,560,61.9303046523373,38,0.006721019744873047,5.845666885375977,61.8308598359278,0.8811745199183496,70.9426498413086,70.9426498413086,,,31.761474609375,31.761474609375,
reinforce,0.0,2,561,62.209147247586635,38,0.006577253341674805,5.870004892349243,,,61.710147857666016,61.710147857666016,,,31.802627563476562,31.802627563476562,
reinforce,0.0,2,562,60.683262165987486,37,0.00662994384765625,5.876750946044922,,,53.434776306152344,53.434776306152344,,,31.13392448425293,31.13392448425293,
reinforce,0.0,2,563,67.41812669930407,41,0.0070188045501708984,5.883887767791748,,,72.0997543334961,72.0997543334961,,,34.32056427001953,34.32056427001953,
reinforce,0.0,2,564,61.84784291677582,38,0.006897926330566406,5.890894889831543,,,61.942657470703125,61.942657470703125,,,31.766977310180664,31.766977310180664,
reinforce,0.0,2,565,63.59720104994072,39,0.007218122482299805,5.898267984390259,,,69.00454711914062,69.00454711914062,,,32.490516662597656,32.490516662597656,
reinforce,0.0,2,566,63.92472833824075,39,0.007441997528076172,5.905864953994751,,,73.97782135009766,73.97782135009766,,,32.6882209777832,32.6882209777832,
reinforce,0.0,2,567,63.226628651495105,39,0.0069332122802734375,5.9129109382629395,,,67.42011260986328,67.42011260986328,,,32.365169525146484,32.365169525146484,
reinforce,0.0,2,568,63.45950093207377,39,0.007248878479003906,5.920303821563721,,,73.97637176513672,73.97637176513672,,,32.5423469543457,32.5423469543457,
reinforce,0.0,2,569,67.03448662127947,41,0.007244110107421875,5.927693843841553,,,61.42150115966797,61.42150115966797,,,33.9432258605957,33.9432258605957,
reinforce,0.0,2,570,65.52675855810904,40,0.00700688362121582,5.934870004653931,,,68.35528564453125,68.35528564453125,,,33.315059661865234,33.315059661865234,
reinforce,0.0,2,571,69.46666791707527,42,0.007670164108276367,5.942697048187256,,,65.76271057128906,65.76271057128906,,,35.13924789428711,35.13924789428711,
reinforce,0.0,2,572,63.3435276958443,39,0.007066965103149414,5.949936866760254,,,65.2451400756836,65.2451400756836,,,32.35566711425781,32.35566711425781,
reinforce,0.0,2,573,65.40415004145987,40,0.006991863250732422,5.957072973251343,,,84.22628021240234,84.22628021240234,,,33.10363006591797,33.10363006591797,
reinforce,0.0,2,574,67.02366821684414,41,0.0073490142822265625,5.964586019515991,,,70.45738983154297,70.45738983154297,,,34.052616119384766,34.052616119384766,
reinforce,0.0,2,575,65.0300401754266,40,0.0070040225982666016,5.971742868423462,,,70.00984954833984,70.00984954833984,,,33.19246292114258,33.19246292114258,
reinforce,0.0,2,576,65.07840531913533,40,0.007100343704223633,5.978999137878418,,,68.97389221191406,68.97389221191406,,,33.065223693847656,33.065223693847656,
reinforce,0.0,2,577,64.8571526567367,40,0.007161140441894531,5.986320972442627,,,64.62882995605469,64.62882995605469,,,33.0190315246582,33.0190315246582,
reinforce,0.0,2,578,65.35319918197818,40,0.007258176803588867,5.993729114532471,,,61.183372497558594,61.183372497558594,,,33.30343246459961,33.30343246459961,
reinforce,0.0,2,579,66.96683120402487,41,0.00709080696105957,6.000973701477051,,,64.61280822753906,64.61280822753906,,,34.00725173950195,34.00725173950195,
reinforce,0.0,2,580,68.20089288857253,42,0.007319927215576172,6.008423805236816,67.90909343802227,0.8458659057040622,65.61666107177734,65.61666107177734,,,34.531768798828125,34.531768798828125,
reinforce,0.0,2,581,68.60980786575142,42,0.0075800418853759766,6.0351808071136475,,,88.66158294677734,88.66158294677734,,,34.813018798828125,34.813018798828125,
reinforce,0.0,2,582,66.71029057905513,41,0.007473945617675781,6.042787790298462,,,73.60005950927734,73.60005950927734,,,33.96607208251953,33.96607208251953,
reinforce,0.0,2,583,66.69929024837217,41,0.007467985153198242,6.0503928661346436,,,70.49215698242188,70.49215698242188,,,33.93745040893555,33.93745040893555,
reinforce,0.0,2,584,68.97195757310885,42,0.007424116134643555,6.0579400062561035,,,79.83565521240234,79.83565521240234,,,34.97126770019531,34.97126770019531,
reinforce,0.0,2,585,68.33519164764411,42,0.0074841976165771484,6.065591096878052,,,69.40840148925781,69.40840148925781,,,34.656394958496094,34.656394958496094,
reinforce,0.0,2,586,66.91947457281526,41,0.007222890853881836,6.072948932647705,,,62.354122161865234,62.354122161865234,,,33.92984390258789,33.92984390258789,
reinforce,0.0,2,587,70.7097170632951,43,0.007537364959716797,6.0805981159210205,,,70.77422332763672,70.77422332763672,,,35.892242431640625,35.892242431640625,
reinforce,0.0,2,588,65.12967354906449,40,0.007172822952270508,6.087916851043701,,,59.30918502807617,59.30918502807617,,,33.210235595703125,33.210235595703125,
reinforce,0.0,2,589,64.85001232439576,40,0.0070648193359375,6.095118761062622,,,74.96400451660156,74.96400451660156,,,33.14575958251953,33.14575958251953,
reinforce,0.0,2,590,68.6032224121729,42,0.007539987564086914,6.102797746658325,,,62.200828552246094,62.200828552246094,,,34.81111526489258,34.81111526489258,
reinforce,0.0,2,591,67.42508566929963,41,0.007065773010253906,6.110010862350464,,,63.56577682495117,63.56577682495117,,,34.22378921508789,34.22378921508789,
reinforce,0.0,2,592,66.91015270442873,41,0.0072710514068603516,6.117429971694946,,,68.21697235107422,68.21697235107422,,,33.955230712890625,33.955230712890625,
reinforce,0.0,2,593,68.73162124881536,42,0.007462978363037109,6.1250598430633545,,,77.69091796875,77.69091796875,,,34.829166412353516,34.829166412353516,
reinforce,0.0,2,594,66.64555858870504,41,0.007074832916259766,6.1324098110198975,,,55.12079620361328,55.12079620361328,,,33.8743896484375,33.8743896484375,
reinforce,0.0,2,595,64.97876100439551,40,0.0070078372955322266,6.139631748199463,,,70.53904724121094,70.53904724121094,,,33.214561462402344,33.214561462402344,
reinforce,0.0,2,596,65.28100829646688,40,0.006916046142578125,6.146695852279663,,,78.71907043457031,78.71907043457031,,,33.26122283935547,33.26122283935547,
reinforce,0.0,2,597,66.8241635538862,41,0.0070688724517822266,6.153901815414429,,,67.14374542236328,67.14374542236328,,,33.899967193603516,33.899967193603516,
reinforce,0.0,2,598,64.6603321195899,40,0.006963014602661133,6.160990953445435,,,72.4537353515625,72.4537353515625,,,32.99138259887695,32.99138259887695,
reinforce,0.0,2,599,66.62584380249284,41,0.007101774215698242,6.1682000160217285,,,64.88687133789062,64.88687133789062,,,33.915672302246094,33.915672302246094,
reinforce,0.0,2,600,67.18444127027371,41,0.007451772689819336,6.17578387260437,66.76039649256737,0.7669478095268232,66.15116119384766,66.15116119384766,,,34.135135650634766,34.135135650634766,
reinforce,0.0,2,601,66.65846431597525,41,0.007546901702880859,6.202417850494385,,,69.353515625,69.353515625,,,33.860389709472656,33.860389709472656,
reinforce,0.0,2,602,67.07757522532997,41,0.007073163986206055,6.209619998931885,,,63.610595703125,63.610595703125,,,34.010318756103516,34.010318756103516,
reinforce,0.0,2,603,66.81659698896758,41,0.0072269439697265625,6.216996908187866,,,67.68566131591797,67.68566131591797,,,33.972190856933594,33.972190856933594,
reinforce,0.0,2,604,68.29747099920306,42,0.007439851760864258,6.224569797515869,,,80.492919921875,80.492919921875,,,34.66904830932617,34.66904830932617,
reinforce,0.0,2,605,66.6637454410189,41,0.007547855377197266,6.232282876968384,,,58.58872985839844,58.58872985839844,,,33.88239669799805,33.88239669799805,
reinforce,0.0,2,606,66.90781827968394,41,0.007138729095458984,6.239556789398193,,,66.3830795288086,66.3830795288086,,,34.00791931152344,34.00791931152344,
reinforce,0.0,2,607,66.87378475885222,41,0.007174015045166016,6.246867895126343,,,88.87433624267578,88.87433624267578,,,34.02145004272461,34.02145004272461,
reinforce,0.0,2,608,68.69006502787647,42,0.007477998733520508,6.254474878311157,,,68.50642395019531,68.50642395019531,,,34.832984924316406,34.832984924316406,
reinforce,0.0,2,609,70.5467135410123,43,0.0077631473541259766,6.262393951416016,,,80.35465240478516,80.35465240478516,,,35.67713165283203,35.67713165283203,
reinforce,0.0,2,610,68.45188831568274,42,0.007318019866943359,6.269859790802002,,,77.42278289794922,77.42278289794922,,,34.660987854003906,34.660987854003906,
reinforce,0.0,2,611,68.31092845435137,42,0.007591962814331055,6.277596950531006,,,77.51629638671875,77.51629638671875,,,34.62371063232422,34.62371063232422,
reinforce,0.0,2,612,70.3638051322128,43,0.007651090621948242,6.285413980484009,,,61.69050979614258,61.69050979614258,,,35.54069137573242,35.54069137573242,
reinforce,0.0,2,613,66.78888231121078,41,0.00722503662109375,6.292817831039429,,,62.064430236816406,62.064430236816406,,,33.93273162841797,33.93273162841797,
reinforce,0.0,2,614,68.08439607772094,42,0.007322788238525391,6.300294876098633,,,60.86903762817383,60.86903762817383,,,34.48158645629883,34.48158645629883,
reinforce,0.0,2,615,68.33291580945394,42,0.00730586051940918,6.307731866836548,,,77.15506744384766,77.15506744384766,,,34.72406768798828,34.72406768798828,
reinforce,0.0,2,616,70.3792367232153,43,0.007768154144287109,6.315659046173096,,,71.5611572265625,71.5611572265625,,,35.55581283569336,35.55581283569336,
reinforce,0.0,2,617,66.44830891921724,41,0.007433891296386719,6.323242902755737,,,71.07683563232422,71.07683563232422,,,33.839141845703125,33.839141845703125,
reinforce,0.0,2,618,66.98784165907573,41,0.0075299739837646484,6.330904722213745,,,77.25595092773438,77.25595092773438,,,33.9522590637207,33.9522590637207,
reinforce,0.0,2,619,69.96386803810215,43,0.007544040679931641,6.338589906692505,,,100.07809448242188,100.07809448242188,,,35.36511993408203,35.36511993408203,
reinforce,0.0,2,620,68.95393324792099,42,0.00751185417175293,6.346254825592041,67.23432961475376,0.7155093022610917,77.67059326171875,77.67059326171875,,,34.877559661865234,34.877559661865234,
reinforce,0.0,2,621,68.41502306618904,42,0.007210969924926758,6.372617959976196,,,89.05900573730469,89.05900573730469,,,34.6777458190918,34.6777458190918,
reinforce,0.0,2,622,66.58627867455446,41,0.0072460174560546875,6.379980087280273,,,59.2255973815918,59.2255973815918,,,33.91578674316406,33.91578674316406,
reinforce,0.0,2,623,65.04565092665779,40,0.007124185562133789,6.387255907058716,,,60.594207763671875,60.594207763671875,,,33.1379280090332,33.1379280090332,
reinforce,0.0,2,624,64.76031721053981,40,0.007150888442993164,6.394574880599976,,,69.88054656982422,69.88054656982422,,,33.02667236328125,33.02667236328125,
reinforce,0.0,2,625,68.48071031450255,42,0.00735783576965332,6.402071714401245,,,77.2458267211914,77.2458267211914,,,34.74312973022461,34.74312973022461,
reinforce,0.0,2,626,67.28894493688448,41,0.0073130130767822266,6.4095458984375,,,80.18878173828125,80.18878173828125,,,34.26918411254883,34.26918411254883,
reinforce,0.0,2,627,68.57296700432731,42,0.007729053497314453,6.417434930801392,,,64.38008117675781,64.38008117675781,,,34.70425033569336,34.70425033569336,
reinforce,0.0,2,628,66.41219382104762,41,0.007104635238647461,6.424684762954712,,,67.2666244506836,67.2666244506836,,,33.72808074951172,33.72808074951172,
reinforce,0.0,2,629,66.96852349543744,41,0.007152080535888672,6.431962966918945,,,71.70826721191406,71.70826721191406,,,34.001827239990234,34.001827239990234,
reinforce,0.0,2,630,67.96746750224992,42,0.007402181625366211,6.439486026763916,,,71.0270004272461,71.0270004272461,,,34.56839370727539,34.56839370727539,
reinforce,0.0,2,631,70.83185407570305,43,0.007331132888793945,6.446933031082153,,,74.89195251464844,74.89195251464844,,,35.74589920043945,35.74589920043945,
reinforce,0.0,2,632,72.44961944814686,44,0.0077381134033203125,6.454771995544434,,,81.3287353515625,81.3287353515625,,,36.545066833496094,36.545066833496094,
reinforce,0.0,2,633,68.48391280386895,42,0.0076749324798583984,6.462584733963013,,,58.0528564453125,58.0528564453125,,,34.6873893737793,34.6873893737793,
reinforce,0.0,2,634,68.56736801456478,42,0.007500886917114258,6.470202922821045,,,70.57168579101562,70.57168579101562,,,34.90679931640625,34.90679931640625,
reinforce,0.0,2,635,68.28061832797746,42,0.0074558258056640625,6.4777867794036865,,,67.59185791015625,67.59185791015625,,,34.65277099609375,34.65277099609375,
reinforce,0.0,2,636,68.35194865956103,42,0.0074329376220703125,6.485361814498901,,,78.70096588134766,78.70096588134766,,,34.736412048339844,34.736412048339844,
reinforce,0.0,2,637,66.36679829899703,41,0.007301807403564453,6.492806911468506,,,62.2783088684082,62.2783088684082,,,33.76045608520508,33.76045608520508,
reinforce,0.0,2,638,68.13163236093152,42,0.007230043411254883,6.500155925750732,,,68.07718658447266,68.07718658447266,,,34.67317199707031,34.67317199707031,
reinforce,0.0,2,639,70.09590048381688,43,0.0075876712799072266,6.5078747272491455,,,62.10915756225586,62.10915756225586,,,35.43976974487305,35.43976974487305,
reinforce,0.0,2,640,70.24052395442088,43,0.007544040679931641,6.515548944473267,69.80468770032937,1.3193943978442997,75.54024505615234,75.54024505615234,,,35.551353454589844,35.551353454589844,
reinforce,0.0,2,641,70.25643837426472,43,0.0076291561126708984,6.5427467823028564,,,61.8935546875,61.8935546875,,,35.612667083740234,35.612667083740234,
reinforce,0.0,2,642,70.06632175159169,43,0.007749080657958984,6.550612926483154,,,78.22097778320312,78.22097778320312,,,35.581111907958984,35.581111907958984,
reinforce,0.0,2,643,68.37547415662065,42,0.007351875305175781,6.5580809116363525,,,69.42284393310547,69.42284393310547,,,34.77269744873047,34.77269744873047,
reinforce,0.0,2,644,70.14525891405133,43,0.007764101028442383,6.5659589767456055,,,73.92857360839844,73.92857360839844,,,35.64370346069336,35.64370346069336,
reinforce,0.0,2,645,69.93455883547195,43,0.00769495964050293,6.573784828186035,,,84.95558166503906,84.95558166503906,,,35.48566436767578,35.48566436767578,
reinforce,0.0,2,646,68.03029875430522,42,0.007409095764160156,6.581331014633179,,,60.192405700683594,60.192405700683594,,,34.56443405151367,34.56443405151367,
reinforce,0.0,2,647,72.17437134665005,44,0.007801055908203125,6.5892579555511475,,,68.05937194824219,68.05937194824219,,,36.43550109863281,36.43550109863281,
reinforce,0.0,2,648,67.84636916902335,42,0.007415056228637695,6.59677791595459,,,67.81139373779297,67.81139373779297,,,34.498844146728516,34.498844146728516,
reinforce,0.0,2,649,68.22122836224773,42,0.0075893402099609375,6.604479074478149,,,59.06824493408203,59.06824493408203,,,34.6483268737793,34.6483268737793,
reinforce,0.0,2,650,72.00231688997171,44,0.00785207748413086,6.612485885620117,,,77.29358673095703,77.29358673095703,,,36.374752044677734,36.374752044677734,
reinforce,0.0,2,651,70.66813253500654,43,0.0073740482330322266,6.619999885559082,,,78.59645080566406,78.59645080566406,,,35.7900390625,35.7900390625,
reinforce,0.0,2,652,69.79131464273237,43,0.00748896598815918,6.62760591506958,,,82.99363708496094,82.99363708496094,,,35.454158782958984,35.454158782958984,
reinforce,0.0,2,653,68.37095932538564,42,0.007627964019775391,6.635371923446655,,,67.81146240234375,67.81146240234375,,,34.790855407714844,34.790855407714844,
reinforce,0.0,2,654,68.03551015028263,42,0.00756382942199707,6.643084764480591,,,62.4682731628418,62.4682731628418,,,34.59211349487305,34.59211349487305,
reinforce,0.0,2,655,69.60590504137498,43,0.007563114166259766,6.6507909297943115,,,60.304405212402344,60.304405212402344,,,35.37723159790039,35.37723159790039,
reinforce,0.0,2,656,70.11533635991195,43,0.007752895355224609,6.658681869506836,,,67.73600006103516,67.73600006103516,,,35.548213958740234,35.548213958740234,
reinforce,0.0,2,657,74.9109013436512,45,0.007980823516845703,6.666818857192993,,,80.3448486328125,80.3448486328125,,,37.69731903076172,37.69731903076172,
reinforce,0.0,2,658,70.14309791633434,43,0.007790803909301758,6.674790859222412,,,67.69512176513672,67.69512176513672,,,35.64187240600586,35.64187240600586,
reinforce,0.0,2,659,71.84071317247157,44,0.0075531005859375,6.682487726211548,,,85.20769500732422,85.20769500732422,,,36.392547607421875,36.392547607421875,
reinforce,0.0,2,660,68.2720694387163,42,0.0072917938232421875,6.6899309158325195,69.19599965542382,0.9646123152016235,69.68229675292969,69.68229675292969,,,34.801605224609375,34.801605224609375,
reinforce,0.0,2,661,68.18120021152014,42,0.0072939395904541016,6.716940879821777,,,81.38323974609375,81.38323974609375,,,34.78557205200195,34.78557205200195,
reinforce,0.0,2,662,68.77493978288123,42,0.007429838180541992,6.724493741989136,,,70.87295532226562,70.87295532226562,,,34.89589309692383,34.89589309692383,
reinforce,0.0,2,663,70.65744697095633,43,0.007731437683105469,6.732375860214233,,,66.55247497558594,66.55247497558594,,,35.87077713012695,35.87077713012695,
reinforce,0.0,2,664,68.32305053542825,42,0.007575035095214844,6.740090847015381,,,68.32586669921875,68.32586669921875,,,34.73114776611328,34.73114776611328,
reinforce,0.0,2,665,68.72376751448206,42,0.0076181888580322266,6.747841835021973,,,75.63656616210938,75.63656616210938,,,34.727901458740234,34.727901458740234,
reinforce,0.0,2,666,68.69982804339763,42,0.007534980773925781,6.7555248737335205,,,72.64064025878906,72.64064025878906,,,34.79582977294922,34.79582977294922,
reinforce,0.0,2,667,70.27181825130505,43,0.007437229156494141,6.763106822967529,,,87.62615966796875,87.62615966796875,,,35.64802169799805,35.64802169799805,
reinforce,0.0,2,668,68.4500196671472,42,0.007765054702758789,6.771025896072388,,,72.30294036865234,72.30294036865234,,,34.82561492919922,34.82561492919922,
reinforce,0.0,2,669,68.90545054356045,42,0.007536888122558594,6.778726816177368,,,67.71439361572266,67.71439361572266,,,34.948673248291016,34.948673248291016,
reinforce,0.0,2,670,66.90167251971764,41,0.007153749465942383,6.7860307693481445,,,76.64739990234375,76.64739990234375,,,34.13724136352539,34.13724136352539,
reinforce,0.0,2,671,68.73477831759277,42,0.007516145706176758,6.793694972991943,,,60.79840850830078,60.79840850830078,,,34.89307403564453,34.89307403564453,
reinforce,0.0,2,672,70.70484873005138,43,0.007563114166259766,6.801401853561401,,,59.34469223022461,59.34469223022461,,,35.787227630615234,35.787227630615234,
reinforce,0.0,2,673,66.77160338869027,41,0.007287025451660156,6.8088178634643555,,,80.79068756103516,80.79068756103516,,,34.067955017089844,34.067955017089844,
reinforce,0.0,2,674,67.05730000840852,41,0.007483959197998047,6.816460847854614,,,51.86128234863281,51.86128234863281,,,34.117515563964844,34.117515563964844,
reinforce,0.0,2,675,67.23991313931334,41,0.00728607177734375,6.823879957199097,,,69.83796691894531,69.83796691894531,,,34.348548889160156,34.348548889160156,
reinforce,0.0,2,676,69.21523441526062,42,0.0074727535247802734,6.831514835357666,,,71.3392562866211,71.3392562866211,,,35.14725112915039,35.14725112915039,
reinforce,0.0,2,677,67.55588221892296,41,0.007379055023193359,6.839042901992798,,,74.1190414428711,74.1190414428711,,,34.33035659790039,34.33035659790039,
reinforce,0.0,2,678,64.95633826121114,40,0.007157802581787109,6.846348762512207,,,68.21348571777344,68.21348571777344,,,33.235862731933594,33.235862731933594,
reinforce,0.0,2,679,65.33766895806889,40,0.006992816925048828,6.853485822677612,,,65.50469207763672,65.50469207763672,,,33.40237808227539,33.40237808227539,
reinforce,0.0,2,680,67.07455810254967,41,0.0075225830078125,6.861166715621948,65.7688156622705,0.8533655550741335,69.70236206054688,69.70236206054688,,,34.1131591796875,34.1131591796875,
reinforce,0.0,2,681,67.34251728707576,41,0.007304191589355469,6.88717794418335,,,65.39169311523438,65.39169311523438,,,34.309165954589844,34.309165954589844,
reinforce,0.0,2,682,67.626507889277,41,0.007229804992675781,6.8945348262786865,,,65.74333953857422,65.74333953857422,,,34.306880950927734,34.306880950927734,
reinforce,0.0,2,683,66.97503745671408,41,0.007246971130371094,6.90192985534668,,,76.90740203857422,76.90740203857422,,,34.197383880615234,34.197383880615234,
reinforce,0.0,2,684,65.85972322610205,40,0.0068569183349609375,6.908934831619263,,,70.70768737792969,70.70768737792969,,,33.60551834106445,33.60551834106445,
reinforce,0.0,2,685,65.56907208999259,40,0.007166862487792969,6.916255950927734,,,84.52334594726562,84.52334594726562,,,33.27140426635742,33.27140426635742,
reinforce,0.0,2,686,65.97405862787303,40,0.007045745849609375,6.923462867736816,,,70.93547058105469,70.93547058105469,,,33.605796813964844,33.605796813964844,
reinforce,0.0,2,687,65.31509327916025,40,0.007025957107543945,6.930654048919678,,,66.59089660644531,66.59089660644531,,,33.371158599853516,33.371158599853516,
reinforce,0.0,2,688,67.71116844309344,41,0.007249116897583008,6.93806791305542,,,72.61225128173828,72.61225128173828,,,34.46315383911133,34.46315383911133,
reinforce,0.0,2,689,67.58615879662845,41,0.00716710090637207,6.945451021194458,,,61.12620162963867,61.12620162963867,,,34.387123107910156,34.387123107910156,
reinforce,0.0,2,690,69.81028520342859,42,0.007344961166381836,6.952946901321411,,,66.74685668945312,66.74685668945312,,,35.36780548095703,35.36780548095703,
reinforce,0.0,2,691,66.21741008072483,40,0.007135152816772461,6.9602110385894775,,,59.66132354736328,59.66132354736328,,,33.715240478515625,33.715240478515625,
reinforce,0.0,2,692,63.70372487223917,39,0.006877899169921875,6.967246770858765,,,66.62962341308594,66.62962341308594,,,32.67850875854492,32.67850875854492,
reinforce,0.0,2,693,65.9883223204252,40,0.0069789886474609375,6.974345922470093,,,64.93550109863281,64.93550109863281,,,33.76002883911133,33.76002883911133,
reinforce,0.0,2,694,70.92220933980626,42,0.007451295852661133,6.981940031051636,,,74.57968139648438,74.57968139648438,,,35.895606994628906,35.895606994628906,
reinforce,0.0,2,695,67.91349090215142,41,0.007359027862548828,6.989418983459473,,,76.55982971191406,76.55982971191406,,,34.64992141723633,34.64992141723633,
reinforce,0.0,2,696,83.56750244164888,48,0.008522987365722656,6.998084783554077,,,91.1885986328125,91.1885986328125,,,41.785491943359375,41.785491943359375,
reinforce,0.0,2,697,74.86875567551847,44,0.00785517692565918,7.006076812744141,,,81.30870819091797,81.30870819091797,,,37.80813980102539,37.80813980102539,
reinforce,0.0,2,698,90.99459017162349,51,0.00903773307800293,7.015276670455933,,,89.98722076416016,89.98722076416016,,,45.08142852783203,45.08142852783203,
reinforce,0.0,2,699,99.54904313625386,54,0.009500980377197266,7.024942874908447,,,96.49369049072266,96.49369049072266,,,48.69137191772461,48.69137191772461,
reinforce,0.0,2,700,120.45245739505675,62,0.010781049728393555,7.035863876342773,107.36840946535355,0.9659358640062167,115.64934539794922,115.64934539794922,,,57.68999099731445,57.68999099731445,
reinforce,0.0,2,701,122.20405568684976,63,0.011243104934692383,7.072819948196411,,,116.30966186523438,116.30966186523438,,,58.400272369384766,58.400272369384766,
reinforce,0.0,2,702,106.07091800950948,57,0.009813070297241211,7.08276891708374,,,100.99597930908203,100.99597930908203,,,51.205238342285156,51.205238342285156,
reinforce,0.0,2,703,129.03504373041244,65,0.011461973190307617,7.094365835189819,,,129.78994750976562,129.78994750976562,,,61.24007797241211,61.24007797241211,
reinforce,0.0,2,704,145.11411275518995,70,0.012243986129760742,7.106777906417847,,,150.3435821533203,150.3435821533203,,,68.20125579833984,68.20125579833984,
reinforce,0.0,2,705,142.91111749219613,70,0.012405872344970703,7.119323968887329,,,140.3016815185547,140.3016815185547,,,66.836669921875,66.836669921875,
reinforce,0.0,2,706,170.7445367845047,79,0.013679742813110352,7.133145809173584,,,148.8885955810547,148.8885955810547,,,78.18074798583984,78.18074798583984,
reinforce,0.0,2,707,170.74774408256766,79,0.013540029525756836,7.14681601524353,,,141.8472137451172,141.8472137451172,,,78.12293243408203,78.12293243408203,
reinforce,0.0,2,708,159.27288571088445,75,0.012909889221191406,7.159876823425293,,,157.42880249023438,157.42880249023438,,,73.91915130615234,73.91915130615234,
reinforce,0.0,2,709,194.14868549819715,86,0.01469278335571289,7.174714803695679,,,201.8805389404297,201.8805389404297,,,87.34019470214844,87.34019470214844,
reinforce,0.0,2,710,190.52775592704072,85,0.01460886001586914,7.189481019973755,,,175.5094451904297,175.5094451904297,,,85.8181381225586,85.8181381225586,
reinforce,0.0,2,711,190.96546821320044,85,0.01450490951538086,7.204135894775391,,,165.48895263671875,165.48895263671875,,,86.157958984375,86.157958984375,
reinforce,0.0,2,712,210.12781350856463,91,0.015517950057983398,7.219796895980835,,,182.1446533203125,182.1446533203125,,,92.90711975097656,92.90711975097656,
reinforce,0.0,2,713,215.6734444499948,93,0.015935897827148438,7.235903978347778,,,201.7265625,201.7265625,,,94.5640869140625,94.5640869140625,
reinforce,0.0,2,714,204.01257051760126,89,0.015054702758789062,7.251172780990601,,,185.10037231445312,185.10037231445312,,,90.72692108154297,90.72692108154297,
reinforce,0.0,2,715,212.1728380842421,92,0.0156400203704834,7.266963005065918,,,186.52923583984375,186.52923583984375,,,93.5120620727539,93.5120620727539,
reinforce,0.0,2,716,209.69872197355886,91,0.015468835830688477,7.28258490562439,,,193.36477661132812,193.36477661132812,,,92.75623321533203,92.75623321533203,
reinforce,0.0,2,717,50.72850575448511,34,0.006000041961669922,7.288748741149902,,,54.992496490478516,54.992496490478516,,,26.415739059448242,26.415739059448242,
reinforce,0.0,2,718,210.1566054651631,91,0.015511035919189453,7.304387807846069,,,178.1222686767578,178.1222686767578,,,92.63495635986328,92.63495635986328,
reinforce,0.0,2,719,208.4664256736122,91,0.015378952026367188,7.319940805435181,,,198.10678100585938,198.10678100585938,,,91.98575592041016,91.98575592041016,
reinforce,0.0,2,720,25.628763269628344,21,0.0037102699279785156,7.323831081390381,29.66656787768735,0.1692651175422415,22.037790298461914,22.037790298461914,,,13.728801727294922,13.728801727294922,
reinforce,0.0,2,721,29.305482014790673,23,0.0040721893310546875,7.339116096496582,,,28.819995880126953,28.819995880126953,,,15.70337200164795,15.70337200164795,
reinforce,0.0,2,722,18.51634402229818,17,0.0035119056701660156,7.342735767364502,,,18.160104751586914,18.160104751586914,,,9.812768936157227,9.812768936157227,
reinforce,0.0,2,723,22.2888585368226,19,0.003270864486694336,7.346109867095947,,,26.308982849121094,26.308982849121094,,,12.178390502929688,12.178390502929688,
reinforce,0.0,2,724,18.827001838498713,17,0.003217935562133789,7.349445819854736,,,19.15132713317871,19.15132713317871,,,10.37519359588623,10.37519359588623,
reinforce,0.0,2,725,19.703677904609883,17,0.0030379295349121094,7.352604866027832,,,23.583946228027344,23.583946228027344,,,10.59574031829834,10.59574031829834,
reinforce,0.0,2,726,13.521577862328323,14,0.0025200843811035156,7.35522198677063,,,13.20919132232666,13.20919132232666,,,7.047084331512451,7.047084331512451,
reinforce,0.0,2,727,12.80084382149303,13,0.002354860305786133,7.357703924179077,,,12.781707763671875,12.781707763671875,,,6.972432613372803,6.972432613372803,
reinforce,0.0,2,728,15.858171919868711,15,0.002608060836791992,7.360389947891235,,,16.28394889831543,16.28394889831543,,,8.411105155944824,8.411105155944824,
reinforce,0.0,2,729,13.891842821232517,14,0.0027430057525634766,7.363221883773804,,,16.34867286682129,16.34867286682129,,,7.256641864776611,7.256641864776611,
reinforce,0.0,2,730,15.406491301600612,15,0.0026159286499023438,7.365936994552612,,,13.191930770874023,13.191930770874023,,,8.256649017333984,8.256649017333984,
reinforce,0.0,2,731,11.690842090337531,12,0.002212047576904297,7.368243932723999,,,13.434596061706543,13.434596061706543,,,6.1393890380859375,6.1393890380859375,
reinforce,0.0,2,732,12.243846195544947,13,0.002329111099243164,7.370757818222046,,,9.587640762329102,9.587640762329102,,,6.479278564453125,6.479278564453125,
reinforce,0.0,2,733,9.652762972831768,11,0.0020580291748046875,7.372909784317017,,,8.612184524536133,8.612184524536133,,,4.971010684967041,4.971010684967041,
reinforce,0.0,2,734,12.395535416351297,13,0.002397298812866211,7.375404119491577,,,14.853903770446777,14.853903770446777,,,6.5551252365112305,6.5551252365112305,
reinforce,0.0,2,735,13.888715533912192,14,0.002562999725341797,7.378152847290039,,,13.710763931274414,13.710763931274414,,,7.257568359375,7.257568359375,
reinforce,0.0,2,736,16.13574117947697,15,0.0026159286499023438,7.380863904953003,,,17.641529083251953,17.641529083251953,,,8.613195419311523,8.613195419311523,
reinforce,0.0,2,737,16.445996151476287,15,0.0029060840606689453,7.383851051330566,,,17.672372817993164,17.672372817993164,,,8.888616561889648,8.888616561889648,
reinforce,0.0,2,738,12.74400600638661,13,0.0022258758544921875,7.38618278503418,,,14.824087142944336,14.824087142944336,,,6.769530773162842,6.769530773162842,
reinforce,0.0,2,739,21.25910230969666,18,0.003075122833251953,7.389319896697998,,,29.309274673461914,29.309274673461914,,,11.648228645324707,11.648228645324707,
reinforce,0.0,2,740,15.549634560927327,15,0.002866029739379883,7.3923420906066895,15.734859591620074,0.5685083923493096,19.555667877197266,19.555667877197266,,,8.222553253173828,8.222553253173828,
reinforce,0.0,2,741,20.873875673849625,18,0.003281831741333008,7.403623819351196,,,22.057350158691406,22.057350158691406,,,11.212038040161133,11.212038040161133,
reinforce,0.0,2,742,17.226147320644724,16,0.0029671192169189453,7.406703948974609,,,23.5300235748291,23.5300235748291,,,8.933759689331055,8.933759689331055,
reinforce,0.0,2,743,19.015124712531893,17,0.0029723644256591797,7.409762144088745,,,18.90863037109375,18.90863037109375,,,10.419075012207031,10.419075012207031,
reinforce,0.0,2,744,25.926337088523947,21,0.003943204879760742,7.413793087005615,,,28.424409866333008,28.424409866333008,,,14.073044776916504,14.073044776916504,
reinforce,0.0,2,745,26.533427570699654,21,0.00391697883605957,7.417801856994629,,,31.00935935974121,31.00935935974121,,,14.36296558380127,14.36296558380127,
reinforce,0.0,2,746,20.100290469623072,18,0.0031061172485351562,7.421015024185181,,,23.516292572021484,23.516292572021484,,,10.887941360473633,10.887941360473633,
reinforce,0.0,2,747,29.75515949072369,23,0.004097700119018555,7.425208806991577,,,31.19751739501953,31.19751739501953,,,15.92076587677002,15.92076587677002,
reinforce,0.0,2,748,30.79666490883135,24,0.004150867462158203,7.429476737976074,,,30.89459228515625,30.89459228515625,,,16.331941604614258,16.331941604614258,
reinforce,0.0,2,749,31.564973228740534,24,0.004411935806274414,7.434008836746216,,,51.56301498413086,51.56301498413086,,,16.900312423706055,16.900312423706055,
reinforce,0.0,2,750,34.8974659180761,26,0.004629850387573242,7.438791990280151,,,41.33132553100586,41.33132553100586,,,18.64798355102539,18.64798355102539,
reinforce,0.0,2,751,42.05811780846781,30,0.0050661563873291016,7.4439780712127686,,,37.27768325805664,37.27768325805664,,,22.054494857788086,22.054494857788086,
reinforce,0.0,2,752,35.92202009398428,27,0.004820108413696289,7.4489569664001465,,,43.85348892211914,43.85348892211914,,,19.016319274902344,19.016319274902344,
reinforce,0.0,2,753,39.90311466043708,29,0.005064249038696289,7.454154968261719,,,42.475643157958984,42.475643157958984,,,20.75566291809082,20.75566291809082,
reinforce,0.0,2,754,212.8084616462621,93,0.01555180549621582,7.469857931137085,,,206.06044006347656,206.06044006347656,,,93.43605041503906,93.43605041503906,
reinforce,0.0,2,755,208.89415188895157,91,0.015388965606689453,7.485390901565552,,,189.61138916015625,189.61138916015625,,,92.1272964477539,92.1272964477539,
reinforce,0.0,2,756,210.07704430870373,92,0.015535116195678711,7.501086950302124,,,174.61431884765625,174.61431884765625,,,92.11477661132812,92.11477661132812,
reinforce,0.0,2,757,210.58154431201405,92,0.015497207641601562,7.516716718673706,,,175.39512634277344,175.39512634277344,,,92.68099212646484,92.68099212646484,
reinforce,0.0,2,758,210.52086573136097,92,0.015486001968383789,7.532354831695557,,,195.56687927246094,195.56687927246094,,,92.81256103515625,92.81256103515625,
reinforce,0.0,2,759,208.1622370183487,91,0.015557050704956055,7.548073053359985,,,216.67213439941406,216.67213439941406,,,91.99713134765625,91.99713134765625,
reinforce,0.0,2,760,210.08542144158608,92,0.01599407196044922,7.564210891723633,210.5078762446753,1.2542532656079532,195.36643981933594,195.36643981933594,,,92.38276672363281,92.38276672363281,
reinforce,0.0,2,761,207.5696920007376,91,0.015350103378295898,7.619688987731934,,,202.5531463623047,202.5531463623047,,,91.64141082763672,91.64141082763672,
reinforce,0.0,2,762,208.55509391028406,91,0.015341043472290039,7.6351869106292725,,,184.90013122558594,184.90013122558594,,,92.13999938964844,92.13999938964844,
reinforce,0.0,2,763,210.21261633665915,92,0.015465974807739258,7.6508119106292725,,,194.02041625976562,194.02041625976562,,,92.36260223388672,92.36260223388672,
reinforce,0.0,2,764,209.7011845408879,92,0.01568007469177246,7.6666648387908936,,,210.44711303710938,210.44711303710938,,,92.08577728271484,92.08577728271484,
reinforce,0.0,2,765,211.1497871867304,93,0.016011953353881836,7.682840824127197,,,179.32052612304688,179.32052612304688,,,92.6402816772461,92.6402816772461,
reinforce,0.0,2,766,213.5710954536674,93,0.015761137008666992,7.698762893676758,,,185.05848693847656,185.05848693847656,,,93.74803924560547,93.74803924560547,
reinforce,0.0,2,767,208.5821221727818,92,0.015711307525634766,7.714647054672241,,,190.60025024414062,190.60025024414062,,,91.7215805053711,91.7215805053711,
reinforce,0.0,2,768,210.074950840232,92,0.01564812660217285,7.730452060699463,,,180.10699462890625,180.10699462890625,,,92.29397583007812,92.29397583007812,
reinforce,0.0,2,769,207.45857621506335,91,0.015343189239501953,7.745950937271118,,,187.6310577392578,187.6310577392578,,,91.59745025634766,91.59745025634766,
reinforce,0.0,2,770,210.59934091637905,92,0.015713930130004883,7.761812925338745,,,196.11279296875,196.11279296875,,,92.52571868896484,92.52571868896484,
reinforce,0.0,2,771,209.7869871480987,92,0.015841960906982422,7.777812957763672,,,188.8965301513672,188.8965301513672,,,92.30842590332031,92.30842590332031,
reinforce,0.0,2,772,209.75275878407942,92,0.01547694206237793,7.793489933013916,,,198.9828643798828,198.9828643798828,,,92.4183578491211,92.4183578491211,
reinforce,0.0,2,773,209.91183267614744,92,0.01572108268737793,7.809358835220337,,,178.46762084960938,178.46762084960938,,,92.52286529541016,92.52286529541016,
reinforce,0.0,2,774,208.69599654270883,92,0.015569925308227539,7.825071811676025,,,185.9804229736328,185.9804229736328,,,91.85774230957031,91.85774230957031,
reinforce,0.0,2,775,204.44243891619888,90,0.0154571533203125,7.840685844421387,,,187.88449096679688,187.88449096679688,,,90.69378662109375,90.69378662109375,
reinforce,0.0,2,776,208.55414002191162,92,0.015519857406616211,7.85635781288147,,,202.21527099609375,202.21527099609375,,,92.01350402832031,92.01350402832031,
reinforce,0.0,2,777,206.71283175511292,91,0.015358924865722656,7.8718788623809814,,,157.0118408203125,157.0118408203125,,,91.6048812866211,91.6048812866211,
reinforce,0.0,2,778,209.21949727235577,92,0.01575613021850586,7.887791872024536,,,192.32737731933594,192.32737731933594,,,92.30793762207031,92.30793762207031,
reinforce,0.0,2,779,204.69060841599784,90,0.015597105026245117,7.9035468101501465,,,162.70034790039062,162.70034790039062,,,91.0918197631836,91.0918197631836,
reinforce,0.0,2,780,58.02164014186584,39,0.0066907405853271484,7.910401821136475,175.7336260068858,55.83470334605362,51.16857147216797,51.16857147216797,,,29.576509475708008,29.576509475708008,
reinforce,0.0,2,781,207.45857192913152,91,0.015623331069946289,7.960833787918091,,,187.3568878173828,187.3568878173828,,,92.440673828125,92.440673828125,
reinforce,0.0,2,782,58.49187240116588,40,0.0066602230072021484,7.967658042907715,,,53.87572479248047,53.87572479248047,,,29.352359771728516,29.352359771728516,
reinforce,0.0,2,783,66.53072524963791,44,0.007772207260131836,7.975563049316406,,,69.81434631347656,69.81434631347656,,,33.281307220458984,33.281307220458984,
reinforce,0.0,2,784,48.78387683996681,35,0.00640106201171875,7.982087850570679,,,47.00910186767578,47.00910186767578,,,25.08488655090332,25.08488655090332,
reinforce,0.0,2,785,56.2800146481776,39,0.006846904754638672,7.989086866378784,,,55.67856216430664,55.67856216430664,,,28.28582000732422,28.28582000732422,
reinforce,0.0,2,786,61.06838607487414,42,0.007819890975952148,7.997046947479248,,,58.806419372558594,58.806419372558594,,,30.534894943237305,30.534894943237305,
reinforce,0.0,2,787,56.48925659665823,40,0.0070650577545166016,8.004267930984497,,,50.90971755981445,50.90971755981445,,,28.306598663330078,28.306598663330078,
reinforce,0.0,2,788,57.34479938859777,40,0.006921052932739258,8.011339902877808,,,55.918556213378906,55.918556213378906,,,28.76485824584961,28.76485824584961,
reinforce,0.0,2,789,50.63588205799177,37,0.006522178649902344,8.018007040023804,,,38.120635986328125,38.120635986328125,,,25.531850814819336,25.531850814819336,
reinforce,0.0,2,790,58.76068039139286,41,0.007153987884521484,8.025306940078735,,,59.43635177612305,59.43635177612305,,,29.145397186279297,29.145397186279297,
reinforce,0.0,2,791,45.42609058239274,34,0.006075859069824219,8.031515836715698,,,44.86274719238281,44.86274719238281,,,22.824893951416016,22.824893951416016,
reinforce,0.0,2,792,55.089364178238625,39,0.006842136383056641,8.038470983505249,,,47.36447525024414,47.36447525024414,,,27.91495132446289,27.91495132446289,
reinforce,0.0,2,793,65.00879288303018,44,0.007502079010009766,8.046096801757812,,,52.3140869140625,52.3140869140625,,,32.350772857666016,32.350772857666016,
reinforce,0.0,2,794,50.490676465342055,37,0.006479978561401367,8.05272889137268,,,43.733482360839844,43.733482360839844,,,25.401166915893555,25.401166915893555,
reinforce,0.0,2,795,52.131229822404364,38,0.0065958499908447266,8.059468746185303,,,62.59199523925781,62.59199523925781,,,26.103315353393555,26.103315353393555,
reinforce,0.0,2,796,115.90946186373921,64,0.010977029800415039,8.070580959320068,,,114.45574188232422,114.45574188232422,,,56.03083801269531,56.03083801269531,
reinforce,0.0,2,797,48.10238328175896,35,0.006102085113525391,8.076846837997437,,,52.714744567871094,52.714744567871094,,,24.68235206604004,24.68235206604004,
reinforce,0.0,2,798,220.0963338534974,100,0.01718306541442871,8.094199895858765,,,183.0653839111328,183.0653839111328,,,93.8021469116211,93.8021469116211,
reinforce,0.0,2,799,213.58127425686982,95,0.016170978546142578,8.110548973083496,,,175.52894592285156,175.52894592285156,,,93.44429779052734,93.44429779052734,
reinforce,0.0,2,800,77.67662519993019,49,0.008475780487060547,8.119173765182495,212.84047556283463,0.8989418325047142,76.3720703125,76.3720703125,,,38.64695358276367,38.64695358276367,
reinforce,0.0,2,801,56.07225178424016,39,0.006690025329589844,8.166763067245483,,,58.64444351196289,58.64444351196289,,,28.21529197692871,28.21529197692871,
reinforce,0.0,2,802,91.8929669074505,55,0.009593963623046875,8.176483869552612,,,95.61395263671875,95.61395263671875,,,45.09895324707031,45.09895324707031,
reinforce,0.0,2,803,53.08065118411964,38,0.006679058074951172,8.183312892913818,,,56.214881896972656,56.214881896972656,,,26.92662239074707,26.92662239074707,
reinforce,0.0,2,804,137.36636462521125,70,0.012104272842407227,8.195594072341919,,,125.41512298583984,125.41512298583984,,,65.16403198242188,65.16403198242188,
reinforce,0.0,2,805,59.943340099822095,41,0.0072138309478759766,8.202967882156372,,,57.006019592285156,57.006019592285156,,,30.065011978149414,30.065011978149414,
reinforce,0.0,2,806,93.43372964347198,55,0.009373903274536133,8.212498903274536,,,89.05406951904297,89.05406951904297,,,45.7592658996582,45.7592658996582,
reinforce,0.0,2,807,58.913413643620565,41,0.007213115692138672,8.219851016998291,,,60.50654602050781,60.50654602050781,,,29.538597106933594,29.538597106933594,
reinforce,0.0,2,808,59.319605408651604,41,0.007248878479003906,8.227256774902344,,,69.4046859741211,69.4046859741211,,,29.627906799316406,29.627906799316406,
reinforce,0.0,2,809,64.29063486899761,43,0.007493257522583008,8.23490309715271,,,61.62390899658203,61.62390899658203,,,32.1455078125,32.1455078125,
reinforce,0.0,2,810,66.76508574690784,45,0.007797956466674805,8.242868900299072,,,66.5278091430664,66.5278091430664,,,33.20977783203125,33.20977783203125,
reinforce,0.0,2,811,53.29237726165713,38,0.0068569183349609375,8.249936819076538,,,56.528350830078125,56.528350830078125,,,26.8128604888916,26.8128604888916,
reinforce,0.0,2,812,43.63488563878479,33,0.0056610107421875,8.255759954452515,,,55.58412551879883,55.58412551879883,,,22.566564559936523,22.566564559936523,
reinforce,0.0,2,813,52.8022941754474,38,0.0064771175384521484,8.262342929840088,,,59.04458236694336,59.04458236694336,,,27.012779235839844,27.012779235839844,
reinforce,0.0,2,814,69.45407739023082,46,0.007908821105957031,8.27040696144104,,,66.8233413696289,66.8233413696289,,,34.437625885009766,34.437625885009766,
reinforce,0.0,2,815,47.442486610787626,35,0.0060520172119140625,8.276604890823364,,,42.91608810424805,42.91608810424805,,,24.208993911743164,24.208993911743164,
reinforce,0.0,2,816,68.80049365637343,46,0.020501136779785156,8.29730486869812,,,58.06473922729492,58.06473922729492,,,34.205726623535156,34.205726623535156,
reinforce,0.0,2,817,44.36706645440288,34,0.005988121032714844,8.303592920303345,,,46.346343994140625,46.346343994140625,,,22.49288558959961,22.49288558959961,
reinforce,0.0,2,818,45.422007228226754,34,0.008940935134887695,8.312769889831543,,,50.109893798828125,50.109893798828125,,,23.473051071166992,23.473051071166992,
reinforce,0.0,2,819,56.09698664876088,40,0.009860992431640625,8.322911977767944,,,57.590232849121094,57.590232849121094,,,28.063228607177734,28.063228607177734,
reinforce,0.0,2,820,65.27198446051104,44,0.007517099380493164,8.330594778060913,57.647872761705536,1.070488544752378,68.58992767333984,68.58992767333984,,,32.46099853515625,32.46099853515625,
reinforce,0.0,2,821,60.74642349365027,42,0.007063150405883789,8.355984926223755,,,50.59657669067383,50.59657669067383,,,30.332197189331055,30.332197189331055,
reinforce,0.0,2,822,52.24289284843755,38,0.0065419673919677734,8.362661838531494,,,54.01926040649414,54.01926040649414,,,26.57647705078125,26.57647705078125,
reinforce,0.0,2,823,68.38783387119638,46,0.00767207145690918,8.370444059371948,,,64.52159118652344,64.52159118652344,,,34.013587951660156,34.013587951660156,
reinforce,0.0,2,824,69.01448362140121,46,0.007965087890625,8.378537893295288,,,59.402626037597656,59.402626037597656,,,34.12961196899414,34.12961196899414,
reinforce,0.0,2,825,77.82366043591057,50,0.00859212875366211,8.387282848358154,,,78.23027038574219,78.23027038574219,,,38.39308166503906,38.39308166503906,
reinforce,0.0,2,826,225.60135031007093,107,0.018448829650878906,8.405890703201294,,,189.48382568359375,189.48382568359375,,,92.45523071289062,92.45523071289062,
reinforce,0.0,2,827,225.9110964434166,106,0.017975807189941406,8.424024820327759,,,180.71664428710938,180.71664428710938,,,93.72391510009766,93.72391510009766,
reinforce,0.0,2,828,229.393376845727,111,0.019330978393554688,8.443508863449097,,,193.25205993652344,193.25205993652344,,,92.65042877197266,92.65042877197266,
reinforce,0.0,2,829,225.74666103571153,105,0.018700122833251953,8.462374925613403,,,195.4654998779297,195.4654998779297,,,93.74640655517578,93.74640655517578,
reinforce,0.0,2,830,226.82395354304356,105,0.017944812774658203,8.480462789535522,,,188.15078735351562,188.15078735351562,,,94.56886291503906,94.56886291503906,
reinforce,0.0,2,831,228.58390649324886,104,0.017446279525756836,8.498058080673218,,,200.67596435546875,200.67596435546875,,,95.82382202148438,95.82382202148438,
reinforce,0.0,2,832,224.62239878159576,104,0.01789999008178711,8.516111850738525,,,181.46157836914062,181.46157836914062,,,93.98387145996094,93.98387145996094,
reinforce,0.0,2,833,222.96657402063738,101,0.017097949981689453,8.533399820327759,,,189.79087829589844,189.79087829589844,,,94.50328826904297,94.50328826904297,
reinforce,0.0,2,834,225.01203239102585,103,0.018006086349487305,8.551568984985352,,,186.73008728027344,186.73008728027344,,,94.4835433959961,94.4835433959961,
reinforce,0.0,2,835,230.2391610446172,105,0.0177309513092041,8.569467782974243,,,206.8910675048828,206.8910675048828,,,96.23345184326172,96.23345184326172,
reinforce,0.0,2,836,78.88715847104416,49,0.008918046951293945,8.578550100326538,,,87.86759948730469,87.86759948730469,,,39.19121551513672,39.19121551513672,
reinforce,0.0,2,837,219.4130871946019,99,0.016618013381958008,8.595335960388184,,,172.89370727539062,172.89370727539062,,,93.74258422851562,93.74258422851562,
reinforce,0.0,2,838,52.62051030824846,37,0.007181882858276367,8.602668762207031,,,62.901737213134766,62.901737213134766,,,26.677812576293945,26.677812576293945,
reinforce,0.0,2,839,69.59407382301345,45,0.008112192153930664,8.610975980758667,,,64.10997772216797,64.10997772216797,,,35.081295013427734,35.081295013427734,
reinforce,0.0,2,840,116.93128783904095,64,0.012372016906738281,8.623549938201904,69.07953522662136,1.2302058833034484,115.82781982421875,115.82781982421875,,,55.810401916503906,55.810401916503906,
reinforce,0.0,2,841,62.66080256011998,42,0.007403135299682617,8.655838966369629,,,59.5965461730957,59.5965461730957,,,31.569942474365234,31.569942474365234,
reinforce,0.0,2,842,50.998426864553785,36,0.006058931350708008,8.66211986541748,,,45.45335388183594,45.45335388183594,,,26.36493682861328,26.36493682861328,
reinforce,0.0,2,843,52.655675988501415,37,0.006616830825805664,8.668909788131714,,,56.35845947265625,56.35845947265625,,,26.7985897064209,26.7985897064209,
reinforce,0.0,2,844,58.128965461979234,39,0.006712913513183594,8.675802946090698,,,53.84996795654297,53.84996795654297,,,29.53721809387207,29.53721809387207,
reinforce,0.0,2,845,36.15150715940582,28,0.004828214645385742,8.680789947509766,,,42.27652359008789,42.27652359008789,,,19.175405502319336,19.175405502319336,
reinforce,0.0,2,846,39.87618364997535,30,0.005509853363037109,8.686509847640991,,,38.08061981201172,38.08061981201172,,,20.773950576782227,20.773950576782227,
reinforce,0.0,2,847,50.39105646461453,36,0.0065250396728515625,8.693204879760742,,,50.0421028137207,50.0421028137207,,,25.794992446899414,25.794992446899414,
reinforce,0.0,2,848,32.77449986470752,26,0.004903078079223633,8.698246955871582,,,34.79594421386719,34.79594421386719,,,17.30506706237793,17.30506706237793,
reinforce,0.0,2,849,29.088570353928706,24,0.004420042037963867,8.702807903289795,,,35.631290435791016,35.631290435791016,,,15.470232963562012,15.470232963562012,
reinforce,0.0,2,850,32.850137027741006,26,0.004472970962524414,8.70740795135498,,,38.560489654541016,38.560489654541016,,,17.44510841369629,17.44510841369629,
reinforce,0.0,2,851,29.163792225368,24,0.004419088363647461,8.711995840072632,,,25.79566192626953,25.79566192626953,,,15.425553321838379,15.425553321838379,
reinforce,0.0,2,852,30.674563709124442,25,0.004251241683959961,8.716361999511719,,,36.85756301879883,36.85756301879883,,,16.365251541137695,16.365251541137695,
reinforce,0.0,2,853,37.72929980296789,29,0.0047800540924072266,8.721281051635742,,,39.99638748168945,39.99638748168945,,,19.911701202392578,19.911701202392578,
reinforce,0.0,2,854,30.067249567722342,24,0.004439830780029297,8.725827932357788,,,30.888092041015625,30.888092041015625,,,16.08366584777832,16.08366584777832,
reinforce,0.0,2,855,30.756325712903976,25,0.00475001335144043,8.73072099685669,,,33.616943359375,33.616943359375,,,16.4614200592041,16.4614200592041,
reinforce,0.0,2,856,27.309121319038592,23,0.003905057907104492,8.734744787216187,,,35.2446174621582,35.2446174621582,,,14.62574577331543,14.62574577331543,
reinforce,0.0,2,857,27.315355254636707,23,0.004133939743041992,8.739020824432373,,,25.658048629760742,25.658048629760742,,,14.555463790893555,14.555463790893555,
reinforce,0.0,2,858,29.077235272604117,24,0.004116058349609375,8.74324893951416,,,30.691892623901367,30.691892623901367,,,15.432449340820312,15.432449340820312,
reinforce,0.0,2,859,29.08603519540995,24,0.0041768550872802734,8.747577905654907,,,27.896413803100586,27.896413803100586,,,15.452662467956543,15.452662467956543,
reinforce,0.0,2,860,25.99148963622646,22,0.00391387939453125,8.751619815826416,25.1346019292942,0.8140095864808562,31.67510986328125,31.67510986328125,,,14.050495147705078,14.050495147705078,
reinforce,0.0,2,861,23.166891037120713,20,0.0036270618438720703,8.765546083450317,,,26.9005126953125,26.9005126953125,,,12.502053260803223,12.502053260803223,
reinforce,0.0,2,862,16.57534460840782,16,0.002949237823486328,8.76862907409668,,,19.619823455810547,19.619823455810547,,,8.811302185058594,8.811302185058594,
reinforce,0.0,2,863,24.274772487870813,21,0.003799915313720703,8.772536754608154,,,25.77545166015625,25.77545166015625,,,13.062544822692871,13.062544822692871,
reinforce,0.0,2,864,26.170660702368306,22,0.0038390159606933594,8.776499032974243,,,27.028736114501953,27.028736114501953,,,14.010356903076172,14.010356903076172,
reinforce,0.0,2,865,24.648978508107035,21,0.0037300586700439453,8.78035593032837,,,23.697589874267578,23.697589874267578,,,13.33332347869873,13.33332347869873,
reinforce,0.0,2,866,19.425252475143704,18,0.0032129287719726562,8.783679962158203,,,18.079097747802734,18.079097747802734,,,10.296586036682129,10.296586036682129,
reinforce,0.0,2,867,21.128978586296142,19,0.003415822982788086,8.787224769592285,,,23.9481258392334,23.9481258392334,,,11.266983032226562,11.266983032226562,
reinforce,0.0,2,868,19.436598980858182,18,0.0031130313873291016,8.790448904037476,,,22.04517364501953,22.04517364501953,,,10.367430686950684,10.367430686950684,
reinforce,0.0,2,869,20.005820495383208,18,0.0031249523162841797,8.793681859970093,,,21.467309951782227,21.467309951782227,,,10.879783630371094,10.879783630371094,
reinforce,0.0,2,870,20.7060350528885,19,0.0031957626342773438,8.796986818313599,,,18.02628517150879,18.02628517150879,,,11.135828971862793,11.135828971862793,
reinforce,0.0,2,871,24.000859181211748,21,0.0038290023803710938,8.800910949707031,,,30.791227340698242,30.791227340698242,,,12.874797821044922,12.874797821044922,
reinforce,0.0,2,872,21.210065502009062,19,0.003381013870239258,8.804399967193604,,,19.205476760864258,19.205476760864258,,,11.41788387298584,11.41788387298584,
reinforce,0.0,2,873,21.50857633740392,19,0.003367900848388672,8.807898759841919,,,23.719863891601562,23.719863891601562,,,11.555136680603027,11.555136680603027,
reinforce,0.0,2,874,19.269643942095712,18,0.0031480789184570312,8.81116795539856,,,21.167991638183594,21.167991638183594,,,10.3229341506958,10.3229341506958,
reinforce,0.0,2,875,24.413352371146594,21,0.0037212371826171875,8.814997911453247,,,23.26247787475586,23.26247787475586,,,13.079418182373047,13.079418182373047,
reinforce,0.0,2,876,25.473851639213358,22,0.0038650035858154297,8.818972826004028,,,24.085920333862305,24.085920333862305,,,13.597033500671387,13.597033500671387,
reinforce,0.0,2,877,24.04715182103794,21,0.003732919692993164,8.822828769683838,,,21.668933868408203,21.668933868408203,,,12.90803337097168,12.90803337097168,
reinforce,0.0,2,878,28.577511001383044,24,0.004199981689453125,8.827151775360107,,,33.16640090942383,33.16640090942383,,,15.121798515319824,15.121798515319824,
reinforce,0.0,2,879,26.641084737095657,23,0.003844022750854492,8.83110499382019,,,27.35029411315918,27.35029411315918,,,14.273896217346191,14.273896217346191,
reinforce,0.0,2,880,23.871576359642443,21,0.003834247589111328,8.835082054138184,27.209518880901868,0.6828880382883192,26.515592575073242,26.515592575073242,,,12.786933898925781,12.786933898925781,
reinforce,0.0,2,881,30.56977265332764,25,0.0045108795166015625,8.850535869598389,,,28.148399353027344,28.148399353027344,,,16.318857192993164,16.318857192993164,
reinforce,0.0,2,882,40.27391027647198,31,0.0053021907806396484,8.855994939804077,,,41.96879577636719,41.96879577636719,,,21.105268478393555,21.105268478393555,
reinforce,0.0,2,883,23.61980279767613,21,0.0038030147552490234,8.859931945800781,,,28.580177307128906,28.580177307128906,,,12.668495178222656,12.668495178222656,
reinforce,0.0,2,884,26.552471131847085,23,0.004182100296020508,8.864229917526245,,,28.263141632080078,28.263141632080078,,,14.180288314819336,14.180288314819336,
reinforce,0.0,2,885,25.20553354691643,22,0.003710031509399414,8.86804485321045,,,28.01495933532715,28.01495933532715,,,13.496551513671875,13.496551513671875,
reinforce,0.0,2,886,27.16276715758345,23,0.004015684127807617,8.872174739837646,,,24.07499885559082,24.07499885559082,,,14.58864688873291,14.58864688873291,
reinforce,0.0,2,887,31.367130014101534,26,0.004719972610473633,8.877010822296143,,,27.32741355895996,27.32741355895996,,,16.60163688659668,16.60163688659668,
reinforce,0.0,2,888,30.331041675402062,25,0.0042018890380859375,8.881348848342896,,,35.718101501464844,35.718101501464844,,,16.24041175842285,16.24041175842285,
reinforce,0.0,2,889,36.476953339178344,29,0.005149364471435547,8.886614084243774,,,42.48108673095703,42.48108673095703,,,19.132095336914062,19.132095336914062,
reinforce,0.0,2,890,35.362799795233826,28,0.004945993423461914,8.891725778579712,,,33.77519226074219,33.77519226074219,,,18.47149085998535,18.47149085998535,
reinforce,0.0,2,891,36.46215309098878,29,0.0048677921295166016,8.89674973487854,,,44.82194137573242,44.82194137573242,,,19.14776611328125,19.14776611328125,
reinforce,0.0,2,892,32.132180663325904,26,0.004373073577880859,8.901247024536133,,,32.951534271240234,32.951534271240234,,,17.063854217529297,17.063854217529297,
reinforce,0.0,2,893,27.191720331247957,23,0.0040378570556640625,8.905382871627808,,,26.278152465820312,26.278152465820312,,,14.55208969116211,14.55208969116211,
reinforce,0.0,2,894,40.910520116064966,31,0.005437135696411133,8.910932064056396,,,43.668155670166016,43.668155670166016,,,21.315067291259766,21.315067291259766,
reinforce,0.0,2,895,37.123264139914646,29,0.004967927932739258,8.916019916534424,,,43.80027770996094,43.80027770996094,,,19.38140869140625,19.38140869140625,
reinforce,0.0,2,896,43.99423970819194,33,0.005767107009887695,8.921891927719116,,,48.26055908203125,48.26055908203125,,,22.609338760375977,22.609338760375977,
reinforce,0.0,2,897,45.82753742158011,34,0.005950212478637695,8.928021907806396,,,56.71250915527344,56.71250915527344,,,23.649385452270508,23.649385452270508,
reinforce,0.0,2,898,36.728121193456566,29,0.005018949508666992,8.933177947998047,,,30.58116912841797,30.58116912841797,,,19.144590377807617,19.144590377807617,
reinforce,0.0,2,899,44.29365014867011,33,0.005621194839477539,8.938999891281128,,,41.86724853515625,41.86724853515625,,,22.943004608154297,22.943004608154297,
reinforce,0.0,2,900,49.27753643968813,36,0.00605010986328125,8.945186138153076,55.589112520696006,3.116582748407426,56.075645446777344,56.075645446777344,,,25.267107009887695,25.267107009887695,
reinforce,0.0,2,901,57.95084913864892,40,0.006736278533935547,8.96922492980957,,,58.1079216003418,58.1079216003418,,,29.288867950439453,29.288867950439453,
reinforce,0.0,2,902,76.75586599927418,49,0.008629083633422852,8.978024005889893,,,90.06243133544922,90.06243133544922,,,38.01310348510742,38.01310348510742,
reinforce,0.0,2,903,51.566608673679795,37,0.006308078765869141,8.984496831893921,,,44.768829345703125,44.768829345703125,,,26.4010066986084,26.4010066986084,
reinforce,0.0,2,904,61.63743496324861,42,0.007277011871337891,8.991943836212158,,,66.49488830566406,66.49488830566406,,,31.09860610961914,31.09860610961914,
reinforce,0.0,2,905,74.37406801215634,48,0.008200883865356445,9.000282764434814,,,77.80204010009766,77.80204010009766,,,36.80781936645508,36.80781936645508,
reinforce,0.0,2,906,85.79932113509506,53,0.00911402702331543,9.009601831436157,,,84.13566589355469,84.13566589355469,,,42.07966232299805,42.07966232299805,
reinforce,0.0,2,907,79.11763724285238,51,0.008700847625732422,9.018456935882568,,,69.43243408203125,69.43243408203125,,,38.653324127197266,38.653324127197266,
reinforce,0.0,2,908,75.10449025130447,49,0.008489131927490234,9.027109861373901,,,73.42120361328125,73.42120361328125,,,36.821197509765625,36.821197509765625,
reinforce,0.0,2,909,78.62790846901902,52,0.009070873260498047,9.036335945129395,,,64.25321197509766,64.25321197509766,,,37.814361572265625,37.814361572265625,
reinforce,0.0,2,910,64.02589600810045,44,0.0074007511138916016,9.04387879371643,,,61.14408874511719,61.14408874511719,,,31.97478675842285,31.97478675842285,
reinforce,0.0,2,911,82.29781841224543,53,0.00897216796875,9.05298900604248,,,71.72830963134766,71.72830963134766,,,39.91725158691406,39.91725158691406,
reinforce,0.0,2,912,74.670361246484,51,0.008930683135986328,9.062073945999146,,,78.11138916015625,78.11138916015625,,,35.830562591552734,35.830562591552734,
reinforce,0.0,2,913,61.45253987031986,44,0.007484912872314453,9.069703817367554,,,66.24510955810547,66.24510955810547,,,30.18011474609375,30.18011474609375,
reinforce,0.0,2,914,85.12023107357633,60,0.01018977165222168,9.080238819122314,,,70.93075561523438,70.93075561523438,,,38.0196647644043,38.0196647644043,
reinforce,0.0,2,915,101.05033276153401,74,0.01271200180053711,9.09310793876648,,,88.1884765625,88.1884765625,,,42.70378494262695,42.70378494262695,
reinforce,0.0,2,916,109.33320874437025,79,0.013522863388061523,9.106786727905273,,,82.22090148925781,82.22090148925781,,,43.98297882080078,43.98297882080078,
reinforce,0.0,2,917,68.21870230465224,48,0.008218050003051758,9.11515498161316,,,72.32218170166016,72.32218170166016,,,32.77014923095703,32.77014923095703,
reinforce,0.0,2,918,76.93047474503628,61,0.010390758514404297,9.125709772109985,,,63.029884338378906,63.029884338378906,,,33.793121337890625,33.793121337890625,
reinforce,0.0,2,919,56.91355512228208,45,0.007702827453613281,9.133594751358032,,,52.39273452758789,52.39273452758789,,,27.158992767333984,27.158992767333984,
reinforce,0.0,2,920,57.145837549196436,46,0.007802248001098633,9.14154601097107,70.61482669674417,1.8073678384620586,52.37098693847656,52.37098693847656,,,26.426589965820312,26.426589965820312,
reinforce,0.0,2,921,60.62836950325667,48,0.008336782455444336,9.176124811172485,,,50.900760650634766,50.900760650634766,,,27.78367805480957,27.78367805480957,
reinforce,0.0,2,922,66.90701602016667,53,0.009246110916137695,9.185516834259033,,,57.21266555786133,57.21266555786133,,,30.11654281616211,30.11654281616211,
reinforce,0.0,2,923,57.99215384282264,48,0.008336782455444336,9.194034814834595,,,57.64495849609375,57.64495849609375,,,26.55568504333496,26.55568504333496,
reinforce,0.0,2,924,68.06021970340012,57,0.009865999221801758,9.204055786132812,,,76.1886978149414,76.1886978149414,,,29.999401092529297,29.999401092529297,
reinforce,0.0,2,925,65.90280949166939,53,0.009011983871459961,9.213222980499268,,,54.75663757324219,54.75663757324219,,,29.145998001098633,29.145998001098633,
reinforce,0.0,2,926,59.2860165989276,48,0.008661985397338867,9.222010850906372,,,54.155059814453125,54.155059814453125,,,26.834043502807617,26.834043502807617,
reinforce,0.0,2,927,42.207656607654215,41,0.007055997848510742,9.229219913482666,,,40.203155517578125,40.203155517578125,,,19.852216720581055,19.852216720581055,
reinforce,0.0,2,928,54.93270166356742,43,0.007503986358642578,9.236893892288208,,,56.98502731323242,56.98502731323242,,,25.873517990112305,25.873517990112305,
reinforce,0.0,2,929,54.60684034307398,46,0.007784843444824219,9.244846820831299,,,50.90732192993164,50.90732192993164,,,24.93794822692871,24.93794822692871,
reinforce,0.0,2,930,66.51897933904601,53,0.00896906852722168,9.25396990776062,,,51.62955093383789,51.62955093383789,,,29.40768814086914,29.40768814086914,
reinforce,0.0,2,931,52.600304670802444,41,0.007250785827636719,9.261369943618774,,,46.10847473144531,46.10847473144531,,,25.319562911987305,25.319562911987305,
reinforce,0.0,2,932,58.90282073200867,50,0.008699893951416016,9.270221710205078,,,48.71484375,48.71484375,,,26.637802124023438,26.637802124023438,
reinforce,0.0,2,933,49.9911623920411,44,0.00754094123840332,9.277930974960327,,,41.02229309082031,41.02229309082031,,,23.268959045410156,23.268959045410156,
reinforce,0.0,2,934,55.621842214951414,42,0.007384061813354492,9.28547191619873,,,43.76583480834961,43.76583480834961,,,26.982650756835938,26.982650756835938,
reinforce,0.0,2,935,59.94893046248462,45,0.007650613784790039,9.293263912200928,,,57.527103424072266,57.527103424072266,,,28.708269119262695,28.708269119262695,
reinforce,0.0,2,936,63.813269543334,47,0.007839202880859375,9.301258087158203,,,70.1715316772461,70.1715316772461,,,30.02330207824707,30.02330207824707,
reinforce,0.0,2,937,51.95858334308488,43,0.007508993148803711,9.308903932571411,,,40.29757308959961,40.29757308959961,,,24.545881271362305,24.545881271362305,
reinforce,0.0,2,938,74.34570028145347,59,0.010338068008422852,9.319411039352417,,,63.106998443603516,63.106998443603516,,,32.739158630371094,32.739158630371094,
reinforce,0.0,2,939,70.87518805473113,52,0.009095907211303711,9.328666925430298,,,64.58399200439453,64.58399200439453,,,32.558876037597656,32.558876037597656,
reinforce,0.0,2,940,70.34002566824418,56,0.009636163711547852,9.338450908660889,65.87893151625101,3.3898873399348153,55.21533203125,55.21533203125,,,30.764558792114258,30.764558792114258,
reinforce,0.0,2,941,51.96389800649597,40,0.006942033767700195,9.367694854736328,,,64.6493148803711,64.6493148803711,,,25.760147094726562,25.760147094726562,
reinforce,0.0,2,942,77.55129735086507,58,0.009894847869873047,9.377721786499023,,,66.09204864501953,66.09204864501953,,,34.221534729003906,34.221534729003906,
reinforce,0.0,2,943,56.37068079234378,44,0.007470130920410156,9.385364055633545,,,61.452003479003906,61.452003479003906,,,27.497386932373047,27.497386932373047,
reinforce,0.0,2,944,66.95467065494235,49,0.008489847183227539,9.393979787826538,,,61.24803161621094,61.24803161621094,,,31.458026885986328,31.458026885986328,
reinforce,0.0,2,945,62.38872489352292,50,0.008674860000610352,9.402819871902466,,,54.44432067871094,54.44432067871094,,,28.270727157592773,28.270727157592773,
reinforce,0.0,2,946,72.63427789610687,54,0.009337902069091797,9.412314891815186,,,66.31550598144531,66.31550598144531,,,32.7741584777832,32.7741584777832,
reinforce,0.0,2,947,77.43402032762738,58,0.009742021560668945,9.422219038009644,,,71.96256256103516,71.96256256103516,,,34.21853256225586,34.21853256225586,
reinforce,0.0,2,948,82.55192267031347,64,0.011037826538085938,9.433409690856934,,,67.73187255859375,67.73187255859375,,,35.638160705566406,35.638160705566406,
reinforce,0.0,2,949,78.12457283379828,59,0.010151863098144531,9.44373083114624,,,68.84700775146484,68.84700775146484,,,34.149112701416016,34.149112701416016,
reinforce,0.0,2,950,79.49134134134005,61,0.010458946228027344,9.454327821731567,,,63.36030197143555,63.36030197143555,,,34.32735824584961,34.32735824584961,
reinforce,0.0,2,951,63.75691695811335,47,0.007973909378051758,9.462467908859253,,,50.61762237548828,50.61762237548828,,,30.130006790161133,30.130006790161133,
reinforce,0.0,2,952,82.31608224373639,56,0.009706974029541016,9.472316980361938,,,76.08641815185547,76.08641815185547,,,38.13699722290039,38.13699722290039,
reinforce,0.0,2,953,72.9428871434789,58,0.010049104690551758,9.4825439453125,,,51.556678771972656,51.556678771972656,,,31.640283584594727,31.640283584594727,
reinforce,0.0,2,954,65.83417012234592,50,0.008543968200683594,9.491244077682495,,,59.14543533325195,59.14543533325195,,,30.49201202392578,30.49201202392578,
reinforce,0.0,2,955,71.57591383413947,54,0.009192943572998047,9.500568866729736,,,56.03415298461914,56.03415298461914,,,32.3763427734375,32.3763427734375,
reinforce,0.0,2,956,80.54308194265826,64,0.011075973510742188,9.51186990737915,,,70.15790557861328,70.15790557861328,,,34.99565505981445,34.99565505981445,
reinforce,0.0,2,957,77.52562141070175,58,0.00993490219116211,9.521957874298096,,,77.84806823730469,77.84806823730469,,,34.061588287353516,34.061588287353516,
reinforce,0.0,2,958,64.88069980768286,49,0.008452177047729492,9.530570983886719,,,54.85663604736328,54.85663604736328,,,30.0827579498291,30.0827579498291,
reinforce,0.0,2,959,80.02774359247933,66,0.010961055755615234,9.5416738986969,,,64.65190124511719,64.65190124511719,,,33.56423568725586,33.56423568725586,
reinforce,0.0,2,960,110.5792174879842,87,0.015074968338012695,9.556893825531006,76.46257616115082,2.5248974281777063,92.46501159667969,92.46501159667969,,,43.82280349731445,43.82280349731445,
reinforce,0.0,2,961,83.74971168833477,64,0.01077580451965332,9.594124794006348,,,76.76608276367188,76.76608276367188,,,35.89060592651367,35.89060592651367,
reinforce,0.0,2,962,102.54141300514064,79,0.013508796691894531,9.607778787612915,,,84.0436019897461,84.0436019897461,,,41.75577163696289,41.75577163696289,
reinforce,0.0,2,963,71.82749058112435,60,0.010205745697021484,9.618156671524048,,,66.18732452392578,66.18732452392578,,,30.625133514404297,30.625133514404297,
reinforce,0.0,2,964,84.11051826510585,69,0.011890888214111328,9.630232810974121,,,75.20463562011719,75.20463562011719,,,34.25911331176758,34.25911331176758,
reinforce,0.0,2,965,66.14031679078984,53,0.009022951126098633,9.639420986175537,,,52.9130859375,52.9130859375,,,29.19510269165039,29.19510269165039,
reinforce,0.0,2,966,82.91937079167343,68,0.011597156524658203,9.651180028915405,,,70.72859191894531,70.72859191894531,,,33.911109924316406,33.911109924316406,
reinforce,0.0,2,967,59.425177619577035,51,0.008809804916381836,9.660144805908203,,,44.0593376159668,44.0593376159668,,,26.21677017211914,26.21677017211914,
reinforce,0.0,2,968,61.02328071830387,54,0.009391069412231445,9.669794082641602,,,60.28804016113281,60.28804016113281,,,26.559009552001953,26.559009552001953,
reinforce,0.0,2,969,68.17384023339234,59,0.009837150573730469,9.67976713180542,,,58.381404876708984,58.381404876708984,,,29.450830459594727,29.450830459594727,
reinforce,0.0,2,970,52.57466023987208,45,0.008041143417358398,9.687973976135254,,,52.074859619140625,52.074859619140625,,,23.775331497192383,23.775331497192383,
reinforce,0.0,2,971,53.56213939761593,51,0.00887918472290039,9.697098016738892,,,44.448123931884766,44.448123931884766,,,23.307100296020508,23.307100296020508,
reinforce,0.0,2,972,70.08626261503392,63,0.010657787322998047,9.707917928695679,,,53.94282531738281,53.94282531738281,,,29.605663299560547,29.605663299560547,
reinforce,0.0,2,973,48.5220649769729,46,0.008315801620483398,9.716400861740112,,,48.486663818359375,48.486663818359375,,,22.008041381835938,22.008041381835938,
reinforce,0.0,2,974,34.64847643544457,36,0.0064239501953125,9.722997903823853,,,28.43616485595703,28.43616485595703,,,15.49382495880127,15.49382495880127,
reinforce,0.0,2,975,42.83028993032576,41,0.0070438385009765625,9.73019289970398,,,36.10877227783203,36.10877227783203,,,19.466445922851562,19.466445922851562,
reinforce,0.0,2,976,37.61927657186347,38,0.006824016571044922,9.737159013748169,,,37.515811920166016,37.515811920166016,,,16.794477462768555,16.794477462768555,
reinforce,0.0,2,977,35.5690973302584,40,0.0069370269775390625,9.744221925735474,,,32.426414489746094,32.426414489746094,,,16.12934112548828,16.12934112548828,
reinforce,0.0,2,978,18.12171761542504,28,0.004869937896728516,9.749233961105347,,,13.545263290405273,13.545263290405273,,,7.2636613845825195,7.2636613845825195,
reinforce,0.0,2,979,15.570674322590273,24,0.0042459964752197266,9.753674983978271,,,11.207786560058594,11.207786560058594,,,5.999154567718506,5.999154567718506,
reinforce,0.0,2,980,32.79817676645412,37,0.00653076171875,9.760332822799683,22.607102470075915,2.58442230261781,29.540740966796875,29.540740966796875,,,14.202280044555664,14.202280044555664,
reinforce,0.0,2,981,18.467973678683823,29,0.005177021026611328,9.779440879821777,,,13.514322280883789,13.514322280883789,,,7.508833885192871,7.508833885192871,
reinforce,0.0,2,982,14.1890308951166,22,0.0038099288940429688,9.78340482711792,,,10.224204063415527,10.224204063415527,,,5.357813358306885,5.357813358306885,
reinforce,0.0,2,983,14.465221012718725,24,0.004420042037963867,9.787922859191895,,,13.913551330566406,13.913551330566406,,,5.440420627593994,5.440420627593994,
reinforce,0.0,2,984,8.353728908236132,17,0.0030481815338134766,9.791083097457886,,,5.331515312194824,5.331515312194824,,,2.397049903869629,2.397049903869629,
reinforce,0.0,2,985,13.536183877653325,21,0.003674745559692383,9.794872760772705,,,8.924623489379883,8.924623489379883,,,4.7779436111450195,4.7779436111450195,
reinforce,0.0,2,986,9.308704365946873,17,0.002966165542602539,9.797940015792847,,,5.206817150115967,5.206817150115967,,,2.8889591693878174,2.8889591693878174,
reinforce,0.0,2,987,11.017298954302047,18,0.003354787826538086,9.801382780075073,,,7.787542343139648,7.787542343139648,,,3.7139244079589844,3.7139244079589844,
reinforce,0.0,2,988,8.942885915457556,17,0.002969980239868164,9.804462909698486,,,6.283745288848877,6.283745288848877,,,2.680741310119629,2.680741310119629,
reinforce,0.0,2,989,8.320291727226742,16,0.003242969512939453,9.807785987854004,,,6.618928909301758,6.618928909301758,,,2.8094191551208496,2.8094191551208496,
reinforce,0.0,2,990,7.894271270734321,15,0.0026590824127197266,9.810580015182495,,,7.435605049133301,7.435605049133301,,,2.401170492172241,2.401170492172241,
reinforce,0.0,2,991,6.800913552933315,14,0.002691030502319336,9.813365936279297,,,4.659119129180908,4.659119129180908,,,1.8647501468658447,1.8647501468658447,
reinforce,0.0,2,992,7.590492277692004,15,0.0026578903198242188,9.816146850585938,,,3.6973111629486084,3.6973111629486084,,,1.973168134689331,1.973168134689331,
reinforce,0.0,2,993,7.598423598575696,15,0.0026140213012695312,9.818838119506836,,,3.4410157203674316,3.4410157203674316,,,2.1636343002319336,2.1636343002319336,
reinforce,0.0,2,994,8.115183717077079,16,0.0030481815338134766,9.822005033493042,,,4.481198787689209,4.481198787689209,,,2.2046682834625244,2.2046682834625244,
reinforce,0.0,2,995,7.547345343146877,16,0.002733945846557617,9.824838876724243,,,2.3451955318450928,2.3451955318450928,,,1.7421824932098389,1.7421824932098389,
reinforce,0.0,2,996,7.2663168904548785,14,0.0024192333221435547,9.827338933944702,,,3.767850875854492,3.767850875854492,,,1.973172903060913,1.973172903060913,
reinforce,0.0,2,997,7.599621147680116,14,0.0024192333221435547,9.829857110977173,,,6.005606174468994,6.005606174468994,,,2.349419355392456,2.349419355392456,
reinforce,0.0,2,998,6.072848187555689,13,0.002248048782348633,9.832170963287354,,,2.1646728515625,2.1646728515625,,,1.4981200695037842,1.4981200695037842,
reinforce,0.0,2,999,7.9755096411435416,16,0.003042936325073242,9.835271835327148,,,4.814480304718018,4.814480304718018,,,1.980327844619751,1.980327844619751,
reinforce,0.0,2,1000,7.292095437793257,14,0.002557039260864258,9.837939023971558,6.561843963663932,0.4677335210265005,3.5969510078430176,3.5969510078430176,,,2.246314525604248,2.246314525604248,
