algo,ac_variant,n_steps,baseline,seed,episode,episode_return,episode_steps,episode_time_sec,elapsed_time_sec,eval_mean_return,eval_std_return,loss,policy_loss,value_loss,entropy,mean_return,mean_advantage,advantage
actor_critic,n_step,10,,1,1,24.755170343121033,22,0.05022692680358887,0.050231218338012695,,,78.48709869384766,18.287202835083008,85.99984741210938,2.156815528869629,8.784208297729492,8.774264335632324,8.774264335632324
actor_critic,n_step,10,,1,2,30.862801266254696,36,0.007838249206542969,0.05820727348327637,,,56.999107360839844,18.18033790588379,55.45539093017578,2.156315803527832,7.157651901245117,7.044212818145752,7.044212818145752
actor_critic,n_step,10,,1,3,34.40583015359072,27,0.005749225616455078,0.0640861988067627,,,107.02302551269531,19.4335880279541,125.12776947021484,2.1566529273986816,10.830290794372559,10.451940536499023,10.451940536499023
actor_critic,n_step,10,,1,4,10.754284904114735,12,0.0026912689208984375,0.06691932678222656,,,32.26283264160156,11.173982620239258,30.12693214416504,2.156355619430542,5.246884346008301,4.710667133331299,4.710667133331299
actor_critic,n_step,10,,1,5,104.18687519804085,67,0.014330863952636719,0.08138108253479004,,,182.06826782226562,31.219650268554688,215.49803161621094,2.156266689300537,14.669244766235352,14.15894889831543,14.15894889831543
actor_critic,n_step,10,,1,6,19.25262421854662,19,0.0040819644927978516,0.08561515808105469,,,62.89826583862305,21.29560089111328,59.43238067626953,2.1562492847442627,7.788125514984131,7.026911735534668,7.026911735534668
actor_critic,n_step,10,,1,7,16.478899575135795,16,0.003640890121459961,0.08940911293029785,,,46.801414489746094,11.284326553344727,50.73869323730469,2.1564648151397705,7.457837104797363,6.390255928039551,6.390255928039551
actor_critic,n_step,10,,1,8,14.539528109954412,17,0.0034821033477783203,0.09302234649658203,,,36.92603302001953,10.310552597045898,38.02211380004883,2.156515598297119,6.079278945922852,5.061265468597412,5.061265468597412
actor_critic,n_step,10,,1,9,16.339484009866176,16,0.003751993179321289,0.09688115119934082,,,48.385921478271484,11.79835033416748,52.2679557800293,2.1565141677856445,7.733983993530273,6.335842132568359,6.335842132568359
actor_critic,n_step,10,,1,10,18.52371164997974,18,0.003690004348754883,0.10070514678955078,,,51.7257194519043,13.735575675964355,54.27163314819336,2.156393527984619,8.206417083740234,6.580260753631592,6.580260753631592
actor_critic,n_step,10,,1,11,9.900502735260124,12,0.002971172332763672,0.10384631156921387,,,23.971620559692383,7.95952844619751,22.874418258666992,2.156280279159546,5.087123870849609,3.5737361907958984,3.5737361907958984
actor_critic,n_step,10,,1,12,16.948935726803516,19,0.003901958465576172,0.10787200927734375,,,40.783077239990234,10.62990951538086,43.07595443725586,2.1561691761016846,7.014110565185547,5.400452136993408,5.400452136993408
actor_critic,n_step,10,,1,13,14.23615712649692,15,0.0035088062286376953,0.11149311065673828,,,34.77629852294922,7.728641510009766,38.63951110839844,2.1560349464416504,6.980547904968262,4.884883403778076,4.884883403778076
actor_critic,n_step,10,,1,14,23.733759305701962,22,0.00469517707824707,0.1163172721862793,,,69.20372009277344,17.39522361755371,74.01213836669922,2.15573787689209,9.507782936096191,7.5510101318359375,7.5510101318359375
actor_critic,n_step,10,,1,15,36.0565842500155,31,0.006298065185546875,0.12275123596191406,,,85.84312438964844,15.970113754272461,99.81858825683594,2.155517339706421,11.197945594787598,9.09755802154541,9.09755802154541
actor_critic,n_step,10,,1,16,18.68154387770448,23,0.005231142044067383,0.12811636924743652,,,47.041133880615234,10.445700645446777,52.27919006347656,2.1551673412323,7.264704704284668,5.421079635620117,5.421079635620117
actor_critic,n_step,10,,1,17,54.65094346006517,47,0.009904861450195312,0.13818597793579102,,,97.5470199584961,21.168733596801758,109.11184692382812,2.1547932624816895,11.561296463012695,9.537428855895996,9.537428855895996
actor_critic,n_step,10,,1,18,33.76151388700178,30,0.0061800479888916016,0.14452028274536133,,,79.0490493774414,18.86376953125,85.97897338867188,2.154513359069824,10.741055488586426,8.177501678466797,8.177501678466797
actor_critic,n_step,10,,1,19,33.71844819657275,28,0.005834341049194336,0.15059137344360352,,,89.81756591796875,17.39799690246582,103.45652770996094,2.154287576675415,11.78156852722168,9.08338451385498,9.08338451385498
actor_critic,n_step,10,,1,20,35.21383105315601,33,0.006926059722900391,0.15766119956970215,54.11107742019392,1.6584262659560136,79.68492126464844,19.9973201751709,85.26799774169922,2.1539735794067383,10.670063972473145,8.003069877624512,8.003069877624512
actor_critic,n_step,10,,1,21,52.1475663624969,50,0.01036381721496582,0.1921982765197754,,,80.7851791381836,19.860013961791992,87.03594970703125,2.1538264751434326,11.17531967163086,8.519554138183594,8.519554138183594
actor_critic,n_step,10,,1,22,19.8538269501459,19,0.003972291946411133,0.19630837440490723,,,48.73686218261719,13.285163879394531,50.645286560058594,2.1537907123565674,9.303943634033203,5.763283729553223,5.763283729553223
actor_critic,n_step,10,,1,23,57.586038325823736,45,0.009348869323730469,0.20577096939086914,,,111.03926086425781,21.61438751220703,127.74982452392578,2.153766393661499,13.590868949890137,10.335382461547852,10.335382461547852
actor_critic,n_step,10,,1,24,42.01778229797977,39,0.008299112319946289,0.21422123908996582,,,75.58689880371094,19.266651153564453,80.4574966430664,2.1537230014801025,11.30309009552002,8.00249195098877,8.00249195098877
actor_critic,n_step,10,,1,25,90.50941366707325,69,0.013868093490600586,0.22826528549194336,,,122.915283203125,21.753305435180664,144.51712036132812,2.153820037841797,14.669036865234375,11.1985445022583,11.1985445022583
actor_critic,n_step,10,,1,26,44.93541648804768,33,0.006864070892333984,0.23528122901916504,,,117.08935546875,20.088897705078125,138.57208251953125,2.153822660446167,14.202715873718262,10.105892181396484,10.105892181396484
actor_critic,n_step,10,,1,27,98.96476027185915,79,0.01600193977355957,0.2514181137084961,,,115.0825424194336,22.376495361328125,132.4372100830078,2.15378737449646,14.319807052612305,10.652443885803223,10.652443885803223
actor_critic,n_step,10,,1,28,144.19626306346376,113,0.022687196731567383,0.2742922306060791,,,126.15747833251953,21.430864334106445,149.6094512939453,2.1537415981292725,14.854921340942383,11.218045234680176,11.218045234680176
actor_critic,n_step,10,,1,29,144.21704194324798,109,0.0216672420501709,0.29617834091186523,,,134.46649169921875,26.742156982421875,153.8919219970703,2.153594732284546,15.152528762817383,11.473332405090332,11.473332405090332
actor_critic,n_step,10,,1,30,91.65364640650624,76,0.015233993530273438,0.3115870952606201,,,107.56813049316406,22.155414581298828,122.0181655883789,2.153553009033203,14.261746406555176,10.135162353515625,10.135162353515625
actor_critic,n_step,10,,1,31,64.07791054133581,44,0.008739233016967773,0.32048630714416504,,,144.97923278808594,30.151315689086914,164.03988647460938,2.153531551361084,16.26755714416504,11.37501335144043,11.37501335144043
actor_critic,n_step,10,,1,32,61.83085119654975,52,0.010933160781860352,0.3315603733062744,,,102.93898010253906,21.283437728881836,116.65077209472656,2.1536574363708496,13.64713191986084,9.138533592224121,9.138533592224121
actor_critic,n_step,10,,1,33,107.6377699939617,73,0.014641284942626953,0.34636735916137695,,,158.29010009765625,27.584550857543945,186.7222137451172,2.15383243560791,17.217016220092773,12.438926696777344,12.438926696777344
actor_critic,n_step,10,,1,34,134.6042385786667,114,0.02249288558959961,0.3690171241760254,,,112.73652648925781,23.155590057373047,127.9727783203125,2.154017210006714,14.427212715148926,10.167370796203613,10.167370796203613
actor_critic,n_step,10,,1,35,100.57883437406588,67,0.013529777526855469,0.3826780319213867,,,155.33314514160156,27.07841682434082,183.22105407714844,2.154240369796753,17.90450096130371,12.380411148071289,12.380411148071289
actor_critic,n_step,10,,1,36,148.57824982520373,103,0.02041006088256836,0.40323925018310547,,,152.7109832763672,25.142559051513672,182.24061584472656,2.1544673442840576,17.726715087890625,12.414170265197754,12.414170265197754
actor_critic,n_step,10,,1,37,136.06543556372742,94,0.018625974655151367,0.4220421314239502,,,153.82908630371094,26.688976287841797,181.6287384033203,2.154604911804199,17.6777400970459,12.464229583740234,12.464229583740234
actor_critic,n_step,10,,1,38,127.79241608719808,99,0.02033209800720215,0.4425332546234131,,,116.03842163085938,20.985240936279297,135.79025268554688,2.154729127883911,16.4947452545166,10.798166275024414,10.798166275024414
actor_critic,n_step,10,,1,39,92.50186574119604,61,0.012160062789916992,0.454862117767334,,,160.95565795898438,29.524709701538086,187.75851440429688,2.15470814704895,18.673248291015625,12.342382431030273,12.342382431030273
actor_critic,n_step,10,,1,40,100.93086533653228,81,0.01638484001159668,0.4715301990509033,134.87750030692968,0.938517724727337,114.44206237792969,21.872533798217773,132.2421875,2.1547560691833496,16.03348159790039,10.282888412475586,10.282888412475586
actor_critic,n_step,10,,1,41,86.77651874643533,58,0.011790752410888672,0.527799129486084,,,147.71812438964844,25.441707611083984,174.68060302734375,2.1547927856445312,18.73272132873535,11.937468528747559,11.937468528747559
actor_critic,n_step,10,,1,42,109.46727079465745,87,0.017493009567260742,0.5454273223876953,,,115.31535339355469,23.39198112487793,131.31910705566406,2.1548235416412354,16.55048370361328,10.372358322143555,10.372358322143555
actor_critic,n_step,10,,1,43,139.57237077443423,96,0.019250154495239258,0.5649902820587158,,,147.1983642578125,27.728904724121094,170.67066955566406,2.1549205780029297,18.982542037963867,12.098350524902344,12.098350524902344
actor_critic,n_step,10,,1,44,121.14676736572392,68,0.013570785522460938,0.5787220001220703,,,213.42530822753906,31.817895889282227,259.43914794921875,2.155094623565674,22.228818893432617,14.70251178741455,14.70251178741455
actor_critic,n_step,10,,1,45,152.08553316939756,100,0.019788026809692383,0.5986590385437012,,,166.40548706054688,29.23311424255371,195.96054077148438,2.155259132385254,19.932723999023438,12.753413200378418,12.753413200378418
actor_critic,n_step,10,,1,46,31.655879683410674,26,0.005290031433105469,0.6040811538696289,,,68.27752685546875,11.529241561889648,81.06897735595703,2.155458688735962,14.527558326721191,6.394107341766357,6.394107341766357
actor_critic,n_step,10,,1,47,84.91782785397665,73,0.0144500732421875,0.6186890602111816,,,98.5660171508789,19.36125946044922,113.149658203125,2.1555676460266113,16.115049362182617,9.15137767791748,9.15137767791748
actor_critic,n_step,10,,1,48,78.34804737407187,55,0.011038064956665039,0.6298692226409912,,,143.1142578125,25.345609664916992,168.2409210205078,2.1556568145751953,18.236907958984375,10.779081344604492,10.779081344604492
actor_critic,n_step,10,,1,49,146.4690829744358,105,0.02055978775024414,0.6506130695343018,,,140.546630859375,24.689254760742188,165.5105438232422,2.155813694000244,19.074623107910156,11.544937133789062,11.544937133789062
actor_critic,n_step,10,,1,50,66.88371981152035,45,0.009004831314086914,0.6597671508789062,,,135.96861267089844,21.85933494567871,163.0132598876953,2.155949592590332,19.373958587646484,10.780362129211426,10.780362129211426
actor_critic,n_step,10,,1,51,84.53024588369978,57,0.011873006820678711,0.6717700958251953,,,145.08758544921875,24.9010009765625,171.6951141357422,2.1560235023498535,19.76766586303711,11.266749382019043,11.266749382019043
actor_critic,n_step,10,,1,52,109.85093971691833,73,0.014663934707641602,0.6866052150726318,,,156.92832946777344,26.37882423400879,186.49929809570312,2.15610671043396,20.364397048950195,11.955058097839355,11.955058097839355
actor_critic,n_step,10,,1,53,76.04943505245424,53,0.010664939880371094,0.6974272727966309,,,145.53366088867188,23.123432159423828,174.8717498779297,2.1561996936798096,18.977327346801758,10.741554260253906,10.741554260253906
actor_critic,n_step,10,,1,54,110.11285329593593,83,0.017077207565307617,0.7146623134613037,,,126.40855407714844,23.118144989013672,147.5577392578125,2.156285285949707,19.097936630249023,10.597688674926758,10.597688674926758
actor_critic,n_step,10,,1,55,127.57912427912768,79,0.015851974487304688,0.7307171821594238,,,180.15740966796875,30.129785537719727,214.32518005371094,2.1563758850097656,22.231447219848633,12.950942039489746,12.950942039489746
actor_critic,n_step,10,,1,56,122.50650114973669,91,0.01865100860595703,0.749528169631958,,,120.94226837158203,20.860109329223633,142.97451782226562,2.1565396785736084,19.49944305419922,10.60649585723877,10.60649585723877
actor_critic,n_step,10,,1,57,125.02788462837263,77,0.015281200408935547,0.764977216720581,,,185.2930450439453,31.25176429748535,220.05897521972656,2.1566073894500732,22.563255310058594,12.996429443359375,12.996429443359375
actor_critic,n_step,10,,1,58,128.30969802334286,82,0.016242027282714844,0.7813761234283447,,,163.86021423339844,23.359432220458984,200.7154083251953,2.1567625999450684,22.07099723815918,12.544672966003418,12.544672966003418
actor_critic,n_step,10,,1,59,151.4381549735472,87,0.0175168514251709,0.7991139888763428,,,202.90794372558594,29.689348220825195,247.45513916015625,2.1566309928894043,24.491485595703125,14.206817626953125,14.206817626953125
actor_critic,n_step,10,,1,60,156.7250291313326,106,0.021118879318237305,0.8203911781311035,128.1541114672643,0.3370350148516104,150.35104370117188,26.024564743041992,177.6092529296875,2.156494140625,21.85891342163086,12.020430564880371,12.020430564880371
actor_critic,n_step,10,,1,61,166.4562943035776,105,0.020910978317260742,0.8795502185821533,,,170.74293518066406,27.654138565063477,204.41256713867188,2.1563796997070312,23.34573745727539,12.89195728302002,12.89195728302002
actor_critic,n_step,10,,1,62,147.29601893137396,104,0.02057814598083496,0.9003183841705322,,,142.586181640625,27.274093627929688,164.73155212402344,2.1562726497650146,21.170969009399414,11.286520004272461,11.286520004272461
actor_critic,n_step,10,,1,63,141.98977410834283,93,0.018682241439819336,0.9191842079162598,,,155.56466674804688,26.729822158813477,184.04977416992188,2.156315565109253,22.886817932128906,12.369941711425781,12.369941711425781
actor_critic,n_step,10,,1,64,161.24471884240208,117,0.023478984832763672,0.9428541660308838,,,128.8545379638672,22.00486183166504,152.64239501953125,2.156364679336548,21.589000701904297,11.075264930725098,11.075264930725098
actor_critic,n_step,10,,1,65,120.35252186249173,86,0.017058134078979492,0.960090160369873,,,128.57464599609375,24.8267822265625,148.2112274169922,2.15628981590271,21.574281692504883,10.767728805541992,10.767728805541992
actor_critic,n_step,10,,1,66,189.77304217116424,127,0.025337934494018555,0.9856083393096924,,,152.042724609375,25.71515655517578,180.4679412841797,2.156299352645874,23.225534439086914,12.211936950683594,12.211936950683594
actor_critic,n_step,10,,1,67,175.69223037341274,130,0.025226831436157227,1.0110089778900146,,,123.3423843383789,22.537267684936523,144.00730895996094,2.156270980834961,21.752941131591797,10.856486320495605,10.856486320495605
actor_critic,n_step,10,,1,68,328.1512831947884,172,0.03342175483703613,1.044619083404541,,,243.05690002441406,36.20207595825195,295.50689697265625,2.156186819076538,27.69758415222168,16.456281661987305,16.456281661987305
actor_critic,n_step,10,,1,69,187.67070662956593,145,0.028547286987304688,1.0733623504638672,,,111.47955322265625,21.3354549407959,128.77728271484375,2.156141757965088,21.227880477905273,10.370550155639648,10.370550155639648
actor_critic,n_step,10,,1,70,361.4858028764735,212,0.04220914840698242,1.1157550811767578,,,200.77020263671875,31.82562828063965,241.3494110107422,2.156022787094116,25.731325149536133,14.614109992980957,14.614109992980957
actor_critic,n_step,10,,1,71,370.2343167194071,217,0.04148507118225098,1.1574182510375977,,,196.23568725585938,31.406373977661133,235.47044372558594,2.1559295654296875,25.840211868286133,14.569724082946777,14.569724082946777
actor_critic,n_step,10,,1,72,301.9983532280271,150,0.029198169708251953,1.186793327331543,,,261.6250915527344,36.22316360473633,322.00274658203125,2.1558549404144287,29.346393585205078,17.09720802307129,17.09720802307129
actor_critic,n_step,10,,1,73,158.34684962809416,120,0.02363276481628418,1.2106070518493652,,,118.14775085449219,20.450260162353516,139.56784057617188,2.155773162841797,21.875520706176758,10.316168785095215,10.316168785095215
actor_critic,n_step,10,,1,74,371.4247986178136,252,0.04877519607543945,1.2595913410186768,,,157.23797607421875,27.027437210083008,186.0150604248047,2.1555960178375244,23.92177391052246,12.4081449508667,12.4081449508667
actor_critic,n_step,10,,1,75,397.41017912910155,242,0.04693198204040527,1.3067090511322021,,,183.43289184570312,30.080204010009766,219.07528686523438,2.155456781387329,25.86090087890625,13.937689781188965,13.937689781188965
actor_critic,n_step,10,,1,76,400.8903435330257,249,0.04772830009460449,1.3546192646026611,,,175.84912109375,29.822799682617188,208.60903930664062,2.155343770980835,25.61720848083496,13.628690719604492,13.628690719604492
actor_critic,n_step,10,,1,77,379.5220297426283,223,0.04298210144042969,1.397787094116211,,,194.49842834472656,30.817813873291016,233.82945251464844,2.155275583267212,26.745948791503906,14.405158042907715,14.405158042907715
actor_critic,n_step,10,,1,78,332.88836716577714,179,0.034502267837524414,1.432476282119751,,,225.34967041015625,34.417503356933594,272.7602233886719,2.155202627182007,28.620616912841797,15.676790237426758,15.676790237426758
actor_critic,n_step,10,,1,79,323.0579600008557,215,0.041773080825805664,1.4744281768798828,,,146.13197326660156,24.968265533447266,173.09100341796875,2.1551895141601562,25.213394165039062,12.419034004211426,12.419034004211426
actor_critic,n_step,10,,1,80,333.19427447960646,185,0.03597116470336914,1.5105762481689453,404.188498923806,3.8902176420212693,210.96693420410156,30.95479393005371,257.16021728515625,2.1550538539886475,28.24563217163086,15.116974830627441,15.116974830627441
actor_critic,n_step,10,,1,81,315.17275201571044,170,0.033215999603271484,1.6549701690673828,,,226.972412109375,34.370689392089844,275.14532470703125,2.154834747314453,28.864349365234375,15.520424842834473,15.520424842834473
actor_critic,n_step,10,,1,82,344.3047046533683,185,0.03623318672180176,1.6913702487945557,,,226.47573852539062,33.95313262939453,275.0323181152344,2.154675245285034,28.971548080444336,15.647336959838867,15.647336959838867
actor_critic,n_step,10,,1,83,275.1422537312107,140,0.027271747589111328,1.7188169956207275,,,245.9871826171875,35.30784225463867,300.9704895019531,2.1545448303222656,30.152828216552734,16.34893226623535,16.34893226623535
actor_critic,n_step,10,,1,84,308.0725510191102,153,0.029445886611938477,1.7484312057495117,,,260.387939453125,36.536556243896484,319.7877197265625,2.1544296741485596,30.814584732055664,16.887807846069336,16.887807846069336
actor_critic,n_step,10,,1,85,323.4387909507016,177,0.03416609764099121,1.7827770709991455,,,215.85679626464844,33.31210708618164,260.77813720703125,2.1543357372283936,29.17503547668457,15.260139465332031,15.260139465332031
actor_critic,n_step,10,,1,86,301.081256801195,156,0.03013300895690918,1.813082218170166,,,236.7392120361328,34.49922180175781,288.9142761230469,2.154285430908203,30.285293579101562,16.048933029174805,16.048933029174805
actor_critic,n_step,10,,1,87,196.92564129963407,101,0.019717931747436523,1.8329811096191406,,,241.4591064453125,34.45555877685547,295.7193603515625,2.15423846244812,29.83712387084961,15.64084529876709,15.64084529876709
actor_critic,n_step,10,,1,88,325.0376489483028,177,0.034301042556762695,1.8674461841583252,,,218.03225708007812,31.575809478759766,266.3663635253906,2.154226303100586,29.446327209472656,15.26999568939209,15.26999568939209
actor_critic,n_step,10,,1,89,183.20308472799525,104,0.02064204216003418,1.8882591724395752,,,193.2451934814453,27.383359909057617,236.9454803466797,2.154156446456909,28.21735954284668,13.93165111541748,13.93165111541748
actor_critic,n_step,10,,1,90,143.059078686177,76,0.014971256256103516,1.9033372402191162,,,220.84779357910156,29.033618927001953,274.020263671875,2.1539764404296875,28.788982391357422,14.459724426269531,14.459724426269531
actor_critic,n_step,10,,1,91,227.48467936920403,127,0.025504112243652344,1.928981065750122,,,209.57864379882812,31.0659122467041,255.01817321777344,2.153764247894287,28.64934730529785,14.465155601501465,14.465155601501465
actor_critic,n_step,10,,1,92,192.3994299363837,100,0.01997685432434082,1.9491581916809082,,,229.93959045410156,30.663089752197266,284.68072509765625,2.153573513031006,30.02542495727539,15.274845123291016,15.274845123291016
actor_critic,n_step,10,,1,93,236.6533560216704,119,0.02401113510131836,1.973344087600708,,,248.54254150390625,35.433982849121094,304.4407958984375,2.1533377170562744,31.118289947509766,16.199342727661133,16.199342727661133
actor_critic,n_step,10,,1,94,139.27851135409526,80,0.016354799270629883,1.9898681640625,,,189.0849609375,27.15099334716797,231.33425903320312,2.1531550884246826,27.440587997436523,13.103106498718262,13.103106498718262
actor_critic,n_step,10,,1,95,130.44617528577234,69,0.014603137969970703,2.004678249359131,,,223.32989501953125,32.958099365234375,271.959716796875,2.1529505252838135,29.104515075683594,14.111496925354004,14.111496925354004
actor_critic,n_step,10,,1,96,203.00153553950472,108,0.021965980529785156,2.026794195175171,,,221.58978271484375,30.569927215576172,272.885498046875,2.152833938598633,30.092561721801758,14.966819763183594,14.966819763183594
actor_critic,n_step,10,,1,97,155.21508149896525,78,0.01602625846862793,2.042987108230591,,,244.9307098388672,31.387807846069336,305.0613098144531,2.152667760848999,30.638286590576172,15.295141220092773,15.295141220092773
actor_critic,n_step,10,,1,98,136.06858046295628,71,0.014927148818969727,2.058079242706299,,,229.56314086914062,33.69882583618164,279.8061828613281,2.1524477005004883,29.675506591796875,14.381610870361328,14.381610870361328
actor_critic,n_step,10,,1,99,218.46165156424436,117,0.023904085159301758,2.0821471214294434,,,235.9691925048828,29.392549514770508,295.1094970703125,2.152374029159546,30.063613891601562,15.09094524383545,15.09094524383545
actor_critic,n_step,10,,1,100,217.90349280594606,120,0.024858713150024414,2.107117176055908,142.44809973017547,1.2786798144831724,210.90550231933594,29.60841178894043,258.995849609375,2.152214765548706,29.63661766052246,14.464679718017578,14.464679718017578
actor_critic,n_step,10,,1,101,238.18424205034995,118,0.023375988006591797,2.164605140686035,,,258.41302490234375,36.20825958251953,317.4353942871094,2.1520090103149414,32.12910842895508,16.298748016357422,16.298748016357422
actor_critic,n_step,10,,1,102,172.32347118094506,84,0.017553329467773438,2.182335376739502,,,268.9621887207031,37.3735466003418,330.8409118652344,2.1518502235412598,31.764827728271484,16.013540267944336,16.013540267944336
actor_critic,n_step,10,,1,103,172.42726879181856,90,0.01784205436706543,2.2003462314605713,,,228.33250427246094,29.506099700927734,284.0377197265625,2.151813268661499,30.62056541442871,14.806034088134766,14.806034088134766
actor_critic,n_step,10,,1,104,257.5014117434258,127,0.025059938430786133,2.2255702018737793,,,262.542236328125,35.179054260253906,324.8045654296875,2.1517117023468018,32.37444305419922,16.480934143066406,16.480934143066406
actor_critic,n_step,10,,1,105,233.13254930167625,113,0.022053241729736328,2.247826337814331,,,265.5590515136719,34.72848892211914,329.7579650878906,2.151606798171997,32.80912399291992,16.53908348083496,16.53908348083496
actor_critic,n_step,10,,1,106,126.16565036827599,68,0.015022993087768555,2.2630221843719482,,,207.78814697265625,26.97327423095703,258.30694580078125,2.1514782905578613,29.52191925048828,13.512860298156738,13.512860298156738
actor_critic,n_step,10,,1,107,279.37566538485004,131,0.031213045120239258,2.2944140434265137,,,290.3994445800781,41.78425216674805,355.16455078125,2.1513118743896484,33.805179595947266,17.42681312561035,17.42681312561035
actor_critic,n_step,10,,1,108,267.32907598367945,127,0.031054258346557617,2.325690269470215,,,277.83172607421875,40.23658752441406,339.421630859375,2.1513209342956543,33.55058288574219,17.075008392333984,17.075008392333984
actor_critic,n_step,10,,1,109,250.06367018020902,112,0.024263858795166016,2.3501172065734863,,,313.3521728515625,38.54777145385742,392.5777282714844,2.1514968872070312,34.73507308959961,18.10857391357422,18.10857391357422
actor_critic,n_step,10,,1,110,281.1041949339631,135,0.028242111206054688,2.3785600662231445,,,268.33404541015625,34.159576416015625,334.53497314453125,2.1516456604003906,33.689002990722656,16.92230987548828,16.92230987548828
actor_critic,n_step,10,,1,111,262.9695554233509,127,0.025547027587890625,2.404283285140991,,,272.3778991699219,40.498661041259766,331.25604248046875,2.151667594909668,33.325164794921875,16.714977264404297,16.714977264404297
actor_critic,n_step,10,,1,112,265.8527127432867,118,0.02303004264831543,2.427492141723633,,,319.448974609375,38.8105354309082,400.91204833984375,2.151827096939087,35.12384796142578,18.317352294921875,18.317352294921875
actor_critic,n_step,10,,1,113,303.0217033702631,169,0.032763004302978516,2.4604291915893555,,,203.04281616210938,32.423912048339844,243.74130249023438,2.1519622802734375,31.128570556640625,14.408474922180176,14.408474922180176
actor_critic,n_step,10,,1,114,290.63056850662696,129,0.02488398551940918,2.485490322113037,,,319.201171875,40.036624908447266,398.8065185546875,2.1521332263946533,35.49297332763672,18.435466766357422,18.435466766357422
actor_critic,n_step,10,,1,115,278.8353190195848,137,0.027092933654785156,2.5127370357513428,,,258.5763854980469,34.800533294677734,319.6798095703125,2.1523048877716064,33.436649322509766,16.46131134033203,16.46131134033203
actor_critic,n_step,10,,1,116,289.01931676037697,146,0.028125762939453125,2.5410239696502686,,,238.89027404785156,32.74968338012695,294.486572265625,2.152439594268799,33.080413818359375,15.98456859588623,15.98456859588623
actor_critic,n_step,10,,1,117,305.9325872794731,170,0.03322601318359375,2.574402093887329,,,202.2111358642578,32.51535415649414,242.42254638671875,2.1524317264556885,31.622346878051758,14.45064926147461,14.45064926147461
actor_critic,n_step,10,,1,118,306.6089128058746,154,0.030074119567871094,2.604635238647461,,,254.34506225585938,34.85956573486328,313.55072021484375,2.1525039672851562,33.19355773925781,16.1411075592041,16.1411075592041
actor_critic,n_step,10,,1,119,322.0098988160209,175,0.03415799140930176,2.638932228088379,,,207.77047729492188,32.841819763183594,249.89808654785156,2.1525723934173584,32.18069076538086,14.819037437438965,14.819037437438965
actor_critic,n_step,10,,1,120,298.99383236663897,148,0.028934955596923828,2.6680052280426025,365.01475266251055,0.5951703167812777,252.94393920898438,33.337196350097656,313.72393798828125,2.152707815170288,33.58572769165039,16.334430694580078,16.334430694580078
actor_critic,n_step,10,,1,121,318.2587790113049,157,0.030638933181762695,2.7913200855255127,,,255.11053466796875,36.48603057861328,312.3207092285156,2.1527538299560547,34.10591125488281,16.466283798217773,16.466283798217773
actor_critic,n_step,10,,1,122,377.22150101423944,215,0.04096794128417969,2.832465171813965,,,201.96022033691406,30.3201904296875,245.20004272460938,2.1528239250183105,31.547657012939453,14.190417289733887,14.190417289733887
actor_critic,n_step,10,,1,123,134.33764367199558,94,0.01872992515563965,2.851365089416504,,,120.74563598632812,19.13936996459961,145.1518096923828,2.152878522872925,27.1336612701416,9.895808219909668,9.895808219909668
actor_critic,n_step,10,,1,124,30.2610130490891,27,0.005486011505126953,2.857027053833008,,,65.654296875,1.9185330867767334,91.05109405517578,2.152815580368042,18.93157958984375,1.9458602666854858,1.9458602666854858
actor_critic,n_step,10,,1,125,313.0555416451183,155,0.030413150787353516,2.8875603675842285,,,251.23648071289062,33.80986785888672,310.60943603515625,2.1527040004730225,34.2188835144043,16.306888580322266,16.306888580322266
actor_critic,n_step,10,,1,126,312.67262201613073,141,0.027344942092895508,2.9150819778442383,,,314.27789306640625,40.37443923950195,391.2906188964844,2.1525654792785645,35.80685043334961,18.12555694580078,18.12555694580078
actor_critic,n_step,10,,1,127,318.3097658846529,159,0.031005144119262695,2.946270227432251,,,253.1885223388672,34.6248664855957,312.2337951660156,2.1524879932403564,33.97077178955078,16.190584182739258,16.190584182739258
actor_critic,n_step,10,,1,128,324.8571933567465,150,0.028696060180664062,2.9751641750335693,,,303.87530517578125,37.89244079589844,379.9754943847656,2.1524088382720947,35.33064270019531,17.6877498626709,17.6877498626709
actor_critic,n_step,10,,1,129,331.4998263590542,157,0.030904054641723633,3.0062482357025146,,,299.3617858886719,40.75246047973633,369.4418640136719,2.1523327827453613,34.9466667175293,17.25663948059082,17.25663948059082
actor_critic,n_step,10,,1,130,338.54833883661695,169,0.03396797180175781,3.0403971672058105,,,254.17893981933594,35.04110336303711,313.0540466308594,2.1523663997650146,34.21070098876953,16.253751754760742,16.253751754760742
actor_critic,n_step,10,,1,131,21.465526919112158,21,0.005146026611328125,3.0457332134246826,,,61.64897155761719,-0.4287950396537781,88.68252563476562,2.152395725250244,15.85980224609375,-1.6237924098968506,-1.6237924098968506
actor_critic,n_step,10,,1,132,371.7687329199643,196,0.03958916664123535,3.085447311401367,,,228.01028442382812,31.86537742614746,280.20703125,2.1525912284851074,33.49734115600586,15.352347373962402,15.352347373962402
actor_critic,n_step,10,,1,133,37.672643921950076,30,0.006165981292724609,3.0917842388153076,,,88.44774627685547,9.860249519348145,112.26785278320312,2.152707099914551,21.518077850341797,3.5507760047912598,3.5507760047912598
actor_critic,n_step,10,,1,134,22.330902111744333,22,0.0049440860748291016,3.0968892574310303,,,59.98622512817383,-2.227003812789917,88.87604522705078,2.1528642177581787,16.132732391357422,-1.1623612642288208,-1.1623612642288208
actor_critic,n_step,10,,1,135,28.605322975626343,25,0.005131959915161133,3.1021790504455566,,,73.61295318603516,2.8151137828826904,101.13976287841797,2.15301251411438,18.77198028564453,1.1181232929229736,1.1181232929229736
actor_critic,n_step,10,,1,136,350.2538477812389,161,0.031603097915649414,3.133934259414673,,,301.7809753417969,40.27417755126953,373.5811462402344,2.1531569957733154,36.077125549316406,17.76485824584961,17.76485824584961
actor_critic,n_step,10,,1,137,34.70303130590167,33,0.007272005081176758,3.141388177871704,,,67.03470611572266,5.0318779945373535,88.57546997070312,2.1533546447753906,19.838045120239258,2.31536602973938,2.31536602973938
actor_critic,n_step,10,,1,138,349.6026067831703,187,0.038099050521850586,3.179760217666626,,,217.7191925048828,32.064579010009766,265.22088623046875,2.1535396575927734,33.74081039428711,14.994763374328613,14.994763374328613
actor_critic,n_step,10,,1,139,424.2985827006079,253,0.04882311820983887,3.22874116897583,,,174.20066833496094,28.57732582092285,208.03334045410156,2.153700113296509,32.08335876464844,13.432894706726074,13.432894706726074
actor_critic,n_step,10,,1,140,353.48874637689494,194,0.03685498237609863,3.2657792568206787,365.1698115748487,2.242922119711218,201.86065673828125,31.12058448791504,243.9143829345703,2.153820037841797,33.460330963134766,14.543630599975586,14.543630599975586
actor_critic,n_step,10,,1,141,219.32967966133674,143,0.02761673927307129,3.3952109813690186,,,142.78903198242188,23.423906326293945,170.5216064453125,2.153918504714966,30.043365478515625,11.400898933410645,11.400898933410645
actor_critic,n_step,10,,1,142,366.3416448441303,222,0.04254889488220215,3.4379210472106934,,,163.11370849609375,26.05845832824707,195.793212890625,2.153939723968506,32.01850891113281,13.026632308959961,13.026632308959961
actor_critic,n_step,10,,1,143,282.6995629411942,189,0.03622913360595703,3.474344253540039,,,133.613525390625,23.600460052490234,157.16151428222656,2.1538350582122803,30.256813049316406,11.37745475769043,11.37745475769043
actor_critic,n_step,10,,1,144,129.7345836091244,89,0.017847776412963867,3.492372989654541,,,124.58331298828125,23.097543716430664,144.97967529296875,2.1536715030670166,28.465856552124023,9.810894966125488,9.810894966125488
actor_critic,n_step,10,,1,145,319.9161308521917,205,0.039640188217163086,3.5321803092956543,,,146.52630615234375,26.025026321411133,172.14468383789062,2.153568744659424,31.235248565673828,12.064070701599121,12.064070701599121
actor_critic,n_step,10,,1,146,248.97409650175564,158,0.03011608123779297,3.5625152587890625,,,149.30075073242188,25.564197540283203,176.76651000976562,2.1534876823425293,31.14286231994629,11.880095481872559,11.880095481872559
actor_critic,n_step,10,,1,147,236.93469741278474,163,0.030910253524780273,3.593602180480957,,,133.5487518310547,24.607784271240234,155.6299591064453,2.15342116355896,29.862733840942383,10.767016410827637,10.767016410827637
actor_critic,n_step,10,,1,148,270.290326554972,182,0.03495621681213379,3.628765344619751,,,133.78343200683594,23.99213981628418,156.84471130371094,2.153474807739258,30.521469116210938,11.170254707336426,11.170254707336426
actor_critic,n_step,10,,1,149,227.83988607319316,152,0.029647111892700195,3.6586103439331055,,,136.5195770263672,24.45437240600586,160.09315490722656,2.1535189151763916,30.493741989135742,11.109397888183594,11.109397888183594
actor_critic,n_step,10,,1,150,239.75077215009932,167,0.03243589401245117,3.69120717048645,,,126.26139831542969,21.903844833374023,149.08221435546875,2.153644561767578,29.98832130432129,10.605803489685059,10.605803489685059
actor_critic,n_step,10,,1,151,333.87909933791593,214,0.040985822677612305,3.732365131378174,,,144.4634552001953,24.704750061035156,171.0838623046875,2.153644561767578,31.72569465637207,12.01021957397461,12.01021957397461
actor_critic,n_step,10,,1,152,142.97794329337464,95,0.01852107048034668,3.7510602474212646,,,131.13136291503906,21.572223663330078,156.5130615234375,2.1535682678222656,29.749645233154297,10.251432418823242,10.251432418823242
actor_critic,n_step,10,,1,153,181.7060729225099,122,0.02385115623474121,3.775085210800171,,,132.934814453125,21.055721282958984,159.82728576660156,2.153477430343628,30.28936004638672,10.570473670959473,10.570473670959473
actor_critic,n_step,10,,1,154,269.8156427212499,174,0.033566951751708984,3.808828115463257,,,145.92416381835938,26.48723793029785,170.62417602539062,2.1533026695251465,31.58080291748047,11.666272163391113,11.666272163391113
actor_critic,n_step,10,,1,155,237.09159302280233,154,0.029479026794433594,3.838491201400757,,,143.71192932128906,24.072114944458008,170.9140167236328,2.1532845497131348,31.33905029296875,11.390165328979492,11.390165328979492
actor_critic,n_step,10,,1,156,263.0344049863845,166,0.0319821834564209,3.870648145675659,,,150.58746337890625,26.3851318359375,177.43190002441406,2.153247356414795,32.015464782714844,11.897089958190918,11.897089958190918
actor_critic,n_step,10,,1,157,303.2168437441785,184,0.0353240966796875,3.906144142150879,,,160.80624389648438,27.79979705810547,190.00921630859375,2.1532747745513916,32.841041564941406,12.622686386108398,12.622686386108398
actor_critic,n_step,10,,1,158,371.16316720213115,217,0.04135394096374512,3.9476871490478516,,,175.10426330566406,27.451602935791016,210.93238830566406,2.153339147567749,33.723052978515625,13.38487720489502,13.38487720489502
actor_critic,n_step,10,,1,159,382.31266082719003,220,0.04174613952636719,3.989650249481201,,,182.13543701171875,27.426944732666016,221.01214599609375,2.1533353328704834,34.069427490234375,13.639688491821289,13.639688491821289
actor_critic,n_step,10,,1,160,379.5575688781829,219,0.0419306755065918,4.031754016876221,398.93484548764985,0.9522735254976911,181.03253173828125,29.442176818847656,216.55764770507812,2.1532227993011475,34.08904266357422,13.606139183044434,13.606139183044434
actor_critic,n_step,10,,1,161,339.68087801576524,179,0.03471493721008301,4.168825149536133,,,216.621826171875,30.931201934814453,265.2723388671875,2.153158187866211,35.590824127197266,14.915813446044922,14.915813446044922
actor_critic,n_step,10,,1,162,280.7168121948035,187,0.0359342098236084,4.204904317855835,,,134.4630584716797,24.05536651611328,157.72528076171875,2.1530416011810303,31.627988815307617,11.201214790344238,11.201214790344238
actor_critic,n_step,10,,1,163,389.59262758921267,231,0.04421114921569824,4.249291181564331,,,170.0015106201172,28.178457260131836,202.6043701171875,2.1529369354248047,33.89468002319336,13.164144515991211,13.164144515991211
actor_critic,n_step,10,,1,164,374.4482682244492,216,0.04125404357910156,4.290752172470093,,,181.13217163085938,29.795753479003906,216.19488525390625,2.1528472900390625,34.390708923339844,13.541492462158203,13.541492462158203
actor_critic,n_step,10,,1,165,333.6723077524302,196,0.03781318664550781,4.328745365142822,,,172.45455932617188,28.734935760498047,205.31373596191406,2.152803421020508,33.961875915527344,13.123722076416016,13.123722076416016
actor_critic,n_step,10,,1,166,358.66455368268186,206,0.03898024559020996,4.367891311645508,,,180.22547912597656,28.16480827331543,217.2295379638672,2.152801275253296,34.54653549194336,13.523587226867676,13.523587226867676
actor_critic,n_step,10,,1,167,301.51432298427596,148,0.028232097625732422,4.3962931632995605,,,247.15220642089844,34.76106643676758,303.4159240722656,2.152691125869751,37.0560188293457,15.89549446105957,15.89549446105957
actor_critic,n_step,10,,1,168,410.0813455456562,253,0.04818415641784668,4.444654226303101,,,157.035888671875,26.664146423339844,186.24533081054688,2.1526377201080322,33.699310302734375,12.569985389709473,12.569985389709473
actor_critic,n_step,10,,1,169,337.0647164041825,179,0.03461313247680664,4.479405164718628,,,209.46458435058594,31.142210006713867,254.74624633789062,2.152547836303711,35.97334671020508,14.674433708190918,14.674433708190918
actor_critic,n_step,10,,1,170,351.9449751330405,190,0.03623080253601074,4.515793323516846,,,205.49545288085938,32.78630828857422,246.7273712158203,2.152446985244751,35.80265808105469,14.446989059448242,14.446989059448242
actor_critic,n_step,10,,1,171,270.26137954130866,141,0.02714705467224121,4.54308819770813,,,217.1402130126953,32.86088562011719,263.2561950683594,2.152454376220703,36.043983459472656,14.634275436401367,14.634275436401367
actor_critic,n_step,10,,1,172,379.28737621959255,223,0.041992902755737305,4.585241079330444,,,170.96351623535156,26.698007583618164,206.0935821533203,2.1525192260742188,34.65449523925781,13.176424026489258,13.176424026489258
actor_critic,n_step,10,,1,173,365.551826017811,210,0.039991140365600586,4.625385284423828,,,178.3576202392578,27.948894500732422,214.86959838867188,2.152414321899414,35.03681564331055,13.467482566833496,13.467482566833496
actor_critic,n_step,10,,1,174,320.16504877311723,167,0.03190302848815918,4.6574461460113525,,,216.9697265625,30.664884567260742,266.1497802734375,2.152244806289673,36.53581237792969,14.849983215332031,14.849983215332031
actor_critic,n_step,10,,1,175,307.25718704784094,154,0.029650211334228516,4.687260150909424,,,236.05706787109375,33.42342758178711,289.47662353515625,2.1520209312438965,37.247196197509766,15.466200828552246,15.466200828552246
actor_critic,n_step,10,,1,176,365.2704268802084,212,0.040230751037597656,4.727662086486816,,,177.50559997558594,30.224504470825195,210.40158081054688,2.151824712753296,35.05158996582031,13.281086921691895,13.281086921691895
actor_critic,n_step,10,,1,177,371.08715223314766,216,0.041027069091796875,4.768859148025513,,,174.201416015625,27.362112045288086,209.77044677734375,2.1517598628997803,35.10002899169922,13.257466316223145,13.257466316223145
actor_critic,n_step,10,,1,178,328.40683372175596,176,0.03345370292663574,4.802495956420898,,,205.1904754638672,30.907962799072266,248.97503662109375,2.1516168117523193,36.37043380737305,14.391117095947266,14.391117095947266
actor_critic,n_step,10,,1,179,317.3155218895743,174,0.03318500518798828,4.835856199264526,,,195.96258544921875,31.45249366760254,235.01441955566406,2.151487112045288,36.01374053955078,13.957892417907715,13.957892417907715
actor_critic,n_step,10,,1,180,294.4949541810342,146,0.11370086669921875,4.949733257293701,367.92644513087106,2.144912640971193,237.8373565673828,31.775644302368164,294.3738708496094,2.151477575302124,37.68520736694336,15.522971153259277,15.522971153259277
actor_critic,n_step,10,,1,181,293.279103220982,132,0.031369924545288086,5.098780155181885,,,297.9150085449219,38.1026611328125,371.1604919433594,2.1514227390289307,39.54539489746094,17.29775619506836,17.29775619506836
actor_critic,n_step,10,,1,182,291.58897899565466,140,0.033657073974609375,5.132635116577148,,,255.63209533691406,33.55857467651367,317.2478942871094,2.1514174938201904,38.37046432495117,16.059537887573242,16.059537887573242
actor_critic,n_step,10,,1,183,313.8063286668163,168,0.06819605827331543,5.201102256774902,,,202.4468994140625,27.520015716552734,249.8955535888672,2.1513822078704834,36.666412353515625,14.307720184326172,14.307720184326172
actor_critic,n_step,10,,1,184,278.22628882377813,134,0.028374195098876953,5.229652404785156,,,256.9601745605469,34.78511428833008,317.3929443359375,2.1512060165405273,38.358612060546875,15.910476684570312,15.910476684570312
actor_critic,n_step,10,,1,185,272.78813981382535,135,0.028205156326293945,5.258044242858887,,,240.40353393554688,32.65608215332031,296.7820739746094,2.1510658264160156,37.88957977294922,15.388635635375977,15.388635635375977
actor_critic,n_step,10,,1,186,274.2364957275098,128,0.027259111404418945,5.28550124168396,,,275.52239990234375,37.02962112426758,340.7039489746094,2.150930166244507,39.03239059448242,16.431869506835938,16.431869506835938
actor_critic,n_step,10,,1,187,256.8680130573465,119,0.025347232818603516,5.311068296432495,,,274.55328369140625,31.482933044433594,347.2433776855469,2.150861978530884,39.117950439453125,16.417495727539062,16.417495727539062
actor_critic,n_step,10,,1,188,256.43386050182863,130,0.02702188491821289,5.338273048400879,,,228.67308044433594,31.940088272094727,281.047119140625,2.150648355484009,37.564029693603516,14.813199996948242,14.813199996948242
actor_critic,n_step,10,,1,189,262.2689823090189,126,0.026417970657348633,5.364933252334595,,,256.80511474609375,34.64007568359375,317.378662109375,2.1504733562469482,38.61234664916992,15.767949104309082,15.767949104309082
actor_critic,n_step,10,,1,190,252.18206696577198,111,0.023125171661376953,5.388251304626465,,,316.69921875,37.93849563598633,398.2295837402344,2.1503427028656006,40.22064971923828,17.31367301940918,17.31367301940918
actor_critic,n_step,10,,1,191,231.7401468434047,102,0.021315813064575195,5.409814119338989,,,310.94244384765625,37.29020690917969,390.9317932128906,2.150249481201172,40.09822463989258,17.09609031677246,17.09609031677246
actor_critic,n_step,10,,1,192,232.98962764112096,107,0.02286982536315918,5.432881116867065,,,286.66009521484375,35.32057189941406,359.0564880371094,2.150193214416504,39.362884521484375,16.311595916748047,16.311595916748047
actor_critic,n_step,10,,1,193,236.7632251143938,111,0.022948741912841797,5.456015110015869,,,272.53741455078125,35.557125091552734,338.54327392578125,2.1501519680023193,39.0758171081543,15.93883991241455,15.93883991241455
actor_critic,n_step,10,,1,194,225.6175199682969,101,0.021134138107299805,5.477332353591919,,,304.73541259765625,37.064693450927734,382.3867492675781,2.1501548290252686,39.88105392456055,16.676511764526367,16.676511764526367
actor_critic,n_step,10,,1,195,236.73596688959407,106,0.02215290069580078,5.499705076217651,,,306.6630554199219,36.947269439697266,385.30828857421875,2.1501924991607666,40.048274993896484,16.778657913208008,16.778657913208008
actor_critic,n_step,10,,1,196,235.61649806059432,105,0.022085905075073242,5.522021293640137,,,302.42083740234375,35.13001251220703,381.84405517578125,2.150254249572754,40.19491195678711,16.83843421936035,16.83843421936035
actor_critic,n_step,10,,1,197,230.7177198057142,101,0.02084183692932129,5.543040990829468,,,311.52862548828125,31.51427459716797,400.0205078125,2.150287389755249,40.54033279418945,17.110605239868164,17.110605239868164
actor_critic,n_step,10,,1,198,230.4954446721057,106,0.021732091903686523,5.564956188201904,,,278.6389465332031,31.002729415893555,353.7660217285156,2.1501853466033936,39.668495178222656,16.16130256652832,16.16130256652832
actor_critic,n_step,10,,1,199,225.77853632819955,100,0.019765853881835938,5.584911108016968,,,309.6087951660156,36.20167922973633,390.5815734863281,2.149935483932495,40.386539459228516,16.8083438873291,16.8083438873291
actor_critic,n_step,10,,1,200,226.92490129790554,99,0.0205380916595459,5.60561728477478,231.63861086802746,1.3094922921190366,320.4469909667969,37.861228942871094,403.6939392089844,2.1497042179107666,40.72833251953125,17.097776412963867,17.097776412963867
actor_critic,n_step,10,,1,201,229.61627682252546,104,0.022390127182006836,5.673856019973755,,,294.48321533203125,38.533145904541016,365.6429443359375,2.1495418548583984,40.12862777709961,16.40265655517578,16.40265655517578
actor_critic,n_step,10,,1,202,228.27525292298154,99,0.021767854690551758,5.695820093154907,,,319.5915222167969,33.56418991088867,408.6105041503906,2.1494953632354736,40.99135971069336,17.221397399902344,17.221397399902344
actor_critic,n_step,10,,1,203,215.38214650119005,95,0.020675182342529297,5.716708183288574,,,306.8983154296875,33.16875076293945,391.042236328125,2.149362802505493,40.56863021850586,16.701913833618164,16.701913833618164
actor_critic,n_step,10,,1,204,227.5006957668452,101,0.02207469940185547,5.7389702796936035,,,306.0001525878906,34.74251174926758,387.5108947753906,2.149183988571167,40.66133117675781,16.713104248046875,16.713104248046875
actor_critic,n_step,10,,1,205,238.86943988075697,105,0.022726058959960938,5.761894226074219,,,308.97271728515625,36.95032501220703,388.6034240722656,2.1490049362182617,41.02645492553711,17.01521873474121,17.01521873474121
actor_critic,n_step,10,,1,206,212.18064743435582,94,0.019805908203125,5.7818920612335205,,,306.52703857421875,36.18072509765625,386.2090148925781,2.148851156234741,40.62095260620117,16.54412841796875,16.54412841796875
actor_critic,n_step,10,,1,207,218.49620176288542,97,0.020823001861572266,5.802915096282959,,,305.4389953613281,36.55865478515625,384.1147766113281,2.1487326622009277,40.72622299194336,16.583683013916016,16.583683013916016
actor_critic,n_step,10,,1,208,241.32321415002102,108,0.022166013717651367,5.825261116027832,,,301.79840087890625,37.920658111572266,376.9682312011719,2.1486470699310303,40.88161849975586,16.661846160888672,16.661846160888672
actor_critic,n_step,10,,1,209,227.9989348142637,100,0.021461963653564453,5.846904039382935,,,315.0145263671875,37.24412536621094,396.81488037109375,2.1486310958862305,41.20335006713867,16.869281768798828,16.869281768798828
actor_critic,n_step,10,,1,210,236.34949794933948,104,0.022595882415771484,5.869696140289307,,,309.0038757324219,34.560821533203125,392.0615234375,2.1486427783966064,41.27362823486328,16.898143768310547,16.898143768310547
actor_critic,n_step,10,,1,211,230.0299342950883,102,0.020378828048706055,5.89026403427124,,,306.1800842285156,36.01880645751953,385.9447021484375,2.148613214492798,41.1342887878418,16.675323486328125,16.675323486328125
actor_critic,n_step,10,,1,212,216.40541075537064,96,0.0195920467376709,5.910044193267822,,,306.830078125,38.39496612548828,383.478759765625,2.1485936641693115,41.0236930847168,16.488807678222656,16.488807678222656
actor_critic,n_step,10,,1,213,221.417404373294,103,0.021206140518188477,5.931494235992432,,,282.4369201660156,39.266700744628906,347.38604736328125,2.148651361465454,40.27677536010742,15.663634300231934,15.663634300231934
actor_critic,n_step,10,,1,214,230.14968753686986,100,0.02085709571838379,5.952542304992676,,,319.9295959472656,37.9864616394043,402.77593994140625,2.14908504486084,41.69621658325195,17.021900177001953,17.021900177001953
actor_critic,n_step,10,,1,215,218.27927207457523,95,0.020164966583251953,5.9729180335998535,,,314.2900390625,36.814937591552734,396.39300537109375,2.1495413780212402,41.61125946044922,16.850709915161133,16.850709915161133
actor_critic,n_step,10,,1,216,235.83742927903933,105,0.0217437744140625,5.994840145111084,,,300.3149108886719,34.67967987060547,379.4788818359375,2.14996337890625,41.4056510925293,16.59431266784668,16.59431266784668
actor_critic,n_step,10,,1,217,198.55389290126584,90,0.01895284652709961,6.014097213745117,,,293.974365234375,37.65446853637695,366.1712646484375,2.1503000259399414,40.64674377441406,15.79901123046875,15.79901123046875
actor_critic,n_step,10,,1,218,240.44482220173524,105,0.022397994995117188,6.036672115325928,,,306.4803161621094,32.670169830322266,391.1573791503906,2.1506752967834473,41.94282150268555,16.980052947998047,16.980052947998047
actor_critic,n_step,10,,1,219,247.70173844104445,110,0.02359914779663086,6.060485124588013,,,305.8816833496094,37.02881622314453,384.0755310058594,2.150825262069702,41.754920959472656,16.725513458251953,16.725513458251953
actor_critic,n_step,10,,1,220,246.0748269938434,108,0.02301502227783203,6.083700180053711,206.0663005381228,1.550214218241386,307.8557434082031,37.098209381103516,386.7965087890625,2.150986909866333,42.03561019897461,16.910829544067383,16.910829544067383
actor_critic,n_step,10,,1,221,226.35787315055038,109,0.022410154342651367,6.1487672328948975,,,251.61886596679688,29.336816787719727,317.5457763671875,2.151153802871704,40.173954010009766,15.000802993774414,15.000802993774414
actor_critic,n_step,10,,1,222,248.557278991282,126,0.02549886703491211,6.174446105957031,,,224.91537475585938,30.92876434326172,277.1237487792969,2.1512105464935303,39.562461853027344,14.31840705871582,14.31840705871582
actor_critic,n_step,10,,1,223,254.56933151289883,111,0.021841764450073242,6.1964921951293945,,,322.9224853515625,43.341793060302734,399.4009704589844,2.151268720626831,42.42311477661133,17.121353149414062,17.121353149414062
actor_critic,n_step,10,,1,224,220.0849654448201,105,0.02134990692138672,6.217972993850708,,,258.33953857421875,31.690549850463867,323.7843017578125,2.1515092849731445,40.445335388183594,15.065418243408203,15.065418243408203
actor_critic,n_step,10,,1,225,258.12814932071285,120,0.024816036224365234,6.242972135543823,,,270.09967041015625,33.8138313293457,337.5511779785156,2.1516950130462646,41.3724479675293,15.903865814208984,15.903865814208984
actor_critic,n_step,10,,1,226,186.1705543672795,92,0.01949787139892578,6.26264214515686,,,240.9419708251953,28.6049747467041,303.33856201171875,2.151853561401367,39.49125289916992,13.96994686126709,13.96994686126709
actor_critic,n_step,10,,1,227,197.65219610325352,93,0.019945144653320312,6.282778263092041,,,264.3842468261719,32.331329345703125,331.5041809082031,2.151965379714966,40.54487991333008,14.945228576660156,14.945228576660156
actor_critic,n_step,10,,1,228,236.3374356159574,111,0.023185014724731445,6.306136131286621,,,260.6237487792969,30.676776885986328,328.49566650390625,2.1520731449127197,41.13853454589844,15.451000213623047,15.451000213623047
actor_critic,n_step,10,,1,229,128.10111813503437,68,0.014695882797241211,6.321040153503418,,,209.62977600097656,26.59781837463379,261.4742126464844,2.1520681381225586,37.220211029052734,11.523956298828125,11.523956298828125
actor_critic,n_step,10,,1,230,229.7256199386969,114,0.023759126663208008,6.344975233078003,,,236.91983032226562,31.72431182861328,293.1364440917969,2.152106285095215,40.20972442626953,14.414652824401855,14.414652824401855
actor_critic,n_step,10,,1,231,230.28952112062854,106,0.022417068481445312,6.367558240890503,,,279.4414367675781,33.67938995361328,351.088623046875,2.152177095413208,41.610992431640625,15.701071739196777,15.701071739196777
actor_critic,n_step,10,,1,232,189.53248152554482,93,0.019403696060180664,6.38714599609375,,,245.34695434570312,30.982831954956055,306.2344665527344,2.1522390842437744,39.990821838378906,14.055388450622559,14.055388450622559
actor_critic,n_step,10,,1,233,178.97084710080557,87,0.01917886734008789,6.406524181365967,,,243.44979858398438,25.74862289428711,311.0016784667969,2.152326822280884,40.039737701416016,14.01669692993164,14.01669692993164
actor_critic,n_step,10,,1,234,167.7722121525407,81,0.017377138137817383,6.424079179763794,,,249.4602508544922,28.42176628112793,315.7692565917969,2.152226209640503,39.95842742919922,13.89217758178711,13.89217758178711
actor_critic,n_step,10,,1,235,231.80483478493966,108,0.022475004196166992,6.446727275848389,,,271.3658752441406,34.821922302246094,337.919921875,2.152102470397949,41.64472579956055,15.448224067687988,15.448224067687988
actor_critic,n_step,10,,1,236,270.70547001114977,121,0.02519989013671875,6.472098112106323,,,294.23046875,35.93507385253906,368.9934387207031,2.152048110961914,42.85721206665039,16.58039665222168,16.58039665222168
actor_critic,n_step,10,,1,237,302.8070416591699,146,0.02884078025817871,6.501128196716309,,,250.01202392578125,33.116554260253906,309.8506774902344,2.152010202407837,41.75112533569336,15.414430618286133,15.414430618286133
actor_critic,n_step,10,,1,238,203.5425053840602,100,0.0201718807220459,6.521525144577026,,,244.49172973632812,32.49375915527344,302.854248046875,2.1519768238067627,40.540401458740234,14.146519660949707,14.146519660949707
actor_critic,n_step,10,,1,239,283.26500462819604,137,0.027019977569580078,6.548708200454712,,,245.6615753173828,30.484573364257812,307.3957214355469,2.1520626544952393,41.6641845703125,15.201471328735352,15.201471328735352
actor_critic,n_step,10,,1,240,203.13198500932944,101,0.019889116287231445,6.5687432289123535,284.1455772898077,2.7283709307511574,236.4797821044922,29.319835662841797,295.9427795410156,2.15203595161438,40.455162048339844,13.926767349243164,13.926767349243164
actor_critic,n_step,10,,1,241,209.78723662812683,104,0.024392127990722656,6.655663251876831,,,239.1526641845703,32.32752990722656,295.4644775390625,2.151996612548828,40.64046859741211,14.042393684387207,14.042393684387207
actor_critic,n_step,10,,1,242,240.7430914847551,121,0.025477886199951172,6.6813671588897705,,,228.36363220214844,30.371753692626953,282.8455505371094,2.1520261764526367,40.8306770324707,14.151641845703125,14.151641845703125
actor_critic,n_step,10,,1,243,260.3431174760459,125,0.025670289993286133,6.707219362258911,,,251.74432373046875,32.927284240722656,312.5957946777344,2.152055501937866,41.86245346069336,15.1065034866333,15.1065034866333
actor_critic,n_step,10,,1,244,277.22413829356134,132,0.040366172790527344,6.747779130935669,,,258.5474853515625,36.11195755004883,317.7650451660156,2.152102470397949,42.23760223388672,15.384821891784668,15.384821891784668
actor_critic,n_step,10,,1,245,206.0326860062762,109,0.06758928298950195,6.815787076950073,,,212.52606201171875,32.56536102294922,257.08673095703125,2.152252435684204,39.789920806884766,12.901371955871582,12.901371955871582
actor_critic,n_step,10,,1,246,268.1961481111566,131,0.0279388427734375,6.843914031982422,,,237.65489196777344,29.76783561706543,296.98150634765625,2.152520179748535,41.79153060913086,14.838272094726562,14.838272094726562
actor_critic,n_step,10,,1,247,301.18107369938355,144,0.030689001083374023,6.874765157699585,,,251.49859619140625,33.330806732177734,311.66827392578125,2.1526639461517334,42.48597717285156,15.44305419921875,15.44305419921875
actor_critic,n_step,10,,1,248,196.40212983769746,97,0.021502971649169922,6.896435260772705,,,241.5456085205078,31.338977813720703,300.2951965332031,2.1528053283691406,40.94371795654297,13.8460693359375,13.8460693359375
actor_critic,n_step,10,,1,249,272.74237326300437,138,0.030545949935913086,6.9272191524505615,,,223.52105712890625,31.26622772216797,274.6497497558594,2.153008460998535,41.416526794433594,14.245355606079102,14.245355606079102
actor_critic,n_step,10,,1,250,209.85242838897648,103,0.02306199073791504,6.950470209121704,,,242.25357055664062,29.684476852416992,303.6701354980469,2.1532325744628906,41.33222961425781,14.09913158416748,14.09913158416748
actor_critic,n_step,10,,1,251,269.8950525321218,136,0.03331494331359863,6.983972072601318,,,225.37118530273438,32.21434783935547,275.9383239746094,2.153411865234375,41.58831787109375,14.272871971130371,14.272871971130371
actor_critic,n_step,10,,1,252,182.020627641198,88,0.028601884841918945,7.012747049331665,,,247.69830322265625,27.602502822875977,314.4225769042969,2.1536314487457275,41.27210235595703,13.872478485107422,13.872478485107422
actor_critic,n_step,10,,1,253,205.63673478282416,105,0.029742002487182617,7.042724132537842,,,223.58921813964844,28.58692741394043,278.57470703125,2.153740644454956,40.81235122680664,13.353816032409668,13.353816032409668
actor_critic,n_step,10,,1,254,312.4203898866518,161,0.04340100288391113,7.086343288421631,,,216.5613555908203,30.52508544921875,265.76611328125,2.1538355350494385,41.657344818115234,14.142464637756348,14.142464637756348
actor_critic,n_step,10,,1,255,232.47480768450635,116,0.026582956314086914,7.113225221633911,,,233.3213653564453,31.720516204833984,288.001220703125,2.153932809829712,41.62388610839844,14.031340599060059,14.031340599060059
actor_critic,n_step,10,,1,256,178.51141472378976,89,0.022366046905517578,7.1359381675720215,,,239.8631591796875,31.352313995361328,297.8726501464844,2.154088020324707,40.92500686645508,13.265247344970703,13.265247344970703
actor_critic,n_step,10,,1,257,206.1129849530993,107,0.028429746627807617,7.1646950244903564,,,215.5511932373047,26.607208251953125,269.91998291015625,2.154332160949707,40.774452209472656,13.046627044677734,13.046627044677734
actor_critic,n_step,10,,1,258,257.8612479300487,112,0.029006242752075195,7.193958282470703,,,312.2672424316406,37.10634994506836,393.08697509765625,2.1545026302337646,44.555782318115234,16.737592697143555,16.737592697143555
actor_critic,n_step,10,,1,259,317.9173225782362,162,0.039205074310302734,7.233445167541504,,,222.02281188964844,32.97463607788086,270.0688171386719,2.154676675796509,42.18467712402344,14.300176620483398,14.300176620483398
actor_critic,n_step,10,,1,260,206.21344119094263,111,0.03092813491821289,7.264658212661743,229.02561397450413,1.999976355413064,196.6199951171875,24.42862319946289,245.98768615722656,2.154916763305664,40.399261474609375,12.467950820922852,12.467950820922852
actor_critic,n_step,10,,1,261,279.52253155371193,137,0.03270602226257324,7.3729941844940186,,,236.94151306152344,31.07314682006836,294.09765625,2.155031204223633,42.72366714477539,14.680676460266113,14.680676460266113
actor_critic,n_step,10,,1,262,240.97435609403286,121,0.028497934341430664,7.401697158813477,,,226.29261779785156,29.175466537475586,281.595947265625,2.15511417388916,42.02492141723633,13.917613983154297,13.917613983154297
actor_critic,n_step,10,,1,263,276.7279435088805,123,0.028872966766357422,7.430864095687866,,,298.49749755859375,40.10868453979492,369.12689208984375,2.155149459838867,44.610565185546875,16.409910202026367,16.409910202026367
actor_critic,n_step,10,,1,264,290.4652134072861,153,0.03455305099487305,7.465622186660767,,,203.5794219970703,29.447635650634766,248.75970458984375,2.155327796936035,41.76350402832031,13.525186538696289,13.525186538696289
actor_critic,n_step,10,,1,265,295.7228219180783,160,0.036859989166259766,7.502685308456421,,,194.1138458251953,26.23556137084961,239.8261260986328,2.155510425567627,41.42866897583008,13.120964050292969,13.120964050292969
actor_critic,n_step,10,,1,266,281.0964863778311,130,0.06274914741516113,7.565676212310791,,,269.5865783691406,32.56806182861328,338.597900390625,2.155512571334839,44.078712463378906,15.685529708862305,15.685529708862305
actor_critic,n_step,10,,1,267,270.768794444116,125,0.027611732482910156,7.593573093414307,,,271.02471923828125,34.97759246826172,337.210205078125,2.155470132827759,44.087093353271484,15.61643123626709,15.61643123626709
actor_critic,n_step,10,,1,268,275.65221088738974,134,0.02981281280517578,7.623675107955933,,,245.91848754882812,31.874670028686523,305.7768859863281,2.1554794311523438,43.245689392089844,14.72734546661377,14.72734546661377
actor_critic,n_step,10,,1,269,225.57126536382364,102,0.02168107032775879,7.645546197891235,,,287.8421325683594,35.132904052734375,361.01318359375,2.155494451522827,44.09647750854492,15.495131492614746,15.495131492614746
actor_critic,n_step,10,,1,270,279.6687996388063,123,0.02627110481262207,7.672007322311401,,,303.531494140625,33.3985481262207,385.9042053222656,2.1555538177490234,45.24009323120117,16.556594848632812,16.556594848632812
actor_critic,n_step,10,,1,271,271.43250266585676,123,0.026344776153564453,7.698543071746826,,,281.66839599609375,36.340797424316406,350.4679870605469,2.155538320541382,44.6511344909668,15.910697937011719,15.910697937011719
actor_critic,n_step,10,,1,272,264.45494773021534,133,0.025918006896972656,7.724626302719116,,,221.2527618408203,27.830713272094727,276.31719970703125,2.155607223510742,42.80320739746094,14.005111694335938,14.005111694335938
actor_critic,n_step,10,,1,273,255.71994696281985,127,0.027214765548706055,7.752002000808716,,,230.0912322998047,29.901227951049805,285.9857177734375,2.155543327331543,43.00463104248047,14.128233909606934,14.128233909606934
actor_critic,n_step,10,,1,274,312.7438182284277,155,0.048976898193359375,7.801184177398682,,,233.15855407714844,30.531389236450195,289.4673767089844,2.155463933944702,43.51662826538086,14.583295822143555,14.583295822143555
actor_critic,n_step,10,,1,275,250.57524416727352,115,0.06155204772949219,7.863088130950928,,,277.55059814453125,31.60549545288086,351.35015869140625,2.1553659439086914,44.43517303466797,15.425670623779297,15.425670623779297
actor_critic,n_step,10,,1,276,262.02978674072136,122,0.06110787391662598,7.9247260093688965,,,267.1138916015625,32.25456619262695,335.5133056640625,2.1552188396453857,44.33781814575195,15.2715425491333,15.2715425491333
actor_critic,n_step,10,,1,277,266.3630004310409,129,0.03425884246826172,7.959182262420654,,,244.33001708984375,29.40371322631836,307.0375671386719,2.1550683975219727,43.776954650878906,14.62896728515625,14.62896728515625
actor_critic,n_step,10,,1,278,259.42474572967524,129,0.03479886054992676,7.994220018386841,,,226.9276885986328,29.9143009185791,281.44769287109375,2.154829263687134,43.3065185546875,14.076346397399902,14.076346397399902
actor_critic,n_step,10,,1,279,249.5291104188035,112,0.03376483917236328,8.028244972229004,,,285.4185485839844,31.4775333404541,362.77288818359375,2.154604196548462,45.08667755126953,15.773520469665527,15.773520469665527
actor_critic,n_step,10,,1,280,219.72837645170375,100,0.026771068572998047,8.055224180221558,238.92599665607003,2.060869119249207,282.11962890625,29.783021926879883,360.4808654785156,2.154308557510376,44.510948181152344,15.173356056213379,15.173356056213379
actor_critic,n_step,10,,1,281,224.23202942934304,113,0.03049302101135254,8.144606351852417,,,223.7220916748047,28.919649124145508,278.2892150878906,2.1539385318756104,42.83495330810547,13.452557563781738,13.452557563781738
actor_critic,n_step,10,,1,282,242.57275183798066,114,0.029748916625976562,8.174584150314331,,,265.1058044433594,34.450870513916016,329.5070495605469,2.153606653213501,44.33790588378906,14.824617385864258,14.824617385864258
actor_critic,n_step,10,,1,283,170.92718209427827,85,0.020653724670410156,8.195435047149658,,,239.23019409179688,26.291898727416992,304.19757080078125,2.1533737182617188,42.36594009399414,12.802204132080078,12.802204132080078
actor_critic,n_step,10,,1,284,236.0410676310167,111,0.027662992477416992,8.22330117225647,,,260.48956298828125,31.902677536010742,326.5527038574219,2.1531388759613037,44.371673583984375,14.74159049987793,14.74159049987793
actor_critic,n_step,10,,1,285,185.20567493246384,88,0.02023601531982422,8.243714094161987,,,248.83705139160156,24.753522872924805,320.11932373046875,2.1529340744018555,43.50739288330078,13.776869773864746,13.776869773864746
actor_critic,n_step,10,,1,286,197.27107759416396,91,0.02076888084411621,8.264691352844238,,,268.5266418457031,27.856130599975586,343.81500244140625,2.152574062347412,44.268863677978516,14.483365058898926,14.483365058898926
actor_critic,n_step,10,,1,287,182.5246478710713,91,0.020509004592895508,8.285389184951782,,,231.9393310546875,28.47917366027832,290.6573791503906,2.1521356105804443,42.75107955932617,12.93163776397705,12.93163776397705
actor_critic,n_step,10,,1,288,184.90097898099202,88,0.020749807357788086,8.306349039077759,,,251.69100952148438,29.03240203857422,318.083740234375,2.151756525039673,43.63242721557617,13.700189590454102,13.700189590454102
actor_critic,n_step,10,,1,289,211.44959970961236,94,0.023499011993408203,8.330029010772705,,,289.16534423828125,29.80242919921875,370.5184631347656,2.1514036655426025,45.36204528808594,15.33547306060791,15.33547306060791
actor_critic,n_step,10,,1,290,187.2709028040699,87,0.019214868545532227,8.34942102432251,,,261.8136901855469,28.08746337890625,333.8946228027344,2.1510143280029297,44.21092987060547,14.132001876831055,14.132001876831055
actor_critic,n_step,10,,1,291,175.49367782181247,83,0.02464008331298828,8.37424111366272,,,264.5817565917969,33.13057327270508,330.6445617675781,2.1505870819091797,43.73346710205078,13.607877731323242,13.607877731323242
actor_critic,n_step,10,,1,292,163.43884132437893,78,0.024304866790771484,8.399128198623657,,,255.10342407226562,30.27237892150879,321.18719482421875,2.1503424644470215,43.33101272583008,13.13260269165039,13.13260269165039
actor_critic,n_step,10,,1,293,162.6598168994119,79,0.021363258361816406,8.420766353607178,,,237.887939453125,22.868324279785156,307.1708679199219,2.150176525115967,43.066856384277344,12.815740585327148,12.815740585327148
actor_critic,n_step,10,,1,294,162.4349535260428,77,0.017405986785888672,8.438298225402832,,,251.7829132080078,27.784975051879883,319.9970703125,2.1499135494232178,43.53253173828125,13.22252082824707,13.22252082824707
actor_critic,n_step,10,,1,295,191.03926160056673,87,0.019781827926635742,8.45824408531189,,,277.1302185058594,30.041563034057617,352.9837951660156,2.149658441543579,44.911720275878906,14.477134704589844,14.477134704589844
actor_critic,n_step,10,,1,296,155.02300693656179,75,0.016293764114379883,8.47470998764038,,,246.8136444091797,26.471574783325195,314.7743835449219,2.1494064331054688,43.0974006652832,12.641007423400879,12.641007423400879
actor_critic,n_step,10,,1,297,131.2899037719086,67,0.016499996185302734,8.491388320922852,,,218.6096954345703,27.75296974182129,272.6524658203125,2.1491615772247314,41.59209442138672,11.096879005432129,11.096879005432129
actor_critic,n_step,10,,1,298,177.78881691486166,87,0.018976926803588867,8.510544300079346,,,232.2592010498047,22.469837188720703,299.6990966796875,2.1490156650543213,43.587913513183594,12.97968864440918,12.97968864440918
actor_critic,n_step,10,,1,299,145.9473224943645,71,0.015953779220581055,8.526807069778442,,,236.669921875,22.021060943603516,306.6412353515625,2.148676872253418,42.90171432495117,12.261784553527832,12.261784553527832
actor_critic,n_step,10,,1,300,145.7978069645947,72,0.016299962997436523,8.543262243270874,152.6746715978108,1.952760953873185,230.19036865234375,23.54861831665039,295.2025146484375,2.1482605934143066,42.7265739440918,11.993340492248535,11.993340492248535
actor_critic,n_step,10,,1,301,164.5053798579926,78,0.020512104034423828,8.603285074234009,,,248.75030517578125,29.139829635620117,313.729248046875,2.147845983505249,43.977901458740234,13.128204345703125,13.128204345703125
actor_critic,n_step,10,,1,302,132.44453350204932,67,0.01769089698791504,8.621156215667725,,,221.32144165039062,27.481765747070312,276.913818359375,2.1474967002868652,42.07069396972656,11.222189903259277,11.222189903259277
actor_critic,n_step,10,,1,303,135.3305220821758,68,0.020478010177612305,8.64182710647583,,,225.7765350341797,26.557729721069336,284.5982971191406,2.1472644805908203,42.29244613647461,11.352709770202637,11.352709770202637
actor_critic,n_step,10,,1,304,150.21031631442094,73,0.022146940231323242,8.664144277572632,,,234.88186645507812,24.37788200378418,300.719970703125,2.1471121311187744,43.33687210083008,12.3040771484375,12.3040771484375
actor_critic,n_step,10,,1,305,148.94320585728244,73,0.022974014282226562,8.687326192855835,,,235.79757690429688,25.778493881225586,300.02728271484375,2.14693546295166,43.25006103515625,12.139623641967773,12.139623641967773
actor_critic,n_step,10,,1,306,163.10595815956302,78,0.020750761032104492,8.708269119262695,,,248.1569366455078,27.46846580505371,315.2692565917969,2.1467642784118652,44.074039459228516,12.875734329223633,12.875734329223633
actor_critic,n_step,10,,1,307,134.22112616414395,68,0.01596522331237793,8.724436283111572,,,217.3419647216797,22.497407913208008,278.349365234375,2.1466026306152344,42.41525650024414,11.174985885620117,11.174985885620117
actor_critic,n_step,10,,1,308,134.2926827920166,68,0.018121957778930664,8.742782354354858,,,218.12779235839844,25.624536514282227,275.004638671875,2.146423101425171,42.43383026123047,11.107308387756348,11.107308387756348
actor_critic,n_step,10,,1,309,144.2991814848413,72,0.017590999603271484,8.760552167892456,,,230.55294799804688,25.429006576538086,293.0342102050781,2.1463067531585693,43.05619812011719,11.692184448242188,11.692184448242188
actor_critic,n_step,10,,1,310,163.93912528320917,78,0.019068002700805664,8.779865264892578,,,257.592529296875,34.928627014160156,318.09130859375,2.1462154388427734,44.387977600097656,12.90155029296875,12.90155029296875
actor_critic,n_step,10,,1,311,159.22031081931812,77,0.019992828369140625,8.800075054168701,,,244.00726318359375,26.779573440551758,310.3252868652344,2.146345376968384,44.06836700439453,12.523435592651367,12.523435592651367
actor_critic,n_step,10,,1,312,146.88061667334958,73,0.018157958984375,8.818461179733276,,,232.7706298828125,26.192636489868164,295.1114196777344,2.1464614868164062,43.33476638793945,11.752991676330566,11.752991676330566
actor_critic,n_step,10,,1,313,153.50206339456253,75,0.01611804962158203,8.834756135940552,,,234.21914672851562,21.070398330688477,304.4981994628906,2.146597385406494,43.8591194152832,12.182741165161133,12.182741165161133
actor_critic,n_step,10,,1,314,144.77281606082803,71,0.015221834182739258,8.850144147872925,,,238.23580932617188,27.005868911743164,301.7570495605469,2.1465466022491455,43.59324645996094,11.84908390045166,11.84908390045166
actor_critic,n_step,10,,1,315,130.5489362795279,67,0.014352083206176758,8.864666223526001,,,217.3501434326172,25.18941879272461,274.51531982421875,2.1465303897857666,42.50798797607422,10.701979637145996,10.701979637145996
actor_critic,n_step,10,,1,316,144.34443009793074,73,0.01557612419128418,8.880528211593628,,,227.74241638183594,25.315885543823242,289.1807556152344,2.1465768814086914,43.241371154785156,11.366479873657227,11.366479873657227
actor_critic,n_step,10,,1,317,155.3472245812298,76,0.015865087509155273,8.896550178527832,,,239.0074005126953,25.24361228942871,305.3768615722656,2.1466591358184814,44.10413360595703,12.143966674804688,12.143966674804688
actor_critic,n_step,10,,1,318,148.0805538962076,73,0.015192985534667969,8.911919116973877,,,228.6178741455078,21.876907348632812,295.34423828125,2.14670467376709,43.864864349365234,11.82149600982666,11.82149600982666
actor_critic,n_step,10,,1,319,134.42447975376223,68,0.014025211334228516,8.92611026763916,,,220.42605590820312,24.64248275756836,279.6908264160156,2.1466617584228516,43.03348159790039,10.940876960754395,10.940876960754395
actor_critic,n_step,10,,1,320,158.2315452260728,78,0.015917062759399414,8.94218635559082,134.86196153411447,1.110648338331811,237.1609649658203,24.87248420715332,303.2692565917969,2.1466896533966064,44.265594482421875,12.077475547790527,12.077475547790527
actor_critic,n_step,10,,1,321,132.8511245404025,69,0.013386964797973633,8.984385013580322,,,208.29200744628906,18.796512603759766,270.7078552246094,2.146681308746338,42.746002197265625,10.520605087280273,10.520605087280273
actor_critic,n_step,10,,1,322,131.15057359632976,68,0.013636112213134766,8.998169183731079,,,210.52195739746094,23.68658447265625,266.9076843261719,2.146536350250244,42.747802734375,10.452783584594727,10.452783584594727
actor_critic,n_step,10,,1,323,150.96161050858592,75,0.014863729476928711,9.013200283050537,,,229.95750427246094,21.684524536132812,297.5328369140625,2.1464433670043945,44.10369873046875,11.727954864501953,11.727954864501953
actor_critic,n_step,10,,1,324,121.80242002372107,64,0.012900114059448242,9.026247262954712,,,205.56788635253906,22.682126998901367,261.265380859375,2.1461896896362305,42.336788177490234,9.898758888244629,9.898758888244629
actor_critic,n_step,10,,1,325,123.65430598153054,65,0.01281118392944336,9.03921627998352,,,208.4565887451172,20.798505783081055,268.0829772949219,2.1460037231445312,42.42420196533203,9.911332130432129,9.911332130432129
actor_critic,n_step,10,,1,326,121.06156784900854,64,0.012871980667114258,9.05223822593689,,,203.17889404296875,21.319997787475586,259.7984313964844,2.1458194255828857,42.31251525878906,9.731548309326172,9.731548309326172
actor_critic,n_step,10,,1,327,126.28410180433855,65,0.012841939926147461,9.065348148345947,,,208.3009033203125,21.02935791015625,267.5307922363281,2.1456680297851562,42.931251525878906,10.265859603881836,10.265859603881836
actor_critic,n_step,10,,1,328,118.056702560421,63,0.012436866760253906,9.077936172485352,,,196.045166015625,17.30712127685547,255.340087890625,2.1455087661743164,42.154258728027344,9.418269157409668,9.418269157409668
actor_critic,n_step,10,,1,329,114.15718745129107,61,0.012328863143920898,9.090413093566895,,,198.43914794921875,20.707931518554688,253.9017333984375,2.145310878753662,42.032066345214844,9.224347114562988,9.224347114562988
actor_critic,n_step,10,,1,330,121.65407278981982,64,0.012419700622558594,9.103008031845093,,,205.896484375,21.666202545166016,263.1861267089844,2.145160675048828,42.62007522583008,9.733245849609375,9.733245849609375
actor_critic,n_step,10,,1,331,122.26253725156323,64,0.012967109680175781,9.116116285324097,,,198.22576904296875,15.728373527526855,260.7105712890625,2.1450555324554443,42.758758544921875,9.816136360168457,9.816136360168457
actor_critic,n_step,10,,1,332,131.7930588307447,68,0.013729095458984375,9.129988193511963,,,207.16062927246094,21.744787216186523,264.8797912597656,2.144740104675293,43.39799118041992,10.372780799865723,10.372780799865723
actor_critic,n_step,10,,1,333,118.47022801189864,63,0.012779951095581055,9.142921209335327,,,199.633056640625,21.383108139038086,254.64279174804688,2.1444480419158936,42.496219635009766,9.408773422241211,9.408773422241211
actor_critic,n_step,10,,1,334,129.8260604696099,68,0.014750957489013672,9.15782117843628,,,208.95071411132812,23.14230728149414,265.4405822753906,2.144224166870117,43.234375,10.07579517364502,10.07579517364502
actor_critic,n_step,10,,1,335,122.95153778434407,65,0.014821767807006836,9.172794103622437,,,206.72869873046875,22.33892822265625,263.4139709472656,2.1440682411193848,42.893104553222656,9.663226127624512,9.663226127624512
actor_critic,n_step,10,,1,336,127.87964358904219,66,0.014757871627807617,9.18771505355835,,,216.85293579101562,24.574174880981445,274.6839599609375,2.1439695358276367,43.47198486328125,10.173908233642578,10.173908233642578
actor_critic,n_step,10,,1,337,130.38673127341244,68,0.015475273132324219,9.203359365463257,,,217.58285522460938,24.256986618041992,276.1798095703125,2.1439459323883057,43.46946716308594,10.113787651062012,10.113787651062012
actor_critic,n_step,10,,1,338,138.78504064149823,71,0.015727996826171875,9.219328165054321,,,222.0650634765625,23.435667037963867,283.75628662109375,2.1439783573150635,44.1068115234375,10.657926559448242,10.657926559448242
actor_critic,n_step,10,,1,339,138.9050688905133,71,0.015539169311523438,9.235059261322021,,,222.4605255126953,24.832067489624023,282.3263854980469,2.1440372467041016,44.1732063293457,10.661258697509766,10.661258697509766
actor_critic,n_step,10,,1,340,141.63126080728142,72,0.01607680320739746,9.251286029815674,134.53513893137526,1.1983091641314703,225.1113739013672,26.238229751586914,284.1044921875,2.144136428833008,44.395938873291016,10.81171703338623,10.81171703338623
actor_critic,n_step,10,,1,341,128.5792178248722,67,0.015086889266967773,9.299105167388916,,,208.85459899902344,15.775603294372559,275.8271484375,2.1442971229553223,43.65880584716797,10.00041675567627,10.00041675567627
actor_critic,n_step,10,,1,342,148.841109648807,76,0.016804218292236328,9.316078186035156,,,221.98155212402344,21.277130126953125,286.7206115722656,2.1442770957946777,44.67960739135742,10.950814247131348,10.950814247131348
actor_critic,n_step,10,,1,343,138.69766080504908,71,0.01563119888305664,9.3318772315979,,,220.30850219726562,21.917739868164062,283.4153747558594,2.144197702407837,44.3725471496582,10.587502479553223,10.587502479553223
actor_critic,n_step,10,,1,344,138.6957977052581,71,0.01667308807373047,9.348756313323975,,,221.45248413085938,23.80366325378418,282.35546875,2.1441104412078857,44.39360427856445,10.533079147338867,10.533079147338867
actor_critic,n_step,10,,1,345,149.07204461981314,76,0.0168459415435791,9.365779161453247,,,218.2536163330078,19.805879592895508,283.49676513671875,2.1440906524658203,44.874691009521484,10.935542106628418,10.935542106628418
actor_critic,n_step,10,,1,346,151.89653855582895,75,0.01619100570678711,9.382134199142456,,,233.37722778320312,22.757219314575195,300.8857421875,2.1439990997314453,45.47615051269531,11.46569538116455,11.46569538116455
actor_critic,n_step,10,,1,347,178.8086388369167,87,0.019648075103759766,9.401968240737915,,,244.04234313964844,23.252628326416016,315.41387939453125,2.1438677310943604,46.457767486572266,12.377354621887207,12.377354621887207
actor_critic,n_step,10,,1,348,160.50426703719603,80,0.01770305633544922,9.419838190078735,,,238.5126953125,28.808988571166992,299.57672119140625,2.1436455249786377,45.69638442993164,11.551838874816895,11.551838874816895
actor_critic,n_step,10,,1,349,178.6845623861145,86,0.018998146057128906,9.439026355743408,,,259.0250549316406,30.35045051574707,326.6780090332031,2.1435461044311523,46.74819564819336,12.525015830993652,12.525015830993652
actor_critic,n_step,10,,1,350,182.63470877368954,87,0.018810033798217773,9.458016157150269,,,259.3143005371094,30.7952938079834,326.4557189941406,2.143571376800537,47.037635803222656,12.749640464782715,12.749640464782715
actor_critic,n_step,10,,1,351,172.70680512571363,84,0.01767110824584961,9.475868225097656,,,249.43508911132812,25.66469383239746,319.6719970703125,2.1437439918518066,46.559722900390625,12.202956199645996,12.202956199645996
actor_critic,n_step,10,,1,352,190.08895668570273,92,0.018723249435424805,9.494729280471802,,,249.3462371826172,27.099689483642578,317.4950866699219,2.143890142440796,47.0644645690918,12.63193416595459,12.63193416595459
actor_critic,n_step,10,,1,353,175.5212862404587,86,0.017416954040527344,9.512322187423706,,,243.69052124023438,22.424951553344727,316.0936584472656,2.144026041030884,46.65141677856445,12.152894020080566,12.152894020080566
actor_critic,n_step,10,,1,354,196.62964574761443,95,0.018485069274902344,9.530964374542236,,,251.25547790527344,28.99650001525879,317.5128173828125,2.1440515518188477,47.340110778808594,12.774200439453125,12.774200439453125
actor_critic,n_step,10,,1,355,174.64804343617172,85,0.018038034439086914,9.549194097518921,,,250.937255859375,28.26715850830078,318.1001281738281,2.1441164016723633,46.8040771484375,12.174656867980957,12.174656867980957
actor_critic,n_step,10,,1,356,186.48804452429553,92,0.02011585235595703,9.569522142410278,,,241.69569396972656,24.383249282836914,310.44635009765625,2.1442368030548096,46.921871185302734,12.2186918258667,12.2186918258667
actor_critic,n_step,10,,1,357,206.8924998608145,100,0.02133917808532715,9.591081380844116,,,251.69020080566406,27.319272994995117,320.5299072265625,2.144277572631836,47.69352722167969,12.916045188903809,12.916045188903809
actor_critic,n_step,10,,1,358,213.09976563359322,103,0.021715879440307617,9.612971067428589,,,246.00965881347656,25.946147918701172,314.3764343261719,2.144301176071167,47.843570709228516,13.006582260131836,13.006582260131836
actor_critic,n_step,10,,1,359,194.28948371942755,96,0.020486831665039062,9.633620977401733,,,240.14549255371094,26.120237350463867,305.7503662109375,2.1442887783050537,47.21131896972656,12.307345390319824,12.307345390319824
actor_critic,n_step,10,,1,360,227.904021047537,114,0.024147987365722656,9.657945156097412,203.703982958595,0.8695654317899075,232.342529296875,25.497373580932617,295.4930725097656,2.144270896911621,47.63817596435547,12.661978721618652,12.661978721618652
actor_critic,n_step,10,,1,361,203.12640938141075,103,0.021053791046142578,9.722697973251343,,,230.90057373046875,24.666561126708984,294.6200256347656,2.1441783905029297,47.080806732177734,12.038318634033203,12.038318634033203
actor_critic,n_step,10,,1,362,210.77375990752677,103,0.02086186408996582,9.743750095367432,,,243.1170196533203,26.619064331054688,309.2828063964844,2.1440269947052,47.86048126220703,12.749603271484375,12.749603271484375
actor_critic,n_step,10,,1,363,40.40643083957292,32,0.006575822830200195,9.750484943389893,,,186.00888061523438,-9.054757118225098,278.662353515625,2.143867015838623,32.63084030151367,-2.446582794189453,-2.446582794189453
actor_critic,n_step,10,,1,364,219.8726716883095,114,0.023422956466674805,9.774095058441162,,,215.2584686279297,24.42946434020996,272.6128845214844,2.143638849258423,47.15286636352539,11.92723560333252,11.92723560333252
actor_critic,n_step,10,,1,365,214.7763311649742,110,0.026412010192871094,9.800731182098389,,,227.24073791503906,27.309246063232422,285.6164245605469,2.1434082984924316,47.3166618347168,12.024151802062988,12.024151802062988
actor_critic,n_step,10,,1,366,207.18256570576287,106,0.09676003456115723,9.897715330123901,,,230.54014587402344,24.871341705322266,293.8125915527344,2.1432762145996094,47.282142639160156,11.933670997619629,11.933670997619629
actor_critic,n_step,10,,1,367,33.60880897541564,28,0.021633148193359375,9.919815301895142,,,216.53099060058594,-10.50723934173584,324.34033203125,2.1431424617767334,30.608139038085938,-4.720150470733643,-4.720150470733643
actor_critic,n_step,10,,1,368,209.52184663917146,107,0.027428865432739258,9.947586059570312,,,232.77479553222656,28.618799209594727,291.65142822265625,2.143019914627075,47.43686294555664,11.978761672973633,11.978761672973633
actor_critic,n_step,10,,1,369,38.2285000648217,31,0.007546186447143555,9.955323219299316,,,191.24176025390625,-10.923296928405762,288.8072204589844,2.1429827213287354,32.243160247802734,-3.1934380531311035,-3.1934380531311035
actor_critic,n_step,10,,1,370,24.9575078240216,23,0.005812168121337891,9.961353302001953,,,243.70460510253906,-22.898847579956055,380.8620910644531,2.142911195755005,26.704849243164062,-8.716678619384766,-8.716678619384766
actor_critic,n_step,10,,1,371,36.645710327687354,30,0.007791042327880859,9.969494104385376,,,208.18409729003906,-8.697043418884277,309.8302001953125,2.1428029537200928,31.729215621948242,-3.7649612426757812,-3.7649612426757812
actor_critic,n_step,10,,1,372,29.261198605442157,25,0.005414009094238281,9.975086212158203,,,232.9318389892578,-14.793468475341797,353.893310546875,2.1427001953125,28.81884765625,-6.6094441413879395,-6.6094441413879395
actor_critic,n_step,10,,1,373,213.33492548593705,113,0.02427077293395996,9.999500036239624,,,213.5487823486328,28.408367156982422,264.4862976074219,2.1426031589508057,47.04102325439453,11.44723129272461,11.44723129272461
actor_critic,n_step,10,,1,374,28.36887073567002,26,0.005866050720214844,10.005634069442749,,,216.1169891357422,-20.371631622314453,337.84088134765625,2.1426050662994385,28.58711814880371,-6.854151248931885,-6.854151248931885
actor_critic,n_step,10,,1,375,28.73556255122775,25,0.006648063659667969,10.012446165084839,,,222.0355682373047,-26.229246139526367,354.6640319824219,2.1425440311431885,28.733741760253906,-6.810219764709473,-6.810219764709473
actor_critic,n_step,10,,1,376,27.258246997929838,24,0.0053958892822265625,10.018002271652222,,,237.33975219726562,-19.142580032348633,366.4033203125,2.1423120498657227,28.005807876586914,-7.54034948348999,-7.54034948348999
actor_critic,n_step,10,,1,377,21.662459339189734,21,0.00484919548034668,10.02304720878601,,,266.5079345703125,-24.7083740234375,416.0232849121094,2.1420650482177734,24.839126586914062,-10.652274131774902,-10.652274131774902
actor_critic,n_step,10,,1,378,33.9141562257239,28,0.006973981857299805,10.030222177505493,,,215.47288513183594,-7.4250102043151855,318.4255676269531,2.1418001651763916,30.796703338623047,-4.727375507354736,-4.727375507354736
actor_critic,n_step,10,,1,379,29.589525994398112,26,0.00608515739440918,10.036519289016724,,,214.6510009765625,-18.70234489440918,333.3619384765625,2.1416444778442383,29.138469696044922,-6.338747024536133,-6.338747024536133
actor_critic,n_step,10,,1,380,204.695543333643,101,0.02333211898803711,10.060039281845093,198.87689264358846,0.9980060546129668,245.4079132080078,28.39016342163086,310.0253601074219,2.141425609588623,47.966217041015625,12.40706729888916,12.40706729888916
actor_critic,n_step,10,,1,381,37.52286458342371,30,0.009074926376342773,10.123289108276367,,,207.82061767578125,-5.892273902893066,305.30413818359375,2.1413073539733887,32.03191375732422,-3.4414353370666504,-3.4414353370666504
actor_critic,n_step,10,,1,382,199.59908758380178,100,0.023901939392089844,10.147378206253052,,,233.16041564941406,24.59840202331543,297.94573974609375,2.1412296295166016,47.61040496826172,12.095129013061523,12.095129013061523
actor_critic,n_step,10,,1,383,201.77236094010013,102,0.023844003677368164,10.17145323753357,,,231.33445739746094,24.727067947387695,295.1534118652344,2.1411097049713135,47.49431228637695,11.995994567871094,11.995994567871094
actor_critic,n_step,10,,1,384,206.22470846017202,103,0.024062156677246094,10.195710182189941,,,242.93218994140625,31.551362991333008,301.9726257324219,2.1409223079681396,47.74349594116211,12.248364448547363,12.248364448547363
actor_critic,n_step,10,,1,385,45.42615864114447,34,0.009814023971557617,10.205721139907837,,,192.09771728515625,-2.568168878555298,278.0941467285156,2.14094877243042,34.22187805175781,-1.2215286493301392,-1.2215286493301392
actor_critic,n_step,10,,1,386,188.3296405857648,94,0.021986007690429688,10.227923154830933,,,237.49880981445312,22.91457176208496,306.5489196777344,2.1409757137298584,47.43451690673828,11.938821792602539,11.938821792602539
actor_critic,n_step,10,,1,387,38.406350031641765,30,0.006846904754638672,10.234946012496948,,,205.71286010742188,-5.055075168609619,301.0970458984375,2.140866994857788,32.34255599975586,-3.116340160369873,-3.116340160369873
actor_critic,n_step,10,,1,388,203.95914897946213,101,0.022800207138061523,10.25791621208191,,,237.90426635742188,24.717504501342773,304.5525207519531,2.140805959701538,47.84416580200195,12.34289836883545,12.34289836883545
actor_critic,n_step,10,,1,389,198.7997421364466,96,0.02192997932434082,10.280030250549316,,,255.341552734375,28.923877716064453,323.4538269042969,2.1407108306884766,48.14982986450195,12.641119956970215,12.641119956970215
actor_critic,n_step,10,,1,390,185.81456801091622,92,0.020334959030151367,10.300562143325806,,,242.78053283691406,24.528514862060547,311.7886047363281,2.1406710147857666,47.53266143798828,12.015045166015625,12.015045166015625
actor_critic,n_step,10,,1,391,190.30208068795767,94,0.08038496971130371,10.381101131439209,,,246.80162048339844,27.40348243713379,313.4259033203125,2.1406023502349854,47.65227127075195,12.11573314666748,12.11573314666748
actor_critic,n_step,10,,1,392,187.24122474526428,94,0.028787851333618164,10.41013503074646,,,233.49879455566406,23.316251754760742,300.2607727050781,2.140651226043701,47.35287094116211,11.804279327392578,11.804279327392578
actor_critic,n_step,10,,1,393,189.81345296496238,96,0.022142887115478516,10.432512998580933,,,230.20326232910156,23.284875869750977,295.5976867675781,2.140643835067749,47.30808639526367,11.725764274597168,11.725764274597168
actor_critic,n_step,10,,1,394,170.91761246050112,85,0.02140498161315918,10.454118251800537,,,242.99267578125,25.069110870361328,311.31939697265625,2.140573263168335,47.178123474121094,11.567784309387207,11.567784309387207
actor_critic,n_step,10,,1,395,197.6705649626035,98,0.022811174392700195,10.47713828086853,,,246.2720947265625,29.193214416503906,310.1127014160156,2.140519857406616,47.838409423828125,12.187553405761719,12.187553405761719
actor_critic,n_step,10,,1,396,179.51426318490647,90,0.019903898239135742,10.497236251831055,,,238.1676025390625,23.785263061523438,306.260498046875,2.1405696868896484,47.33633804321289,11.652491569519043,11.652491569519043
actor_critic,n_step,10,,1,397,181.80791618622888,92,0.02058720588684082,10.517994403839111,,,232.39154052734375,22.430139541625977,299.9448547363281,2.140554666519165,47.252506256103516,11.527581214904785,11.527581214904785
actor_critic,n_step,10,,1,398,182.4270839579528,92,0.020210981369018555,10.538373231887817,,,237.3128204345703,26.469327926635742,301.2049865722656,2.140484571456909,47.327964782714844,11.578908920288086,11.578908920288086
actor_critic,n_step,10,,1,399,185.12364343753347,94,0.019894123077392578,10.55845308303833,,,233.9073486328125,25.772539138793945,297.33544921875,2.1405203342437744,47.34894561767578,11.534212112426758,11.534212112426758
actor_critic,n_step,10,,1,400,184.51011861761805,91,0.0194242000579834,10.57804536819458,172.4611187984723,1.5666362424353644,242.6375732421875,22.33373260498047,314.7197570800781,2.140587568283081,47.835227966308594,11.966644287109375,11.966644287109375
actor_critic,n_step,10,,1,401,171.1178027818167,85,0.017221689224243164,10.633185148239136,,,242.6136474609375,24.11920166015625,312.1349182128906,2.1405601501464844,47.43614959716797,11.535333633422852,11.535333633422852
actor_critic,n_step,10,,1,402,171.31404209070723,87,0.01790618896484375,10.651239156723022,,,234.33926391601562,23.54454231262207,301.13531494140625,2.140526056289673,47.160160064697266,11.192877769470215,11.192877769470215
actor_critic,n_step,10,,1,403,178.11934036458828,89,0.018177032470703125,10.669565200805664,,,244.2449951171875,27.614166259765625,309.4726257324219,2.1404778957366943,47.60403060913086,11.585550308227539,11.585550308227539
actor_critic,n_step,10,,1,404,165.5538821903301,82,0.019575834274291992,10.689313173294067,,,238.46717834472656,19.446903228759766,312.8861083984375,2.140540361404419,47.45399475097656,11.378463745117188,11.378463745117188
actor_critic,n_step,10,,1,405,153.65533527325584,77,0.01744675636291504,10.706958055496216,,,237.94351196289062,23.97476577758789,305.6696472167969,2.140399217605591,46.98466491699219,10.859476089477539,10.859476089477539
actor_critic,n_step,10,,1,406,157.33632498358298,78,0.015945911407470703,10.72308611869812,,,242.2438507080078,22.807470321655273,313.4805603027344,2.140289306640625,47.31377029418945,11.122154235839844,11.122154235839844
actor_critic,n_step,10,,1,407,159.32026429123067,79,0.01701521873474121,10.740272283554077,,,244.24533081054688,25.37607192993164,312.6703796386719,2.140167713165283,47.42683029174805,11.179779052734375,11.179779052734375
actor_critic,n_step,10,,1,408,140.21537150483954,72,0.014684915542602539,10.755139112472534,,,220.77561950683594,22.921947479248047,282.6481018066406,2.140097141265869,46.31047058105469,10.003565788269043,10.003565788269043
actor_critic,n_step,10,,1,409,148.80586934809008,74,0.015035867691040039,10.770337104797363,,,235.49160766601562,21.304542541503906,305.9815368652344,2.140080213546753,47.1263313293457,10.7551908493042,10.7551908493042
actor_critic,n_step,10,,1,410,131.8578056751149,68,0.014120817184448242,10.784645080566406,,,220.90817260742188,21.94073486328125,284.23919677734375,2.140031099319458,46.02885818481445,9.615959167480469,9.615959167480469
actor_critic,n_step,10,,1,411,154.90562192676273,76,0.015495777130126953,10.80030107498169,,,237.68698120117188,19.946199417114258,311.0582580566406,2.1400184631347656,47.6046142578125,11.111274719238281,11.111274719238281
actor_critic,n_step,10,,1,412,163.81039367124194,79,0.016159772872924805,10.816639184951782,,,252.14759826660156,25.601308822631836,323.6375732421875,2.139749526977539,48.17871856689453,11.644713401794434,11.644713401794434
actor_critic,n_step,10,,1,413,145.97545418566372,73,0.014882087707519531,10.83169937133789,,,231.14041137695312,21.420894622802734,299.59930419921875,2.1395225524902344,47.1319465637207,10.51213264465332,10.51213264465332
actor_critic,n_step,10,,1,414,146.00910796511346,73,0.01619887351989746,10.848075151443481,,,225.76356506347656,15.387578964233398,300.5371398925781,2.139277696609497,47.18705749511719,10.53339672088623,10.53339672088623
actor_critic,n_step,10,,1,415,153.34415044079466,75,0.01662588119506836,10.864858150482178,,,247.64744567871094,28.37038803100586,313.2529296875,2.1388182640075684,47.805397033691406,11.070908546447754,11.070908546447754
actor_critic,n_step,10,,1,416,147.00300481661947,73,0.014992952346801758,10.88008713722229,,,235.22337341308594,24.874059677124023,300.4990234375,2.1385319232940674,47.412742614746094,10.627310752868652,10.627310752868652
actor_critic,n_step,10,,1,417,150.0948166748007,74,0.014743804931640625,10.894986152648926,,,233.70848083496094,19.039255142211914,306.6703186035156,2.138335704803467,47.68489074707031,10.804214477539062,10.804214477539062
actor_critic,n_step,10,,1,418,162.9853920301017,78,0.0160830020904541,10.91122317314148,,,256.37774658203125,29.4979190826416,324.1140441894531,2.138033390045166,48.59042739868164,11.64140510559082,11.64140510559082
actor_critic,n_step,10,,1,419,171.57535639457726,81,0.017019271850585938,10.928426265716553,,,260.7540588378906,26.773975372314453,334.25726318359375,2.1378893852233887,49.093814849853516,12.08127498626709,12.08127498626709
actor_critic,n_step,10,,1,420,145.2816987287096,72,0.014692068099975586,10.943292140960693,165.56014438860444,2.020316682412641,239.98760986328125,24.741920471191406,307.4938659667969,2.1377925872802734,47.60299301147461,10.531891822814941,10.531891822814941
actor_critic,n_step,10,,1,421,161.65174143443306,77,0.01552581787109375,10.993178129196167,,,249.8916778564453,21.888486862182617,325.7188415527344,2.1377508640289307,48.74700164794922,11.600378036499023,11.600378036499023
actor_critic,n_step,10,,1,422,165.74879021595777,78,0.016022920608520508,11.009363174438477,,,255.3941650390625,23.730676651000977,330.9478454589844,2.1375813484191895,49.125362396240234,11.913863182067871,11.913863182067871
actor_critic,n_step,10,,1,423,161.94513701273087,77,0.01557469367980957,11.02508807182312,,,258.7118225097656,26.89944839477539,331.1605224609375,2.1373631954193115,48.903072357177734,11.627594947814941,11.627594947814941
actor_critic,n_step,10,,1,424,164.86058243480653,78,0.01577281951904297,11.041030168533325,,,258.20867919921875,25.022226333618164,333.1235046386719,2.1372432708740234,49.11634063720703,11.770557403564453,11.770557403564453
actor_critic,n_step,10,,1,425,156.66304329249692,76,0.015368223190307617,11.056575298309326,,,249.85415649414062,24.356586456298828,322.139404296875,2.1371335983276367,48.540435791015625,11.13347339630127,11.13347339630127
actor_critic,n_step,10,,1,426,141.0822385622789,70,0.014068841934204102,11.070823192596436,,,236.2399444580078,22.11452293395996,305.8934631347656,2.1370465755462646,47.70916748046875,10.235325813293457,10.235325813293457
actor_critic,n_step,10,,1,427,146.7728610297156,72,0.015084981918334961,11.08605432510376,,,239.3703155517578,24.723329544067383,306.6385498046875,2.136979103088379,48.14570236206055,10.600665092468262,10.600665092468262
actor_critic,n_step,10,,1,428,171.68748011394507,80,0.016672849655151367,11.102888345718384,,,266.3796691894531,27.6998348236084,340.97119140625,2.1369833946228027,49.763206481933594,12.150331497192383,12.150331497192383
actor_critic,n_step,10,,1,429,206.95963088448096,93,0.01854395866394043,11.121583223342896,,,283.49188232421875,26.158977508544922,367.6184387207031,2.137037754058838,51.24369430541992,13.559320449829102,13.559320449829102
actor_critic,n_step,10,,1,430,170.59102592431483,79,0.01585102081298828,11.137677192687988,,,265.6260070800781,23.14128875732422,346.40673828125,2.136949062347412,49.93749237060547,12.193643569946289,12.193643569946289
actor_critic,n_step,10,,1,431,178.13237091182924,82,0.0169219970703125,11.154771327972412,,,274.35589599609375,27.42099952697754,352.76416015625,2.1367499828338623,50.2883186340332,12.478116989135742,12.478116989135742
actor_critic,n_step,10,,1,432,186.2918425284544,85,0.0172879695892334,11.172214031219482,,,274.4698791503906,22.49159049987793,359.968994140625,2.136596918106079,50.692405700683594,12.815988540649414,12.815988540649414
actor_critic,n_step,10,,1,433,146.83027426320064,72,0.01470494270324707,11.187080144882202,,,239.01953125,20.63567352294922,311.9769287109375,2.1362669467926025,48.463138580322266,10.5248384475708,10.5248384475708
actor_critic,n_step,10,,1,434,151.14103205905724,73,0.014805078506469727,11.202051162719727,,,241.37026977539062,18.535667419433594,318.33514404296875,2.135909080505371,48.88035583496094,10.866378784179688,10.866378784179688
actor_critic,n_step,10,,1,435,156.17898081502184,75,0.015412092208862305,11.217637300491333,,,247.46115112304688,20.774999618530273,323.8373718261719,2.135467767715454,49.190494537353516,11.106544494628906,11.106544494628906
actor_critic,n_step,10,,1,436,138.62502429993003,69,0.013966083526611328,11.231762170791626,,,235.5207977294922,19.167482376098633,309.076171875,2.134986639022827,48.10947799682617,9.99006462097168,9.99006462097168
actor_critic,n_step,10,,1,437,148.57580478856698,74,0.014723062515258789,11.246663331985474,,,245.60107421875,23.512996673583984,317.2686767578125,2.1345131397247314,48.51435852050781,10.309468269348145,10.309468269348145
actor_critic,n_step,10,,1,438,140.5349962661445,70,0.01395726203918457,11.260869264602661,,,235.38031005859375,21.14217758178711,306.0544738769531,2.1341257095336914,48.28362274169922,10.01105785369873,10.01105785369873
actor_critic,n_step,10,,1,439,184.28601236276828,84,0.016737937927246094,11.277798175811768,,,276.34197998046875,23.6630802154541,360.9698791503906,2.133770227432251,51.04273223876953,12.684372901916504,12.684372901916504
actor_critic,n_step,10,,1,440,167.95118418137426,79,0.01589488983154297,11.293854236602783,146.6766538465949,2.208726502904239,260.5373840332031,24.598337173461914,337.0557861328125,2.1333041191101074,50.17079162597656,11.75140380859375,11.75140380859375
actor_critic,n_step,10,,1,441,131.79440866078141,67,0.013470888137817383,11.33828616142273,,,225.86456298828125,14.635625839233398,301.7556457519531,2.132875919342041,47.78626251220703,9.30532169342041,9.30532169342041
actor_critic,n_step,10,,1,442,136.90083234167665,69,0.013889074325561523,11.352328300476074,,,228.82284545898438,16.59618377685547,303.1809387207031,2.132352113723755,48.1795768737793,9.63360595703125,9.63360595703125
actor_critic,n_step,10,,1,443,135.53684261399007,68,0.013814926147460938,11.366286039352417,,,239.43223571777344,23.599939346313477,308.33184814453125,2.1316723823547363,48.21248245239258,9.602836608886719,9.602836608886719
actor_critic,n_step,10,,1,444,197.1622448458397,89,0.017568111419677734,11.384007215499878,,,284.27545166015625,26.093101501464844,368.8319091796875,2.131129264831543,51.775115966796875,13.077492713928223,13.077492713928223
actor_critic,n_step,10,,1,445,155.5226279921178,75,0.01509714126586914,11.399269104003906,,,250.02664184570312,23.03608512878418,324.272216796875,2.1305952072143555,49.652217864990234,10.899215698242188,10.899215698242188
actor_critic,n_step,10,,1,446,173.88803832277767,81,0.015874862670898438,11.415298223495483,,,261.77691650390625,25.870037078857422,337.00982666015625,2.130110025405884,50.783504486083984,11.956060409545898,11.956060409545898
actor_critic,n_step,10,,1,447,180.1022572456374,83,0.01671123504638672,11.43217921257019,,,274.5785827636719,26.191164016723633,354.83917236328125,2.129689931869507,51.18257522583008,12.305778503417969,12.305778503417969
actor_critic,n_step,10,,1,448,172.94059121476735,80,0.015899181365966797,11.4482421875,,,267.3795471191406,24.14165496826172,347.48272705078125,2.129319667816162,50.97099685668945,12.02166748046875,12.02166748046875
actor_critic,n_step,10,,1,449,177.58176606805617,83,0.016123056411743164,11.46452021598816,,,272.954345703125,30.991273880004883,345.6615295410156,2.1289548873901367,50.99485397338867,11.96750545501709,11.96750545501709
actor_critic,n_step,10,,1,450,182.45538788080972,84,0.017038822174072266,11.481719017028809,,,272.4436950683594,24.52729034423828,354.1662902832031,2.128730297088623,51.427711486816406,12.341157913208008,12.341157913208008
actor_critic,n_step,10,,1,451,184.15693578415284,85,0.017042875289916992,11.498948097229004,,,272.30743408203125,25.173839569091797,353.0480041503906,2.1284871101379395,51.49140548706055,12.324576377868652,12.324576377868652
actor_critic,n_step,10,,1,452,168.40362253385,79,0.016074180603027344,11.515178203582764,,,264.37750244140625,28.08793067932129,337.5565185546875,2.128246784210205,50.84491729736328,11.614766120910645,11.614766120910645
actor_critic,n_step,10,,1,453,206.93090830746974,92,0.01813030242919922,11.533468246459961,,,283.9094543457031,22.182218551635742,373.89605712890625,2.128145456314087,52.72862243652344,13.430682182312012,13.430682182312012
actor_critic,n_step,10,,1,454,218.33001750779903,96,0.018847942352294922,11.552468299865723,,,308.7970886230469,35.32345962524414,390.6766052246094,2.1278250217437744,53.21489334106445,13.839188575744629,13.839188575744629
actor_critic,n_step,10,,1,455,231.30874951185808,101,0.019846200942993164,11.57249927520752,,,308.1041259765625,28.65235137939453,399.2168273925781,2.127671003341675,53.631370544433594,14.18700122833252,14.18700122833252
actor_critic,n_step,10,,1,456,198.47210579080823,89,0.01780104637145996,11.590471267700195,,,288.95111083984375,27.272062301635742,373.82720947265625,2.1274893283843994,52.57025909423828,13.066393852233887,13.066393852233887
actor_critic,n_step,10,,1,457,196.87431640295316,89,0.017850160598754883,11.60846734046936,,,283.1029052734375,24.7708797454834,369.0457458496094,2.1273069381713867,52.457496643066406,12.881280899047852,12.881280899047852
actor_critic,n_step,10,,1,458,224.30945138241614,97,0.018780231475830078,11.627390384674072,,,313.330810546875,28.904918670654297,406.3227233886719,2.127051591873169,53.84050750732422,14.193224906921387,14.193224906921387
actor_critic,n_step,10,,1,459,230.70747457114655,100,0.01979994773864746,11.647385120391846,,,314.632568359375,29.47136116027832,407.3731384277344,2.126791000366211,53.95835494995117,14.247167587280273,14.247167587280273
actor_critic,n_step,10,,1,460,220.91748035976667,96,0.018581867218017578,11.666136026382446,229.94167276634207,1.1687479203869684,303.3287048339844,27.46462059020996,394.091552734375,2.12652587890625,53.80889892578125,14.025634765625,14.025634765625
actor_critic,n_step,10,,1,461,202.0339134562487,90,0.01816105842590332,11.727058172225952,,,290.54998779296875,22.865684509277344,382.4061584472656,2.126214027404785,53.033443450927734,13.20423698425293,13.20423698425293
actor_critic,n_step,10,,1,462,225.28665866976985,98,0.01933574676513672,11.746565103530884,,,322.0198059082031,35.682701110839844,409.0530090332031,2.125775098800659,53.97062301635742,14.057870864868164,14.057870864868164
actor_critic,n_step,10,,1,463,223.47116521248458,97,0.0191190242767334,11.765920162200928,,,311.6131896972656,26.014026641845703,407.998779296875,2.125501871109009,54.03887939453125,14.054765701293945,14.054765701293945
actor_critic,n_step,10,,1,464,228.75719821197126,99,0.01960921287536621,11.785704374313354,,,315.4769592285156,30.014739990234375,407.80316162109375,2.1250860691070557,54.235450744628906,14.185002326965332,14.185002326965332
actor_critic,n_step,10,,1,465,226.13334075013105,99,0.019551992416381836,11.805423259735107,,,309.9009704589844,30.28063201904297,399.4576110839844,2.124711275100708,54.04019546508789,13.916987419128418,13.916987419128418
actor_critic,n_step,10,,1,466,229.2840000268246,100,0.019804954528808594,11.825414180755615,,,307.9830322265625,24.79945945739746,404.5479736328125,2.1243953704833984,54.21224594116211,14.0232515335083,14.0232515335083
actor_critic,n_step,10,,1,467,223.58914520010907,97,0.01926398277282715,11.844855070114136,,,315.0234069824219,25.64640998840332,413.39569091796875,2.123962640762329,54.2590217590332,14.002110481262207,14.002110481262207
actor_critic,n_step,10,,1,468,224.88270065914037,98,0.01906585693359375,11.864084959030151,,,311.79681396484375,27.18090057373047,406.5941467285156,2.1234939098358154,54.25722122192383,13.933202743530273,13.933202743530273
actor_critic,n_step,10,,1,469,227.23854699610533,99,0.019814252853393555,11.88406229019165,,,313.1471252441406,27.52411460876465,408.03289794921875,2.122995138168335,54.3726921081543,13.981698036193848,13.981698036193848
actor_critic,n_step,10,,1,470,226.48839606554242,98,0.019392013549804688,11.90363621711731,,,313.846435546875,28.002029418945312,408.34912109375,2.1224653720855713,54.529930114746094,14.07243537902832,14.07243537902832
actor_critic,n_step,10,,1,471,226.31256051150433,98,0.019284963607788086,11.923099279403687,,,316.45001220703125,30.180545806884766,408.9563903808594,2.1219098567962646,54.56458282470703,14.036713600158691,14.036713600158691
actor_critic,n_step,10,,1,472,224.48079567949887,97,0.01937699317932129,11.942645072937012,,,313.3229675292969,25.10395050048828,411.741455078125,2.121422290802002,54.61689376831055,14.021041870117188,14.021041870117188
actor_critic,n_step,10,,1,473,224.38365778020759,98,0.01949906349182129,11.962284088134766,,,315.0689392089844,31.099449157714844,405.6706848144531,2.1207847595214844,54.49033737182617,13.825708389282227,13.825708389282227
actor_critic,n_step,10,,1,474,231.62231576463313,99,0.01913619041442871,11.981592178344727,,,324.72442626953125,30.78525161743164,419.9131164550781,2.120253801345825,55.0598030090332,14.340926170349121,14.340926170349121
actor_critic,n_step,10,,1,475,224.86513442286045,97,0.019409894943237305,12.001179218292236,,,315.1263122558594,28.230329513549805,409.8514404296875,2.1197872161865234,54.81483459472656,14.01958179473877,14.01958179473877
actor_critic,n_step,10,,1,476,227.21815564209712,99,0.019331693649291992,12.020673036575317,,,315.61517333984375,30.167160034179688,407.7828674316406,2.119321823120117,54.73865509033203,13.875189781188965,13.875189781188965
actor_critic,n_step,10,,1,477,224.47599747510836,98,0.01892995834350586,12.03975510597229,,,306.4421691894531,25.19792366027832,401.7774963378906,2.118920087814331,54.71414566040039,13.784367561340332,13.784367561340332
actor_critic,n_step,10,,1,478,227.33343593743507,100,0.020228862762451172,12.060150146484375,,,309.196533203125,30.211807250976562,398.54962158203125,2.118488311767578,54.69541931152344,13.699379920959473,13.699379920959473
actor_critic,n_step,10,,1,479,224.75507920218465,97,0.01905202865600586,12.079378128051758,,,319.02593994140625,31.968711853027344,410.0817565917969,2.118126392364502,55.0346565246582,13.966761589050293,13.966761589050293
actor_critic,n_step,10,,1,480,228.27997821122955,100,0.020622968673706055,12.100216150283813,227.92388662402905,3.198579476098513,302.98834228515625,26.458494186401367,395.04266357421875,2.1179332733154297,54.89017105102539,13.755724906921387,13.755724906921387
actor_critic,n_step,10,,1,481,233.70436176577164,101,0.02018284797668457,12.16299819946289,,,312.52294921875,27.719955444335938,406.8614501953125,2.1177122592926025,55.28269958496094,14.086923599243164,14.086923599243164
actor_critic,n_step,10,,1,482,235.72825090345157,101,0.022124052047729492,12.185370206832886,,,323.5462341308594,32.30806350708008,416.05450439453125,2.1174278259277344,55.5203742980957,14.249493598937988,14.249493598937988
actor_critic,n_step,10,,1,483,233.88674170879213,101,0.020116090774536133,12.205672264099121,,,316.83465576171875,31.591840744018555,407.4897766113281,2.1172523498535156,55.41717529296875,14.08544921875,14.08544921875
actor_critic,n_step,10,,1,484,212.83543471357993,94,0.019081830978393555,12.22492003440857,,,299.0775451660156,24.73891258239746,391.9123229980469,2.1171419620513916,54.670040130615234,13.264095306396484,13.264095306396484
actor_critic,n_step,10,,1,485,236.91087612164912,101,0.020278215408325195,12.245368242263794,,,318.21734619140625,30.113662719726562,411.57666015625,2.1169023513793945,55.8013916015625,14.34021282196045,14.34021282196045
actor_critic,n_step,10,,1,486,198.7723821142241,89,0.01833796501159668,12.263885021209717,,,288.3545227050781,23.84982681274414,377.8638610839844,2.116677761077881,54.232505798339844,12.707535743713379,12.707535743713379
actor_critic,n_step,10,,1,487,226.79064143089894,98,0.020934104919433594,12.284969329833984,,,312.6612854003906,29.823514938354492,404.053955078125,2.116422414779663,55.490570068359375,13.898802757263184,13.898802757263184
actor_critic,n_step,10,,1,488,122.43047888116602,64,0.015102863311767578,12.300246000289917,,,227.20169067382812,12.599910736083984,306.573974609375,2.1162023544311523,49.42302703857422,7.770940780639648,7.770940780639648
actor_critic,n_step,10,,1,489,216.7568325806713,95,0.021203279495239258,12.321642398834229,,,301.7836608886719,27.174823760986328,392.2983093261719,2.1159307956695557,55.14750671386719,13.404488563537598,13.404488563537598
actor_critic,n_step,10,,1,490,205.89505541825028,92,0.018831968307495117,12.340654134750366,,,294.8064880371094,26.916799545288086,382.6995544433594,2.1156370639801025,54.64309310913086,12.83569049835205,12.83569049835205
actor_critic,n_step,10,,1,491,236.01286539383142,102,0.021561861038208008,12.36241102218628,,,305.40838623046875,26.49290657043457,398.45068359375,2.115367889404297,55.866493225097656,13.988324165344238,13.988324165344238
actor_critic,n_step,10,,1,492,193.31992346431738,87,0.018164873123168945,12.380751132965088,,,287.82806396484375,26.398954391479492,373.47015380859375,2.115046977996826,54.34001159667969,12.40234375,12.40234375
actor_critic,n_step,10,,1,493,190.6454874701891,86,0.01757073402404785,12.398508071899414,,,287.29913330078125,28.509885787963867,369.6989440917969,2.114765167236328,54.27915954589844,12.270005226135254,12.270005226135254
actor_critic,n_step,10,,1,494,167.40930432571793,80,0.016492605209350586,12.41516900062561,,,261.8312072753906,19.735231399536133,345.8514099121094,2.1145706176757812,52.7852783203125,10.711736679077148,10.711736679077148
actor_critic,n_step,10,,1,495,192.4498256223506,88,0.018900156021118164,12.434229135513306,,,281.8477478027344,24.984357833862305,366.9477233886719,2.1143109798431396,54.205360412597656,12.064483642578125,12.064483642578125
actor_critic,n_step,10,,1,496,158.20810973366835,76,0.01565694808959961,12.450146198272705,,,260.05657958984375,24.61488914489746,336.34527587890625,2.1140618324279785,52.504573822021484,10.30211067199707,10.30211067199707
actor_critic,n_step,10,,1,497,151.2657853608603,74,0.01512598991394043,12.465451002120972,,,249.42735290527344,21.478456497192383,325.64129638671875,2.1139605045318604,52.044883728027344,9.777506828308105,9.777506828308105
actor_critic,n_step,10,,1,498,230.16260136808577,100,0.02055501937866211,12.486226320266724,,,309.8610534667969,29.103271484375,401.0825500488281,2.1138854026794434,56.05967712402344,13.711050033569336,13.711050033569336
actor_critic,n_step,10,,1,499,216.22445822446184,95,0.019791126251220703,12.506195306777954,,,306.7469482421875,30.524187088012695,394.6039123535156,2.1138193607330322,55.646385192871094,13.233120918273926,13.233120918273926
actor_critic,n_step,10,,1,500,177.99912972541725,84,0.01720404624938965,12.523563146591187,182.58749141234543,1.6947761760224938,268.5205383300781,26.892183303833008,345.183349609375,2.1138417720794678,53.60157012939453,11.127901077270508,11.127901077270508
actor_critic,n_step,10,,1,501,192.15003707279968,87,0.01813793182373047,12.57893705368042,,,288.10699462890625,27.634132385253906,372.1041259765625,2.1139421463012695,54.671539306640625,12.119608879089355,12.119608879089355
actor_critic,n_step,10,,1,502,176.51897945461042,82,0.01734185218811035,12.596405982971191,,,274.58843994140625,23.327978134155273,358.9435119628906,2.1141061782836914,53.90019226074219,11.282062530517578,11.282062530517578
actor_critic,n_step,10,,1,503,159.50048066715325,76,0.01631617546081543,12.612870216369629,,,262.85772705078125,21.53409194946289,344.748046875,2.1142444610595703,53.018035888671875,10.336936950683594,10.336936950683594
actor_critic,n_step,10,,1,504,147.2153311742203,73,0.015228986740112305,12.628259181976318,,,252.1018524169922,18.637706756591797,333.52020263671875,2.1143624782562256,52.07392883300781,9.328080177307129,9.328080177307129
actor_critic,n_step,10,,1,505,179.58144541108766,83,0.016722917556762695,12.645145177841187,,,270.6312561035156,22.108829498291016,355.03204345703125,2.1144471168518066,54.222110748291016,11.400993347167969,11.400993347167969
actor_critic,n_step,10,,1,506,159.6958994580272,76,0.0158538818359375,12.661208152770996,,,258.72705078125,19.160198211669922,342.2383728027344,2.114459991455078,53.2092399597168,10.325578689575195,10.325578689575195
actor_critic,n_step,10,,1,507,141.58019989252693,70,0.014536857604980469,12.675935983657837,,,248.86253356933594,18.139667510986328,329.6040954589844,2.1143906116485596,52.01008605957031,9.06289005279541,9.06289005279541
actor_critic,n_step,10,,1,508,118.08812389013467,62,0.012810945510864258,12.688919067382812,,,229.26126098632812,8.58647632598877,315.24969482421875,2.114304304122925,50.11103439331055,7.094630241394043,7.094630241394043
actor_critic,n_step,10,,1,509,111.69695907490765,60,0.013715982437133789,12.702803373336792,,,239.15773010253906,11.361848831176758,325.4226989746094,2.1140670776367188,49.54729080200195,6.473225116729736,6.473225116729736
actor_critic,n_step,10,,1,510,171.2510497793897,80,0.017310142517089844,12.720314264297485,,,270.7109680175781,21.8929386138916,355.454345703125,2.1137771606445312,54.066322326660156,10.91008186340332,10.91008186340332
actor_critic,n_step,10,,1,511,230.92348198112106,98,0.019281864166259766,12.739761114120483,,,322.552001953125,29.456899642944336,418.707275390625,2.113478899002075,57.19974136352539,13.9736328125,13.9736328125
actor_critic,n_step,10,,1,512,220.2555995229673,95,0.019216060638427734,12.759310245513916,,,319.17828369140625,33.46494674682617,408.16192626953125,2.113210439682007,56.75641632080078,13.463278770446777,13.463278770446777
actor_critic,n_step,10,,1,513,225.81311747099133,97,0.020058155059814453,12.779548168182373,,,313.0851135253906,25.087770462036133,411.4247741699219,2.1131107807159424,56.979061126708984,13.619970321655273,13.619970321655273
actor_critic,n_step,10,,1,514,215.0461867125554,93,0.018492937088012695,12.798224210739136,,,312.6315002441406,28.656801223754883,405.67816162109375,2.1129298210144043,56.70109176635742,13.273825645446777,13.273825645446777
actor_critic,n_step,10,,1,515,151.94765914196114,73,0.014765739440917969,12.813163042068481,,,263.72808837890625,21.638755798339844,345.8418884277344,2.112778663635254,53.24855041503906,9.7597017288208,9.7597017288208
actor_critic,n_step,10,,1,516,213.79677135838887,94,0.018767118453979492,12.832102298736572,,,305.8343200683594,25.665042877197266,400.2418212890625,2.112670660018921,56.49684524536133,12.934114456176758,12.934114456176758
actor_critic,n_step,10,,1,517,210.60624108838246,92,0.01811528205871582,12.85039734840393,,,311.787353515625,29.198816299438477,403.6979064941406,2.1125338077545166,56.594749450683594,12.96484661102295,12.96484661102295
actor_critic,n_step,10,,1,518,219.4770445487398,95,0.01886892318725586,12.869439363479614,,,316.6520690917969,33.6137809753418,404.3404235839844,2.1124491691589355,57.003875732421875,13.30484390258789,13.30484390258789
actor_critic,n_step,10,,1,519,208.12004759127024,91,0.019469022750854492,12.889117240905762,,,311.5372009277344,33.5632209777832,397.1056823730469,2.1124722957611084,56.624961853027344,12.858720779418945,12.858720779418945
actor_critic,n_step,10,,1,520,215.19647163916932,93,0.019124984741210938,12.908430099487305,212.31052408130068,0.21424510330517454,316.7213134765625,26.155075073242188,415.0946350097656,2.1126935482025146,57.04452133178711,13.215959548950195,13.215959548950195
actor_critic,n_step,10,,1,521,203.42912267206478,90,0.017725229263305664,12.966015338897705,,,304.6418762207031,24.068218231201172,400.81951904296875,2.112860679626465,56.425270080566406,12.527693748474121,12.527693748474121
actor_critic,n_step,10,,1,522,214.9681776578157,94,0.019357919692993164,12.985538005828857,,,309.5251770019531,29.871158599853516,399.5057373046875,2.1129813194274902,56.935604095458984,12.966364860534668,12.966364860534668
actor_critic,n_step,10,,1,523,207.2480921987035,92,0.017910003662109375,13.003627061843872,,,305.6849060058594,27.47426986694336,397.44378662109375,2.113151788711548,56.5638542175293,12.527865409851074,12.527865409851074
actor_critic,n_step,10,,1,524,202.1467262842028,90,0.01840686798095703,13.022298097610474,,,305.3738708496094,27.453195571899414,397.0295715332031,2.113332509994507,56.458255767822266,12.35678482055664,12.35678482055664
actor_critic,n_step,10,,1,525,208.73006061875276,92,0.01880502700805664,13.04127311706543,,,309.5025939941406,25.97237205505371,405.0431823730469,2.113539934158325,56.830047607421875,12.658659934997559,12.658659934997559
actor_critic,n_step,10,,1,526,202.0442432123586,90,0.01793980598449707,13.059385061264038,,,299.7131042480469,24.523448944091797,393.12811279296875,2.113696813583374,56.54421615600586,12.3054780960083,12.3054780960083
actor_critic,n_step,10,,1,527,207.00563270389816,92,0.017901897430419922,13.07749605178833,,,305.26531982421875,27.575353622436523,396.699951171875,2.1138062477111816,56.771217346191406,12.479508399963379,12.479508399963379
actor_critic,n_step,10,,1,528,213.52706040390535,94,0.019015789031982422,13.096697092056274,,,308.707763671875,26.6254940032959,402.9747009277344,2.113945960998535,57.12599563598633,12.755233764648438,12.755233764648438
actor_critic,n_step,10,,1,529,206.32454708567036,92,0.018884897232055664,13.115769147872925,,,305.32208251953125,29.208084106445312,394.4485778808594,2.1140668392181396,56.784339904785156,12.343681335449219,12.343681335449219
actor_critic,n_step,10,,1,530,199.98227254467676,90,0.019847869873046875,13.135800123214722,,,297.2322998046875,24.009889602661133,390.3177185058594,2.1142587661743164,56.536720275878906,12.0308198928833,12.0308198928833
actor_critic,n_step,10,,1,531,205.38548926472455,92,0.019525766372680664,13.155502080917358,,,304.8368225097656,28.394895553588867,394.9170227050781,2.1144065856933594,56.81039810180664,12.23803424835205,12.23803424835205
actor_critic,n_step,10,,1,532,192.69877744943298,87,0.019006967544555664,13.174739360809326,,,302.7957458496094,26.183664321899414,395.1601257324219,2.1145994663238525,56.42538833618164,11.786725044250488,11.786725044250488
actor_critic,n_step,10,,1,533,207.71490821950846,93,0.01994609832763672,13.194874286651611,,,305.0628967285156,27.061241149902344,397.1452331542969,2.1147940158843994,56.98108673095703,12.28013801574707,12.28013801574707
actor_critic,n_step,10,,1,534,203.80469176695433,92,0.02052783966064453,13.215584993362427,,,298.68621826171875,24.613754272460938,391.5321350097656,2.114988088607788,56.80342483520508,12.025956153869629,12.025956153869629
actor_critic,n_step,10,,1,535,201.44065649045316,92,0.018542051315307617,13.234324216842651,,,293.3101501464844,21.986209869384766,387.60565185546875,2.1151468753814697,56.620052337646484,11.77618408203125,11.77618408203125
actor_critic,n_step,10,,1,536,196.87012789040108,90,0.017872095108032227,13.252368211746216,,,289.997314453125,20.730215072631836,384.6672668457031,2.1152307987213135,56.54780960083008,11.63709831237793,11.63709831237793
actor_critic,n_step,10,,1,537,207.62184349092968,94,0.018397092819213867,13.270962238311768,,,302.9959411621094,30.09801483154297,389.85418701171875,2.1151044368743896,57.01280975341797,12.03371524810791,12.03371524810791
actor_critic,n_step,10,,1,538,199.84378423726707,91,0.017894983291625977,13.28901720046997,,,299.78253173828125,27.48903465270996,388.9906921386719,2.1150951385498047,56.78586959838867,11.742530822753906,11.742530822753906
actor_critic,n_step,10,,1,539,194.34676295404242,89,0.024423837661743164,13.313605070114136,,,294.91314697265625,26.764930725097656,383.0688781738281,2.1151816844940186,56.60076141357422,11.489564895629883,11.489564895629883
actor_critic,n_step,10,,1,540,195.7580905388339,89,0.0240328311920166,13.33788514137268,199.17880376030547,1.5463849108263246,299.8567810058594,25.137378692626953,392.456298828125,2.1153481006622314,56.796913146972656,11.61799430847168,11.61799430847168
actor_critic,n_step,10,,1,541,205.11360391732393,94,0.018536090850830078,13.394681215286255,,,297.1832580566406,27.811439514160156,384.81689453125,2.1155240535736084,56.96965026855469,11.722604751586914,11.722604751586914
actor_critic,n_step,10,,1,542,192.3753033456962,89,0.017479896545410156,13.412331104278564,,,281.528564453125,20.5643367767334,372.8060607910156,2.11580491065979,56.5498161315918,11.235030174255371,11.235030174255371
actor_critic,n_step,10,,1,543,209.39052476172716,94,0.018756866455078125,13.431268215179443,,,304.74517822265625,28.256189346313477,394.9842834472656,2.115966558456421,57.54334259033203,12.171475410461426,12.171475410461426
actor_critic,n_step,10,,1,544,200.69618873150796,92,0.018723726272583008,13.450179100036621,,,296.3332824707031,24.92095375061035,387.7319030761719,2.1161630153656006,57.02082443237305,11.57541275024414,11.57541275024414
actor_critic,n_step,10,,1,545,180.74249188630603,85,0.01850581169128418,13.468898057937622,,,279.2362365722656,23.702739715576172,365.0478515625,2.1163580417633057,56.12259292602539,10.607328414916992,10.607328414916992
actor_critic,n_step,10,,1,546,205.6430102145635,94,0.02417302131652832,13.49333119392395,,,295.567626953125,22.720691680908203,389.7813415527344,2.1165637969970703,57.29290771484375,11.709020614624023,11.709020614624023
actor_critic,n_step,10,,1,547,198.17854041463596,91,0.020539045333862305,13.514078378677368,,,289.98828125,21.956268310546875,382.90289306640625,2.1166422367095947,57.07334899902344,11.421989440917969,11.421989440917969
actor_critic,n_step,10,,1,548,185.93042528641067,87,0.019320249557495117,13.533609390258789,,,283.53515625,23.65461540222168,371.2579345703125,2.1166458129882812,56.5263557434082,10.81014347076416,10.81014347076416
actor_critic,n_step,10,,1,549,157.40221107127235,77,0.016871929168701172,13.550658226013184,,,264.08038330078125,22.14073944091797,345.6280517578125,2.116669178009033,55.011009216308594,9.233267784118652,9.233267784118652
actor_critic,n_step,10,,1,550,199.668438455738,92,0.020787954330444336,13.571629047393799,,,294.36785888671875,24.686920166015625,385.25848388671875,2.1167471408843994,57.234619140625,11.386151313781738,11.386151313781738
actor_critic,n_step,10,,1,551,197.95545179756306,92,0.020694971084594727,13.592483043670654,,,293.0191955566406,27.35334587097168,379.5226745605469,2.116830825805664,57.1219596862793,11.20388126373291,11.20388126373291
actor_critic,n_step,10,,1,552,203.15879258348542,92,0.019995927810668945,13.612662076950073,,,304.1971435546875,27.11954116821289,395.8251647949219,2.117013931274414,57.69963455200195,11.712845802307129,11.712845802307129
actor_critic,n_step,10,,1,553,186.47657817682816,90,0.019680023193359375,13.632512092590332,,,268.1793212890625,18.48896598815918,356.7005310058594,2.1172237396240234,56.35572814941406,10.302573204040527,10.302573204040527
actor_critic,n_step,10,,1,554,202.93344883175706,93,0.02051687240600586,13.653210163116455,,,288.9653625488281,23.508174896240234,379.22454833984375,2.1173360347747803,57.621829986572266,11.501541137695312,11.501541137695312
actor_critic,n_step,10,,1,555,170.3615587500878,86,0.019036054611206055,13.672521352767944,,,255.62637329101562,21.953876495361328,333.81787109375,2.1174139976501465,55.366024017333984,9.18372631072998,9.18372631072998
actor_critic,n_step,10,,1,556,183.41960778598303,87,0.01966094970703125,13.692368268966675,,,279.51324462890625,21.347623825073242,368.80804443359375,2.1175713539123535,56.66276168823242,10.409729957580566,10.409729957580566
actor_critic,n_step,10,,1,557,199.34887124022308,92,0.021132946014404297,13.713669300079346,,,291.750732421875,22.280460357666016,384.9575500488281,2.117689609527588,57.5876579284668,11.267180442810059,11.267180442810059
actor_critic,n_step,10,,1,558,196.84424373878662,91,0.02053999900817871,13.734369039535522,,,292.8501281738281,24.391529083251953,383.51226806640625,2.1177637577056885,57.53866958618164,11.15068531036377,11.15068531036377
actor_critic,n_step,10,,1,559,206.92116384090937,95,0.021499156951904297,13.756063222885132,,,292.0682067871094,23.668272018432617,383.428466796875,2.117852210998535,57.9550666809082,11.498361587524414,11.498361587524414
actor_critic,n_step,10,,1,560,200.59511977096702,92,0.02045917510986328,13.776699304580688,199.38114975036686,1.2194365344707263,295.1313171386719,21.499998092651367,390.9018859863281,2.117912530899048,57.87588119506836,11.353845596313477,11.353845596313477
actor_critic,n_step,10,,1,561,191.3568329454733,88,0.02026510238647461,13.84105920791626,,,288.0246887207031,18.845630645751953,384.54150390625,2.1179075241088867,57.619972229003906,11.03044605255127,11.03044605255127
actor_critic,n_step,10,,1,562,194.30946907718288,91,0.02102184295654297,13.86227297782898,,,286.1571350097656,22.72346305847168,376.3338317871094,2.117732524871826,57.49605178833008,10.840375900268555,10.840375900268555
actor_critic,n_step,10,,1,563,203.30807374886356,93,0.022034883499145508,13.884497165679932,,,297.47662353515625,23.174650192260742,391.8599548339844,2.1175708770751953,58.15013885498047,11.426873207092285,11.426873207092285
actor_critic,n_step,10,,1,564,202.90542838098287,93,0.0214078426361084,13.906084060668945,,,294.7238464355469,22.529481887817383,388.84912109375,2.1173994541168213,58.1482048034668,11.357146263122559,11.357146263122559
actor_critic,n_step,10,,1,565,200.02351963274398,92,0.020783185958862305,13.927067279815674,,,295.0120544433594,27.04658317565918,382.8078308105469,2.1171953678131104,58.067169189453125,11.210027694702148,11.210027694702148
actor_critic,n_step,10,,1,566,193.35069690627182,89,0.03561806678771973,13.96302318572998,,,289.02178955078125,18.338281631469727,386.69073486328125,2.1170876026153564,57.94963455200195,11.025403022766113,11.025403022766113
actor_critic,n_step,10,,1,567,209.56585414901932,95,0.020906925201416016,13.984111070632935,,,300.3271484375,22.48503303527832,396.91729736328125,2.116814136505127,58.654056549072266,11.664106369018555,11.664106369018555
actor_critic,n_step,10,,1,568,192.76223643839884,90,0.019433975219726562,14.00374722480774,,,286.21002197265625,21.143835067749023,378.6659851074219,2.1164979934692383,57.83056640625,10.77216911315918,10.77216911315918
actor_critic,n_step,10,,1,569,209.2168555460877,95,0.021606922149658203,14.025604248046875,,,295.46600341796875,20.431516647338867,392.9064025878906,2.1161603927612305,58.7258415222168,11.599244117736816,11.599244117736816
actor_critic,n_step,10,,1,570,204.86088865262724,93,0.02029585838317871,14.046082019805908,,,298.22528076171875,24.386898040771484,391.19769287109375,2.11568546295166,58.68268585205078,11.489009857177734,11.489009857177734
actor_critic,n_step,10,,1,571,193.25164837914312,93,0.02061915397644043,14.066854238510132,,,276.5893249511719,25.50338363647461,358.6942138671875,2.1152634620666504,57.545650482177734,10.288769721984863,10.288769721984863
actor_critic,n_step,10,,1,572,205.5019524140474,94,0.020795822143554688,14.087833166122437,,,300.4919128417969,26.208534240722656,391.8334045410156,2.1149706840515137,58.68299102783203,11.358365058898926,11.358365058898926
actor_critic,n_step,10,,1,573,214.38383272495096,96,0.020912885665893555,14.108906984329224,,,303.9486999511719,24.305198669433594,399.49072265625,2.114779472351074,59.29110336303711,11.89758014678955,11.89758014678955
actor_critic,n_step,10,,1,574,193.9694458466954,93,0.02057504653930664,14.129655122756958,,,277.05718994140625,22.458175659179688,363.7128601074219,2.114581346511841,57.77299499511719,10.312334060668945,10.312334060668945
actor_critic,n_step,10,,1,575,205.54252087005509,92,0.020374059677124023,14.150209188461304,,,301.36529541015625,23.252792358398438,397.3035888671875,2.1144254207611084,59.18906021118164,11.660676002502441,11.660676002502441
actor_critic,n_step,10,,1,576,199.28120903039476,96,0.02155900001525879,14.171945333480835,,,272.9644470214844,22.692968368530273,357.5306701660156,2.1142494678497314,57.950897216796875,10.356888771057129,10.356888771057129
actor_critic,n_step,10,,1,577,198.13268024144324,91,0.020020008087158203,14.192137241363525,,,300.4032897949219,24.935426712036133,393.5255432128906,2.114105463027954,58.71044921875,11.050642013549805,11.050642013549805
actor_critic,n_step,10,,1,578,214.70245436953192,95,0.020549774169921875,14.212898015975952,,,306.2880859375,26.673213958740234,399.4497985839844,2.114000082015991,59.75593185424805,12.027242660522461,12.027242660522461
actor_critic,n_step,10,,1,579,202.14596452791,93,0.020246028900146484,14.233310222625732,,,295.8850402832031,24.353940963745117,387.9015808105469,2.1139378547668457,58.89484786987305,11.100604057312012,11.100604057312012
actor_critic,n_step,10,,1,580,197.45937837426732,93,0.01972198486328125,14.253197193145752,194.22853704142938,0.30930033990529626,280.4910888671875,20.791791915893555,370.9990234375,2.11393666267395,58.45907974243164,10.595768928527832,10.595768928527832
actor_critic,n_step,10,,1,581,196.44484471157716,94,0.01913595199584961,14.31157922744751,,,276.7229919433594,23.660701751708984,361.517578125,2.1138756275177,58.25541305541992,10.325398445129395,10.325398445129395
actor_critic,n_step,10,,1,582,204.0562240123494,94,0.019125938415527344,14.330872058868408,,,298.6130065917969,24.225013732910156,391.9828796386719,2.1138572692871094,59.06915283203125,11.072552680969238,11.072552680969238
actor_critic,n_step,10,,1,583,207.12690102260854,95,0.018747806549072266,14.349805116653442,,,303.91925048828125,30.26487922668457,390.9347839355469,2.1138813495635986,59.29122543334961,11.227983474731445,11.227983474731445
actor_critic,n_step,10,,1,584,197.36474338848765,93,0.01872992515563965,14.368725061416626,,,290.1063232421875,24.062135696411133,380.0631408691406,2.11401629447937,58.666927337646484,10.5368013381958,10.5368013381958
actor_critic,n_step,10,,1,585,192.65477301024293,92,0.018355846405029297,14.387289047241211,,,279.0960693359375,18.079177856445312,372.88128662109375,2.11418080329895,58.38057327270508,10.182280540466309,10.182280540466309
actor_critic,n_step,10,,1,586,202.96076969324756,95,0.018841981887817383,14.406294107437134,,,289.9947204589844,22.852018356323242,381.6324157714844,2.1142032146453857,59.008201599121094,10.744769096374512,10.744769096374512
actor_critic,n_step,10,,1,587,204.0414589800271,97,0.019388914108276367,14.425905227661133,,,283.1927795410156,22.84038734436035,371.9319763183594,2.1142373085021973,58.87529373168945,10.544234275817871,10.544234275817871
actor_critic,n_step,10,,1,588,208.53962131692592,98,0.01944875717163086,14.445527076721191,,,287.60784912109375,22.58660125732422,378.6017761230469,2.1142759323120117,59.216339111328125,10.817704200744629,10.817704200744629
actor_critic,n_step,10,,1,589,199.65787715112705,103,0.02007293701171875,14.465825080871582,,,242.33836364746094,20.807449340820312,316.4727478027344,2.1143054962158203,57.68636703491211,9.221771240234375,9.221771240234375
actor_critic,n_step,10,,1,590,195.34975362186205,94,0.03651881217956543,14.502532243728638,,,285.2295837402344,27.099090576171875,368.7578430175781,2.1144049167633057,58.62275695800781,10.093799591064453,10.093799591064453
actor_critic,n_step,10,,1,591,200.6254419054393,99,0.021620988845825195,14.5243501663208,,,260.3970947265625,22.227310180664062,340.2425842285156,2.1147637367248535,58.45005798339844,9.85225772857666,9.85225772857666
actor_critic,n_step,10,,1,592,204.38619810877023,95,0.03136897087097168,14.5558762550354,,,295.85736083984375,21.829936981201172,391.4677734375,2.115176200866699,59.474815368652344,10.808704376220703,10.808704376220703
actor_critic,n_step,10,,1,593,194.96548588700045,100,0.03829216957092285,14.594460248947144,,,248.97305297851562,18.322471618652344,329.5008239746094,2.115525245666504,57.867801666259766,9.13444995880127,9.13444995880127
actor_critic,n_step,10,,1,594,202.30396691682594,98,0.024969100952148438,14.61964726448059,,,270.2728271484375,20.2393798828125,357.1906433105469,2.11579966545105,58.93050003051758,10.131294250488281,10.131294250488281
actor_critic,n_step,10,,1,595,200.87784441735258,105,0.025274991989135742,14.645161390304565,,,238.62155151367188,21.400442123413086,310.3158874511719,2.116025686264038,57.864349365234375,9.000906944274902,9.000906944274902
actor_critic,n_step,10,,1,596,201.34584187917315,99,0.022353172302246094,14.66775131225586,,,267.3634948730469,19.388660430908203,354.249755859375,2.1162729263305664,58.78214645385742,9.850934982299805,9.850934982299805
actor_critic,n_step,10,,1,597,206.3557295818145,95,0.023520946502685547,14.691450119018555,,,305.45440673828125,23.540254592895508,402.7345275878906,2.116467237472534,59.94636154174805,10.945298194885254,10.945298194885254
actor_critic,n_step,10,,1,598,212.14811202591181,105,0.027467012405395508,14.719146251678467,,,261.4947509765625,23.94943618774414,339.3504333496094,2.1166515350341797,59.05028533935547,9.987651824951172,9.987651824951172
actor_critic,n_step,10,,1,599,196.9340948842455,96,0.02066183090209961,14.740033149719238,,,274.25555419921875,22.590078353881836,359.5220947265625,2.1168978214263916,58.95734786987305,9.823163986206055,9.823163986206055
actor_critic,n_step,10,,1,600,203.87224859903466,106,0.022575855255126953,14.76278805732727,199.0543397116572,0.7077236908845739,236.0114288330078,19.242891311645508,309.6693420410156,2.117194890975952,58.28645706176758,9.088282585144043,9.088282585144043
actor_critic,n_step,10,,1,601,196.79184481489364,97,0.020025253295898438,14.826371192932129,,,267.1671142578125,18.54181671142578,355.17901611328125,2.1174659729003906,58.91031265258789,9.642102241516113,9.642102241516113
actor_critic,n_step,10,,1,602,201.7869012781652,98,0.019968032836914062,14.846570253372192,,,275.2611999511719,20.432470321655273,364.0410461425781,2.1176819801330566,59.29505157470703,9.962421417236328,9.962421417236328
actor_critic,n_step,10,,1,603,203.77132061574264,95,0.020051956176757812,14.866858959197998,,,294.9967346191406,23.801918029785156,387.42120361328125,2.1178627014160156,60.025882720947266,10.623516082763672,10.623516082763672
actor_critic,n_step,10,,1,604,197.6502070019478,100,0.020464181900024414,14.887486219406128,,,255.53504943847656,18.84422492980957,338.1297607421875,2.118072271347046,58.72059631347656,9.253820419311523,9.253820419311523
actor_critic,n_step,10,,1,605,200.76470325908736,98,0.020404338836669922,14.908063411712646,,,273.91961669921875,21.539836883544922,360.54254150390625,2.1182329654693604,59.36448669433594,9.830453872680664,9.830453872680664
actor_critic,n_step,10,,1,606,206.8246904689253,95,0.030454635620117188,14.938711166381836,,,304.4201965332031,20.244279861450195,405.965576171875,2.118399143218994,60.473716735839844,10.872077941894531,10.872077941894531
actor_critic,n_step,10,,1,607,213.93386945377532,108,0.03669905662536621,14.975903272628784,,,243.43585205078125,16.910381317138672,323.6078186035156,2.1184864044189453,59.30983352661133,9.651182174682617,9.651182174682617
actor_critic,n_step,10,,1,608,218.41118059280626,111,0.023389101028442383,14.999498128890991,,,249.17575073242188,22.529075622558594,323.7809753417969,2.1184139251708984,59.35532760620117,9.623167991638184,9.623167991638184
actor_critic,n_step,10,,1,609,203.58101522377356,101,0.021426916122436523,15.021180152893066,,,262.69091796875,22.9415283203125,342.4991455078125,2.1183888912200928,59.42443084716797,9.628232955932617,9.628232955932617
actor_critic,n_step,10,,1,610,206.00917854992102,102,0.02200913429260254,15.043424129486084,,,261.8887939453125,21.890838623046875,342.854248046875,2.118436574935913,59.559452056884766,9.692227363586426,9.692227363586426
actor_critic,n_step,10,,1,611,209.89524074048077,108,0.02284407615661621,15.0664541721344,,,236.1532440185547,16.176189422607422,314.2529296875,2.1185123920440674,59.16610336303711,9.231084823608398,9.231084823608398
actor_critic,n_step,10,,1,612,206.24020511912323,100,0.02103900909423828,15.087675094604492,,,270.6961975097656,22.565603256225586,354.4722595214844,2.1184799671173096,59.987796783447266,9.983402252197266,9.983402252197266
actor_critic,n_step,10,,1,613,210.04050107639378,98,0.019960641860961914,15.107790231704712,,,289.98492431640625,17.85327911376953,388.7594909667969,2.1184818744659424,60.69696807861328,10.62518310546875,10.62518310546875
actor_critic,n_step,10,,1,614,223.40414194693247,105,0.021023988723754883,15.128985166549683,,,270.84320068359375,22.00013542175293,355.4901123046875,2.1183953285217285,60.96033477783203,10.826946258544922,10.826946258544922
actor_critic,n_step,10,,1,615,216.97965915260409,111,0.021994829177856445,15.151157140731812,,,236.47918701171875,20.75775146484375,308.1734924316406,2.1182830333709717,59.614593505859375,9.413308143615723,9.413308143615723
actor_critic,n_step,10,,1,616,212.67365441399528,100,0.020509958267211914,15.171864032745361,,,282.0537414550781,22.67345428466797,370.54327392578125,2.1182148456573486,60.81019592285156,10.541948318481445,10.541948318481445
actor_critic,n_step,10,,1,617,219.55302660599008,100,0.02019810676574707,15.192220211029053,,,295.8276672363281,19.86425018310547,394.2334289550781,2.1181697845458984,61.51168441772461,11.175087928771973,11.175087928771973
actor_critic,n_step,10,,1,618,222.44906425744435,102,0.020209074020385742,15.212616205215454,,,294.0146789550781,22.495113372802734,387.8851013183594,2.1180522441864014,61.53814697265625,11.133245468139648,11.133245468139648
actor_critic,n_step,10,,1,619,211.34167203624096,99,0.01941514015197754,15.232194185256958,,,293.7648620605469,24.456872940063477,384.7257080078125,2.117917060852051,60.993499755859375,10.521695137023926,10.521695137023926
actor_critic,n_step,10,,1,620,221.1012499240879,101,0.01912403106689453,15.251490116119385,211.8534787037773,1.0706853508263987,298.6351318359375,24.012157440185547,392.31854248046875,2.1178479194641113,61.6769905090332,11.138304710388184,11.138304710388184
actor_critic,n_step,10,,1,621,211.32732761323936,97,0.019456863403320312,15.312275171279907,,,298.8683776855469,21.964763641357422,395.57659912109375,2.1177968978881836,61.427669525146484,10.824006080627441,10.824006080627441
actor_critic,n_step,10,,1,622,223.59967138352104,103,0.019989967346191406,15.332443237304688,,,289.8987121582031,23.258302688598633,380.9148864746094,2.1177210807800293,61.71561813354492,11.045120239257812,11.045120239257812
actor_critic,n_step,10,,1,623,218.9559247971189,103,0.020277023315429688,15.35291314125061,,,281.6568298339844,21.98771858215332,370.9558410644531,2.1176509857177734,61.32927322387695,10.594277381896973,10.594277381896973
actor_critic,n_step,10,,1,624,207.77364655905143,100,0.0195310115814209,15.372635126113892,,,277.2015686035156,20.36939239501953,366.90313720703125,2.1175763607025146,60.767303466796875,9.961429595947266,9.961429595947266
actor_critic,n_step,10,,1,625,218.90854972972494,101,0.01956486701965332,15.392372369766235,,,294.3956298828125,21.938831329345703,389.2239990234375,2.117483377456665,61.74732208251953,10.876998901367188,10.876998901367188
actor_critic,n_step,10,,1,626,200.0252807201182,95,0.018507957458496094,15.411136150360107,,,288.42291259765625,16.302139282226562,388.74395751953125,2.117375373840332,60.89207458496094,9.953842163085938,9.953842163085938
actor_critic,n_step,10,,1,627,204.8016168286219,95,0.01878213882446289,15.430089235305786,,,302.8267517089844,21.82899284362793,401.4254150390625,2.1171226501464844,61.41691589355469,10.411531448364258,10.411531448364258
actor_critic,n_step,10,,1,628,216.5248953403927,101,0.0199429988861084,15.450220108032227,,,293.86285400390625,21.82079315185547,388.6315002441406,2.1168906688690186,61.68293762207031,10.609638214111328,10.609638214111328
actor_critic,n_step,10,,1,629,205.34874583432256,105,0.020472049713134766,15.470866203308105,,,258.4125671386719,24.43781280517578,334.2496337890625,2.1166610717773438,60.12743377685547,8.988285064697266,8.988285064697266
actor_critic,n_step,10,,1,630,209.13836837373916,97,0.018941164016723633,15.489981174468994,,,302.8179626464844,21.687862396240234,401.61444091796875,2.1166069507598877,61.68440246582031,10.477190017700195,10.477190017700195
actor_critic,n_step,10,,1,631,208.00230779348777,98,0.019041776657104492,15.50919508934021,,,297.9967041015625,24.53278160095215,390.66278076171875,2.116544723510742,61.48702621459961,10.21209716796875,10.21209716796875
actor_critic,n_step,10,,1,632,211.61698939111915,99,0.019762039184570312,15.529130220413208,,,300.71160888671875,26.542978286743164,391.66949462890625,2.1166393756866455,61.72294616699219,10.383687019348145,10.383687019348145
actor_critic,n_step,10,,1,633,210.17502124506387,103,0.020123958587646484,15.549434185028076,,,273.8895263671875,19.251855850219727,363.76812744140625,2.116853713989258,61.075111389160156,9.672966957092285,9.672966957092285
actor_critic,n_step,10,,1,634,222.16462453852256,102,0.02001810073852539,15.569642305374146,,,302.2428283691406,22.31267738342285,399.90020751953125,2.1170263290405273,62.363800048828125,10.889074325561523,10.889074325561523
actor_critic,n_step,10,,1,635,202.2034250468338,97,0.0191800594329834,15.588985204696655,,,287.38458251953125,21.654102325439453,379.6149597167969,2.1171512603759766,61.27712631225586,9.736342430114746,9.736342430114746
actor_critic,n_step,10,,1,636,200.30053577307996,96,0.01895284652709961,15.608115196228027,,,296.94757080078125,19.760276794433594,395.9818420410156,2.117283821105957,61.30123519897461,9.69791316986084,9.69791316986084
actor_critic,n_step,10,,1,637,220.09825257304607,103,0.02015376091003418,15.628441095352173,,,292.72711181640625,19.019046783447266,391.01153564453125,2.1173839569091797,62.19435501098633,10.518540382385254,10.518540382385254
actor_critic,n_step,10,,1,638,210.1625862778636,100,0.019578218460083008,15.6482093334198,,,287.15216064453125,21.488157272338867,379.5199890136719,2.1174161434173584,61.77226638793945,10.030705451965332,10.030705451965332
actor_critic,n_step,10,,1,639,235.499113109958,109,0.020952939987182617,15.669325113296509,,,299.103759765625,21.872121810913086,396.0451965332031,2.117450714111328,62.80404281616211,10.996397972106934,10.996397972106934
actor_critic,n_step,10,,1,640,205.40691465759778,99,0.01921367645263672,15.688716173171997,212.25756173837954,2.3339260448668044,284.0562744140625,21.10948371887207,375.63824462890625,2.117457151412964,61.571956634521484,9.698837280273438,9.698837280273438
actor_critic,n_step,10,,1,641,220.28451219864039,103,0.020196199417114258,15.751412391662598,,,291.8778381347656,23.762500762939453,383.02191162109375,2.117481231689453,62.4327392578125,10.492388725280762,10.492388725280762
actor_critic,n_step,10,,1,642,209.05842498441726,102,0.01979994773864746,15.771362066268921,,,271.7401123046875,21.390838623046875,357.641845703125,2.117565155029297,61.59020233154297,9.589929580688477,9.589929580688477
actor_critic,n_step,10,,1,643,215.7322313215879,103,0.019980192184448242,15.791495323181152,,,283.35504150390625,19.081737518310547,377.5332946777344,2.1176795959472656,62.12260437011719,10.054808616638184,10.054808616638184
actor_critic,n_step,10,,1,644,215.77103113387665,116,0.02249312400817871,15.814147233963013,,,230.3754119873047,16.636850357055664,305.3407897949219,2.117727279663086,60.484710693359375,8.35960865020752,8.35960865020752
actor_critic,n_step,10,,1,645,219.03453738713867,107,0.020676851272583008,15.835001230239868,,,268.52191162109375,17.306928634643555,358.8785705566406,2.117737054824829,61.953163146972656,9.760010719299316,9.760010719299316
actor_critic,n_step,10,,1,646,204.02652769960483,100,0.019520998001098633,15.8546621799469,,,277.37689208984375,20.471052169799805,367.00836181640625,2.117584466934204,61.60963439941406,9.339193344116211,9.339193344116211
actor_critic,n_step,10,,1,647,207.48213581643333,115,0.022838830947875977,15.877717018127441,,,222.80441284179688,18.06930160522461,292.4787292480469,2.1174871921539307,60.03221893310547,7.769720554351807,7.769720554351807
actor_critic,n_step,10,,1,648,212.84112178431775,108,0.021203041076660156,15.899173259735107,,,269.2117004394531,19.212961196899414,357.1410827636719,2.117443084716797,61.42698287963867,9.028904914855957,9.028904914855957
actor_critic,n_step,10,,1,649,202.98228644046864,101,0.019765853881835938,15.919114112854004,,,272.8777770996094,14.926918983459473,368.5012512207031,2.1174070835113525,61.528812408447266,9.071147918701172,9.071147918701172
actor_critic,n_step,10,,1,650,208.63262650155292,103,0.019795894622802734,15.93908405303955,,,288.51422119140625,23.02086067199707,379.2762145996094,2.1172142028808594,61.81618881225586,9.309971809387207,9.309971809387207
actor_critic,n_step,10,,1,651,206.64965667454848,106,0.020579814910888672,15.959822177886963,,,268.24176025390625,23.598779678344727,349.489990234375,2.117135763168335,61.31645965576172,8.725248336791992,8.725248336791992
actor_critic,n_step,10,,1,652,208.8335814733509,105,0.020261049270629883,15.980253219604492,,,273.1843566894531,17.814607620239258,364.81390380859375,2.1171987056732178,61.663578033447266,9.023595809936523,9.023595809936523
actor_critic,n_step,10,,1,653,216.4835968821045,107,0.020718812942504883,16.00114107131958,,,279.7181396484375,21.072769165039062,369.4933776855469,2.1172051429748535,62.152732849121094,9.43830680847168,9.43830680847168
actor_critic,n_step,10,,1,654,194.42085900364313,110,0.021326065063476562,16.02264428138733,,,231.75244140625,16.002479553222656,308.2142333984375,2.117245674133301,59.89244842529297,7.106624126434326,7.106624126434326
actor_critic,n_step,10,,1,655,200.64908957760127,106,0.020316123962402344,16.04313325881958,,,260.64691162109375,17.913301467895508,346.7622985839844,2.1173317432403564,60.974693298339844,8.127695083618164,8.127695083618164
actor_critic,n_step,10,,1,656,199.7281357246422,107,0.021038055419921875,16.064329385757446,,,258.4061279296875,18.0234317779541,343.40386962890625,2.1174418926239014,60.81205749511719,7.904182434082031,7.904182434082031
actor_critic,n_step,10,,1,657,195.55981895198403,99,0.019420146942138672,16.083924293518066,,,277.4132385253906,15.285287857055664,374.468505859375,2.1175687313079834,61.5018196105957,8.518587112426758,8.518587112426758
actor_critic,n_step,10,,1,658,201.99820984708577,104,0.019997119903564453,16.10406231880188,,,266.3343811035156,16.697471618652344,356.6241455078125,2.1176159381866455,61.52259826660156,8.462553024291992,8.462553024291992
actor_critic,n_step,10,,1,659,203.74029074925946,102,0.019814252853393555,16.124040365219116,,,278.8174133300781,17.02620506286621,373.9874267578125,2.117603302001953,62.00448226928711,8.878432273864746,8.878432273864746
actor_critic,n_step,10,,1,660,209.38147791644948,104,0.0204770565032959,16.144662141799927,205.61896097521034,0.914452401450891,282.3179626464844,23.3717041015625,369.9232177734375,2.1175460815429688,62.276329040527344,9.101906776428223,9.101906776428223
actor_critic,n_step,10,,1,661,208.6040327042683,104,0.020433902740478516,16.209314107894897,,,281.5929260253906,17.33125877380371,377.51666259765625,2.1176435947418213,62.26697540283203,9.026000022888184,9.026000022888184
actor_critic,n_step,10,,1,662,212.4963636091552,105,0.020746946334838867,16.230242013931274,,,278.19830322265625,21.476022720336914,366.74615478515625,2.117692232131958,62.49947738647461,9.248833656311035,9.248833656311035
actor_critic,n_step,10,,1,663,203.29545049785378,101,0.01970982551574707,16.250133991241455,,,286.74151611328125,21.035186767578125,379.5804748535156,2.1178061962127686,62.307342529296875,8.915247917175293,8.915247917175293
actor_critic,n_step,10,,1,664,209.04624580368719,103,0.02028799057006836,16.270528078079224,,,286.6160888671875,18.9090576171875,382.4386291503906,2.1180360317230225,62.6233024597168,9.1721773147583,9.1721773147583
actor_critic,n_step,10,,1,665,216.16054529850447,105,0.021078824996948242,16.291776180267334,,,290.8631286621094,23.11945152282715,382.490966796875,2.1182291507720947,62.99489212036133,9.542256355285645,9.542256355285645
actor_critic,n_step,10,,1,666,220.2471612554033,107,0.021214962005615234,16.313160181045532,,,290.8517761230469,17.97495460510254,389.82403564453125,2.11846923828125,63.18821334838867,9.609416007995605,9.609416007995605
actor_critic,n_step,10,,1,667,212.22763488799902,104,0.020929813385009766,16.334262132644653,,,289.3343505859375,19.599546432495117,385.33544921875,2.118628740310669,62.93967819213867,9.287811279296875,9.287811279296875
actor_critic,n_step,10,,1,668,204.30873218901309,101,0.020062923431396484,16.354520082473755,,,291.1402282714844,22.957677841186523,383.1179504394531,2.118772268295288,62.66714096069336,8.973376274108887,8.973376274108887
actor_critic,n_step,10,,1,669,216.19236046285744,104,0.020579099655151367,16.37526226043701,,,289.1493225097656,17.4224910736084,388.1811828613281,2.1189632415771484,63.39872741699219,9.635231971740723,9.635231971740723
actor_critic,n_step,10,,1,670,206.82484658885107,103,0.020360946655273438,16.395791053771973,,,277.3852233886719,15.47807788848877,374.153076171875,2.1189992427825928,62.709495544433594,8.896533966064453,8.896533966064453
actor_critic,n_step,10,,1,671,209.54920027352,102,0.019654035568237305,16.41563630104065,,,295.5009765625,22.29108428955078,390.29986572265625,2.118886709213257,63.19351577758789,9.282471656799316,9.282471656799316
actor_critic,n_step,10,,1,672,215.19389689475844,104,0.020607948303222656,16.43642520904541,,,295.3941345214844,18.285877227783203,395.8689270019531,2.1188385486602783,63.45949172973633,9.497044563293457,9.497044563293457
actor_critic,n_step,10,,1,673,219.06974826691288,105,0.021111011505126953,16.457712173461914,,,296.7196350097656,22.733293533325195,391.4090270996094,2.118759870529175,63.74549102783203,9.709115982055664,9.709115982055664
actor_critic,n_step,10,,1,674,222.01796073452402,106,0.021151065826416016,16.479011058807373,,,301.7000732421875,21.69748878479004,400.0036926269531,2.1187453269958496,63.92274856567383,9.82341480255127,9.82341480255127
actor_critic,n_step,10,,1,675,209.8943212575574,103,0.020071029663085938,16.499235153198242,,,287.1577453613281,18.171138763427734,384.2665710449219,2.118757963180542,63.26517105102539,9.120723724365234,9.120723724365234
actor_critic,n_step,10,,1,676,207.67699946926902,103,0.020479917526245117,16.519865036010742,,,283.9100646972656,17.067554473876953,381.2035827636719,2.1187400817871094,63.08774185180664,8.909303665161133,8.909303665161133
actor_critic,n_step,10,,1,677,220.8821608959195,107,0.021355867385864258,16.54137420654297,,,286.6199951171875,21.03862190246582,379.4019470214844,2.1186864376068115,63.75172424316406,9.552460670471191,9.552460670471191
actor_critic,n_step,10,,1,678,214.56960017101352,106,0.021221160888671875,16.56276035308838,,,284.7022399902344,19.058605194091797,379.4909362792969,2.118670701980591,63.40473175048828,9.099737167358398,9.099737167358398
actor_critic,n_step,10,,1,679,203.35442173296423,102,0.02014303207397461,16.58307719230652,,,278.9759826660156,20.83344268798828,368.7750549316406,2.118650197982788,62.857391357421875,8.623981475830078,8.623981475830078
actor_critic,n_step,10,,1,680,207.530624012369,103,0.020093202590942383,16.603336334228516,212.45363186626918,0.2258146905448298,285.1086120605469,19.076257705688477,380.0462341308594,2.1187031269073486,63.20161437988281,8.84428596496582,8.84428596496582
actor_critic,n_step,10,,1,681,210.05258471034253,105,0.02101302146911621,16.669872283935547,,,283.1796875,22.12506675720215,372.9351806640625,2.118760108947754,63.15614700317383,8.809325218200684,8.809325218200684
actor_critic,n_step,10,,1,682,204.17311630399763,103,0.019737958908081055,16.689778327941895,,,270.4695739746094,16.490856170654297,362.8267517089844,2.118940591812134,62.8502082824707,8.53323745727539,8.53323745727539
actor_critic,n_step,10,,1,683,218.72199354722935,105,0.020769119262695312,16.71071219444275,,,276.97991943359375,17.447525024414062,370.76055908203125,2.119070053100586,63.95778274536133,9.586142539978027,9.586142539978027
actor_critic,n_step,10,,1,684,202.71253705049986,102,0.020446062088012695,16.73132014274597,,,252.15016174316406,18.673904418945312,333.5375061035156,2.119112730026245,62.591609954833984,8.568670272827148,8.568670272827148
actor_critic,n_step,10,,1,685,213.04033494046763,106,0.021080970764160156,16.75257110595703,,,268.300048828125,19.82851791381836,354.9593200683594,2.1191697120666504,63.29738998413086,8.95494270324707,8.95494270324707
actor_critic,n_step,10,,1,686,92.76212495577495,53,0.010838031768798828,16.7635760307312,,,343.579345703125,3.7308850288391113,485.497802734375,2.1192729473114014,56.126068115234375,1.31102454662323,1.31102454662323
actor_critic,n_step,10,,1,687,193.94985623227478,96,0.018718957901000977,16.782470226287842,,,280.60479736328125,19.238201141357422,373.3808898925781,2.1193885803222656,63.00187301635742,8.475668907165527,8.475668907165527
actor_critic,n_step,10,,1,688,207.3478958938469,102,0.02025580406188965,16.802890062332153,,,255.23739624023438,17.104345321655273,340.1900939941406,2.119513511657715,63.01459884643555,8.964690208435059,8.964690208435059
actor_critic,n_step,10,,1,689,158.3814915139258,79,0.016356945037841797,16.81942319869995,,,295.4460754394531,18.839237213134766,395.15264892578125,2.1195759773254395,61.87668228149414,7.070653438568115,7.070653438568115
actor_critic,n_step,10,,1,690,216.97152263140666,104,0.020596027374267578,16.840182065963745,,,252.25045776367188,15.243367195129395,338.5815734863281,2.119691848754883,63.58898162841797,9.573606491088867,9.573606491088867
actor_critic,n_step,10,,1,691,209.61739351831974,102,0.02002406120300293,16.860356092453003,,,235.3767547607422,20.519634246826172,306.9387512207031,2.1196649074554443,62.67965316772461,9.215450286865234,9.215450286865234
actor_critic,n_step,10,,1,692,140.06187168056638,73,0.014900922775268555,16.875383138656616,,,260.8470764160156,3.8801259994506836,367.09564208984375,2.119704246520996,60.223304748535156,5.670992851257324,5.670992851257324
actor_critic,n_step,10,,1,693,127.61331854045864,67,0.013971805572509766,16.889517068862915,,,288.53082275390625,11.235766410827637,396.13580322265625,2.119490385055542,59.805419921875,4.860826015472412,4.860826015472412
actor_critic,n_step,10,,1,694,80.50616043619813,47,0.010228872299194336,16.8999080657959,,,374.4731140136719,-5.318014144897461,542.5587768554688,2.1193161010742188,54.78212356567383,-0.4917237162590027,-0.4917237162590027
actor_critic,n_step,10,,1,695,183.49438362210668,91,0.018622875213623047,16.9187171459198,,,221.4257049560547,20.222942352294922,287.4325256347656,2.119091272354126,60.072715759277344,8.326324462890625,8.326324462890625
actor_critic,n_step,10,,1,696,211.3363306370675,106,0.021676063537597656,16.940585374832153,,,197.1326446533203,18.786407470703125,254.7803497314453,2.119001865386963,56.852474212646484,9.377151489257812,9.377151489257812
actor_critic,n_step,10,,1,697,204.80140437001648,105,0.020652055740356445,16.961417198181152,,,160.58718872070312,20.009885787963867,200.82472229003906,2.118887186050415,55.40828323364258,9.019726753234863,9.019726753234863
actor_critic,n_step,10,,1,698,202.74180817976878,104,0.021116971969604492,16.98273205757141,,,153.88230895996094,20.208053588867188,190.96322631835938,2.1188721656799316,55.89947509765625,8.901530265808105,8.901530265808105
actor_critic,n_step,10,,1,699,208.66636739786836,106,0.020482778549194336,17.003404140472412,,,158.53228759765625,18.754093170166016,199.6831512451172,2.1189072132110596,56.846763610839844,9.112689971923828,9.112689971923828
actor_critic,n_step,10,,1,700,198.15956758319643,106,0.020679950714111328,17.024245023727417,203.2057789590759,0.9452247908337494,206.58753967285156,18.50922203063965,268.6833190917969,2.118922710418701,51.11096954345703,8.660624504089355,8.660624504089355
actor_critic,n_step,10,,1,701,204.46500682799416,107,0.020918846130371094,17.09052801132202,,,207.64166259765625,17.644296646118164,271.4248046875,2.118943929672241,53.91096878051758,8.831802368164062,8.831802368164062
actor_critic,n_step,10,,1,702,188.09487859115632,102,0.020290851593017578,17.110968112945557,,,205.62171936035156,19.867712020874023,265.3628845214844,2.1189279556274414,51.43577575683594,8.120179176330566,8.120179176330566
actor_critic,n_step,10,,1,703,188.05998743509494,103,0.020881175994873047,17.132030248641968,,,152.76419067382812,15.337904930114746,196.32327270507812,2.1190433502197266,52.36286544799805,7.89390230178833,7.89390230178833
actor_critic,n_step,10,,1,704,181.05066056277172,107,0.021485090255737305,17.153691291809082,,,176.1060791015625,14.489356994628906,230.88104248046875,2.119100332260132,50.903446197509766,6.894594192504883,6.894594192504883
actor_critic,n_step,10,,1,705,198.05787641217168,105,0.021488666534423828,17.175374031066895,,,135.09356689453125,19.619123458862305,164.9635009765625,2.119149684906006,55.54232406616211,8.278203010559082,8.278203010559082
actor_critic,n_step,10,,1,706,192.56341217027497,102,0.020407915115356445,17.195970058441162,,,153.30810546875,15.086181640625,197.45989990234375,2.119328498840332,55.82046127319336,8.089156150817871,8.089156150817871
actor_critic,n_step,10,,1,707,157.32894698049645,98,0.01963067054748535,17.215779066085815,,,249.05935668945312,13.72839641571045,336.1871032714844,2.119393825531006,51.09087371826172,5.375744819641113,5.375744819641113
actor_critic,n_step,10,,1,708,189.0070130430032,108,0.021090030670166016,17.237037181854248,,,146.06556701660156,16.591510772705078,184.96295166015625,2.11950421333313,54.08815383911133,7.163256645202637,7.163256645202637
actor_critic,n_step,10,,1,709,176.18846812779822,106,0.020921945571899414,17.25813913345337,,,166.5496063232422,14.122503280639648,217.75302124023438,2.119692325592041,53.54218292236328,6.195820331573486,6.195820331573486
actor_critic,n_step,10,,1,710,185.80568158405293,105,0.021403789520263672,17.279714107513428,,,149.13531494140625,17.053104400634766,188.68887329101562,2.119908332824707,56.92493438720703,6.894509315490723,6.894509315490723
actor_critic,n_step,10,,1,711,169.84807294931736,98,0.020572185516357422,17.30041527748108,,,154.9147491455078,11.652444839477539,204.66043090820312,2.1202268600463867,55.4254035949707,6.2509589195251465,6.2509589195251465
actor_critic,n_step,10,,1,712,165.16707494823342,97,0.020898818969726562,17.32149624824524,,,220.2174072265625,12.032127380371094,297.40753173828125,2.120441436767578,56.612796783447266,5.740521430969238,5.740521430969238
actor_critic,n_step,10,,1,713,170.43669223216745,98,0.02092719078063965,17.34261727333069,,,138.2254180908203,11.548375129699707,180.9672088623047,2.1206321716308594,57.23653793334961,6.118599891662598,6.118599891662598
actor_critic,n_step,10,,1,714,175.2905129119865,106,0.02145695686340332,17.36425018310547,,,159.88677978515625,12.604347229003906,210.40347290039062,2.120759963989258,57.35688400268555,5.685019493103027,5.685019493103027
actor_critic,n_step,10,,1,715,153.11564516324646,89,0.0176239013671875,17.382060050964355,,,192.3145751953125,11.338730812072754,258.53692626953125,2.1208925247192383,58.14088821411133,5.177762508392334,5.177762508392334
actor_critic,n_step,10,,1,716,147.47576046645645,89,0.017781972885131836,17.40000820159912,,,196.56381225585938,11.199567794799805,264.8060607910156,2.1210269927978516,57.749000549316406,4.558265209197998,4.558265209197998
actor_critic,n_step,10,,1,717,185.26917185668222,108,0.021313190460205078,17.42145824432373,,,148.1306610107422,13.867115020751953,191.80506896972656,2.1212215423583984,58.604736328125,6.274237632751465,6.274237632751465
actor_critic,n_step,10,,1,718,174.7245420694696,101,0.019690990447998047,17.44132137298584,,,143.3270721435547,15.370257377624512,182.79544067382812,2.121426820755005,58.293548583984375,6.065335273742676,6.065335273742676
actor_critic,n_step,10,,1,719,167.76460793625125,95,0.019154787063598633,17.4606671333313,,,176.24815368652344,13.96763801574707,231.82931518554688,2.1217362880706787,58.89544677734375,5.998231887817383,5.998231887817383
actor_critic,n_step,10,,1,720,163.34275382353403,94,0.018236875534057617,17.47907519340515,175.31960600970936,0.5135698514829593,302.8539733886719,10.84608268737793,417.1541442871094,2.1220650672912598,58.64487838745117,5.661008358001709,5.661008358001709
actor_critic,n_step,10,,1,721,179.0637569837697,107,0.021098852157592773,17.54463219642639,,,130.42581176757812,10.194050788879395,171.75965881347656,2.1223385334014893,58.200172424316406,5.816675662994385,5.816675662994385
actor_critic,n_step,10,,1,722,180.04646666305803,97,0.01935410499572754,17.56411123275757,,,145.5094757080078,11.952337265014648,190.79592895507812,2.1224727630615234,59.51756286621094,7.017731666564941,7.017731666564941
actor_critic,n_step,10,,1,723,159.11602551284503,95,0.01837897300720215,17.582683086395264,,,164.77227783203125,9.135169982910156,222.33871459960938,2.122511148452759,57.19432067871094,5.209339141845703,5.209339141845703
actor_critic,n_step,10,,1,724,166.5581645392655,99,0.01976299285888672,17.602611303329468,,,174.31016540527344,13.230172157287598,230.11427307128906,2.122457504272461,56.70566940307617,5.5933098793029785,5.5933098793029785
actor_critic,n_step,10,,1,725,176.99101536795203,105,0.021442890167236328,17.624223232269287,,,111.86508178710938,14.522636413574219,139.06063842773438,2.122448682785034,55.74283981323242,6.086672782897949,6.086672782897949
actor_critic,n_step,10,,1,726,181.4822973169397,99,0.0202329158782959,17.64460802078247,,,177.08932495117188,13.247896194458008,234.05918884277344,2.1224937438964844,59.05381774902344,6.938121318817139,6.938121318817139
actor_critic,n_step,10,,1,727,181.7169073600042,104,0.021180152893066406,17.665961265563965,,,188.65371704101562,16.36052131652832,246.1331329345703,2.1224892139434814,54.99591827392578,6.7730937004089355,6.7730937004089355
actor_critic,n_step,10,,1,728,185.2549358145467,107,0.02164626121520996,17.687783241271973,,,154.26776123046875,12.930130958557129,201.91090393066406,2.1225645542144775,56.2802734375,6.6077046394348145,6.6077046394348145
actor_critic,n_step,10,,1,729,191.63731850475182,104,0.020982980728149414,17.70893621444702,,,118.78702545166016,15.95591926574707,146.90158081054688,2.122572660446167,57.43047332763672,7.496823787689209,7.496823787689209
actor_critic,n_step,10,,1,730,185.58354682457133,107,0.02168583869934082,17.730794191360474,,,165.11181640625,14.314370155334473,215.4249267578125,2.1225855350494385,57.2346305847168,6.535976886749268,6.535976886749268
actor_critic,n_step,10,,1,731,194.1212131298827,101,0.020211219787597656,17.751177310943604,,,164.28660583496094,14.450810432434082,214.0511474609375,2.1226298809051514,61.263946533203125,7.7429938316345215,7.7429938316345215
actor_critic,n_step,10,,1,732,186.52506013341247,104,0.021065235137939453,17.772404193878174,,,123.07344055175781,14.494218826293945,155.11317443847656,2.1225903034210205,58.128211975097656,6.901947975158691,6.901947975158691
actor_critic,n_step,10,,1,733,194.84882925970996,113,0.02231311798095703,17.794894218444824,,,135.3695068359375,13.710770606994629,173.79818725585938,2.122551918029785,57.42161178588867,6.702178478240967,6.702178478240967
actor_critic,n_step,10,,1,734,202.9771306023919,104,0.019761085510253906,17.814869165420532,,,162.07235717773438,20.22952651977539,202.63262939453125,2.1225016117095947,61.91027069091797,8.148351669311523,8.148351669311523
actor_critic,n_step,10,,1,735,199.3282707716052,110,0.020878076553344727,17.83592128753662,,,135.59767150878906,16.832975387573242,169.66384887695312,2.122529983520508,59.62641906738281,7.2481560707092285,7.2481560707092285
actor_critic,n_step,10,,1,736,200.7869069883111,101,0.01943516731262207,17.855507373809814,,,175.63418579101562,16.277891159057617,227.65184020996094,2.1226539611816406,62.09342575073242,8.350013732910156,8.350013732910156
actor_critic,n_step,10,,1,737,195.3340071446277,104,0.020313024520874023,17.875985145568848,,,173.56430053710938,15.093596458435059,226.38671875,2.122720241546631,61.261661529541016,7.427901744842529,7.427901744842529
actor_critic,n_step,10,,1,738,197.28300529700584,101,0.01964282989501953,17.89580011367798,,,163.10379028320312,16.7635440826416,209.0574951171875,2.122762441635132,61.178871154785156,8.057327270507812,8.057327270507812
actor_critic,n_step,10,,1,739,196.89216899466157,104,0.019938945770263672,17.915906190872192,,,144.54556274414062,15.746829986572266,183.99819946289062,2.1227874755859375,60.62150192260742,7.644452095031738,7.644452095031738
actor_critic,n_step,10,,1,740,194.05107372475402,102,0.02002573013305664,17.936110258102417,194.84376749390694,0.8650566546421729,150.3658905029297,16.174184799194336,191.70245361328125,2.1227736473083496,60.81482696533203,7.606276512145996,7.606276512145996
actor_critic,n_step,10,,1,741,197.87707338136158,110,0.021242856979370117,17.999691009521484,,,178.9599609375,16.225360870361328,232.47801208496094,2.122764825820923,59.7071647644043,7.067101001739502,7.067101001739502
actor_critic,n_step,10,,1,742,197.1848540847209,112,0.02149510383605957,18.021358251571655,,,123.39039611816406,14.174676895141602,156.0224609375,2.1227924823760986,57.458892822265625,7.003785133361816,7.003785133361816
actor_critic,n_step,10,,1,743,195.69978549184168,99,0.019844770431518555,18.041388034820557,,,131.70159912109375,18.99675941467285,161.0069122314453,2.122783660888672,58.878047943115234,8.3818359375,8.3818359375
actor_critic,n_step,10,,1,744,206.10958154009666,101,0.01982879638671875,18.061389207839966,,,141.03521728515625,15.857965469360352,178.82464599609375,2.1228160858154297,60.990013122558594,8.973020553588867,8.973020553588867
actor_critic,n_step,10,,1,745,198.44090434252033,103,0.019921064376831055,18.08154535293579,,,128.21218872070312,19.420997619628906,155.41598510742188,2.1227529048919678,59.13988494873047,8.08793830871582,8.08793830871582
actor_critic,n_step,10,,1,746,193.57619199856063,102,0.020102739334106445,18.101840257644653,,,134.00436401367188,14.741898536682129,170.3749542236328,2.122818946838379,58.239044189453125,7.792917251586914,7.792917251586914
actor_critic,n_step,10,,1,747,202.6477166432826,110,0.021212339401245117,18.1232430934906,,,116.27273559570312,15.636465072631836,143.76609802246094,2.1228160858154297,58.267555236816406,7.654280662536621,7.654280662536621
actor_critic,n_step,10,,1,748,181.60806548343226,98,0.020329952239990234,18.1437771320343,,,221.57611083984375,15.676477432250977,294.142333984375,2.1227893829345703,55.972129821777344,7.336090087890625,7.336090087890625
actor_critic,n_step,10,,1,749,197.15327610443026,108,0.02126908302307129,18.16524624824524,,,111.14112091064453,14.43778133392334,138.1476287841797,2.122770071029663,57.70597457885742,7.428072452545166,7.428072452545166
actor_critic,n_step,10,,1,750,196.75785182678973,102,0.021079063415527344,18.186552047729492,,,120.18480682373047,15.065729141235352,150.1701202392578,2.1226966381073,58.29262924194336,8.09832763671875,8.09832763671875
actor_critic,n_step,10,,1,751,71.91517586614155,42,0.008529901504516602,18.19526505470276,,,446.47344970703125,-8.76296615600586,650.3377685546875,2.122551202774048,54.89159393310547,-2.5530776977539062,-2.5530776977539062
actor_critic,n_step,10,,1,752,56.43114052539049,33,0.006773948669433594,18.202221155166626,,,536.9786376953125,-7.471129417419434,777.785400390625,2.1223597526550293,51.18775939941406,-6.329200744628906,-6.329200744628906
actor_critic,n_step,10,,1,753,198.52731522386523,108,0.03162717819213867,18.23395824432373,,,137.97146606445312,17.28603172302246,172.40777587890625,2.1222572326660156,58.48378372192383,7.445591449737549,7.445591449737549
actor_critic,n_step,10,,1,754,73.02404427284584,42,0.00838780403137207,18.24251914024353,,,459.69219970703125,-0.8444188237190247,657.9094848632812,2.122246265411377,55.168609619140625,-2.3728368282318115,-2.3728368282318115
actor_critic,n_step,10,,1,755,197.44558808714174,107,0.02097010612487793,18.26364016532898,,,143.2907257080078,16.764080047607422,180.75234985351562,2.1223130226135254,59.0622673034668,7.407337665557861,7.407337665557861
actor_critic,n_step,10,,1,756,186.8900139866743,100,0.019009113311767578,18.28282332420349,,,149.59519958496094,16.730167388916016,189.8072052001953,2.1224071979522705,58.862030029296875,7.26585578918457,7.26585578918457
actor_critic,n_step,10,,1,757,202.62266903330493,107,0.020610809326171875,18.303595066070557,,,132.41680908203125,17.07567596435547,164.77304077148438,2.1225662231445312,60.45352554321289,7.767490386962891,7.767490386962891
actor_critic,n_step,10,,1,758,67.60212154576823,39,0.007947683334350586,18.31171202659607,,,481.23687744140625,-9.416305541992188,700.93310546875,2.122736930847168,54.16918182373047,-3.4600298404693604,-3.4600298404693604
actor_critic,n_step,10,,1,759,72.76317419064782,41,0.008220195770263672,18.320094347000122,,,474.38323974609375,-0.4866909384727478,678.3856201171875,2.1228713989257812,55.27008056640625,-2.364736318588257,-2.364736318588257
actor_critic,n_step,10,,1,760,59.48867076032146,34,0.007055044174194336,18.32730531692505,194.93139583321835,2.360911069271694,527.6679077148438,-11.974883079528809,770.918212890625,2.1230785846710205,52.15227127075195,-5.506150245666504,-5.506150245666504
actor_critic,n_step,10,,1,761,66.83151104045994,38,0.00816488265991211,18.379060983657837,,,490.0274963378906,-10.846866607666016,715.5347900390625,2.123263120651245,54.00951385498047,-3.6414666175842285,-3.6414666175842285
actor_critic,n_step,10,,1,762,190.79354910425695,99,0.019366741180419922,18.398596048355103,,,161.84645080566406,14.227910995483398,210.88363647460938,2.123363733291626,61.54266357421875,7.536776542663574,7.536776542663574
actor_critic,n_step,10,,1,763,187.6689419510242,98,0.019421100616455078,18.418204307556152,,,152.7913360595703,15.317068099975586,196.39181518554688,2.1233761310577393,61.306640625,7.363023281097412,7.363023281097412
actor_critic,n_step,10,,1,764,186.3776516799091,98,0.019131183624267578,18.4375102519989,,,153.9241943359375,14.579463958740234,199.0638885498047,2.1233787536621094,60.8105583190918,7.272064208984375,7.272064208984375
actor_critic,n_step,10,,1,765,184.46710610393848,97,0.018875837326049805,18.456545114517212,,,151.59669494628906,15.23005199432373,194.80947875976562,2.1233415603637695,60.67242431640625,7.201743125915527,7.201743125915527
actor_critic,n_step,10,,1,766,197.74761231765237,104,0.02048015594482422,18.477182388305664,,,150.08447265625,17.023094177246094,190.08767700195312,2.1233081817626953,61.48073196411133,7.56536340713501,7.56536340713501
actor_critic,n_step,10,,1,767,186.36778608880692,98,0.01923203468322754,18.4965660572052,,,143.50965881347656,16.41197967529297,181.568115234375,2.1233062744140625,60.48067855834961,7.295064449310303,7.295064449310303
actor_critic,n_step,10,,1,768,184.6431340315429,96,0.018800973892211914,18.515488147735596,,,157.50584411621094,15.12818431854248,203.3966522216797,2.1233272552490234,59.99507141113281,7.447013854980469,7.447013854980469
actor_critic,n_step,10,,1,769,59.13719977713236,33,0.006897926330566406,18.522549152374268,,,546.7203979492188,-7.395801067352295,791.5946044921875,2.123322010040283,52.097347259521484,-5.590243816375732,-5.590243816375732
actor_critic,n_step,10,,1,770,194.49980915523776,103,0.019949674606323242,18.542752981185913,,,126.29396057128906,17.74666976928711,155.06756591796875,2.1233651638031006,59.55351638793945,7.563091278076172,7.563091278076172
actor_critic,n_step,10,,1,771,191.0334654378905,102,0.020186185836791992,18.563090324401855,,,105.76988220214844,12.131542205810547,133.76905822753906,2.123481512069702,57.424861907958984,7.564986705780029,7.564986705780029
actor_critic,n_step,10,,1,772,195.09288240276325,104,0.020318984985351562,18.583580255508423,,,108.91927337646484,16.885459899902344,131.4768829345703,2.123370885848999,58.27685546875,7.621669292449951,7.621669292449951
actor_critic,n_step,10,,1,773,177.7005009978101,95,0.01888275146484375,18.602647066116333,,,109.63520812988281,13.774579048156738,136.94375610351562,2.1233015060424805,55.64043045043945,7.267918586730957,7.267918586730957
actor_critic,n_step,10,,1,774,184.41532286694195,99,0.019370079040527344,18.622169256210327,,,123.40665435791016,14.23280143737793,155.962646484375,2.123176336288452,56.137672424316406,7.412534713745117,7.412534713745117
actor_critic,n_step,10,,1,775,187.01776797094936,99,0.019369125366210938,18.64169430732727,,,134.6659698486328,16.029552459716797,169.48060607910156,2.1230132579803467,58.2343864440918,7.4593729972839355,7.4593729972839355
actor_critic,n_step,10,,1,776,174.13311365200147,93,0.01783299446105957,18.659682035446167,,,116.93653869628906,15.130391120910645,145.43734741210938,2.1228864192962646,55.69270706176758,7.132840633392334,7.132840633392334
actor_critic,n_step,10,,1,777,179.06558101807505,95,0.018782854080200195,18.67860198020935,,,111.13777160644531,14.727444648742676,137.72903442382812,2.122774362564087,56.720436096191406,7.292247772216797,7.292247772216797
actor_critic,n_step,10,,1,778,193.08105132832537,106,0.02126002311706543,18.700038194656372,,,99.59428405761719,16.815750122070312,118.25505065917969,2.12263822555542,57.492652893066406,7.237183570861816,7.237183570861816
actor_critic,n_step,10,,1,779,173.41693816359032,93,0.018603086471557617,18.718814373016357,,,96.62320709228516,11.489119529724121,121.62012481689453,2.122584581375122,56.963645935058594,6.918583869934082,6.918583869934082
actor_critic,n_step,10,,1,780,174.085410934349,93,0.01842498779296875,18.73740816116333,171.6409057043404,2.3091742906361876,94.94622802734375,15.469874382019043,113.53765869140625,2.1224231719970703,57.549285888671875,6.906832218170166,6.906832218170166
actor_critic,n_step,10,,1,781,179.2931095891593,97,0.019362211227416992,18.795494318008423,,,107.1724853515625,17.533920288085938,128.0550994873047,2.122325897216797,58.287261962890625,6.872780799865723,6.872780799865723
actor_critic,n_step,10,,1,782,168.62063306337643,90,0.01780080795288086,18.813482999801636,,,90.45632934570312,14.437318801879883,108.59858703613281,2.122370719909668,57.14688491821289,6.723330497741699,6.723330497741699
actor_critic,n_step,10,,1,783,168.62480312937143,89,0.01741480827331543,18.831073999404907,,,122.59122467041016,13.08888053894043,156.43191528320312,2.122420310974121,59.64579391479492,6.606852054595947,6.606852054595947
actor_critic,n_step,10,,1,784,189.43883554952495,103,0.020817995071411133,18.852068185806274,,,106.47006225585938,17.090015411376953,127.68578338623047,2.1224355697631836,59.72658920288086,6.989682674407959,6.989682674407959
actor_critic,n_step,10,,1,785,173.30862067308706,93,0.019372940063476562,18.8716242313385,,,96.76437377929688,13.777565002441406,118.5525894165039,2.12253475189209,58.169944763183594,6.737914562225342,6.737914562225342
actor_critic,n_step,10,,1,786,171.06846459155605,92,0.021073102951049805,18.892895221710205,,,95.80291748046875,13.83188247680664,117.10147857666016,2.1225998401641846,58.339569091796875,6.602505207061768,6.602505207061768
actor_critic,n_step,10,,1,787,175.84500566653853,95,0.019253015518188477,18.912336111068726,,,90.99910736083984,12.50812816619873,112.12997436523438,2.122652292251587,58.23732376098633,6.7290143966674805,6.7290143966674805
actor_critic,n_step,10,,1,788,179.33107801070054,97,0.02096700668334961,18.933475255966187,,,94.69121551513672,16.021835327148438,112.38483428955078,2.1225814819335938,57.89299011230469,6.883257865905762,6.883257865905762
actor_critic,n_step,10,,1,789,176.85669065335782,95,0.018807172775268555,18.952479362487793,,,100.20777893066406,15.329656600952148,121.25446319580078,2.122607707977295,59.03974533081055,6.751615047454834,6.751615047454834
actor_critic,n_step,10,,1,790,176.110286669735,95,0.0211031436920166,18.97377920150757,,,92.14700317382812,13.420421600341797,112.46653747558594,2.122668504714966,58.41336441040039,6.7287187576293945,6.7287187576293945
actor_critic,n_step,10,,1,791,184.89248450762165,99,0.02377009391784668,18.997863292694092,,,94.3225326538086,14.08017635345459,114.63194274902344,2.1226882934570312,58.93544006347656,7.086211681365967,7.086211681365967
actor_critic,n_step,10,,1,792,165.85693345450048,88,0.01787281036376953,19.01593017578125,,,81.35728454589844,12.877578735351562,97.8281478881836,2.122661590576172,56.37910461425781,6.7215471267700195,6.7215471267700195
actor_critic,n_step,10,,1,793,176.01108686806182,93,0.018313884735107422,19.034414052963257,,,95.14205932617188,15.80093765258789,113.34446716308594,2.1225082874298096,58.029823303222656,7.0098419189453125,7.0098419189453125
actor_critic,n_step,10,,1,794,181.45692351489362,97,0.019201993942260742,19.05379605293274,,,81.84033966064453,16.135154724121094,93.86454772949219,2.1224374771118164,57.02924728393555,7.1732940673828125,7.1732940673828125
actor_critic,n_step,10,,1,795,178.16866881010654,95,0.01859903335571289,19.07256507873535,,,76.46501159667969,14.008846282958984,89.22309112548828,2.122438669204712,56.27541732788086,7.153610706329346,7.153610706329346
actor_critic,n_step,10,,1,796,175.8840347859656,93,0.01793527603149414,19.09070634841919,,,87.55548858642578,14.486373901367188,104.38445281982422,2.122384786605835,56.8253173828125,7.13062047958374,7.13062047958374
actor_critic,n_step,10,,1,797,169.74770549469804,89,0.01708698272705078,19.107945203781128,,,80.96640014648438,15.979305267333984,92.83869934082031,2.122302532196045,56.787017822265625,6.982880115509033,6.982880115509033
actor_critic,n_step,10,,1,798,191.02036660034588,102,0.020066022872924805,19.12816619873047,,,84.11589050292969,14.7207670211792,99.13589477539062,2.1223137378692627,57.158939361572266,7.492892265319824,7.492892265319824
actor_critic,n_step,10,,1,799,179.49587666233455,95,0.018473148345947266,19.146801233291626,,,89.033203125,14.660417556762695,106.24684143066406,2.122267961502075,58.17655563354492,7.095584869384766,7.095584869384766
actor_critic,n_step,10,,1,800,173.47633965683826,90,0.017928123474121094,19.1649112701416,176.5389936266552,1.9325156013586424,84.340087890625,15.228909492492676,98.73025512695312,2.1222047805786133,57.152584075927734,7.245474815368652,7.245474815368652
actor_critic,n_step,10,,1,801,182.93779434645114,96,0.01856207847595215,19.222419261932373,,,91.90178680419922,15.254691123962402,109.495849609375,2.122143030166626,58.98635482788086,7.238940715789795,7.238940715789795
actor_critic,n_step,10,,1,802,180.72758022726242,95,0.019349098205566406,19.241932153701782,,,78.97218322753906,14.45988655090332,92.16043090820312,2.122084856033325,57.694793701171875,7.265685558319092,7.265685558319092
actor_critic,n_step,10,,1,803,190.67726748113552,100,0.020040035247802734,19.262144088745117,,,91.61046600341797,15.11562442779541,109.2783432006836,2.1219615936279297,58.917877197265625,7.515338897705078,7.515338897705078
actor_critic,n_step,10,,1,804,183.7487106290663,96,0.01848602294921875,19.280799388885498,,,94.27720642089844,18.980411529541016,107.56685638427734,2.1218106746673584,59.279361724853516,7.273961544036865,7.273961544036865
actor_critic,n_step,10,,1,805,173.67708063945287,91,0.018357038497924805,19.2993381023407,,,72.8138198852539,13.896170616149902,84.16807556152344,2.1218886375427246,56.72562789916992,7.101252555847168,7.101252555847168
actor_critic,n_step,10,,1,806,186.90685174344642,98,0.018990755081176758,19.318498134613037,,,90.78948974609375,17.150142669677734,105.19906616210938,2.121898651123047,59.160762786865234,7.351690292358398,7.351690292358398
actor_critic,n_step,10,,1,807,176.53560310139923,93,0.01829814910888672,19.336976289749146,,,73.40111541748047,15.63831901550293,82.51828002929688,2.1219894886016846,56.59206008911133,7.155918598175049,7.155918598175049
actor_critic,n_step,10,,1,808,168.49083617506676,88,0.016988039016723633,19.35413122177124,,,80.38884735107422,15.231874465942383,93.0813980102539,2.1220948696136475,55.887290954589844,7.014044284820557,7.014044284820557
actor_critic,n_step,10,,1,809,191.79192400702806,102,0.020048856735229492,19.37434220314026,,,83.62362670898438,15.139945983886719,97.83383178710938,2.1222074031829834,57.52734375,7.472210884094238,7.472210884094238
actor_critic,n_step,10,,1,810,188.59891287062823,100,0.019617080688476562,19.394110202789307,,,84.72183990478516,16.38697624206543,97.62123107910156,2.1222708225250244,57.908721923828125,7.359279632568359,7.359279632568359
actor_critic,n_step,10,,1,811,180.92790848721305,94,0.018368005752563477,19.412659168243408,,,80.18728637695312,16.095184326171875,91.56015014648438,2.1223742961883545,58.13301086425781,7.330006122589111,7.330006122589111
actor_critic,n_step,10,,1,812,179.66116098029974,94,0.01896977424621582,19.431812047958374,,,76.33916473388672,14.710230827331543,88.04133605957031,2.12251353263855,57.94298553466797,7.202672958374023,7.202672958374023
actor_critic,n_step,10,,1,813,180.70115971618876,95,0.018806934356689453,19.45079803466797,,,73.39999389648438,13.766963958740234,85.1900405883789,2.1226136684417725,57.430328369140625,7.225545406341553,7.225545406341553
actor_critic,n_step,10,,1,814,183.08959571646255,96,0.018923044204711914,19.469860076904297,,,82.61729431152344,17.48671531677246,93.0436782836914,2.1226232051849365,58.21235275268555,7.256229400634766,7.256229400634766
actor_critic,n_step,10,,1,815,192.23042051801028,101,0.020087003707885742,19.49012517929077,,,93.45494079589844,16.917743682861328,109.3388442993164,2.1227598190307617,57.941375732421875,7.579222202301025,7.579222202301025
actor_critic,n_step,10,,1,816,178.0402566872145,94,0.01865696907043457,19.508952140808105,,,70.6600341796875,14.237689018249512,80.60334777832031,2.122938394546509,57.607521057128906,7.027855396270752,7.027855396270752
actor_critic,n_step,10,,1,817,176.73382793234867,92,0.01799607276916504,19.527130126953125,,,74.7547378540039,13.790872573852539,87.09123229980469,2.1230504512786865,58.144775390625,7.1211838722229,7.1211838722229
actor_critic,n_step,10,,1,818,188.1070152953827,98,0.01900625228881836,19.546302318572998,,,87.68292236328125,19.012378692626953,98.10078430175781,2.123067855834961,59.50130081176758,7.361238956451416,7.361238956451416
actor_critic,n_step,10,,1,819,174.10029890607538,91,0.01789093017578125,19.564366102218628,,,75.97756958007812,16.810958862304688,84.52373504638672,2.123293876647949,57.10091781616211,7.027098178863525,7.027098178863525
actor_critic,n_step,10,,1,820,192.8486743288816,101,0.019517898559570312,19.584060192108154,176.15507131209657,2.36221388781117,88.07290649414062,16.5957088470459,102.11028289794922,2.1236228942871094,59.61000442504883,7.449723720550537,7.449723720550537
actor_critic,n_step,10,,1,821,177.55827676899924,93,0.018054962158203125,19.639831066131592,,,78.08116149902344,17.998096466064453,85.83294677734375,2.123966932296753,58.395572662353516,6.987808704376221,6.987808704376221
actor_critic,n_step,10,,1,822,182.94162643785918,95,0.018304109573364258,19.658303260803223,,,83.39185333251953,14.537221908569336,98.36375427246094,2.124431610107422,59.819095611572266,7.158386707305908,7.158386707305908
actor_critic,n_step,10,,1,823,185.0865301191983,96,0.01857304573059082,19.677062273025513,,,79.8992919921875,15.749698638916016,91.64228057861328,2.1248128414154053,59.44560623168945,7.3053131103515625,7.3053131103515625
actor_critic,n_step,10,,1,824,190.96374955470532,100,0.01944875717163086,19.696650981903076,,,87.68484497070312,17.347471237182617,100.4819564819336,2.1251718997955322,59.8349494934082,7.322651386260986,7.322651386260986
actor_critic,n_step,10,,1,825,196.41745234900299,103,0.04295182228088379,19.739779233932495,,,85.72084045410156,16.195903778076172,99.32134246826172,2.125619888305664,60.24409866333008,7.437828063964844,7.437828063964844
actor_critic,n_step,10,,1,826,183.11648457247102,95,0.02055978775024414,19.7606201171875,,,77.76416015625,14.920758247375488,89.77628326416016,2.1260488033294678,59.30146408081055,7.197844982147217,7.197844982147217
actor_critic,n_step,10,,1,827,68.82027834991695,38,0.007894039154052734,19.76867914199829,,,528.7853393554688,-20.35953712463379,784.4927368164062,2.12641978263855,56.2586784362793,-4.0665602684021,-4.0665602684021
actor_critic,n_step,10,,1,828,176.73111479918524,91,0.0174868106842041,19.786314964294434,,,74.74567413330078,15.862711906433105,84.11851501464844,2.1265945434570312,57.735130310058594,7.200407028198242,7.200407028198242
actor_critic,n_step,10,,1,829,180.3182836547976,92,0.01783299446105957,19.804343223571777,,,81.21480560302734,14.537243843078613,95.253662109375,2.126791477203369,60.1858024597168,7.201779365539551,7.201779365539551
actor_critic,n_step,10,,1,830,69.09423949955153,38,0.007739067077636719,19.812251091003418,,,534.9755249023438,-16.46747398376465,787.7756958007812,2.1269328594207764,56.35731887817383,-4.094842433929443,-4.094842433929443
actor_critic,n_step,10,,1,831,58.00307700819198,32,0.006438255310058594,19.81884527206421,,,613.2765502929688,-15.737874984741211,898.592041015625,2.126983642578125,53.41490173339844,-7.078195571899414,-7.078195571899414
actor_critic,n_step,10,,1,832,59.54778868539241,33,0.006772041320800781,19.825757265090942,,,599.6610717773438,-14.710552215576172,877.6737670898438,2.1270172595977783,53.95424270629883,-6.5887956619262695,-6.5887956619262695
actor_critic,n_step,10,,1,833,179.90730098089716,92,0.01797008514404297,19.843857288360596,,,73.15677642822266,15.039076805114746,83.02528381347656,2.1270391941070557,57.61786651611328,7.4160075187683105,7.4160075187683105
actor_critic,n_step,10,,1,834,174.2277496029783,89,0.017060279846191406,19.861124277114868,,,79.82254028320312,14.41577434539795,93.43824768066406,2.12701416015625,57.910160064697266,7.162832736968994,7.162832736968994
actor_critic,n_step,10,,1,835,175.97791559998774,90,0.017457008361816406,19.878743171691895,,,83.7325668334961,14.045275688171387,99.55327606201172,2.1269547939300537,57.15782928466797,7.311347961425781,7.311347961425781
actor_critic,n_step,10,,1,836,59.634500646642586,33,0.0066602230072021484,19.88557529449463,,,594.976806640625,-21.862667083740234,881.1992797851562,2.1268105506896973,54.03935623168945,-6.590453147888184,-6.590453147888184
actor_critic,n_step,10,,1,837,68.89857100526969,38,0.007968902587890625,19.89366912841797,,,547.5179443359375,-7.6900715827941895,793.154296875,2.126596212387085,56.463775634765625,-4.168249607086182,-4.168249607086182
actor_critic,n_step,10,,1,838,67.69827621051527,37,0.0074388980865478516,19.901270151138306,,,558.9754638671875,-9.453763008117676,812.041748046875,2.126420736312866,56.20806884765625,-4.444454669952393,-4.444454669952393
actor_critic,n_step,10,,1,839,81.15561320722382,45,0.008888006210327148,19.91028118133545,,,478.7607421875,-9.20601749420166,697.0953979492188,2.126262903213501,58.834102630615234,-1.8168741464614868,-1.8168741464614868
actor_critic,n_step,10,,1,840,85.50285775537516,47,0.009566068649291992,19.919998168945312,94.02129777873913,46.9133760306399,468.1612243652344,-4.873561382293701,675.7639770507812,2.1260147094726562,59.558509826660156,-1.1000193357467651,-1.1000193357467651
actor_critic,n_step,10,,1,841,75.1428173339539,42,0.008586883544921875,19.950780153274536,,,505.69366455078125,-4.942625045776367,729.4804077148438,2.1257505416870117,57.760711669921875,-2.8968546390533447,-2.8968546390533447
actor_critic,n_step,10,,1,842,191.03224652570154,98,0.018989086151123047,19.969911098480225,,,87.32789611816406,18.323957443237305,98.57705688476562,2.1255321502685547,60.627803802490234,7.470694541931152,7.470694541931152
actor_critic,n_step,10,,1,843,67.70717505664668,37,0.007691144943237305,19.977776288986206,,,549.69091796875,-15.1097993850708,806.8582153320312,2.125462293624878,56.15746307373047,-4.457878112792969,-4.457878112792969
actor_critic,n_step,10,,1,844,61.766306784381904,34,0.007005214691162109,19.98491621017456,,,583.923095703125,-18.11568832397461,860.055419921875,2.1253271102905273,54.62128829956055,-5.9771599769592285,-5.9771599769592285
actor_critic,n_step,10,,1,845,183.4619282188357,94,0.018206119537353516,20.00325036048889,,,76.17534637451172,17.202470779418945,84.24696350097656,2.125166654586792,57.852622985839844,7.490416049957275,7.490416049957275
actor_critic,n_step,10,,1,846,183.65231350492311,94,0.018125057220458984,20.021544218063354,,,76.5773696899414,16.3293399810791,86.06861877441406,2.125100612640381,57.481815338134766,7.576611042022705,7.576611042022705
actor_critic,n_step,10,,1,847,68.94156381208309,38,0.007546186447143555,20.029255151748657,,,545.4932861328125,-6.228545188903809,788.1740112304688,2.12505841255188,56.452430725097656,-4.099430561065674,-4.099430561065674
actor_critic,n_step,10,,1,848,187.1916886979662,96,0.01879286766052246,20.04815411567688,,,75.80089569091797,16.857633590698242,84.20465850830078,2.1250534057617188,58.020748138427734,7.619483470916748,7.619483470916748
actor_critic,n_step,10,,1,849,177.95008099381346,91,0.01730823516845703,20.06562829017639,,,78.69165802001953,16.86749839782715,88.32022857666016,2.1250996589660645,56.78438186645508,7.432685375213623,7.432685375213623
actor_critic,n_step,10,,1,850,182.32436982612018,93,0.01794576644897461,20.083775997161865,,,75.36786651611328,15.783740043640137,85.12017822265625,2.1251938343048096,58.484500885009766,7.46926736831665,7.46926736831665
actor_critic,n_step,10,,1,851,184.4029281793152,95,0.018388032913208008,20.102302312850952,,,78.22709655761719,17.91632080078125,86.15825653076172,2.125277519226074,59.013099670410156,7.35230827331543,7.35230827331543
actor_critic,n_step,10,,1,852,175.14451316725695,90,0.017355918884277344,20.119826316833496,,,75.69183349609375,13.709574699401855,88.54608917236328,2.125532627105713,57.498573303222656,7.168110370635986,7.168110370635986
actor_critic,n_step,10,,1,853,176.07218013770662,91,0.017305850982666016,20.137290000915527,,,76.53305053710938,13.869088172912598,89.51995086669922,2.125640869140625,57.6059684753418,7.119932174682617,7.119932174682617
actor_critic,n_step,10,,1,854,78.34173352683774,43,0.00863194465637207,20.146090269088745,,,494.8546142578125,-12.684403419494629,725.0557861328125,2.1255993843078613,58.35540771484375,-2.256791830062866,-2.256791830062866
actor_critic,n_step,10,,1,855,176.04802375774383,90,0.017688989639282227,20.163945198059082,,,79.16220092773438,16.476360321044922,89.55120849609375,2.125472068786621,58.36674880981445,7.194564342498779,7.194564342498779
actor_critic,n_step,10,,1,856,178.56485301354783,92,0.017852783203125,20.18196725845337,,,77.53386688232422,14.988738059997559,89.35018157958984,2.125415563583374,59.824623107910156,7.030927658081055,7.030927658081055
actor_critic,n_step,10,,1,857,182.88990672262256,94,0.018151044845581055,20.2002911567688,,,87.99054718017578,16.51997947692871,102.1008071899414,2.1253714561462402,60.85782241821289,7.125020980834961,7.125020980834961
actor_critic,n_step,10,,1,858,177.20399604735962,91,0.017576932907104492,20.21802806854248,,,81.98973846435547,15.042256355285645,95.6392593383789,2.125448703765869,60.21949005126953,6.954741477966309,6.954741477966309
actor_critic,n_step,10,,1,859,175.68539952464016,90,0.01743602752685547,20.235623121261597,,,80.59146118164062,13.784832954406738,95.43804168701172,2.125544548034668,60.3962516784668,6.911281108856201,6.911281108856201
actor_critic,n_step,10,,1,860,174.61447600462995,89,0.01729893684387207,20.253080129623413,178.75032864969648,1.1067954276771952,82.22356414794922,15.197267532348633,95.75186157226562,2.1255781650543213,60.31703567504883,6.9502692222595215,6.9502692222595215
actor_critic,n_step,10,,1,861,178.60122930359006,91,0.017958879470825195,20.309025049209595,,,96.33699035644531,14.592738151550293,116.77750396728516,2.1256346702575684,61.92816925048828,6.947917461395264,6.947917461395264
actor_critic,n_step,10,,1,862,65.40597519944642,36,0.007174253463745117,20.3163583278656,,,552.46630859375,-6.434408664703369,798.4295654296875,2.1256799697875977,55.71028137207031,-5.027764320373535,-5.027764320373535
actor_critic,n_step,10,,1,863,172.912828461173,90,0.017335176467895508,20.333848237991333,,,75.8398208618164,14.159982681274414,88.11405181884766,2.1257684230804443,57.203758239746094,6.915918827056885,6.915918827056885
actor_critic,n_step,10,,1,864,179.36645736430808,92,0.017786264419555664,20.351803302764893,,,85.92167663574219,15.212461471557617,101.0131607055664,2.1258208751678467,59.41786193847656,7.1350812911987305,7.1350812911987305
actor_critic,n_step,10,,1,865,181.19976500581876,93,0.01775383949279785,20.3697190284729,,,81.4163818359375,16.459720611572266,92.79522705078125,2.1258742809295654,60.017757415771484,7.140740394592285,7.140740394592285
actor_critic,n_step,10,,1,866,183.32329532664346,94,0.01823902130126953,20.38810920715332,,,74.80387878417969,15.758103370666504,84.35110473632812,2.125969171524048,59.67768096923828,7.267247676849365,7.267247676849365
actor_critic,n_step,10,,1,867,176.02526818250553,91,0.017513036727905273,20.405784130096436,,,71.16968536376953,15.606953620910645,79.37533569335938,2.1261141300201416,58.25263977050781,7.010935306549072,7.010935306549072
actor_critic,n_step,10,,1,868,176.5733433558737,90,0.01747608184814453,20.423365116119385,,,78.39580535888672,15.70604133605957,89.55680847167969,2.126295566558838,59.69610595703125,7.066444396972656,7.066444396972656
actor_critic,n_step,10,,1,869,175.0302497959475,90,0.01746368408203125,20.440994024276733,,,74.27993774414062,16.33217430114746,82.78251647949219,2.126498222351074,58.73406982421875,6.9783759117126465,6.9783759117126465
actor_critic,n_step,10,,1,870,175.53102645898383,91,0.01787114143371582,20.45901322364807,,,70.93475341796875,15.034764289855957,79.85713195800781,2.126774787902832,58.509010314941406,6.911464214324951,6.911464214324951
actor_critic,n_step,10,,1,871,179.09312591136063,91,0.017261028289794922,20.476412296295166,,,80.9384994506836,13.480204582214355,96.36900329589844,2.127047538757324,59.979957580566406,7.159369468688965,7.159369468688965
actor_critic,n_step,10,,1,872,182.5065361930593,94,0.018234968185424805,20.49479031562805,,,82.88489532470703,14.607069969177246,97.53974914550781,2.127195358276367,61.04399108886719,7.012598037719727,7.012598037719727
actor_critic,n_step,10,,1,873,182.1331709488333,94,0.01812005043029785,20.513058185577393,,,73.5719223022461,12.963391304016113,86.58361053466797,2.1273138523101807,60.16695022583008,7.054721832275391,7.054721832275391
actor_critic,n_step,10,,1,874,173.81049688991595,89,0.017292022705078125,20.53051519393921,,,76.81060028076172,16.09248924255371,86.74015808105469,2.1272592544555664,59.57266616821289,6.865143775939941,6.865143775939941
actor_critic,n_step,10,,1,875,178.59730045229412,90,0.017824888229370117,20.548487186431885,,,81.06639099121094,14.947368621826172,94.45574951171875,2.1272807121276855,60.51396942138672,7.191361427307129,7.191361427307129
actor_critic,n_step,10,,1,876,182.21717104524097,97,0.018332958221435547,20.566965103149414,,,220.3887481689453,12.796156883239746,296.56085205078125,2.127275228500366,55.147098541259766,7.155161380767822,7.155161380767822
actor_critic,n_step,10,,1,877,183.21461102509613,94,0.01816082000732422,20.585307121276855,,,75.98861694335938,14.240471839904785,88.21163177490234,2.1271822452545166,60.40243911743164,7.133309364318848,7.133309364318848
actor_critic,n_step,10,,1,878,183.0724961973216,94,0.01864790916442871,20.604120016098022,,,80.89049530029297,17.86567497253418,90.03545379638672,2.127031087875366,60.667808532714844,7.083169937133789,7.083169937133789
actor_critic,n_step,10,,1,879,60.22204568231692,39,0.00780797004699707,20.61208701133728,,,287.56744384765625,-19.767820358276367,439.0503845214844,2.127081871032715,49.03679656982422,-5.940316200256348,-5.940316200256348
actor_critic,n_step,10,,1,880,181.6976576376697,93,0.0186159610748291,20.630840063095093,178.42855559397867,4.0628860645741165,77.38461303710938,15.709834098815918,88.1068344116211,2.1270463466644287,60.462154388427734,7.097815036773682,7.097815036773682
actor_critic,n_step,10,,1,881,183.79605421558898,94,0.020672082901000977,20.689358234405518,,,77.511474609375,15.354546546936035,88.79560852050781,2.1270506381988525,60.402584075927734,7.1692609786987305,7.1692609786987305
actor_critic,n_step,10,,1,882,173.47168165632075,88,0.017859697341918945,20.70740509033203,,,80.73633575439453,12.913107872009277,96.89032745361328,2.127063035964966,58.86970520019531,7.033509731292725,7.033509731292725
actor_critic,n_step,10,,1,883,173.98536571653273,89,0.01803421974182129,20.725620985031128,,,83.24500274658203,15.142842292785645,97.2887954711914,2.1269779205322266,57.53678512573242,7.079481601715088,7.079481601715088
actor_critic,n_step,10,,1,884,175.94176620183634,91,0.018091917037963867,20.743885040283203,,,75.41795349121094,16.0810489654541,84.76700592041016,2.126908302307129,57.13288879394531,7.037106513977051,7.037106513977051
actor_critic,n_step,10,,1,885,182.91344957889584,93,0.019437074661254883,20.763511180877686,,,78.6297607421875,15.922532081604004,89.58175659179688,2.126918077468872,60.6552848815918,7.173450946807861,7.173450946807861
actor_critic,n_step,10,,1,886,178.32171321077587,91,0.018041133880615234,20.781745195388794,,,74.93721008300781,15.161081314086914,85.39447021484375,2.126981496810913,60.172332763671875,6.9726080894470215,6.9726080894470215
actor_critic,n_step,10,,1,887,60.854762400077725,39,0.008005142211914062,20.78993034362793,,,350.3708801269531,-1.9973101615905762,503.3831481933594,2.1270623207092285,50.61457443237305,-6.058287143707275,-6.058287143707275
actor_critic,n_step,10,,1,888,55.767772044866874,36,0.008095026016235352,20.798128128051758,,,348.2052917480469,-18.641386032104492,524.0667114257812,2.127363681793213,48.90510559082031,-7.445158958435059,-7.445158958435059
actor_critic,n_step,10,,1,889,185.53513543508961,94,0.019687891006469727,20.818092107772827,,,78.50430297851562,14.73505973815918,91.09892272949219,2.127603054046631,60.98625183105469,7.281061172485352,7.281061172485352
actor_critic,n_step,10,,1,890,174.1210097081867,88,0.01918315887451172,20.837427377700806,,,74.63352966308594,13.06805419921875,87.95067596435547,2.12777042388916,60.04429626464844,6.913328647613525,6.913328647613525
actor_critic,n_step,10,,1,891,178.9256836304516,90,0.02434515953063965,20.861969232559204,,,78.52473449707031,14.954927444458008,90.81401062011719,2.1278324127197266,60.81475067138672,7.092927932739258,7.092927932739258
actor_critic,n_step,10,,1,892,182.88625881495722,93,0.022261857986450195,20.884518146514893,,,69.54051971435547,14.746796607971191,78.27674865722656,2.1278817653656006,59.323665618896484,7.29156494140625,7.29156494140625
actor_critic,n_step,10,,1,893,174.63956360974262,88,0.020102262496948242,20.90483832359314,,,77.61976623535156,15.347614288330078,88.96021270751953,2.127855062484741,60.58177185058594,6.9081130027771,6.9081130027771
actor_critic,n_step,10,,1,894,182.006184416533,93,0.021434783935546875,20.926465034484863,,,79.01750946044922,14.931451797485352,91.551513671875,2.127868413925171,61.29570770263672,6.957413673400879,6.957413673400879
actor_critic,n_step,10,,1,895,176.0805930107182,89,0.02004694938659668,20.9467670917511,,,79.28128814697266,14.169699668884277,93.01655578613281,2.1278905868530273,61.11957550048828,6.882370948791504,6.882370948791504
actor_critic,n_step,10,,1,896,186.05629743401636,95,0.021760940551757812,20.968713998794556,,,89.84687042236328,14.513724327087402,107.61878204345703,2.1278932094573975,62.334720611572266,7.0069427490234375,7.0069427490234375
actor_critic,n_step,10,,1,897,55.65972313230909,37,0.008761167526245117,20.977638244628906,,,367.71661376953125,-28.416086196899414,565.9038696289062,2.127883195877075,39.384849548339844,-6.52062463760376,-6.52062463760376
actor_critic,n_step,10,,1,898,185.593553057803,94,0.022404909133911133,21.00028109550476,,,83.20272064208984,12.794886589050293,100.58262634277344,2.12778377532959,62.13269805908203,7.102469444274902,7.102469444274902
actor_critic,n_step,10,,1,899,181.80856325433888,93,0.022860050201416016,21.02337408065796,,,70.23197937011719,15.535236358642578,78.1382064819336,2.1275641918182373,59.56633377075195,7.087709426879883,7.087709426879883
actor_critic,n_step,10,,1,900,174.73678234011248,89,0.020105361938476562,21.043667316436768,177.71127378559876,3.1454669475314616,70.00265502929688,13.318657875061035,80.97713470458984,2.127401113510132,59.33332443237305,6.868736743927002,6.868736743927002
actor_critic,n_step,10,,1,901,174.2089814444741,88,0.01995110511779785,21.106462240219116,,,77.64010620117188,17.638681411743164,85.71632385253906,2.127140998840332,59.60732650756836,6.904670715332031,6.904670715332031
actor_critic,n_step,10,,1,902,184.37690871682466,94,0.01868915557861328,21.125360250473022,,,73.37989807128906,13.506720542907715,85.53311157226562,2.127113103866577,60.698326110839844,7.092167854309082,7.092167854309082
actor_critic,n_step,10,,1,903,182.89098708660725,93,0.018970012664794922,21.14449715614319,,,75.34255981445312,15.527382850646973,85.45024871826172,2.126986265182495,60.585601806640625,7.074713706970215,7.074713706970215
actor_critic,n_step,10,,1,904,175.67927881737114,89,0.01804375648498535,21.162710189819336,,,72.49028015136719,14.22067928314209,83.24229431152344,2.1268978118896484,59.88285827636719,6.896024703979492,6.896024703979492
actor_critic,n_step,10,,1,905,177.17725985424806,90,0.01866912841796875,21.181562185287476,,,80.65839385986328,14.439234733581543,94.59880828857422,2.1267943382263184,61.417442321777344,6.75916051864624,6.75916051864624
actor_critic,n_step,10,,1,906,182.443987065998,93,0.019070148468017578,21.20087432861328,,,69.30523681640625,13.783899307250977,79.31620025634766,2.1267075538635254,60.01353454589844,7.065845012664795,7.065845012664795
actor_critic,n_step,10,,1,907,181.6810141514869,92,0.018693208694458008,21.21976327896118,,,81.24134063720703,14.361647605895996,95.54241943359375,2.1264798641204834,61.90737533569336,6.920211315155029,6.920211315155029
actor_critic,n_step,10,,1,908,181.74381142381787,92,0.018899917602539062,21.238834142684937,,,91.17552947998047,13.888994216918945,110.40933990478516,2.126255750656128,62.863311767578125,6.826812267303467,6.826812267303467
actor_critic,n_step,10,,1,909,179.88679455850377,92,0.018752098083496094,21.25776219367981,,,70.83003997802734,12.903353691101074,82.75241088867188,2.126024007797241,60.855194091796875,6.8196702003479,6.8196702003479
actor_critic,n_step,10,,1,910,175.79860254491632,89,0.01827216148376465,21.276251316070557,,,75.19125366210938,15.424247741699219,85.38143157958984,2.1256792545318604,60.18178176879883,6.85288667678833,6.85288667678833
actor_critic,n_step,10,,1,911,176.69326705221425,90,0.018457889556884766,21.294891119003296,,,73.27818298339844,15.494400978088379,82.54826354980469,2.125417709350586,59.5771484375,6.859442234039307,6.859442234039307
actor_critic,n_step,10,,1,912,179.54253406467095,91,0.019752979278564453,21.314929246902466,,,74.18192291259766,15.28832721710205,84.13371276855469,2.125243902206421,61.02043151855469,6.883810043334961,6.883810043334961
actor_critic,n_step,10,,1,913,173.47001442648875,88,0.02317500114440918,21.338301181793213,,,78.8275146484375,15.967384338378906,89.8001937866211,2.1251633167266846,59.37074279785156,6.801592826843262,6.801592826843262
actor_critic,n_step,10,,1,914,180.2805333534211,91,0.02074718475341797,21.359288215637207,,,71.55366516113281,13.360513687133789,83.1330795288086,2.1251676082611084,60.786251068115234,6.9856486320495605,6.9856486320495605
actor_critic,n_step,10,,1,915,177.9635960098376,90,0.020159006118774414,21.379640102386475,,,70.68824005126953,12.45302677154541,83.19316101074219,2.1250600814819336,60.81977081298828,6.848422050476074,6.848422050476074
actor_critic,n_step,10,,1,916,60.05623189021846,39,0.009181022644042969,21.388999223709106,,,642.4931640625,-10.201019287109375,932.4203491210938,2.1247968673706055,36.935062408447266,-5.272573471069336,-5.272573471069336
actor_critic,n_step,10,,1,917,178.8631692240287,90,0.020873308181762695,21.410057306289673,,,75.94454956054688,15.312389373779297,86.61737060546875,2.1245718002319336,61.31561279296875,6.893225193023682,6.893225193023682
actor_critic,n_step,10,,1,918,180.2819091026463,92,0.020617008209228516,21.430915117263794,,,69.74876403808594,15.660923957824707,77.26834106445312,2.1244218349456787,60.14017868041992,6.886956214904785,6.886956214904785
actor_critic,n_step,10,,1,919,80.17717048128642,43,0.010503053665161133,21.44161820411682,,,543.4016723632812,-4.244912147521973,782.352294921875,2.124375820159912,60.65208435058594,-2.7406935691833496,-2.7406935691833496
actor_critic,n_step,10,,1,920,177.94645536433006,89,0.01935887336730957,21.46121907234192,177.75615636375977,3.0078461642304397,74.85814666748047,16.13223648071289,83.89415740966797,2.12434720993042,61.027339935302734,6.950654983520508,6.950654983520508
actor_critic,n_step,10,,1,921,179.17299690989898,91,0.02039480209350586,21.52466607093811,,,73.60831451416016,15.263162612915039,83.3502197265625,2.1244006156921387,61.06313705444336,6.786652088165283,6.786652088165283
actor_critic,n_step,10,,1,922,179.4469636934103,90,0.020395994186401367,21.54525327682495,,,68.1712875366211,12.551641464233398,79.45663452148438,2.1245179176330566,60.84505844116211,6.982379913330078,6.982379913330078
actor_critic,n_step,10,,1,923,172.74520187812556,87,0.019698143005371094,21.565203189849854,,,78.50175476074219,14.027504920959473,92.1060791015625,2.124485492706299,59.93256759643555,6.707968711853027,6.707968711853027
actor_critic,n_step,10,,1,924,179.18296580915907,91,0.02030491828918457,21.585732221603394,,,70.84095001220703,15.666267395019531,78.82097625732422,2.1244497299194336,60.475887298583984,6.835204601287842,6.835204601287842
actor_critic,n_step,10,,1,925,176.60560396578643,89,0.019873857498168945,21.60577917098999,,,72.86811828613281,15.250845909118652,82.31038665771484,2.124481201171875,59.49729919433594,6.916569709777832,6.916569709777832
actor_critic,n_step,10,,1,926,173.5663142492195,88,0.01961493492126465,21.625579118728638,,,76.66807556152344,17.574607849121094,84.41924285888672,2.1245343685150146,60.09183120727539,6.637140274047852,6.637140274047852
actor_critic,n_step,10,,1,927,157.38462688636713,81,0.018271923065185547,21.644045114517212,,,120.7818374633789,13.678582191467285,153.00465393066406,2.124723434448242,64.0490951538086,5.223922252655029,5.223922252655029
actor_critic,n_step,10,,1,928,174.39875052678377,88,0.019536256790161133,21.663793325424194,,,74.61198425292969,13.486923217773438,87.3215103149414,2.125056266784668,60.98165512084961,6.635505676269531,6.635505676269531
actor_critic,n_step,10,,1,929,161.03056981397535,83,0.018659114837646484,21.682623386383057,,,85.20659637451172,12.35360050201416,104.07571411132812,2.1253154277801514,62.437835693359375,5.560571670532227,5.560571670532227
actor_critic,n_step,10,,1,930,175.30970296750405,89,0.01988506317138672,21.702686309814453,,,70.63008880615234,13.420783042907715,81.72758483886719,2.1255760192871094,61.11532211303711,6.565808296203613,6.565808296203613
actor_critic,n_step,10,,1,931,176.03780182080885,89,0.019636154174804688,21.722501277923584,,,70.0237045288086,13.639074325561523,80.54947662353516,2.125781774520874,59.0919075012207,6.861266613006592,6.861266613006592
actor_critic,n_step,10,,1,932,139.09056341302957,74,0.016103744506835938,21.738768100738525,,,181.5915985107422,7.523561477661133,248.6686248779297,2.1259021759033203,64.5959243774414,3.657754421234131,3.657754421234131
actor_critic,n_step,10,,1,933,83.13157226618986,45,0.010164976119995117,21.749091148376465,,,522.8577270507812,-10.39559268951416,761.7904663085938,2.126004695892334,61.61431121826172,-2.4620580673217773,-2.4620580673217773
actor_critic,n_step,10,,1,934,172.2693541446464,87,0.018265962600708008,21.767619132995605,,,73.44256591796875,14.647904396057129,83.99237060546875,2.125988245010376,58.59778594970703,6.727263927459717,6.727263927459717
actor_critic,n_step,10,,1,935,177.08650331190742,89,0.017719030380249023,21.78551721572876,,,74.80154418945312,15.010947227478027,85.4151382446289,2.1259939670562744,58.65179443359375,7.028064727783203,7.028064727783203
actor_critic,n_step,10,,1,936,177.54615901052728,90,0.033557891845703125,21.81923198699951,,,67.68122863769531,14.070226669311523,76.58715057373047,2.126006841659546,58.69109344482422,6.9182562828063965,6.9182562828063965
actor_critic,n_step,10,,1,937,177.34275739253744,89,0.06858086585998535,21.888163089752197,,,72.50576782226562,16.532451629638672,79.96187591552734,2.1259849071502686,58.215641021728516,7.088359832763672,7.088359832763672
actor_critic,n_step,10,,1,938,175.1217960217422,89,0.03222227096557617,21.920619010925293,,,66.8401107788086,14.070234298706055,75.38553619384766,2.126046657562256,58.972503662109375,6.736919403076172,6.736919403076172
actor_critic,n_step,10,,1,939,170.5426194095171,86,0.01825094223022461,21.93906307220459,,,79.1233901977539,14.331542015075684,92.55978393554688,2.126087188720703,58.69908142089844,6.678581714630127,6.678581714630127
actor_critic,n_step,10,,1,940,180.5274086921772,90,0.018850088119506836,21.958052158355713,174.30579941536874,2.1202564140392997,67.36246490478516,14.139054298400879,76.03343963623047,2.12613582611084,59.640316009521484,7.141823768615723,7.141823768615723
actor_critic,n_step,10,,1,941,180.53300654792497,91,0.017961978912353516,22.013842344284058,,,67.60242462158203,14.9917573928833,75.15809631347656,2.1261281967163086,60.356101989746094,6.911752700805664,6.911752700805664
actor_critic,n_step,10,,1,942,175.03048246652642,89,0.0189208984375,22.032941102981567,,,69.49632263183594,12.4404935836792,81.50833129882812,2.126149892807007,60.92817306518555,6.493413925170898,6.493413925170898
actor_critic,n_step,10,,1,943,176.24413198896673,89,0.019582033157348633,22.05270218849182,,,71.42863464355469,14.593809127807617,81.1926040649414,2.1260569095611572,60.964603424072266,6.627613067626953,6.627613067626953
actor_critic,n_step,10,,1,944,179.9497192324296,91,0.019294023513793945,22.0721652507782,,,75.48190307617188,14.263988494873047,87.45416259765625,2.1260056495666504,61.795711517333984,6.689309597015381,6.689309597015381
actor_critic,n_step,10,,1,945,171.18089391599574,87,0.018900156021118164,22.091251373291016,,,72.69926452636719,14.517654418945312,83.11658477783203,2.1259632110595703,61.35819625854492,6.264996528625488,6.264996528625488
actor_critic,n_step,10,,1,946,178.7804738207089,90,0.018831968307495117,22.110283136367798,,,93.73576354980469,14.89279556274414,112.63282012939453,2.126002788543701,64.15941619873047,6.446835041046143,6.446835041046143
actor_critic,n_step,10,,1,947,172.74574851744572,87,0.01794290542602539,22.12841010093689,,,79.1494369506836,13.846623420715332,93.28973388671875,2.126120090484619,62.61406707763672,6.3170952796936035,6.3170952796936035
actor_critic,n_step,10,,1,948,178.28837488604225,91,0.019616127014160156,22.14819622039795,,,76.3735122680664,13.57463550567627,89.71268463134766,2.1262552738189697,62.75472640991211,6.376221179962158,6.376221179962158
actor_critic,n_step,10,,1,949,177.3469294125924,90,0.018135786056518555,22.16648507118225,,,73.18708801269531,13.304508209228516,85.54653930664062,2.1263837814331055,62.488948822021484,6.430868148803711,6.430868148803711
actor_critic,n_step,10,,1,950,179.90477755405564,92,0.01975703239440918,22.186399221420288,,,67.9940185546875,14.479302406311035,76.44959259033203,2.126479387283325,61.46177673339844,6.5529584884643555,6.5529584884643555
actor_critic,n_step,10,,1,951,173.34376896403296,88,0.019244909286499023,22.205843210220337,,,68.68305969238281,12.921534538269043,79.6593246459961,2.126607656478882,60.73391342163086,6.412265300750732,6.412265300750732
actor_critic,n_step,10,,1,952,173.27015571568953,88,0.017176151275634766,22.223207235336304,,,70.1877670288086,13.259049415588379,81.32673645019531,2.126692056655884,60.815528869628906,6.392285346984863,6.392285346984863
actor_critic,n_step,10,,1,953,177.42916635130175,90,0.022079944610595703,22.245468139648438,,,68.1709976196289,12.710273742675781,79.22960662841797,2.126758337020874,61.27607345581055,6.57109260559082,6.57109260559082
actor_critic,n_step,10,,1,954,178.87337082972294,89,0.01873779296875,22.264438152313232,,,68.26040649414062,14.777994155883789,76.40345001220703,2.1267507076263428,61.085323333740234,6.8767290115356445,6.8767290115356445
actor_critic,n_step,10,,1,955,179.13012319599073,90,0.021183013916015625,22.285889148712158,,,66.54067993164062,13.674503326416016,75.52310943603516,2.126760244369507,60.709293365478516,6.8044867515563965,6.8044867515563965
actor_critic,n_step,10,,1,956,175.56278530370554,89,0.02655792236328125,22.312700271606445,,,69.07615661621094,14.413179397583008,78.0899658203125,2.126725196838379,61.62588882446289,6.4062652587890625,6.4062652587890625
actor_critic,n_step,10,,1,957,52.914105924071634,35,0.01201009750366211,22.324897050857544,,,432.7298278808594,-22.86331558227539,650.8473510742188,2.126760721206665,44.7027473449707,-8.912479400634766,-8.912479400634766
actor_critic,n_step,10,,1,958,171.14457051169367,87,0.027456998825073242,22.35256814956665,,,68.13871765136719,11.500165939331055,80.91221618652344,2.126755475997925,61.297218322753906,6.186504364013672,6.186504364013672
actor_critic,n_step,10,,1,959,57.3992172338274,38,0.009266138076782227,22.36203622817993,,,381.6110534667969,-13.77478313446045,564.8369140625,2.1266636848449707,41.6605339050293,-7.028326511383057,-7.028326511383057
actor_critic,n_step,10,,1,960,176.40677001574545,89,0.01906418800354004,22.381274223327637,173.29589156387607,3.187730490994898,67.91630554199219,12.235150337219238,79.54450225830078,2.1266090869903564,62.04240417480469,6.456528663635254,6.456528663635254
actor_critic,n_step,10,,1,961,177.04917001616403,88,0.01867198944091797,22.43787431716919,,,78.88372802734375,14.790200233459473,91.56218719482422,2.1264421939849854,60.28658676147461,6.860576152801514,6.860576152801514
actor_critic,n_step,10,,1,962,171.86353241184014,87,0.01763296127319336,22.455690145492554,,,70.21248626708984,13.137214660644531,81.53610229492188,2.12630558013916,60.685157775878906,6.32258415222168,6.32258415222168
actor_critic,n_step,10,,1,963,176.32437093627172,88,0.017058134078979492,22.472920179367065,,,72.45831298828125,15.23852252960205,81.74256134033203,2.1261656284332275,61.73814392089844,6.617897033691406,6.617897033691406
actor_critic,n_step,10,,1,964,177.2672242241835,89,0.018548011779785156,22.491642236709595,,,69.17964935302734,14.569753646850586,78.0141372680664,2.1261048316955566,60.48202133178711,6.703467845916748,6.703467845916748
actor_critic,n_step,10,,1,965,169.61356712229446,86,0.017244815826416016,22.509067058563232,,,72.1351547241211,12.584214210510254,85.07276916503906,2.126067876815796,62.34159851074219,6.012523651123047,6.012523651123047
actor_critic,n_step,10,,1,966,176.21373544768218,88,0.018446922302246094,22.527672052383423,,,68.84477996826172,13.625750541687012,78.88433074951172,2.126027822494507,61.79969787597656,6.576211452484131,6.576211452484131
actor_critic,n_step,10,,1,967,177.66279135632135,88,0.017210006713867188,22.5450382232666,,,70.9583969116211,14.955957412719727,80.00348663330078,2.1259782314300537,60.69621658325195,6.859457015991211,6.859457015991211
actor_critic,n_step,10,,1,968,175.49809190265788,88,0.0177001953125,22.562889337539673,,,70.8468017578125,15.214202880859375,79.47514343261719,2.1259615421295166,61.77839660644531,6.472575664520264,6.472575664520264
actor_critic,n_step,10,,1,969,174.828995852733,87,0.017323017120361328,22.580389261245728,,,70.40447998046875,15.2609224319458,78.7765121459961,2.1260621547698975,62.01072692871094,6.508347034454346,6.508347034454346
actor_critic,n_step,10,,1,970,173.36801789100397,87,0.017421960830688477,22.597962141036987,,,66.0306167602539,12.669942855834961,76.22953033447266,2.126228094100952,61.90741729736328,6.332951545715332,6.332951545715332
actor_critic,n_step,10,,1,971,48.825920091870984,33,0.006921052932739258,22.605053186416626,,,547.4140014648438,-19.009456634521484,809.1763916015625,2.126331329345703,38.81807327270508,-10.087552070617676,-10.087552070617676
actor_critic,n_step,10,,1,972,140.94279122739474,74,0.015146017074584961,22.62034320831299,,,192.80076599121094,8.503308296203613,263.2820739746094,2.1264445781707764,66.03341674804688,3.514899253845215,3.514899253845215
actor_critic,n_step,10,,1,973,106.73517582625324,57,0.011803865432739258,22.632301092147827,,,447.896484375,2.4176459312438965,636.3983764648438,2.1265814304351807,65.9037094116211,0.3344707190990448,0.3344707190990448
actor_critic,n_step,10,,1,974,150.62028322985398,78,0.015894651412963867,22.648385047912598,,,121.16276550292969,5.208332061767578,165.64918518066406,2.126739025115967,65.07088470458984,4.3879876136779785,4.3879876136779785
actor_critic,n_step,10,,1,975,101.17576960114633,55,0.011265993118286133,22.659801244735718,,,474.37713623046875,8.790536880493164,665.1237182617188,2.1267223358154297,65.28205871582031,-0.44325241446495056,-0.44325241446495056
actor_critic,n_step,10,,1,976,99.57471427055621,54,0.011014938354492188,22.670968055725098,,,459.33074951171875,-10.259921073913574,670.8438110351562,2.12701153755188,65.17185974121094,-0.5929020047187805,-0.5929020047187805
actor_critic,n_step,10,,1,977,136.61121455381243,72,0.014312028884887695,22.685436248779297,,,145.3123321533203,5.570335865020752,199.6314239501953,2.1271438598632812,64.75887298583984,3.2993860244750977,3.2993860244750977
actor_critic,n_step,10,,1,978,162.61791476227324,82,0.01632213592529297,22.70192003250122,,,71.3581771850586,11.913544654846191,84.92090606689453,2.1272027492523193,61.3569221496582,5.757685661315918,5.757685661315918
actor_critic,n_step,10,,1,979,100.32873934539293,54,0.011230945587158203,22.71331214904785,,,447.2604064941406,-3.093010663986206,643.362060546875,2.1272389888763428,65.04327392578125,-0.4743567705154419,-0.4743567705154419
actor_critic,n_step,10,,1,980,104.74556661952143,57,0.011580944061279297,22.725036144256592,143.92509256113098,4.915992287089262,400.5546875,-4.7715535163879395,579.0374755859375,2.1272242069244385,65.1863021850586,-0.019270645454525948,-0.019270645454525948
actor_critic,n_step,10,,1,981,154.0198625959998,80,0.016844987869262695,22.774404048919678,,,79.31346893310547,10.123757362365723,98.84245300292969,2.1271283626556396,58.776466369628906,5.199650764465332,5.199650764465332
actor_critic,n_step,10,,1,982,174.72647198512456,88,0.017540931701660156,22.792118072509766,,,103.9458999633789,14.527613639831543,127.74040985107422,2.127000570297241,54.150516510009766,7.138323783874512,7.138323783874512
actor_critic,n_step,10,,1,983,136.84484367571832,73,0.01510310173034668,22.807396173477173,,,83.03297424316406,8.591083526611328,106.34555053710938,2.1268296241760254,58.659889221191406,3.817089796066284,3.817089796066284
actor_critic,n_step,10,,1,984,159.20036812877262,82,0.01689910888671875,22.8244731426239,,,95.08177185058594,10.179458618164062,121.28901672363281,2.1267168521881104,54.61871337890625,6.0175981521606445,6.0175981521606445
actor_critic,n_step,10,,1,985,176.8171898916636,87,0.017680883407592773,22.84233331680298,,,139.16021728515625,17.4049072265625,173.9361572265625,2.1264896392822266,52.33557891845703,7.727726936340332,7.727726936340332
actor_critic,n_step,10,,1,986,143.95318313001195,75,0.015590906143188477,22.858102083206177,,,85.71320343017578,11.543298721313477,105.9570083618164,2.126312732696533,56.633872985839844,4.74415397644043,4.74415397644043
actor_critic,n_step,10,,1,987,174.28790843073836,87,0.017606258392333984,22.875900268554688,,,127.29045104980469,14.204442024230957,161.5514373779297,2.1262047290802,51.198421478271484,7.530745506286621,7.530745506286621
actor_critic,n_step,10,,1,988,117.00417436071724,63,0.013042926788330078,22.889103174209595,,,101.01885223388672,2.8482182025909424,140.24375915527344,2.1259450912475586,59.138206481933594,1.995658278465271,1.995658278465271
actor_critic,n_step,10,,1,989,173.5416627289996,88,0.018177032470703125,22.90742826461792,,,128.15740966796875,15.347016334533691,161.15769958496094,2.1256635189056396,49.66646957397461,7.4428391456604,7.4428391456604
actor_critic,n_step,10,,1,990,156.51645200578434,81,0.01689600944519043,22.924504041671753,,,101.58460235595703,11.720063209533691,128.37791442871094,2.125394821166992,52.263526916503906,6.045646667480469,6.045646667480469
actor_critic,n_step,10,,1,991,159.33519150659305,82,0.017247915267944336,22.94195318222046,,,104.79108428955078,12.139323234558105,132.3596649169922,2.12507700920105,51.88208770751953,6.303193092346191,6.303193092346191
actor_critic,n_step,10,,1,992,135.46759340467375,72,0.015136957168579102,22.957313060760498,,,67.7400894165039,5.915348529815674,88.32105255126953,2.124721050262451,55.724246978759766,4.0245361328125,4.0245361328125
actor_critic,n_step,10,,1,993,172.05071176319672,87,0.01788783073425293,22.97537612915039,,,112.36746215820312,11.96025276184082,143.43887329101562,2.1242074966430664,49.33879852294922,7.434964656829834,7.434964656829834
actor_critic,n_step,10,,1,994,175.4221210499066,88,0.017525911331176758,22.99315309524536,,,117.25738525390625,16.481456756591797,143.9656219482422,2.1235458850860596,49.83438491821289,7.632226943969727,7.632226943969727
actor_critic,n_step,10,,1,995,179.0124235918373,90,0.018655061721801758,23.012055158615112,,,116.12373352050781,17.402877807617188,141.02980041503906,2.122969627380371,50.06309127807617,7.767478942871094,7.767478942871094
actor_critic,n_step,10,,1,996,175.76557489391794,89,0.0176239013671875,23.02983808517456,,,110.29876708984375,16.348827362060547,134.21420288085938,2.1225051879882812,50.347354888916016,7.478031635284424,7.478031635284424
actor_critic,n_step,10,,1,997,147.4890031126928,77,0.016088008880615234,23.046123027801514,,,83.55278015136719,10.485288619995117,104.38212585449219,2.1221084594726562,53.74495315551758,5.241728782653809,5.241728782653809
actor_critic,n_step,10,,1,998,176.57067390578703,87,0.0177152156829834,23.06399941444397,,,105.7347412109375,17.013593673706055,126.74449920654297,2.121730089187622,51.916358947753906,7.7002739906311035,7.7002739906311035
actor_critic,n_step,10,,1,999,178.13887068109344,90,0.01827692985534668,23.082465171813965,,,95.6606674194336,15.337187767028809,114.74783325195312,2.1214351654052734,51.89816665649414,7.451193809509277,7.451193809509277
actor_critic,n_step,10,,1,1000,167.1803181531838,85,0.017510175704956055,23.100160121917725,172.0181265205305,1.8237897514706445,89.1649169921875,15.128446578979492,105.7663803100586,2.121152877807617,52.33339309692383,6.796479225158691,6.796479225158691
