algo,ac_variant,n_steps,baseline,seed,episode,episode_return,episode_steps,episode_time_sec,elapsed_time_sec,eval_mean_return,eval_std_return,loss,policy_loss,value_loss,entropy,mean_return,mean_advantage,advantage
reinforce,,,50.0,2,1,54.226682973028716,66,0.02244710922241211,0.022449970245361328,,,-63.35897445678711,-63.35897445678711,,,20.092098236083984,-29.907901763916016,
reinforce,,,50.0,2,2,16.682026102259357,48,0.008365869522094727,0.030917882919311523,,,-82.74337005615234,-82.74337005615234,,,3.5161800384521484,-46.483821868896484,
reinforce,,,50.0,2,3,10.36132060667457,22,0.003935098648071289,0.034967899322509766,,,-106.5280532836914,-106.5280532836914,,,2.2453527450561523,-47.7546501159668,
reinforce,,,50.0,2,4,8.441003302205896,17,0.0031349658966064453,0.03818392753601074,,,-111.65398406982422,-111.65398406982422,,,2.5356130599975586,-47.464385986328125,
reinforce,,,50.0,2,5,6.307363529433911,12,0.0021927356719970703,0.040452003479003906,,,-89.80010986328125,-89.80010986328125,,,2.272692918777466,-47.7273063659668,
reinforce,,,50.0,2,6,7.570356479349593,13,0.0023419857025146484,0.04289603233337402,,,-113.77056121826172,-113.77056121826172,,,2.6800146102905273,-47.319984436035156,
reinforce,,,50.0,2,7,5.4954725489523835,12,0.0021800994873046875,0.04515194892883301,,,-94.00499725341797,-94.00499725341797,,,1.3771506547927856,-48.62284851074219,
reinforce,,,50.0,2,8,3.0407903479031484,9,0.001669168472290039,0.0468900203704834,,,-89.24419403076172,-89.24419403076172,,,0.4629281461238861,-49.537071228027344,
reinforce,,,50.0,2,9,5.351803746471806,9,0.0016820430755615234,0.04875898361206055,,,-122.75929260253906,-122.75929260253906,,,2.0574870109558105,-47.94251251220703,
reinforce,,,50.0,2,10,4.613764620544174,9,0.00164794921875,0.05047893524169922,,,-126.94673919677734,-126.94673919677734,,,1.659203052520752,-48.340797424316406,
reinforce,,,50.0,2,11,3.4412507862424375,9,0.0016367435455322266,0.0521848201751709,,,-110.97586059570312,-110.97586059570312,,,0.7235792279243469,-49.27642059326172,
reinforce,,,50.0,2,12,4.993055591527845,10,0.0018661022186279297,0.054116010665893555,,,-111.01985168457031,-111.01985168457031,,,1.771816611289978,-48.228179931640625,
reinforce,,,50.0,2,13,4.548631536174197,10,0.001699209213256836,0.05589413642883301,,,-88.68387603759766,-88.68387603759766,,,1.5084041357040405,-48.49159622192383,
reinforce,,,50.0,2,14,4.493202377503414,10,0.0016829967498779297,0.057626962661743164,,,-87.39877319335938,-87.39877319335938,,,1.4013606309890747,-48.59864044189453,
reinforce,,,50.0,2,15,4.963996963087336,10,0.0016069412231445312,0.05930185317993164,,,-99.66484832763672,-99.66484832763672,,,1.9645265340805054,-48.03546905517578,
reinforce,,,50.0,2,16,4.229477144922031,9,0.001657247543334961,0.06100106239318848,,,-85.73686981201172,-85.73686981201172,,,1.4944117069244385,-48.50558853149414,
reinforce,,,50.0,2,17,4.0703619512908915,8,0.0014598369598388672,0.06252384185791016,,,-105.6837387084961,-105.6837387084961,,,1.5119755268096924,-48.4880256652832,
reinforce,,,50.0,2,18,4.224874386870745,10,0.0018260478973388672,0.06441497802734375,,,-113.6781997680664,-113.6781997680664,,,1.156556487083435,-48.84344482421875,
reinforce,,,50.0,2,19,4.618632794184609,10,0.00177001953125,0.06624102592468262,,,-103.1202621459961,-103.1202621459961,,,1.3099056482315063,-48.690093994140625,
reinforce,,,50.0,2,20,5.039728580790682,9,0.0015943050384521484,0.06788110733032227,4.021605408310962,0.08700135676863885,-119.22454071044922,-119.22454071044922,,,1.9373021125793457,-48.06269836425781,
reinforce,,,50.0,2,21,4.184354268846811,10,0.0017981529235839844,0.07577705383300781,,,-113.57183837890625,-113.57183837890625,,,1.1570603847503662,-48.84293746948242,
reinforce,,,50.0,2,22,2.9336265117736984,8,0.0014986991882324219,0.07733988761901855,,,-125.9415054321289,-125.9415054321289,,,0.6346201300621033,-49.365379333496094,
reinforce,,,50.0,2,23,4.512636235228166,8,0.0014140605926513672,0.07880401611328125,,,-90.25653076171875,-90.25653076171875,,,1.8906657695770264,-48.109336853027344,
reinforce,,,50.0,2,24,4.707480873845887,7,0.0012583732604980469,0.08011913299560547,,,-118.3761215209961,-118.3761215209961,,,2.1668331623077393,-47.833168029785156,
reinforce,,,50.0,2,25,4.5464537725311365,8,0.0015871524810791016,0.08190011978149414,,,-107.3877944946289,-107.3877944946289,,,1.8634017705917358,-48.1365966796875,
reinforce,,,50.0,2,26,3.6661992716265335,8,0.0014870166778564453,0.0834660530090332,,,-141.88430786132812,-141.88430786132812,,,1.1434969902038574,-48.85650634765625,
reinforce,,,50.0,2,27,4.3005465853779095,9,0.0016298294067382812,0.08516097068786621,,,-118.79975128173828,-118.79975128173828,,,1.339694857597351,-48.66030502319336,
reinforce,,,50.0,2,28,3.410660158310948,7,0.0012700557708740234,0.0864861011505127,,,-109.7502670288086,-109.7502670288086,,,1.3225597143173218,-48.67744064331055,
reinforce,,,50.0,2,29,4.616254839400141,7,0.0013179779052734375,0.08785390853881836,,,-134.66029357910156,-134.66029357910156,,,2.113637685775757,-47.88636016845703,
reinforce,,,50.0,2,30,3.925439200028367,9,0.0015721321105957031,0.0894920825958252,,,-86.91134643554688,-86.91134643554688,,,1.064694881439209,-48.935302734375,
reinforce,,,50.0,2,31,3.597261069867348,7,0.0012166500091552734,0.09075379371643066,,,-86.63079071044922,-86.63079071044922,,,1.4819461107254028,-48.51805877685547,
reinforce,,,50.0,2,32,4.08601490164154,7,0.0012531280517578125,0.09205293655395508,,,-108.9109115600586,-108.9109115600586,,,1.7741166353225708,-48.22588348388672,
reinforce,,,50.0,2,33,4.629697784029321,8,0.001383066177368164,0.09348297119140625,,,-145.18832397460938,-145.18832397460938,,,1.9485116004943848,-48.05148696899414,
reinforce,,,50.0,2,34,3.2385314234015223,8,0.0015268325805664062,0.09506487846374512,,,-114.80870056152344,-114.80870056152344,,,0.9195839762687683,-49.08041763305664,
reinforce,,,50.0,2,35,3.397892116726056,6,0.0010848045349121094,0.09621191024780273,,,-104.71475982666016,-104.71475982666016,,,1.520750641822815,-48.479248046875,
reinforce,,,50.0,2,36,3.124015032072553,6,0.0011148452758789062,0.0973808765411377,,,-92.54204559326172,-92.54204559326172,,,1.356377124786377,-48.643619537353516,
reinforce,,,50.0,2,37,3.029495233019382,6,0.0011258125305175781,0.09855175018310547,,,-69.52159881591797,-69.52159881591797,,,1.2749890089035034,-48.72500991821289,
reinforce,,,50.0,2,38,3.3933764685053758,6,0.0010859966278076172,0.09967803955078125,,,-126.57831573486328,-126.57831573486328,,,1.523847222328186,-48.47615051269531,
reinforce,,,50.0,2,39,3.788680039167077,7,0.0012450218200683594,0.10097289085388184,,,-133.5555419921875,-133.5555419921875,,,1.5088043212890625,-48.4911994934082,
reinforce,,,50.0,2,40,3.7049595610038146,7,0.0013790130615234375,0.10239481925964355,3.66124602546968,0.032123317174723276,-93.64946746826172,-93.64946746826172,,,1.4933570623397827,-48.50664520263672,
reinforce,,,50.0,2,41,3.0914567435327607,7,0.0012271404266357422,0.10756206512451172,,,-73.70738983154297,-73.70738983154297,,,1.0763015747070312,-48.92369842529297,
reinforce,,,50.0,2,42,3.791417123034406,7,0.0013608932495117188,0.10898494720458984,,,-102.06529235839844,-102.06529235839844,,,1.5536383390426636,-48.44635772705078,
reinforce,,,50.0,2,43,4.695088588334771,8,0.001397848129272461,0.11044192314147949,,,-128.34576416015625,-128.34576416015625,,,1.8913525342941284,-48.10865020751953,
reinforce,,,50.0,2,44,3.7082340814913533,7,0.0012290477752685547,0.11172008514404297,,,-94.98995208740234,-94.98995208740234,,,1.5102828741073608,-48.489715576171875,
reinforce,,,50.0,2,45,3.7833418860406294,7,0.0012021064758300781,0.11296606063842773,,,-96.49662780761719,-96.49662780761719,,,1.5411018133163452,-48.45889663696289,
reinforce,,,50.0,2,46,4.915955206130225,8,0.0013799667358398438,0.11439895629882812,,,-95.70880126953125,-95.70880126953125,,,2.020334243774414,-47.97966766357422,
reinforce,,,50.0,2,47,3.040875499514903,7,0.0015099048614501953,0.11595392227172852,,,-109.08770751953125,-109.08770751953125,,,0.9217228889465332,-49.07827377319336,
reinforce,,,50.0,2,48,4.015964370536435,7,0.0019762516021728516,0.11802101135253906,,,-143.96060180664062,-143.96060180664062,,,1.6660921573638916,-48.33391189575195,
reinforce,,,50.0,2,49,3.1427125888993688,7,0.0013191699981689453,0.1195211410522461,,,-87.6541519165039,-87.6541519165039,,,1.1248470544815063,-48.875152587890625,
reinforce,,,50.0,2,50,3.1065194492552477,7,0.001291036605834961,0.12086296081542969,,,-84.0924301147461,-84.0924301147461,,,1.064390778541565,-48.935611724853516,
reinforce,,,50.0,2,51,3.7274610898884974,7,0.0013580322265625,0.12227296829223633,,,-100.26185607910156,-100.26185607910156,,,1.464874505996704,-48.535125732421875,
reinforce,,,50.0,2,52,3.1939221698567906,6,0.0010800361633300781,0.12341094017028809,,,-123.52619171142578,-123.52619171142578,,,1.387289047241211,-48.61271286010742,
reinforce,,,50.0,2,53,7.495219138107399,11,0.0018150806427001953,0.12527012825012207,,,-113.880859375,-113.880859375,,,2.9040334224700928,-47.09596252441406,
reinforce,,,50.0,2,54,3.5993415950738785,6,0.0010859966278076172,0.12641382217407227,,,-64.48116302490234,-64.48116302490234,,,1.6367812156677246,-48.36322021484375,
reinforce,,,50.0,2,55,4.130287571140635,8,0.0013301372528076172,0.12778806686401367,,,-79.62484741210938,-79.62484741210938,,,1.5130139589309692,-48.48698425292969,
reinforce,,,50.0,2,56,3.425548006240782,6,0.0010607242584228516,0.128889799118042,,,-78.30170440673828,-78.30170440673828,,,1.5239461660385132,-48.47605514526367,
reinforce,,,50.0,2,57,3.125555567509579,7,0.001199960708618164,0.1301898956298828,,,-94.19483947753906,-94.19483947753906,,,1.1247599124908447,-48.875240325927734,
reinforce,,,50.0,2,58,3.3226138246331542,8,0.0014030933380126953,0.1316390037536621,,,-76.8026351928711,-76.8026351928711,,,0.8993620872497559,-49.10063934326172,
reinforce,,,50.0,2,59,2.855713928285444,7,0.0012197494506835938,0.13289880752563477,,,-71.47666931152344,-71.47666931152344,,,0.7992005944252014,-49.200801849365234,
reinforce,,,50.0,2,60,3.1685125877487446,7,0.0011649131774902344,0.13410305976867676,2.9335954051520132,0.04073114512738686,-76.63033294677734,-76.63033294677734,,,1.0534909963607788,-48.94650650024414,
reinforce,,,50.0,2,61,2.8391913178708768,6,0.0011546611785888672,0.13925576210021973,,,-100.22367095947266,-100.22367095947266,,,1.1149147748947144,-48.88508605957031,
reinforce,,,50.0,2,62,3.2091676825101985,7,0.001255035400390625,0.14056897163391113,,,-99.6302490234375,-99.6302490234375,,,1.1350784301757812,-48.864925384521484,
reinforce,,,50.0,2,63,3.215316379270078,7,0.0012471675872802734,0.14187407493591309,,,-106.57672119140625,-106.57672119140625,,,1.130964994430542,-48.86903762817383,
reinforce,,,50.0,2,64,4.691104698572655,9,0.006918907165527344,0.14883995056152344,,,-115.00625610351562,-115.00625610351562,,,1.4139074087142944,-48.58609390258789,
reinforce,,,50.0,2,65,3.462663917501101,7,0.004321575164794922,0.15338873863220215,,,-84.03681182861328,-84.03681182861328,,,1.1689265966415405,-48.83107376098633,
reinforce,,,50.0,2,66,3.675969109008409,8,0.002737283706665039,0.1562671661376953,,,-87.91549682617188,-87.91549682617188,,,1.074328064918518,-48.92567443847656,
reinforce,,,50.0,2,67,3.494797271803618,7,0.003596067428588867,0.16005802154541016,,,-93.08789825439453,-93.08789825439453,,,1.2591158151626587,-48.740882873535156,
reinforce,,,50.0,2,68,1.6563019153265393,7,0.0015468597412109375,0.1617438793182373,,,-102.29170227050781,-102.29170227050781,,,-0.12700709700584412,-50.12700653076172,
reinforce,,,50.0,2,69,3.8288907949257154,7,0.0015401840209960938,0.16337013244628906,,,-133.3951416015625,-133.3951416015625,,,1.464682698249817,-48.53531265258789,
reinforce,,,50.0,2,70,1.878617709053983,7,0.0013451576232910156,0.16480588912963867,,,-112.66963958740234,-112.66963958740234,,,0.016210218891501427,-49.983787536621094,
reinforce,,,50.0,2,71,2.450049298629189,7,0.0012421607971191406,0.16611099243164062,,,-123.64763641357422,-123.64763641357422,,,0.45387890934944153,-49.54612350463867,
reinforce,,,50.0,2,72,2.181345710777922,7,0.0013439655303955078,0.16753792762756348,,,-77.9681396484375,-77.9681396484375,,,0.2294665277004242,-49.770538330078125,
reinforce,,,50.0,2,73,1.8017831149474453,7,0.0013680458068847656,0.1689929962158203,,,-132.94033813476562,-132.94033813476562,,,-0.009352492168545723,-50.00935745239258,
reinforce,,,50.0,2,74,2.492557676016888,6,0.0011298656463623047,0.1701798439025879,,,-109.0905990600586,-109.0905990600586,,,0.79482102394104,-49.20518112182617,
reinforce,,,50.0,2,75,2.976807985443282,7,0.0012967586517333984,0.17152690887451172,,,-156.41220092773438,-156.41220092773438,,,0.8704462051391602,-49.129554748535156,
reinforce,,,50.0,2,76,2.2283432013071947,7,0.001226186752319336,0.17280912399291992,,,-68.34220123291016,-68.34220123291016,,,0.2516140639781952,-49.748382568359375,
reinforce,,,50.0,2,77,2.152027889508184,6,0.0011031627655029297,0.17395305633544922,,,-98.43246459960938,-98.43246459960938,,,0.5088508725166321,-49.49114990234375,
reinforce,,,50.0,2,78,3.1002229110934736,7,0.0011830329895019531,0.17518901824951172,,,-176.89488220214844,-176.89488220214844,,,0.8919739723205566,-49.108028411865234,
reinforce,,,50.0,2,79,2.104659584833424,6,0.0010652542114257812,0.1763007640838623,,,-103.05034637451172,-103.05034637451172,,,0.45526131987571716,-49.54473876953125,
reinforce,,,50.0,2,80,2.0844005418705294,6,0.0010797977447509766,0.17743396759033203,1.591764084809828,0.09455569243280108,-159.4255828857422,-159.4255828857422,,,0.46322178840637207,-49.53677749633789,
reinforce,,,50.0,2,81,1.6836659227445945,7,0.0013492107391357422,0.18281817436218262,,,-150.1476593017578,-150.1476593017578,,,-0.1387685090303421,-50.13876724243164,
reinforce,,,50.0,2,82,3.229551358480914,7,0.0013020038604736328,0.18417906761169434,,,-118.97484588623047,-118.97484588623047,,,0.9403152465820312,-49.059688568115234,
reinforce,,,50.0,2,83,2.202897972939528,6,0.0013930797576904297,0.18563413619995117,,,-95.61884307861328,-95.61884307861328,,,0.547824501991272,-49.45217514038086,
reinforce,,,50.0,2,84,2.2929805470676614,7,0.0012416839599609375,0.18693780899047852,,,-98.96381378173828,-98.96381378173828,,,0.2967590391635895,-49.703243255615234,
reinforce,,,50.0,2,85,2.2917077177750294,7,0.0012371540069580078,0.18822312355041504,,,-100.22310638427734,-100.22310638427734,,,0.24930556118488312,-49.75069046020508,
reinforce,,,50.0,2,86,1.5656627319641856,7,0.00119781494140625,0.18946480751037598,,,-105.42780303955078,-105.42780303955078,,,-0.2523822784423828,-50.25238037109375,
reinforce,,,50.0,2,87,1.3224474166701157,7,0.0012221336364746094,0.19072794914245605,,,-116.42643737792969,-116.42643737792969,,,-0.3888382017612457,-50.38883590698242,
reinforce,,,50.0,2,88,1.8418527339477437,7,0.0012557506561279297,0.19202804565429688,,,-96.48685455322266,-96.48685455322266,,,-0.060853879898786545,-50.06085205078125,
reinforce,,,50.0,2,89,2.146920947841638,7,0.0011987686157226562,0.19329595565795898,,,-122.15247344970703,-122.15247344970703,,,0.19078966975212097,-49.809207916259766,
reinforce,,,50.0,2,90,2.4448184117643934,6,0.0011358261108398438,0.19451284408569336,,,-108.6944580078125,-108.6944580078125,,,0.7431477904319763,-49.25685119628906,
reinforce,,,50.0,2,91,2.8879801891073384,6,0.0011358261108398438,0.19570374488830566,,,-104.15462493896484,-104.15462493896484,,,1.025278925895691,-48.9747200012207,
reinforce,,,50.0,2,92,2.1933545723342025,6,0.001065969467163086,0.1968400478363037,,,-103.50192260742188,-103.50192260742188,,,0.5501912236213684,-49.44981002807617,
reinforce,,,50.0,2,93,1.9098590910063191,7,0.0012631416320800781,0.19814515113830566,,,-98.9706802368164,-98.9706802368164,,,0.011422463692724705,-49.98857879638672,
reinforce,,,50.0,2,94,2.4303253667254285,6,0.0011899471282958984,0.199415922164917,,,-102.27983856201172,-102.27983856201172,,,0.7147218585014343,-49.2852783203125,
reinforce,,,50.0,2,95,1.80448685828425,7,0.0017020702362060547,0.20117902755737305,,,-126.11395263671875,-126.11395263671875,,,-0.024497661739587784,-50.024497985839844,
reinforce,,,50.0,2,96,2.755812746246243,6,0.0011191368103027344,0.20238089561462402,,,-101.05935668945312,-101.05935668945312,,,0.9317588806152344,-49.068241119384766,
reinforce,,,50.0,2,97,2.6584597810119988,6,0.0010941028594970703,0.2035360336303711,,,-102.65198516845703,-102.65198516845703,,,0.871525764465332,-49.128475189208984,
reinforce,,,50.0,2,98,1.6694178641700193,7,0.0012090206146240234,0.20488405227661133,,,-111.68119812011719,-111.68119812011719,,,-0.17921018600463867,-50.1792106628418,
reinforce,,,50.0,2,99,1.5213278606344038,7,0.0012962818145751953,0.20622706413269043,,,-81.70115661621094,-81.70115661621094,,,-0.24882115423679352,-50.24882125854492,
reinforce,,,50.0,2,100,1.9218265167760407,6,0.001207113265991211,0.20748400688171387,1.4809232201469842,0.06667032763289427,-115.33182525634766,-115.33182525634766,,,0.39184555411338806,-49.608154296875,
reinforce,,,50.0,2,101,2.0998028180281154,6,0.0011909008026123047,0.21272993087768555,,,-64.86137390136719,-64.86137390136719,,,0.4479614794254303,-49.55203628540039,
reinforce,,,50.0,2,102,2.7068339983459975,7,0.0013039112091064453,0.2140958309173584,,,-101.65874481201172,-101.65874481201172,,,0.4983139634132385,-49.501686096191406,
reinforce,,,50.0,2,103,1.2850766013473438,7,0.0012862682342529297,0.21543312072753906,,,-82.96434020996094,-82.96434020996094,,,-0.4212190806865692,-50.42122268676758,
reinforce,,,50.0,2,104,2.6643639464995887,8,0.0014379024505615234,0.21691608428955078,,,-128.81216430664062,-128.81216430664062,,,0.15536624193191528,-49.844635009765625,
reinforce,,,50.0,2,105,2.7349378053304205,7,0.001413106918334961,0.2183980941772461,,,-126.33345031738281,-126.33345031738281,,,0.5449101328849792,-49.4550895690918,
reinforce,,,50.0,2,106,2.6648596643969427,7,0.0013930797576904297,0.2198350429534912,,,-85.50582122802734,-85.50582122802734,,,0.5117367506027222,-49.48826217651367,
reinforce,,,50.0,2,107,2.1185991138211366,6,0.0010962486267089844,0.22098112106323242,,,-120.44744873046875,-120.44744873046875,,,0.4562539756298065,-49.54374694824219,
reinforce,,,50.0,2,108,2.0689589024449084,7,0.001252889633178711,0.22228002548217773,,,-126.07664489746094,-126.07664489746094,,,0.10398326814174652,-49.89601516723633,
reinforce,,,50.0,2,109,2.5378211988875465,6,0.0011789798736572266,0.22350096702575684,,,-68.85829162597656,-68.85829162597656,,,0.7945008873939514,-49.205501556396484,
reinforce,,,50.0,2,110,1.9948811679518776,6,0.0011382102966308594,0.22468304634094238,,,-154.62884521484375,-154.62884521484375,,,0.40542247891426086,-49.594573974609375,
reinforce,,,50.0,2,111,2.779516162383537,7,0.0013670921325683594,0.22609806060791016,,,-171.9013671875,-171.9013671875,,,0.6072672009468079,-49.392730712890625,
reinforce,,,50.0,2,112,1.5881868381817394,7,0.0012612342834472656,0.22741413116455078,,,-91.2005386352539,-91.2005386352539,,,-0.17974114418029785,-50.179744720458984,
reinforce,,,50.0,2,113,1.9811662201299995,7,0.001230001449584961,0.22869300842285156,,,-118.44213104248047,-118.44213104248047,,,0.06062096729874611,-49.93938446044922,
reinforce,,,50.0,2,114,2.031067689352327,6,0.00110626220703125,0.2298581600189209,,,-125.99462127685547,-125.99462127685547,,,0.4334135949611664,-49.56658935546875,
reinforce,,,50.0,2,115,2.048597710794924,6,0.0011200904846191406,0.23101806640625,,,-94.899169921875,-94.899169921875,,,0.40000221133232117,-49.59999465942383,
reinforce,,,50.0,2,116,2.3046652061465203,7,0.0012538433074951172,0.2323160171508789,,,-120.98076629638672,-120.98076629638672,,,0.3589726388454437,-49.641029357910156,
reinforce,,,50.0,2,117,2.774442277234068,6,0.001165628433227539,0.23352980613708496,,,-111.7512435913086,-111.7512435913086,,,0.9773659110069275,-49.02263259887695,
reinforce,,,50.0,2,118,2.735190564524016,6,0.001127004623413086,0.23472285270690918,,,-84.47361755371094,-84.47361755371094,,,0.9410941004753113,-49.058902740478516,
reinforce,,,50.0,2,119,2.293713833434652,6,0.0011119842529296875,0.23588895797729492,,,-115.38745880126953,-115.38745880126953,,,0.6167567372322083,-49.383243560791016,
reinforce,,,50.0,2,120,2.5303520361223937,6,0.001074075698852539,0.2370140552520752,2.157998513101677,0.06696819188655079,-95.49437713623047,-95.49437713623047,,,0.8479275107383728,-49.152069091796875,
reinforce,,,50.0,2,121,1.8643427830481465,6,0.0011129379272460938,0.24188899993896484,,,-103.26107025146484,-103.26107025146484,,,0.2775987684726715,-49.7224006652832,
reinforce,,,50.0,2,122,2.1856735339870377,6,0.0011391639709472656,0.2430729866027832,,,-88.25833892822266,-88.25833892822266,,,0.49767062067985535,-49.5023307800293,
reinforce,,,50.0,2,123,2.304178321997446,7,0.0012569427490234375,0.24437594413757324,,,-144.27894592285156,-144.27894592285156,,,0.2765307128429413,-49.72346878051758,
reinforce,,,50.0,2,124,2.492589958907848,7,0.0012919902801513672,0.24570989608764648,,,-115.4521713256836,-115.4521713256836,,,0.3970804810523987,-49.6029167175293,
reinforce,,,50.0,2,125,1.4988801704850403,7,0.0013151168823242188,0.24708008766174316,,,-104.97545623779297,-104.97545623779297,,,-0.29235416650772095,-50.292354583740234,
reinforce,,,50.0,2,126,2.0649812315904827,6,0.0011458396911621094,0.24826884269714355,,,-103.61526489257812,-103.61526489257812,,,0.416701078414917,-49.58329772949219,
reinforce,,,50.0,2,127,2.0124369054957087,6,0.0011181831359863281,0.24943113327026367,,,-89.03536987304688,-89.03536987304688,,,0.41928115487098694,-49.580718994140625,
reinforce,,,50.0,2,128,2.090334865152604,6,0.0011241436004638672,0.25060200691223145,,,-93.13008880615234,-93.13008880615234,,,0.45798206329345703,-49.54201889038086,
reinforce,,,50.0,2,129,1.1946889862160215,8,0.001462697982788086,0.2521097660064697,,,-122.82151794433594,-122.82151794433594,,,-0.8910354375839233,-50.89103698730469,
reinforce,,,50.0,2,130,1.9934563041589874,7,0.0012447834014892578,0.2534008026123047,,,-112.94158172607422,-112.94158172607422,,,0.04007914289832115,-49.95991897583008,
reinforce,,,50.0,2,131,2.0846038286991933,6,0.0012559890747070312,0.25470399856567383,,,-89.1604995727539,-89.1604995727539,,,0.4496968686580658,-49.5503044128418,
reinforce,,,50.0,2,132,2.1892178236001065,6,0.0010890960693359375,0.2558460235595703,,,-92.87825775146484,-92.87825775146484,,,0.5168072581291199,-49.48319625854492,
reinforce,,,50.0,2,133,2.091889872060323,6,0.0011067390441894531,0.2570009231567383,,,-77.38015747070312,-77.38015747070312,,,0.4526653289794922,-49.547332763671875,
reinforce,,,50.0,2,134,2.023061157206638,6,0.0011200904846191406,0.2581660747528076,,,-122.68621826171875,-122.68621826171875,,,0.3815847337245941,-49.6184196472168,
reinforce,,,50.0,2,135,2.0592891717501445,7,0.0013072490692138672,0.2595200538635254,,,-120.9695053100586,-120.9695053100586,,,0.08423115313053131,-49.915767669677734,
reinforce,,,50.0,2,136,1.1780352215671883,7,0.0013272762298583984,0.2608940601348877,,,-131.9610137939453,-131.9610137939453,,,-0.500977098941803,-50.5009765625,
reinforce,,,50.0,2,137,1.5758849187902708,7,0.0013287067413330078,0.26228785514831543,,,-123.69795989990234,-123.69795989990234,,,-0.2103361338376999,-50.21033477783203,
reinforce,,,50.0,2,138,2.198407371494084,6,0.0010879039764404297,0.2634241580963135,,,-133.2779998779297,-133.2779998779297,,,0.5216327905654907,-49.47836685180664,
reinforce,,,50.0,2,139,1.8672153308715627,6,0.0010738372802734375,0.26454782485961914,,,-92.0477294921875,-92.0477294921875,,,0.2719176411628723,-49.728084564208984,
reinforce,,,50.0,2,140,2.092895056042071,6,0.0011892318725585938,0.2657790184020996,2.0301746279090556,0.04624570573726795,-117.60356903076172,-117.60356903076172,,,0.4527738392353058,-49.5472297668457,
reinforce,,,50.0,2,141,1.8799960136817229,6,0.0011410713195800781,0.27063608169555664,,,-131.41160583496094,-131.41160583496094,,,0.32472744584083557,-49.67527389526367,
reinforce,,,50.0,2,142,1.9152033695761643,6,0.001107931137084961,0.2717888355255127,,,-141.54701232910156,-141.54701232910156,,,0.34672224521636963,-49.65327835083008,
reinforce,,,50.0,2,143,1.2952881865200256,7,0.0012671947479248047,0.2730989456176758,,,-152.96420288085938,-152.96420288085938,,,-0.4174436628818512,-50.417442321777344,
reinforce,,,50.0,2,144,1.62946571949115,7,0.0013530254364013672,0.27449607849121094,,,-105.41133880615234,-105.41133880615234,,,-0.2302950769662857,-50.23029327392578,
reinforce,,,50.0,2,145,1.8399212083593517,6,0.0011172294616699219,0.2756800651550293,,,-128.54835510253906,-128.54835510253906,,,0.31354382634162903,-49.686458587646484,
reinforce,,,50.0,2,146,1.3649994969519983,7,0.0012688636779785156,0.2770349979400635,,,-84.19672393798828,-84.19672393798828,,,-0.37340274453163147,-50.3734016418457,
reinforce,,,50.0,2,147,1.1370934789307343,7,0.001277923583984375,0.27836084365844727,,,-135.0027313232422,-135.0027313232422,,,-0.5258870124816895,-50.52588653564453,
reinforce,,,50.0,2,148,1.1950998426927317,7,0.0012619495391845703,0.2796669006347656,,,-79.46539306640625,-79.46539306640625,,,-0.49330615997314453,-50.49330520629883,
reinforce,,,50.0,2,149,1.4465200429677456,7,0.0013189315795898438,0.2810549736022949,,,-106.39354705810547,-106.39354705810547,,,-0.3150646984577179,-50.3150634765625,
reinforce,,,50.0,2,150,1.2886097845901077,7,0.0012750625610351562,0.28238797187805176,,,-139.93978881835938,-139.93978881835938,,,-0.43591704964637756,-50.435916900634766,
reinforce,,,50.0,2,151,2.2697808113300755,6,0.001100778579711914,0.28353381156921387,,,-86.22137451171875,-86.22137451171875,,,0.544966995716095,-49.45503616333008,
reinforce,,,50.0,2,152,2.0975140531887755,6,0.00113677978515625,0.28472089767456055,,,-71.29364013671875,-71.29364013671875,,,0.46546193957328796,-49.5345344543457,
reinforce,,,50.0,2,153,1.977021300659063,6,0.0010991096496582031,0.28586602210998535,,,-116.46343994140625,-116.46343994140625,,,0.40533575415611267,-49.59466552734375,
reinforce,,,50.0,2,154,2.049791331055558,6,0.0011169910430908203,0.2870299816131592,,,-103.55016326904297,-103.55016326904297,,,0.4132908880710602,-49.58671188354492,
reinforce,,,50.0,2,155,2.025749873883414,6,0.0011038780212402344,0.28818702697753906,,,-123.42855834960938,-123.42855834960938,,,0.3944922983646393,-49.60551071166992,
reinforce,,,50.0,2,156,1.699924796977661,6,0.0012810230255126953,0.2895240783691406,,,-95.78948211669922,-95.78948211669922,,,0.19704782962799072,-49.80295181274414,
reinforce,,,50.0,2,157,1.8954256722285674,6,0.0011301040649414062,0.290712833404541,,,-89.6746597290039,-89.6746597290039,,,0.3164689540863037,-49.68353271484375,
reinforce,,,50.0,2,158,2.1652174085420315,6,0.0011372566223144531,0.2919020652770996,,,-145.10633850097656,-145.10633850097656,,,0.4826366901397705,-49.517364501953125,
reinforce,,,50.0,2,159,1.9886017650843033,6,0.001149892807006836,0.293104887008667,,,-102.78331756591797,-102.78331756591797,,,0.3907586336135864,-49.6092414855957,
reinforce,,,50.0,2,160,1.7880043077204315,6,0.0010921955108642578,0.29424118995666504,2.0634602632955756,0.06493793591487977,-90.63045501708984,-90.63045501708984,,,0.22364401817321777,-49.7763557434082,
reinforce,,,50.0,2,161,1.2176214127095473,7,0.0012958049774169922,0.29929089546203613,,,-108.80541229248047,-108.80541229248047,,,-0.46154460310935974,-50.461544036865234,
reinforce,,,50.0,2,162,1.5737264865720337,7,0.0012810230255126953,0.30061912536621094,,,-77.48170471191406,-77.48170471191406,,,-0.26127615571022034,-50.26128005981445,
reinforce,,,50.0,2,163,1.86470939669825,6,0.0012149810791015625,0.3018960952758789,,,-70.30776977539062,-70.30776977539062,,,0.2901638448238373,-49.7098388671875,
reinforce,,,50.0,2,164,2.5289581870691915,7,0.0014789104461669922,0.3034367561340332,,,-149.66905212402344,-149.66905212402344,,,0.3811720013618469,-49.61882781982422,
reinforce,,,50.0,2,165,1.3075767846222943,7,0.001310110092163086,0.30481600761413574,,,-107.82247161865234,-107.82247161865234,,,-0.39822283387184143,-50.39822769165039,
reinforce,,,50.0,2,166,2.0318439180769534,6,0.0010907649993896484,0.3059568405151367,,,-92.37215423583984,-92.37215423583984,,,0.41650184988975525,-49.58349609375,
reinforce,,,50.0,2,167,2.055259644508238,6,0.0011241436004638672,0.3071260452270508,,,-159.0142822265625,-159.0142822265625,,,0.4406505525112152,-49.55934524536133,
reinforce,,,50.0,2,168,1.8685665444073447,6,0.0011429786682128906,0.30832481384277344,,,-105.22623443603516,-105.22623443603516,,,0.28713905811309814,-49.712860107421875,
reinforce,,,50.0,2,169,2.2323081062113412,6,0.0016071796417236328,0.30997514724731445,,,-158.1167449951172,-158.1167449951172,,,0.5397549271583557,-49.46024703979492,
reinforce,,,50.0,2,170,2.124963841243831,6,0.001210927963256836,0.3113589286804199,,,-118.1275405883789,-118.1275405883789,,,0.47098222374916077,-49.52901840209961,
reinforce,,,50.0,2,171,2.0700273134608147,6,0.0011248588562011719,0.31254005432128906,,,-106.49526977539062,-106.49526977539062,,,0.43275532126426697,-49.56724548339844,
reinforce,,,50.0,2,172,2.297043306304934,6,0.0011019706726074219,0.31368398666381836,,,-95.56429290771484,-95.56429290771484,,,0.614642322063446,-49.38536071777344,
reinforce,,,50.0,2,173,2.6505162533789797,6,0.0011179447174072266,0.31484293937683105,,,-100.18109893798828,-100.18109893798828,,,0.8625900149345398,-49.13740539550781,
reinforce,,,50.0,2,174,1.5608591121039255,7,0.0012209415435791016,0.31613588333129883,,,-94.163330078125,-94.163330078125,,,-0.2425820380449295,-50.24258041381836,
reinforce,,,50.0,2,175,1.9198723595179925,7,0.0013158321380615234,0.31749582290649414,,,-120.2052993774414,-120.2052993774414,,,-0.008605493232607841,-50.008602142333984,
reinforce,,,50.0,2,176,2.146194148830436,6,0.0011320114135742188,0.3186919689178467,,,-76.9456787109375,-76.9456787109375,,,0.49462053179740906,-49.5053825378418,
reinforce,,,50.0,2,177,1.1222771560102822,7,0.0012810230255126953,0.3200230598449707,,,-95.77019500732422,-95.77019500732422,,,-0.5416576862335205,-50.541656494140625,
reinforce,,,50.0,2,178,1.5039057523320003,7,0.0012891292572021484,0.32135796546936035,,,-94.50232696533203,-94.50232696533203,,,-0.2898789942264557,-50.289878845214844,
reinforce,,,50.0,2,179,2.045576743400156,6,0.001100778579711914,0.32249879837036133,,,-100.9440689086914,-100.9440689086914,,,0.40350449085235596,-49.59649658203125,
reinforce,,,50.0,2,180,1.2927706429825023,7,0.001416921615600586,0.32396388053894043,1.7518946074147614,0.37029541458199167,-90.91084289550781,-90.91084289550781,,,-0.418304443359375,-50.418304443359375,
reinforce,,,50.0,2,181,2.1594109447085836,6,0.0012028217315673828,0.32880592346191406,,,-144.9913787841797,-144.9913787841797,,,0.5042455196380615,-49.49575424194336,
reinforce,,,50.0,2,182,2.2327856327243802,6,0.0011179447174072266,0.32997894287109375,,,-125.80333709716797,-125.80333709716797,,,0.5578606128692627,-49.442138671875,
reinforce,,,50.0,2,183,1.4040905337390395,7,0.0013897418975830078,0.3314168453216553,,,-117.36109924316406,-117.36109924316406,,,-0.36637333035469055,-50.36637496948242,
reinforce,,,50.0,2,184,1.0772273161683248,7,0.0012459754943847656,0.3327169418334961,,,-68.64219665527344,-68.64219665527344,,,-0.5856982469558716,-50.585697174072266,
reinforce,,,50.0,2,185,2.0955416596680854,6,0.0011088848114013672,0.3338789939880371,,,-140.24244689941406,-140.24244689941406,,,0.4538942873477936,-49.54610061645508,
reinforce,,,50.0,2,186,1.281121515261363,7,0.0012600421905517578,0.3351869583129883,,,-131.7166748046875,-131.7166748046875,,,-0.4499984383583069,-50.45000076293945,
reinforce,,,50.0,2,187,1.8409674299315713,6,0.0010709762573242188,0.33631396293640137,,,-85.01477813720703,-85.01477813720703,,,0.3130803406238556,-49.686920166015625,
reinforce,,,50.0,2,188,1.6190014643065813,6,0.0012428760528564453,0.3376028537750244,,,-80.44316864013672,-80.44316864013672,,,0.11894094198942184,-49.88105773925781,
reinforce,,,50.0,2,189,2.220111884400945,7,0.0013189315795898438,0.33897995948791504,,,-154.20057678222656,-154.20057678222656,,,0.22710061073303223,-49.77289581298828,
reinforce,,,50.0,2,190,2.031127154367516,6,0.0011379718780517578,0.3401949405670166,,,-117.46969604492188,-117.46969604492188,,,0.4150538444519043,-49.58494567871094,
reinforce,,,50.0,2,191,2.064829401997733,6,0.0011630058288574219,0.3414018154144287,,,-103.91602325439453,-103.91602325439453,,,0.41636860370635986,-49.58363342285156,
reinforce,,,50.0,2,192,2.3453109219905173,6,0.0010981559753417969,0.34255194664001465,,,-144.59690856933594,-144.59690856933594,,,0.6688514351844788,-49.331146240234375,
reinforce,,,50.0,2,193,1.732858003663762,6,0.001085042953491211,0.3436870574951172,,,-136.27391052246094,-136.27391052246094,,,0.18178749084472656,-49.81821060180664,
reinforce,,,50.0,2,194,1.5703979309818803,7,0.0014128684997558594,0.34517693519592285,,,-152.6419219970703,-152.6419219970703,,,-0.25749295949935913,-50.25749588012695,
reinforce,,,50.0,2,195,2.1662517789536477,6,0.0011262893676757812,0.3463571071624756,,,-134.73304748535156,-134.73304748535156,,,0.5065076351165771,-49.49349594116211,
reinforce,,,50.0,2,196,1.7343471919579267,7,0.0012569427490234375,0.3476529121398926,,,-126.09040069580078,-126.09040069580078,,,-0.13269126415252686,-50.1326904296875,
reinforce,,,50.0,2,197,1.0604783478599011,7,0.0013110637664794922,0.3490169048309326,,,-114.22831726074219,-114.22831726074219,,,-0.5963395833969116,-50.59634017944336,
reinforce,,,50.0,2,198,1.6863468922307958,7,0.0012669563293457031,0.35033082962036133,,,-100.1061782836914,-100.1061782836914,,,-0.1374415010213852,-50.1374397277832,
reinforce,,,50.0,2,199,1.508031548336729,7,0.0013818740844726562,0.3517568111419678,,,-113.22752380371094,-113.22752380371094,,,-0.30318933725357056,-50.30318832397461,
reinforce,,,50.0,2,200,1.523687517246645,7,0.0012888908386230469,0.35309386253356934,1.547752342491183,0.44566066475560673,-91.69740295410156,-91.69740295410156,,,-0.2665623128414154,-50.266563415527344,
reinforce,,,50.0,2,201,1.5796238281096266,7,0.0013811588287353516,0.3582940101623535,,,-117.47440338134766,-117.47440338134766,,,-0.21854746341705322,-50.21854782104492,
reinforce,,,50.0,2,202,2.0916518506802984,6,0.001161336898803711,0.3595001697540283,,,-105.0196533203125,-105.0196533203125,,,0.4515625536441803,-49.54843521118164,
reinforce,,,50.0,2,203,1.9872741327108756,6,0.0011203289031982422,0.3606741428375244,,,-92.9508285522461,-92.9508285522461,,,0.36085760593414307,-49.63914108276367,
reinforce,,,50.0,2,204,1.9156315989473605,6,0.0011010169982910156,0.3618178367614746,,,-105.8125,-105.8125,,,0.3540032207965851,-49.64599609375,
reinforce,,,50.0,2,205,2.031622541149344,6,0.0011088848114013672,0.3629729747772217,,,-95.48369598388672,-95.48369598388672,,,0.3968392312526703,-49.60316467285156,
reinforce,,,50.0,2,206,1.4780179960641975,7,0.0012769699096679688,0.36429286003112793,,,-102.55018615722656,-102.55018615722656,,,-0.29414790868759155,-50.29414749145508,
reinforce,,,50.0,2,207,1.3547765490658863,7,0.0014460086822509766,0.36578798294067383,,,-111.00483703613281,-111.00483703613281,,,-0.3754732310771942,-50.3754768371582,
reinforce,,,50.0,2,208,2.1955487254442376,6,0.0011110305786132812,0.36695289611816406,,,-100.1711654663086,-100.1711654663086,,,0.5192349553108215,-49.48076248168945,
reinforce,,,50.0,2,209,1.881735014254494,6,0.0011279582977294922,0.36812400817871094,,,-100.72173309326172,-100.72173309326172,,,0.2925795018672943,-49.70741653442383,
reinforce,,,50.0,2,210,2.1027362921187502,6,0.0011258125305175781,0.3692948818206787,,,-119.3454360961914,-119.3454360961914,,,0.4584936797618866,-49.54150390625,
reinforce,,,50.0,2,211,2.0618887926501266,6,0.0011172294616699219,0.3704540729522705,,,-128.76397705078125,-128.76397705078125,,,0.43406781554222107,-49.56593322753906,
reinforce,,,50.0,2,212,1.6633482490539844,7,0.00131988525390625,0.3718128204345703,,,-117.11222839355469,-117.11222839355469,,,-0.20344145596027374,-50.20344161987305,
reinforce,,,50.0,2,213,1.5085244500348098,7,0.0013687610626220703,0.3732309341430664,,,-96.54981231689453,-96.54981231689453,,,-0.2813924252986908,-50.28139114379883,
reinforce,,,50.0,2,214,2.1023561344494524,6,0.0010917186737060547,0.3743739128112793,,,-105.67562103271484,-105.67562103271484,,,0.4966752529144287,-49.503326416015625,
reinforce,,,50.0,2,215,1.6995474562873403,7,0.001251220703125,0.3756711483001709,,,-89.81634521484375,-89.81634521484375,,,-0.1552729457616806,-50.155269622802734,
reinforce,,,50.0,2,216,2.102701813947829,6,0.00113677978515625,0.3768489360809326,,,-90.1529312133789,-90.1529312133789,,,0.4459235668182373,-49.5540771484375,
reinforce,,,50.0,2,217,1.7173434508396852,7,0.0012316703796386719,0.3781278133392334,,,-141.99378967285156,-141.99378967285156,,,-0.13242630660533905,-50.13242721557617,
reinforce,,,50.0,2,218,3.0388324343064452,9,0.0017330646514892578,0.37993502616882324,,,-184.42526245117188,-184.42526245117188,,,0.0076592895202338696,-49.99233627319336,
reinforce,,,50.0,2,219,1.9020803978686842,6,0.0010950565338134766,0.3810880184173584,,,-126.20751190185547,-126.20751190185547,,,0.33669447898864746,-49.66330337524414,
reinforce,,,50.0,2,220,1.4335328372180547,7,0.0012748241424560547,0.38240599632263184,1.7148260432737856,0.3506924629983012,-117.1148910522461,-117.1148910522461,,,-0.3016875386238098,-50.30168914794922,
reinforce,,,50.0,2,221,0.888581992512075,8,0.0014247894287109375,0.3876769542694092,,,-107.43048095703125,-107.43048095703125,,,-1.02726149559021,-51.027259826660156,
reinforce,,,50.0,2,222,1.9663405126240034,6,0.0010869503021240234,0.3888111114501953,,,-131.24351501464844,-131.24351501464844,,,0.4064115583896637,-49.59358596801758,
reinforce,,,50.0,2,223,2.262459590273057,6,0.0011320114135742188,0.38999295234680176,,,-94.39437866210938,-94.39437866210938,,,0.5975896716117859,-49.402408599853516,
reinforce,,,50.0,2,224,1.5920890459549466,7,0.001268148422241211,0.39130306243896484,,,-108.38367462158203,-108.38367462158203,,,-0.24264682829380035,-50.24264907836914,
reinforce,,,50.0,2,225,1.5493384594138055,7,0.0012941360473632812,0.39264702796936035,,,-105.3982162475586,-105.3982162475586,,,-0.23652230203151703,-50.23652267456055,
reinforce,,,50.0,2,226,1.391237309000435,7,0.0013370513916015625,0.3940269947052002,,,-114.51506042480469,-114.51506042480469,,,-0.3450363576412201,-50.345035552978516,
reinforce,,,50.0,2,227,1.894440773522326,6,0.0010859966278076172,0.3951609134674072,,,-120.2933349609375,-120.2933349609375,,,0.2920120060443878,-49.70798873901367,
reinforce,,,50.0,2,228,1.6143894682536066,7,0.0012989044189453125,0.3965179920196533,,,-104.76573181152344,-104.76573181152344,,,-0.21492426097393036,-50.21492385864258,
reinforce,,,50.0,2,229,2.2653395477119544,7,0.0012428760528564453,0.39780592918395996,,,-79.74718475341797,-79.74718475341797,,,0.19153864681720734,-49.8084602355957,
reinforce,,,50.0,2,230,1.414696695998085,7,0.0013399124145507812,0.39919495582580566,,,-125.57020568847656,-125.57020568847656,,,-0.3123593032360077,-50.31235885620117,
reinforce,,,50.0,2,231,2.062035775982855,6,0.0012960433959960938,0.40053296089172363,,,-90.03748321533203,-90.03748321533203,,,0.41977420449256897,-49.58022689819336,
reinforce,,,50.0,2,232,2.2608481103242744,7,0.0012679100036621094,0.4018571376800537,,,-86.18632507324219,-86.18632507324219,,,0.24150817096233368,-49.75849151611328,
reinforce,,,50.0,2,233,1.76666516013357,7,0.0012519359588623047,0.4031538963317871,,,-103.16340637207031,-103.16340637207031,,,-0.1078854352235794,-50.10788345336914,
reinforce,,,50.0,2,234,1.7052539164655502,7,0.001277923583984375,0.4044759273529053,,,-83.37467956542969,-83.37467956542969,,,-0.1424066126346588,-50.14240646362305,
reinforce,,,50.0,2,235,2.2694337615217597,6,0.001130819320678711,0.40564990043640137,,,-94.8670425415039,-94.8670425415039,,,0.6285614967346191,-49.37144088745117,
reinforce,,,50.0,2,236,1.8529801851847703,7,0.0013849735260009766,0.40708494186401367,,,-101.16394805908203,-101.16394805908203,,,-0.059003692120313644,-50.05900192260742,
reinforce,,,50.0,2,237,2.009156124548072,7,0.0012502670288085938,0.4083831310272217,,,-85.55500030517578,-85.55500030517578,,,0.13441789150238037,-49.86558151245117,
reinforce,,,50.0,2,238,1.9207413632294978,7,0.0012700557708740234,0.40970802307128906,,,-63.94718551635742,-63.94718551635742,,,-0.020978258922696114,-50.02097702026367,
reinforce,,,50.0,2,239,1.868107706784761,7,0.0012691020965576172,0.41103196144104004,,,-96.54303741455078,-96.54303741455078,,,-0.025989456102252007,-50.02599334716797,
reinforce,,,50.0,2,240,1.8929706928905776,7,0.0012516975402832031,0.41233277320861816,1.496502315128756,0.31115463438152474,-91.86002349853516,-91.86002349853516,,,-0.028101947158575058,-50.02810287475586,
reinforce,,,50.0,2,241,1.9817491702923007,7,0.0012879371643066406,0.41760993003845215,,,-91.92503356933594,-91.92503356933594,,,0.009071767330169678,-49.99093246459961,
reinforce,,,50.0,2,242,1.9453726125116295,6,0.0011360645294189453,0.4188239574432373,,,-149.9623565673828,-149.9623565673828,,,0.3455774784088135,-49.654422760009766,
reinforce,,,50.0,2,243,1.7718453297440222,7,0.0012888908386230469,0.4201638698577881,,,-100.25423431396484,-100.25423431396484,,,-0.10868910700082779,-50.10869216918945,
reinforce,,,50.0,2,244,1.591529393452397,7,0.0014858245849609375,0.42170190811157227,,,-101.48798370361328,-101.48798370361328,,,-0.21268637478351593,-50.212684631347656,
reinforce,,,50.0,2,245,1.8861086928479003,7,0.0012693405151367188,0.4230310916900635,,,-87.58067321777344,-87.58067321777344,,,-0.05875108763575554,-50.05875015258789,
reinforce,,,50.0,2,246,1.2168833011697793,7,0.0012462139129638672,0.4243321418762207,,,-100.02315521240234,-100.02315521240234,,,-0.5018281936645508,-50.501827239990234,
reinforce,,,50.0,2,247,1.819118290253544,7,0.0012950897216796875,0.4256739616394043,,,-116.08984375,-116.08984375,,,-0.08733562380075455,-50.087337493896484,
reinforce,,,50.0,2,248,2.0107128937063097,6,0.0011479854583740234,0.4268670082092285,,,-116.40247344970703,-116.40247344970703,,,0.38404691219329834,-49.6159553527832,
reinforce,,,50.0,2,249,1.6528667862428625,7,0.0014309883117675781,0.4283769130706787,,,-146.33958435058594,-146.33958435058594,,,-0.17641599476337433,-50.176414489746094,
reinforce,,,50.0,2,250,1.742856180530503,7,0.0012621879577636719,0.42969608306884766,,,-117.38748931884766,-117.38748931884766,,,-0.14327110350131989,-50.14327621459961,
reinforce,,,50.0,2,251,2.0194034120040234,6,0.0010530948638916016,0.4307889938354492,,,-144.07801818847656,-144.07801818847656,,,0.38804760575294495,-49.61195373535156,
reinforce,,,50.0,2,252,2.129426260090868,6,0.0010449886322021484,0.4318699836730957,,,-68.71453094482422,-68.71453094482422,,,0.4725099503993988,-49.52749252319336,
reinforce,,,50.0,2,253,1.526128511603354,7,0.0011858940124511719,0.4330928325653076,,,-96.52826690673828,-96.52826690673828,,,-0.2959335148334503,-50.29593276977539,
reinforce,,,50.0,2,254,1.3194161516765885,7,0.001239776611328125,0.434370756149292,,,-119.75547790527344,-119.75547790527344,,,-0.40083226561546326,-50.40083694458008,
reinforce,,,50.0,2,255,1.7392731790418867,7,0.0013058185577392578,0.4357619285583496,,,-133.44485473632812,-133.44485473632812,,,-0.14447617530822754,-50.14447784423828,
reinforce,,,50.0,2,256,1.759185071464512,7,0.0012698173522949219,0.4370748996734619,,,-96.35551452636719,-96.35551452636719,,,-0.09604187309741974,-50.096038818359375,
reinforce,,,50.0,2,257,1.2739490954618082,7,0.0012278556823730469,0.4383418560028076,,,-124.51251220703125,-124.51251220703125,,,-0.4181998670101166,-50.4182014465332,
reinforce,,,50.0,2,258,1.8280762341567929,6,0.0010190010070800781,0.43939995765686035,,,-95.96537017822266,-95.96537017822266,,,0.2736164331436157,-49.72637939453125,
reinforce,,,50.0,2,259,1.8270444562179116,6,0.001074075698852539,0.44051098823547363,,,-127.87462615966797,-127.87462615966797,,,0.2745814621448517,-49.72541809082031,
reinforce,,,50.0,2,260,2.058319095801708,6,0.001148223876953125,0.4416971206665039,1.7023977246297382,0.4275487965577386,-127.87234497070312,-127.87234497070312,,,0.40343937277793884,-49.596561431884766,
reinforce,,,50.0,2,261,2.024593401827352,6,0.0011630058288574219,0.44665980339050293,,,-83.13224029541016,-83.13224029541016,,,0.38214626908302307,-49.617855072021484,
reinforce,,,50.0,2,262,1.4700719196632337,7,0.0012738704681396484,0.447983980178833,,,-106.28540802001953,-106.28540802001953,,,-0.3288997709751129,-50.328895568847656,
reinforce,,,50.0,2,263,1.887723032372392,6,0.001241922378540039,0.44927501678466797,,,-96.53801727294922,-96.53801727294922,,,0.3388441801071167,-49.66115951538086,
reinforce,,,50.0,2,264,1.3291160414331689,7,0.0013048648834228516,0.4506399631500244,,,-105.39713287353516,-105.39713287353516,,,-0.3986964225769043,-50.3986930847168,
reinforce,,,50.0,2,265,1.9865322452654468,6,0.0011332035064697266,0.45182013511657715,,,-141.12469482421875,-141.12469482421875,,,0.35850492119789124,-49.64149475097656,
reinforce,,,50.0,2,266,1.259761926420885,7,0.0012717247009277344,0.4531857967376709,,,-140.73448181152344,-140.73448181152344,,,-0.45442110300064087,-50.45441818237305,
reinforce,,,50.0,2,267,1.8029830760094507,6,0.0010190010070800781,0.4542520046234131,,,-134.83656311035156,-134.83656311035156,,,0.27947840094566345,-49.72052001953125,
reinforce,,,50.0,2,268,1.89752449044268,6,0.001039743423461914,0.45533084869384766,,,-132.6932373046875,-132.6932373046875,,,0.315303236246109,-49.6847038269043,
reinforce,,,50.0,2,269,1.6848717360267749,7,0.0012502670288085938,0.45667600631713867,,,-122.42958068847656,-122.42958068847656,,,-0.16638696193695068,-50.166385650634766,
reinforce,,,50.0,2,270,1.7563350020594404,7,0.0012450218200683594,0.4579758644104004,,,-116.3675765991211,-116.3675765991211,,,-0.14108659327030182,-50.14108657836914,
reinforce,,,50.0,2,271,1.5424201626097922,7,0.0012097358703613281,0.4592258930206299,,,-98.52313995361328,-98.52313995361328,,,-0.25830304622650146,-50.258304595947266,
reinforce,,,50.0,2,272,1.919115244306231,7,0.001180887222290039,0.46044492721557617,,,-169.2205352783203,-169.2205352783203,,,0.003730658907443285,-49.99626922607422,
reinforce,,,50.0,2,273,2.0128173479706324,6,0.0010371208190917969,0.4615209102630615,,,-128.2781982421875,-128.2781982421875,,,0.3868681490421295,-49.61313247680664,
reinforce,,,50.0,2,274,1.718593415865933,6,0.0011479854583740234,0.46271491050720215,,,-129.00059509277344,-129.00059509277344,,,0.18250493705272675,-49.8174934387207,
reinforce,,,50.0,2,275,1.3759333598299852,7,0.0012547969818115234,0.46402788162231445,,,-97.85839080810547,-97.85839080810547,,,-0.3704889118671417,-50.370487213134766,
reinforce,,,50.0,2,276,1.3624731281905187,7,0.0012049674987792969,0.46527600288391113,,,-88.30516815185547,-88.30516815185547,,,-0.37047168612480164,-50.3704719543457,
reinforce,,,50.0,2,277,1.4716885108248237,7,0.0012600421905517578,0.4665830135345459,,,-136.77804565429688,-136.77804565429688,,,-0.3360160291194916,-50.33600997924805,
reinforce,,,50.0,2,278,1.9881805496731961,6,0.0010788440704345703,0.46770787239074707,,,-138.00852966308594,-138.00852966308594,,,0.4180727005004883,-49.58192825317383,
reinforce,,,50.0,2,279,1.201842404544277,7,0.0012061595916748047,0.46895503997802734,,,-100.91329193115234,-100.91329193115234,,,-0.48213034868240356,-50.48212814331055,
reinforce,,,50.0,2,280,1.4442698978825272,7,0.0012409687042236328,0.4702420234680176,1.548594201697229,0.4067642980849356,-119.92388916015625,-119.92388916015625,,,-0.31135860085487366,-50.31135940551758,
reinforce,,,50.0,2,281,1.8633182679010347,7,0.0012879371643066406,0.4755721092224121,,,-152.98696899414062,-152.98696899414062,,,-0.03641654923558235,-50.036415100097656,
reinforce,,,50.0,2,282,1.1869145909242045,7,0.0013241767883300781,0.47695112228393555,,,-119.16474151611328,-119.16474151611328,,,-0.49947234988212585,-50.49946975708008,
reinforce,,,50.0,2,283,1.2937393149759784,7,0.0012123584747314453,0.47821712493896484,,,-130.08895874023438,-130.08895874023438,,,-0.4042171537876129,-50.40421676635742,
reinforce,,,50.0,2,284,2.1803737585352,6,0.0010366439819335938,0.47929883003234863,,,-101.00662231445312,-101.00662231445312,,,0.5148077011108398,-49.48519515991211,
reinforce,,,50.0,2,285,1.3887594541136175,7,0.0012340545654296875,0.480571985244751,,,-126.89415740966797,-126.89415740966797,,,-0.3509764075279236,-50.350975036621094,
reinforce,,,50.0,2,286,1.98857964342045,6,0.0010502338409423828,0.48166513442993164,,,-92.56377410888672,-92.56377410888672,,,0.3622920513153076,-49.63771057128906,
reinforce,,,50.0,2,287,1.6112520419486258,7,0.0012202262878417969,0.48293209075927734,,,-121.0374526977539,-121.0374526977539,,,-0.18818692862987518,-50.18818283081055,
reinforce,,,50.0,2,288,1.6562492180755695,7,0.001318216323852539,0.4843001365661621,,,-137.05319213867188,-137.05319213867188,,,-0.20689082145690918,-50.206886291503906,
reinforce,,,50.0,2,289,1.4377506344835091,7,0.0012938976287841797,0.4856419563293457,,,-127.91936492919922,-127.91936492919922,,,-0.31449517607688904,-50.31449508666992,
reinforce,,,50.0,2,290,1.650446589369011,7,0.0012359619140625,0.48698878288269043,,,-171.13487243652344,-171.13487243652344,,,-0.21394048631191254,-50.21393966674805,
reinforce,,,50.0,2,291,1.6002123516332127,7,0.0012359619140625,0.4882640838623047,,,-163.46754455566406,-163.46754455566406,,,-0.21541035175323486,-50.21541213989258,
reinforce,,,50.0,2,292,1.0434962569343842,7,0.0011870861053466797,0.4894900321960449,,,-124.78922271728516,-124.78922271728516,,,-0.6060460209846497,-50.60604476928711,
reinforce,,,50.0,2,293,1.1169503354576191,7,0.0013239383697509766,0.49088382720947266,,,-91.9816665649414,-91.9816665649414,,,-0.5459049344062805,-50.545902252197266,
reinforce,,,50.0,2,294,1.2848156706988996,7,0.0012049674987792969,0.4921560287475586,,,-139.2121124267578,-139.2121124267578,,,-0.41151347756385803,-50.4115104675293,
reinforce,,,50.0,2,295,1.6024250065442602,7,0.001232147216796875,0.4934380054473877,,,-119.75298309326172,-119.75298309326172,,,-0.23529870808124542,-50.23529815673828,
reinforce,,,50.0,2,296,1.7980755749106663,7,0.0012259483337402344,0.4947090148925781,,,-130.39462280273438,-130.39462280273438,,,-0.09602922946214676,-50.09603500366211,
reinforce,,,50.0,2,297,2.03945259999029,6,0.0010828971862792969,0.4958319664001465,,,-101.55276489257812,-101.55276489257812,,,0.40134119987487793,-49.59865188598633,
reinforce,,,50.0,2,298,1.3077919417698134,7,0.001506805419921875,0.4973788261413574,,,-74.49418640136719,-74.49418640136719,,,-0.4192518889904022,-50.419254302978516,
reinforce,,,50.0,2,299,2.045544276880416,6,0.0010998249053955078,0.49854183197021484,,,-89.52422332763672,-89.52422332763672,,,0.43479737639427185,-49.56520462036133,
reinforce,,,50.0,2,300,1.1639925986403166,7,0.0012400150299072266,0.49982500076293945,1.7441039247881285,0.32760709890509626,-94.13936614990234,-94.13936614990234,,,-0.5173537731170654,-50.517356872558594,
reinforce,,,50.0,2,301,1.3034220556259406,7,0.0013589859008789062,0.504971981048584,,,-88.25951385498047,-88.25951385498047,,,-0.40970945358276367,-50.40970993041992,
reinforce,,,50.0,2,302,1.3515891680943102,7,0.0012559890747070312,0.5062739849090576,,,-119.80830383300781,-119.80830383300781,,,-0.3749079704284668,-50.374908447265625,
reinforce,,,50.0,2,303,1.172493371569487,7,0.0012276172637939453,0.5075438022613525,,,-81.67875671386719,-81.67875671386719,,,-0.5213832259178162,-50.521385192871094,
reinforce,,,50.0,2,304,1.7893980957921527,7,0.00127410888671875,0.5088629722595215,,,-94.47061920166016,-94.47061920166016,,,-0.10683344304561615,-50.106834411621094,
reinforce,,,50.0,2,305,1.9267707765918112,7,0.0013041496276855469,0.5102391242980957,,,-137.8761444091797,-137.8761444091797,,,-0.013604636304080486,-50.01360321044922,
reinforce,,,50.0,2,306,1.4259446454069307,7,0.0012700557708740234,0.5116429328918457,,,-108.26115417480469,-108.26115417480469,,,-0.35289913415908813,-50.35289764404297,
reinforce,,,50.0,2,307,2.1372169899093576,7,0.0012731552124023438,0.5129580497741699,,,-134.77186584472656,-134.77186584472656,,,0.150142639875412,-49.849853515625,
reinforce,,,50.0,2,308,1.487020303529955,7,0.0013442039489746094,0.5143530368804932,,,-109.80094909667969,-109.80094909667969,,,-0.2812574803829193,-50.2812614440918,
reinforce,,,50.0,2,309,1.6752054526908666,7,0.0012652873992919922,0.5156590938568115,,,-85.37724304199219,-85.37724304199219,,,-0.1786733865737915,-50.178672790527344,
reinforce,,,50.0,2,310,1.425955255594257,7,0.0012440681457519531,0.5169539451599121,,,-125.232421875,-125.232421875,,,-0.35846424102783203,-50.35846710205078,
reinforce,,,50.0,2,311,1.4099012393245123,7,0.0013179779052734375,0.518312931060791,,,-94.07048797607422,-94.07048797607422,,,-0.3393785357475281,-50.339378356933594,
reinforce,,,50.0,2,312,1.877045562344047,7,0.0012359619140625,0.5195951461791992,,,-73.79786682128906,-73.79786682128906,,,-0.03116871975362301,-50.03116989135742,
reinforce,,,50.0,2,313,2.0992958742518733,6,0.00115203857421875,0.5207929611206055,,,-142.26792907714844,-142.26792907714844,,,0.4861673414707184,-49.51383590698242,
reinforce,,,50.0,2,314,2.070728047893793,6,0.0010650157928466797,0.5220739841461182,,,-106.98321533203125,-106.98321533203125,,,0.44059887528419495,-49.55940246582031,
reinforce,,,50.0,2,315,1.3015024687587595,7,0.0012400150299072266,0.5233538150787354,,,-122.83934020996094,-122.83934020996094,,,-0.4246499240398407,-50.42464828491211,
reinforce,,,50.0,2,316,1.382537065902537,7,0.0012662410736083984,0.5246632099151611,,,-124.49820709228516,-124.49820709228516,,,-0.3786040246486664,-50.37860107421875,
reinforce,,,50.0,2,317,1.7714079062151504,6,0.0011990070343017578,0.5259239673614502,,,-147.79685974121094,-147.79685974121094,,,0.23223112523555756,-49.767765045166016,
reinforce,,,50.0,2,318,1.0954895732534355,7,0.0013382434844970703,0.5273191928863525,,,-123.53742980957031,-123.53742980957031,,,-0.5610920786857605,-50.561092376708984,
reinforce,,,50.0,2,319,1.5656328843422453,7,0.0012958049774169922,0.5286648273468018,,,-82.9881820678711,-82.9881820678711,,,-0.25316864252090454,-50.253170013427734,
reinforce,,,50.0,2,320,2.0261169233267293,6,0.0011031627655029297,0.5298130512237549,1.6182414149347655,0.3622891869524956,-145.96986389160156,-145.96986389160156,,,0.3834325075149536,-49.6165657043457,
reinforce,,,50.0,2,321,1.6204934796372814,7,0.0012950897216796875,0.5349829196929932,,,-115.99351501464844,-115.99351501464844,,,-0.24269609153270721,-50.242698669433594,
reinforce,,,50.0,2,322,1.3760588385466832,7,0.0012738704681396484,0.5363118648529053,,,-73.01277160644531,-73.01277160644531,,,-0.3722611963748932,-50.37226486206055,
reinforce,,,50.0,2,323,1.28082011757729,7,0.0012371540069580078,0.5375950336456299,,,-122.2146987915039,-122.2146987915039,,,-0.42405965924263,-50.4240608215332,
reinforce,,,50.0,2,324,1.4694156131169898,7,0.0013709068298339844,0.5390119552612305,,,-130.68226623535156,-130.68226623535156,,,-0.3291855454444885,-50.329185485839844,
reinforce,,,50.0,2,325,2.0884538762465916,6,0.0011410713195800781,0.5402209758758545,,,-110.5047607421875,-110.5047607421875,,,0.43065306544303894,-49.5693473815918,
reinforce,,,50.0,2,326,1.9702011147225769,7,0.001299142837524414,0.5415689945220947,,,-121.98123931884766,-121.98123931884766,,,0.010652069933712482,-49.98934555053711,
reinforce,,,50.0,2,327,1.1053540016392236,7,0.0012500286102294922,0.5428638458251953,,,-104.27799987792969,-104.27799987792969,,,-0.552201509475708,-50.55219650268555,
reinforce,,,50.0,2,328,0.8244610087480153,8,0.0014531612396240234,0.5443611145019531,,,-139.44232177734375,-139.44232177734375,,,-1.0758965015411377,-51.075897216796875,
reinforce,,,50.0,2,329,1.4157118514740135,7,0.0013859272003173828,0.5457899570465088,,,-105.8388671875,-105.8388671875,,,-0.33258727192878723,-50.33258819580078,
reinforce,,,50.0,2,330,1.2971280307148134,7,0.001316070556640625,0.5472719669342041,,,-90.84273529052734,-90.84273529052734,,,-0.4220675528049469,-50.42206573486328,
reinforce,,,50.0,2,331,1.2540510070282738,7,0.0012331008911132812,0.5485560894012451,,,-113.73160552978516,-113.73160552978516,,,-0.44627007842063904,-50.44626998901367,
reinforce,,,50.0,2,332,1.635487004214559,7,0.0012519359588623047,0.5498518943786621,,,-76.52095031738281,-76.52095031738281,,,-0.2230520099401474,-50.223052978515625,
reinforce,,,50.0,2,333,2.0496385106143094,7,0.001249074935913086,0.5511481761932373,,,-111.55882263183594,-111.55882263183594,,,0.08030091226100922,-49.919700622558594,
reinforce,,,50.0,2,334,2.106460948010646,7,0.0012753009796142578,0.5524671077728271,,,-134.44723510742188,-134.44723510742188,,,0.17144863307476044,-49.828548431396484,
reinforce,,,50.0,2,335,2.0933130791337815,6,0.0011188983917236328,0.5537679195404053,,,-128.24310302734375,-128.24310302734375,,,0.4642747938632965,-49.53572463989258,
reinforce,,,50.0,2,336,1.4127310311808512,7,0.0012500286102294922,0.5550730228424072,,,-130.5704803466797,-130.5704803466797,,,-0.3533700406551361,-50.35336685180664,
reinforce,,,50.0,2,337,1.3428042360510768,7,0.001238107681274414,0.5563569068908691,,,-150.0261688232422,-150.0261688232422,,,-0.4120385944843292,-50.41204071044922,
reinforce,,,50.0,2,338,1.5897151131427527,7,0.001252889633178711,0.5576798915863037,,,-100.6229248046875,-100.6229248046875,,,-0.23289558291435242,-50.2328987121582,
reinforce,,,50.0,2,339,1.893328294975066,7,0.001277923583984375,0.5590348243713379,,,-106.27192687988281,-106.27192687988281,,,0.0011172507656738162,-49.99888229370117,
reinforce,,,50.0,2,340,1.065812477058234,7,0.0013661384582519531,0.56044602394104,1.5797144733805986,0.4406482063696202,-79.55216979980469,-79.55216979980469,,,-0.5890913009643555,-50.589088439941406,
reinforce,,,50.0,2,341,1.9531453987916414,6,0.0010712146759033203,0.5652711391448975,,,-150.9185791015625,-150.9185791015625,,,0.36911121010780334,-49.630889892578125,
reinforce,,,50.0,2,342,1.3342819482058177,7,0.0012221336364746094,0.566540002822876,,,-214.26022338867188,-214.26022338867188,,,-0.41451114416122437,-50.414512634277344,
reinforce,,,50.0,2,343,1.435631805910115,7,0.0012118816375732422,0.5678050518035889,,,-128.08055114746094,-128.08055114746094,,,-0.33101028203964233,-50.33100509643555,
reinforce,,,50.0,2,344,1.614511575626707,7,0.0012679100036621094,0.5691227912902832,,,-107.711669921875,-107.711669921875,,,-0.21347950398921967,-50.21348190307617,
reinforce,,,50.0,2,345,1.6054565074320504,7,0.0012590885162353516,0.5704290866851807,,,-120.63716888427734,-120.63716888427734,,,-0.22944378852844238,-50.22944259643555,
reinforce,,,50.0,2,346,1.2886621383581829,7,0.0013027191162109375,0.5717778205871582,,,-86.49290466308594,-86.49290466308594,,,-0.42025962471961975,-50.42026138305664,
reinforce,,,50.0,2,347,1.2172714557091828,7,0.0012021064758300781,0.5730190277099609,,,-110.1651382446289,-110.1651382446289,,,-0.4868192672729492,-50.486820220947266,
reinforce,,,50.0,2,348,1.185599004504467,7,0.0013000965118408203,0.5743579864501953,,,-125.35262298583984,-125.35262298583984,,,-0.5033665299415588,-50.50336456298828,
reinforce,,,50.0,2,349,2.2531493431654965,6,0.0010211467742919922,0.5754239559173584,,,-92.18456268310547,-92.18456268310547,,,0.5773929953575134,-49.422607421875,
reinforce,,,50.0,2,350,1.407403107610075,7,0.0012378692626953125,0.5767040252685547,,,-137.03067016601562,-137.03067016601562,,,-0.3817766010761261,-50.381778717041016,
reinforce,,,50.0,2,351,2.1034762028118195,6,0.0010633468627929688,0.5778031349182129,,,-91.70255279541016,-91.70255279541016,,,0.48830366134643555,-49.51169967651367,
reinforce,,,50.0,2,352,1.2390187394573835,7,0.0011782646179199219,0.5790181159973145,,,-95.15599060058594,-95.15599060058594,,,-0.49210625886917114,-50.492103576660156,
reinforce,,,50.0,2,353,1.305477492881134,7,0.0011551380157470703,0.5802090167999268,,,-138.34934997558594,-138.34934997558594,,,-0.40635770559310913,-50.4063606262207,
reinforce,,,50.0,2,354,1.6910065647231187,7,0.00127410888671875,0.5815999507904053,,,-90.31587982177734,-90.31587982177734,,,-0.1690969318151474,-50.16909408569336,
reinforce,,,50.0,2,355,1.3679263827800403,7,0.0012557506561279297,0.5829048156738281,,,-103.14571380615234,-103.14571380615234,,,-0.36165857315063477,-50.361656188964844,
reinforce,,,50.0,2,356,2.247550296504823,6,0.001046895980834961,0.5839929580688477,,,-155.5401153564453,-155.5401153564453,,,0.5817216038703918,-49.418277740478516,
reinforce,,,50.0,2,357,2.129789066623054,6,0.0010559558868408203,0.5850880146026611,,,-92.2698974609375,-92.2698974609375,,,0.4814032018184662,-49.51859664916992,
reinforce,,,50.0,2,358,1.4596258929368544,7,0.001180887222290039,0.5863068103790283,,,-82.1670913696289,-82.1670913696289,,,-0.30173879861831665,-50.30173873901367,
reinforce,,,50.0,2,359,2.0052578979393,6,0.0011968612670898438,0.5875449180603027,,,-123.1326675415039,-123.1326675415039,,,0.3891327679157257,-49.61086654663086,
reinforce,,,50.0,2,360,1.9400548490954077,6,0.0011010169982910156,0.5887019634246826,1.5139656371267676,0.2885203897080123,-69.31057739257812,-69.31057739257812,,,0.31422320008277893,-49.68577575683594,
reinforce,,,50.0,2,361,2.052400778554129,6,0.001077890396118164,0.5935518741607666,,,-65.17707824707031,-65.17707824707031,,,0.40796709060668945,-49.5920295715332,
reinforce,,,50.0,2,362,1.2990387096874896,7,0.0013687610626220703,0.59499192237854,,,-95.91785430908203,-95.91785430908203,,,-0.4183270037174225,-50.41832733154297,
reinforce,,,50.0,2,363,1.4606166632734146,7,0.001234292984008789,0.5962891578674316,,,-133.0172576904297,-133.0172576904297,,,-0.2883906662464142,-50.28839111328125,
reinforce,,,50.0,2,364,2.072729056707709,6,0.0010900497436523438,0.5974280834197998,,,-102.437255859375,-102.437255859375,,,0.43955790996551514,-49.56044006347656,
reinforce,,,50.0,2,365,1.1589078901789052,7,0.0012519359588623047,0.5987319946289062,,,-71.53585052490234,-71.53585052490234,,,-0.5220285654067993,-50.52202606201172,
reinforce,,,50.0,2,366,1.474311319469255,7,0.001191854476928711,0.5999817848205566,,,-80.35831451416016,-80.35831451416016,,,-0.26884326338768005,-50.26884841918945,
reinforce,,,50.0,2,367,1.768474558111328,7,0.0012581348419189453,0.6012911796569824,,,-108.81672668457031,-108.81672668457031,,,-0.05215958505868912,-50.052162170410156,
reinforce,,,50.0,2,368,1.1558460734245584,7,0.0012171268463134766,0.6025629043579102,,,-91.9805908203125,-91.9805908203125,,,-0.5129514932632446,-50.5129508972168,
reinforce,,,50.0,2,369,2.2395218289494148,6,0.0010111331939697266,0.603614091873169,,,-104.218017578125,-104.218017578125,,,0.57109135389328,-49.42890930175781,
reinforce,,,50.0,2,370,1.9602954663890513,7,0.001203775405883789,0.6048557758331299,,,-105.90724182128906,-105.90724182128906,,,0.024925295263528824,-49.975074768066406,
reinforce,,,50.0,2,371,1.347632519563664,7,0.0011730194091796875,0.6060659885406494,,,-92.8458480834961,-92.8458480834961,,,-0.39921650290489197,-50.39921951293945,
reinforce,,,50.0,2,372,1.320870555898279,7,0.0012078285217285156,0.6073119640350342,,,-114.08338928222656,-114.08338928222656,,,-0.39006999135017395,-50.390071868896484,
reinforce,,,50.0,2,373,2.2041781322245066,6,0.0010979175567626953,0.6084518432617188,,,-196.05540466308594,-196.05540466308594,,,0.5481616854667664,-49.451839447021484,
reinforce,,,50.0,2,374,1.3311528696387107,7,0.001196146011352539,0.6097040176391602,,,-85.68009185791016,-85.68009185791016,,,-0.3746425211429596,-50.37464141845703,
reinforce,,,50.0,2,375,1.9401815768955737,6,0.0011188983917236328,0.6108670234680176,,,-126.63451385498047,-126.63451385498047,,,0.3395191431045532,-49.66048049926758,
reinforce,,,50.0,2,376,2.2077330182018624,6,0.0010540485382080078,0.6119680404663086,,,-123.70553588867188,-123.70553588867188,,,0.5560886859893799,-49.443912506103516,
reinforce,,,50.0,2,377,1.8378638581018278,6,0.0010569095611572266,0.6130650043487549,,,-123.34674072265625,-123.34674072265625,,,0.2799014449119568,-49.720096588134766,
reinforce,,,50.0,2,378,1.2900686674395427,7,0.001196146011352539,0.614300012588501,,,-91.58464050292969,-91.58464050292969,,,-0.4073023796081543,-50.40729904174805,
reinforce,,,50.0,2,379,2.2360680143389375,6,0.0012221336364746094,0.6155610084533691,,,-119.53265380859375,-119.53265380859375,,,0.5678134560585022,-49.432186126708984,
reinforce,,,50.0,2,380,2.0751178518604787,6,0.001092672348022461,0.6167078018188477,1.368745310230708,0.3922585384663533,-110.04210662841797,-110.04210662841797,,,0.4272333085536957,-49.57276916503906,
reinforce,,,50.0,2,381,2.003501705611697,6,0.00109100341796875,0.6215229034423828,,,-101.8476333618164,-101.8476333618164,,,0.40861430764198303,-49.59138488769531,
reinforce,,,50.0,2,382,2.1896815120920907,6,0.0011546611785888672,0.6227250099182129,,,-95.37816619873047,-95.37816619873047,,,0.5207750201225281,-49.47922134399414,
reinforce,,,50.0,2,383,1.9715977448170439,6,0.0010409355163574219,0.6238129138946533,,,-99.77896118164062,-99.77896118164062,,,0.3574604094028473,-49.64253616333008,
reinforce,,,50.0,2,384,2.138071977043368,6,0.0010221004486083984,0.6248741149902344,,,-74.50835418701172,-74.50835418701172,,,0.480129599571228,-49.519866943359375,
reinforce,,,50.0,2,385,1.99999790558515,6,0.0010228157043457031,0.6259348392486572,,,-156.5968475341797,-156.5968475341797,,,0.3783756494522095,-49.62162780761719,
reinforce,,,50.0,2,386,1.8184322240640283,6,0.001092672348022461,0.6271088123321533,,,-94.8478775024414,-94.8478775024414,,,0.2561047375202179,-49.743896484375,
reinforce,,,50.0,2,387,1.8068777676834584,6,0.001138925552368164,0.6282908916473389,,,-142.62173461914062,-142.62173461914062,,,0.2609597444534302,-49.739044189453125,
reinforce,,,50.0,2,388,1.976640613920364,6,0.0010941028594970703,0.6294279098510742,,,-129.2193145751953,-129.2193145751953,,,0.38390278816223145,-49.6161003112793,
reinforce,,,50.0,2,389,2.1187069313580658,6,0.0010781288146972656,0.6305429935455322,,,-112.62787628173828,-112.62787628173828,,,0.4983404576778412,-49.50165939331055,
reinforce,,,50.0,2,390,2.0498133925231707,6,0.001107931137084961,0.6316900253295898,,,-105.09954071044922,-105.09954071044922,,,0.40613019466400146,-49.5938720703125,
reinforce,,,50.0,2,391,2.0414768888533694,6,0.0010349750518798828,0.6327939033508301,,,-136.75035095214844,-136.75035095214844,,,0.4041832387447357,-49.5958137512207,
reinforce,,,50.0,2,392,1.2922871529487325,7,0.0012598037719726562,0.6340928077697754,,,-88.43640899658203,-88.43640899658203,,,-0.44656065106391907,-50.44655990600586,
reinforce,,,50.0,2,393,2.0311627945174493,6,0.00115203857421875,0.6352870464324951,,,-82.84203338623047,-82.84203338623047,,,0.41489994525909424,-49.58509826660156,
reinforce,,,50.0,2,394,1.2754123839079734,7,0.0012860298156738281,0.6366250514984131,,,-129.8744659423828,-129.8744659423828,,,-0.41681814193725586,-50.41681671142578,
reinforce,,,50.0,2,395,2.09305457856682,6,0.001081228256225586,0.637747049331665,,,-117.2673568725586,-117.2673568725586,,,0.4630807936191559,-49.536922454833984,
reinforce,,,50.0,2,396,1.325427817277515,7,0.0012543201446533203,0.6390411853790283,,,-121.36646270751953,-121.36646270751953,,,-0.3884955048561096,-50.388492584228516,
reinforce,,,50.0,2,397,1.3596405742125859,7,0.0012428760528564453,0.6403238773345947,,,-153.1589813232422,-153.1589813232422,,,-0.37935498356819153,-50.379356384277344,
reinforce,,,50.0,2,398,2.0481762830254913,6,0.0011136531829833984,0.6414847373962402,,,-108.83142852783203,-108.83142852783203,,,0.4081055223941803,-49.59189224243164,
reinforce,,,50.0,2,399,1.4175210672819671,7,0.0012421607971191406,0.6427741050720215,,,-116.00780487060547,-116.00780487060547,,,-0.3483380973339081,-50.34833526611328,
reinforce,,,50.0,2,400,2.0428367886151806,6,0.0011830329895019531,0.6440248489379883,1.7725358219878227,0.48202455581871867,-117.1217041015625,-117.1217041015625,,,0.40230002999305725,-49.59770202636719,
reinforce,,,50.0,2,401,1.471369691459913,7,0.0013089179992675781,0.649075984954834,,,-79.96403503417969,-79.96403503417969,,,-0.3082067668437958,-50.308204650878906,
reinforce,,,50.0,2,402,1.360116467595309,7,0.0013630390167236328,0.6504850387573242,,,-82.36482238769531,-82.36482238769531,,,-0.37881121039390564,-50.378814697265625,
reinforce,,,50.0,2,403,1.948364237431485,6,0.001065969467163086,0.651602029800415,,,-94.31377410888672,-94.31377410888672,,,0.3374077081680298,-49.662593841552734,
reinforce,,,50.0,2,404,1.1958908150429663,7,0.0012309551239013672,0.6528739929199219,,,-190.79847717285156,-190.79847717285156,,,-0.48960450291633606,-50.489601135253906,
reinforce,,,50.0,2,405,1.328258329667622,7,0.0013060569763183594,0.6542279720306396,,,-136.34259033203125,-136.34259033203125,,,-0.395659863948822,-50.395660400390625,
reinforce,,,50.0,2,406,1.2759384465255594,7,0.001277923583984375,0.6555569171905518,,,-88.25572204589844,-88.25572204589844,,,-0.42636117339134216,-50.42635726928711,
reinforce,,,50.0,2,407,1.9850608999887107,6,0.0011250972747802734,0.6567249298095703,,,-100.09444427490234,-100.09444427490234,,,0.3700670003890991,-49.62993240356445,
reinforce,,,50.0,2,408,2.0092656269948197,6,0.0011129379272460938,0.6578919887542725,,,-111.69976043701172,-111.69976043701172,,,0.4026907980442047,-49.59730911254883,
reinforce,,,50.0,2,409,2.0874485964060048,6,0.0010819435119628906,0.6590209007263184,,,-73.1089096069336,-73.1089096069336,,,0.4515823423862457,-49.54841613769531,
reinforce,,,50.0,2,410,1.9559910092040056,6,0.0010929107666015625,0.6601839065551758,,,-87.43631744384766,-87.43631744384766,,,0.36937275528907776,-49.6306266784668,
reinforce,,,50.0,2,411,1.9013843194657658,6,0.0011439323425292969,0.6613779067993164,,,-76.11774444580078,-76.11774444580078,,,0.2835155427455902,-49.71648025512695,
reinforce,,,50.0,2,412,2.1672922057309925,6,0.0011050701141357422,0.6625280380249023,,,-75.70873260498047,-75.70873260498047,,,0.5077546834945679,-49.49224853515625,
reinforce,,,50.0,2,413,1.8192064360833355,6,0.0011379718780517578,0.6637070178985596,,,-94.71524047851562,-94.71524047851562,,,0.24277643859386444,-49.75722885131836,
reinforce,,,50.0,2,414,1.3395127468653936,7,0.0012328624725341797,0.6649858951568604,,,-105.28006744384766,-105.28006744384766,,,-0.38731497526168823,-50.3873176574707,
reinforce,,,50.0,2,415,1.94322738550241,6,0.0011420249938964844,0.6661760807037354,,,-120.880126953125,-120.880126953125,,,0.31666848063468933,-49.68333435058594,
reinforce,,,50.0,2,416,2.1747344924075156,6,0.0011119842529296875,0.6673369407653809,,,-108.50617218017578,-108.50617218017578,,,0.5112375617027283,-49.488765716552734,
reinforce,,,50.0,2,417,1.1508387498310957,7,0.0012569427490234375,0.6686370372772217,,,-100.82273864746094,-100.82273864746094,,,-0.5138884782791138,-50.513885498046875,
reinforce,,,50.0,2,418,1.9615522903966218,6,0.0010979175567626953,0.6697838306427002,,,-102.55908966064453,-102.55908966064453,,,0.3447279930114746,-49.6552734375,
reinforce,,,50.0,2,419,1.9535555181567807,6,0.0012021064758300781,0.6710290908813477,,,-112.37682342529297,-112.37682342529297,,,0.34965601563453674,-49.65034484863281,
reinforce,,,50.0,2,420,1.6011044032128967,6,0.0011019706726074219,0.672184944152832,1.5637134571096165,0.46833038358048223,-136.39715576171875,-136.39715576171875,,,0.11077674478292465,-49.88922119140625,
reinforce,,,50.0,2,421,2.092210537732373,6,0.0010972023010253906,0.6770470142364502,,,-130.04734802246094,-130.04734802246094,,,0.48166391253471375,-49.51833724975586,
reinforce,,,50.0,2,422,2.0447515798061966,6,0.0012977123260498047,0.6783978939056396,,,-87.681640625,-87.681640625,,,0.4131743907928467,-49.58682632446289,
reinforce,,,50.0,2,423,1.2535824651243823,7,0.0012691020965576172,0.6797211170196533,,,-125.5346908569336,-125.5346908569336,,,-0.4666154086589813,-50.46661376953125,
reinforce,,,50.0,2,424,1.7793471157577858,6,0.001110076904296875,0.6808750629425049,,,-101.99307250976562,-101.99307250976562,,,0.23402665555477142,-49.76597213745117,
reinforce,,,50.0,2,425,2.130127463396171,6,0.0010981559753417969,0.682016134262085,,,-95.8347396850586,-95.8347396850586,,,0.4756021797657013,-49.52439880371094,
reinforce,,,50.0,2,426,1.1112436676925503,7,0.0012619495391845703,0.683323860168457,,,-105.66596221923828,-105.66596221923828,,,-0.5487321019172668,-50.548736572265625,
reinforce,,,50.0,2,427,1.901232614273068,6,0.00116729736328125,0.6845400333404541,,,-101.53279876708984,-101.53279876708984,,,0.33705997467041016,-49.66294479370117,
reinforce,,,50.0,2,428,2.1691805012625336,6,0.0011489391326904297,0.6857419013977051,,,-86.89202117919922,-86.89202117919922,,,0.507792055606842,-49.49220657348633,
reinforce,,,50.0,2,429,1.2870047848941724,7,0.0012710094451904297,0.687065839767456,,,-90.16364288330078,-90.16364288330078,,,-0.4086489677429199,-50.40864944458008,
reinforce,,,50.0,2,430,2.0280670016326625,6,0.0011012554168701172,0.6882970333099365,,,-132.50991821289062,-132.50991821289062,,,0.39537128806114197,-49.60462951660156,
reinforce,,,50.0,2,431,2.183210612888815,6,0.0011298656463623047,0.6894710063934326,,,-79.02035522460938,-79.02035522460938,,,0.516035258769989,-49.48396301269531,
reinforce,,,50.0,2,432,2.095146167369265,6,0.0010449886322021484,0.6905648708343506,,,-164.1376495361328,-164.1376495361328,,,0.4825532138347626,-49.5174446105957,
reinforce,,,50.0,2,433,1.9893877831145481,6,0.001154184341430664,0.6917650699615479,,,-98.34168243408203,-98.34168243408203,,,0.40032756328582764,-49.59967041015625,
reinforce,,,50.0,2,434,1.8072091597369824,6,0.001110076904296875,0.6929380893707275,,,-81.3807144165039,-81.3807144165039,,,0.2331128567457199,-49.76688766479492,
reinforce,,,50.0,2,435,2.1892909490569483,6,0.0011310577392578125,0.6943140029907227,,,-164.07432556152344,-164.07432556152344,,,0.5200731754302979,-49.479923248291016,
reinforce,,,50.0,2,436,1.75901403487241,6,0.0010879039764404297,0.6954560279846191,,,-82.35332489013672,-82.35332489013672,,,0.22358478605747223,-49.77641677856445,
reinforce,,,50.0,2,437,2.128339564585792,6,0.0011119842529296875,0.6966149806976318,,,-81.2438735961914,-81.2438735961914,,,0.48365095257759094,-49.5163459777832,
reinforce,,,50.0,2,438,1.6180462733291692,6,0.0011010169982910156,0.697772741317749,,,-143.97763061523438,-143.97763061523438,,,0.12180802971124649,-49.87819290161133,
reinforce,,,50.0,2,439,1.1137404144873846,7,0.0013439655303955078,0.6991629600524902,,,-91.94013214111328,-91.94013214111328,,,-0.5479684472084045,-50.547969818115234,
reinforce,,,50.0,2,440,2.1361928415228224,6,0.0011000633239746094,0.7003469467163086,1.787298075778611,0.40568653655035536,-147.04751586914062,-147.04751586914062,,,0.4776855409145355,-49.52231216430664,
reinforce,,,50.0,2,441,1.8948167201528034,6,0.0012021064758300781,0.7051739692687988,,,-98.09896087646484,-98.09896087646484,,,0.3148651719093323,-49.68513488769531,
reinforce,,,50.0,2,442,1.393854609814758,7,0.0012772083282470703,0.7065181732177734,,,-96.5665054321289,-96.5665054321289,,,-0.3520037829875946,-50.35200881958008,
reinforce,,,50.0,2,443,1.4286713017461607,7,0.0012619495391845703,0.707834005355835,,,-129.445556640625,-129.445556640625,,,-0.32949763536453247,-50.329498291015625,
reinforce,,,50.0,2,444,1.2681248479670781,7,0.001207113265991211,0.7090880870819092,,,-126.91893005371094,-126.91893005371094,,,-0.42019122838974,-50.42019271850586,
reinforce,,,50.0,2,445,1.851739973917511,6,0.0011029243469238281,0.7102389335632324,,,-144.3853302001953,-144.3853302001953,,,0.3081205487251282,-49.69187927246094,
reinforce,,,50.0,2,446,1.9871736128663078,6,0.0011241436004638672,0.7114150524139404,,,-148.56553649902344,-148.56553649902344,,,0.3617919385433197,-49.63820266723633,
reinforce,,,50.0,2,447,1.9959870448065034,6,0.0011248588562011719,0.7126328945159912,,,-154.318115234375,-154.318115234375,,,0.3759458065032959,-49.624053955078125,
reinforce,,,50.0,2,448,1.1267484090129118,7,0.0012340545654296875,0.713918924331665,,,-97.3877182006836,-97.3877182006836,,,-0.5395253300666809,-50.53952407836914,
reinforce,,,50.0,2,449,1.1803380452889298,7,0.0011670589447021484,0.7151319980621338,,,-90.57984924316406,-90.57984924316406,,,-0.5098718404769897,-50.5098762512207,
reinforce,,,50.0,2,450,1.3264064512461213,7,0.0012042522430419922,0.7163751125335693,,,-75.26761627197266,-75.26761627197266,,,-0.3868238031864166,-50.38682174682617,
reinforce,,,50.0,2,451,2.0394051150641554,6,0.0010459423065185547,0.7174599170684814,,,-119.29607391357422,-119.29607391357422,,,0.4015026390552521,-49.59849548339844,
reinforce,,,50.0,2,452,2.098214949239028,6,0.0010349750518798828,0.718533992767334,,,-94.51822662353516,-94.51822662353516,,,0.4544235169887543,-49.54557800292969,
reinforce,,,50.0,2,453,2.0381056121316434,6,0.001110076904296875,0.7196829319000244,,,-146.114990234375,-146.114990234375,,,0.3997670114040375,-49.60023498535156,
reinforce,,,50.0,2,454,1.3259107103600625,7,0.0011548995971679688,0.7208859920501709,,,-125.20990753173828,-125.20990753173828,,,-0.42566224932670593,-50.425662994384766,
reinforce,,,50.0,2,455,1.8469918859478425,6,0.0010020732879638672,0.7219300270080566,,,-122.4512939453125,-122.4512939453125,,,0.3035971522331238,-49.6963996887207,
reinforce,,,50.0,2,456,1.8460310672007585,6,0.0011098384857177734,0.7230768203735352,,,-113.09722900390625,-113.09722900390625,,,0.2863595187664032,-49.71364212036133,
reinforce,,,50.0,2,457,2.036364028198574,6,0.0011038780212402344,0.7242279052734375,,,-130.87620544433594,-130.87620544433594,,,0.3987058401107788,-49.60129928588867,
reinforce,,,50.0,2,458,2.0127623482990633,6,0.0010411739349365234,0.7253110408782959,,,-108.98047637939453,-108.98047637939453,,,0.38476359844207764,-49.615234375,
reinforce,,,50.0,2,459,2.0801343939038377,6,0.0010840892791748047,0.7264618873596191,,,-85.72357940673828,-85.72357940673828,,,0.4263633191585541,-49.573638916015625,
reinforce,,,50.0,2,460,1.9152960586083334,6,0.0010170936584472656,0.7275280952453613,1.8204965958987844,0.35998310966182084,-123.07776641845703,-123.07776641845703,,,0.35728946328163147,-49.6427116394043,
reinforce,,,50.0,2,461,1.4273084063299561,7,0.0011870861053466797,0.7323939800262451,,,-137.10118103027344,-137.10118103027344,,,-0.36867523193359375,-50.368675231933594,
reinforce,,,50.0,2,462,2.1510677487291163,6,0.0011320114135742188,0.7335760593414307,,,-156.0782470703125,-156.0782470703125,,,0.4980020821094513,-49.50199890136719,
reinforce,,,50.0,2,463,1.9660957856644365,6,0.001068115234375,0.7347002029418945,,,-98.42969512939453,-98.42969512939453,,,0.3572966158390045,-49.6427001953125,
reinforce,,,50.0,2,464,2.0175187476838037,6,0.0010690689086914062,0.7358138561248779,,,-134.2446746826172,-134.2446746826172,,,0.40634194016456604,-49.593658447265625,
reinforce,,,50.0,2,465,1.932696436498776,6,0.001020193099975586,0.7368760108947754,,,-98.96416473388672,-98.96416473388672,,,0.3363697826862335,-49.663631439208984,
reinforce,,,50.0,2,466,1.479362794774809,7,0.001262664794921875,0.7381777763366699,,,-137.4154052734375,-137.4154052734375,,,-0.2797355651855469,-50.27973175048828,
reinforce,,,50.0,2,467,2.2058476589679863,6,0.0010249614715576172,0.7392489910125732,,,-145.41397094726562,-145.41397094726562,,,0.49825167655944824,-49.50175094604492,
reinforce,,,50.0,2,468,1.9535996444111023,6,0.0011551380157470703,0.7404501438140869,,,-123.26229858398438,-123.26229858398438,,,0.3680439293384552,-49.6319580078125,
reinforce,,,50.0,2,469,2.034227761837643,6,0.0010571479797363281,0.7415571212768555,,,-86.31108856201172,-86.31108856201172,,,0.4270811080932617,-49.57291793823242,
reinforce,,,50.0,2,470,2.030491879426397,6,0.0010318756103515625,0.7426319122314453,,,-153.60752868652344,-153.60752868652344,,,0.41540834307670593,-49.584590911865234,
reinforce,,,50.0,2,471,2.138564287289534,6,0.001069784164428711,0.7437467575073242,,,-97.62975311279297,-97.62975311279297,,,0.4905434548854828,-49.50946044921875,
reinforce,,,50.0,2,472,2.00061141833397,6,0.001043081283569336,0.7448511123657227,,,-132.01107788085938,-132.01107788085938,,,0.3675177991390228,-49.63248062133789,
reinforce,,,50.0,2,473,1.920772791354431,6,0.0010080337524414062,0.745905876159668,,,-90.07100677490234,-90.07100677490234,,,0.3294297158718109,-49.67056655883789,
reinforce,,,50.0,2,474,1.9380309732091325,6,0.0010538101196289062,0.7470059394836426,,,-135.62599182128906,-135.62599182128906,,,0.3405117094516754,-49.65948486328125,
reinforce,,,50.0,2,475,2.0832953638809193,6,0.0010762214660644531,0.7481300830841064,,,-124.16055297851562,-124.16055297851562,,,0.44588014483451843,-49.55412292480469,
reinforce,,,50.0,2,476,1.101101311496874,7,0.0012369155883789062,0.7494139671325684,,,-164.6790771484375,-164.6790771484375,,,-0.5583663582801819,-50.55836868286133,
reinforce,,,50.0,2,477,1.4142870768708333,7,0.0012290477752685547,0.7506890296936035,,,-137.01686096191406,-137.01686096191406,,,-0.3794969916343689,-50.37949752807617,
reinforce,,,50.0,2,478,1.9307649099893653,6,0.0010669231414794922,0.7518007755279541,,,-86.84232330322266,-86.84232330322266,,,0.3107479512691498,-49.68925094604492,
reinforce,,,50.0,2,479,1.202005210988333,7,0.0011737346649169922,0.7530157566070557,,,-110.64539337158203,-110.64539337158203,,,-0.5132815837860107,-50.51327896118164,
reinforce,,,50.0,2,480,1.3286428565960715,7,0.0013451576232910156,0.7544050216674805,1.4812129701544772,0.31114621445137464,-94.58466339111328,-94.58466339111328,,,-0.3846615254878998,-50.38466262817383,
reinforce,,,50.0,2,481,1.9889008772389905,6,0.0011172294616699219,0.7594029903411865,,,-99.97149658203125,-99.97149658203125,,,0.3591727018356323,-49.64082336425781,
reinforce,,,50.0,2,482,1.3158568286238888,7,0.001238107681274414,0.7606899738311768,,,-128.42678833007812,-128.42678833007812,,,-0.39304205775260925,-50.393043518066406,
reinforce,,,50.0,2,483,1.485893513439326,7,0.001252889633178711,0.762030839920044,,,-168.00831604003906,-168.00831604003906,,,-0.3233514428138733,-50.3233528137207,
reinforce,,,50.0,2,484,1.5324414287609625,7,0.0012211799621582031,0.7632961273193359,,,-129.0064697265625,-129.0064697265625,,,-0.22132115066051483,-50.22132110595703,
reinforce,,,50.0,2,485,1.7797998557291772,6,0.0010771751403808594,0.7644140720367432,,,-133.7942657470703,-133.7942657470703,,,0.23674730956554413,-49.763248443603516,
reinforce,,,50.0,2,486,2.0344949771855654,6,0.0010859966278076172,0.7655389308929443,,,-121.43441772460938,-121.43441772460938,,,0.3980734348297119,-49.6019287109375,
reinforce,,,50.0,2,487,1.0732748797158738,7,0.0012238025665283203,0.7668008804321289,,,-156.26025390625,-156.26025390625,,,-0.5876439213752747,-50.587646484375,
reinforce,,,50.0,2,488,1.3007159360543834,7,0.0013089179992675781,0.7681469917297363,,,-131.4176025390625,-131.4176025390625,,,-0.4420010447502136,-50.4420051574707,
reinforce,,,50.0,2,489,1.156841247653559,7,0.004285097122192383,0.7724819183349609,,,-125.41106414794922,-125.41106414794922,,,-0.5356962084770203,-50.53569793701172,
reinforce,,,50.0,2,490,1.3144768660313826,7,0.004227876663208008,0.7769839763641357,,,-99.05048370361328,-99.05048370361328,,,-0.3941006064414978,-50.39410400390625,
reinforce,,,50.0,2,491,2.0507183650441085,6,0.0013818740844726562,0.7786331176757812,,,-108.04280853271484,-108.04280853271484,,,0.3981907069683075,-49.601810455322266,
reinforce,,,50.0,2,492,1.3543018896624184,7,0.0037190914154052734,0.7824440002441406,,,-77.31600189208984,-77.31600189208984,,,-0.3959742486476898,-50.395973205566406,
reinforce,,,50.0,2,493,2.2107032533516375,6,0.0013828277587890625,0.7839388847351074,,,-125.56645965576172,-125.56645965576172,,,0.5520883202552795,-49.44791030883789,
reinforce,,,50.0,2,494,1.232729749554562,7,0.003997087478637695,0.7880330085754395,,,-98.00364685058594,-98.00364685058594,,,-0.4934394359588623,-50.493438720703125,
reinforce,,,50.0,2,495,2.068786015108646,6,0.0016901493072509766,0.7899210453033447,,,-153.09896850585938,-153.09896850585938,,,0.43932631611824036,-49.560672760009766,
reinforce,,,50.0,2,496,2.029541400571099,6,0.0011441707611083984,0.7911591529846191,,,-93.92786407470703,-93.92786407470703,,,0.3964303731918335,-49.60356521606445,
reinforce,,,50.0,2,497,2.1498801540900416,6,0.0011298656463623047,0.7923448085784912,,,-111.4478530883789,-111.4478530883789,,,0.4868689775466919,-49.51313400268555,
reinforce,,,50.0,2,498,2.0784363516979742,6,0.001071929931640625,0.7934658527374268,,,-80.59851837158203,-80.59851837158203,,,0.44412747025489807,-49.55587387084961,
reinforce,,,50.0,2,499,2.1745374179175094,6,0.0010838508605957031,0.794597864151001,,,-107.81228637695312,-107.81228637695312,,,0.5047314763069153,-49.495269775390625,
reinforce,,,50.0,2,500,1.8954986323086287,7,0.0014560222625732422,0.7961149215698242,1.8511498823452537,0.31381404884989333,-104.33795166015625,-104.33795166015625,,,-0.021277496591210365,-50.021278381347656,
reinforce,,,50.0,2,501,2.1023201021715017,6,0.001107931137084961,0.8009591102600098,,,-108.140869140625,-108.140869140625,,,0.48678770661354065,-49.51321029663086,
reinforce,,,50.0,2,502,1.0145674438645755,7,0.0013248920440673828,0.8023569583892822,,,-126.94158172607422,-126.94158172607422,,,-0.620550811290741,-50.620548248291016,
reinforce,,,50.0,2,503,2.0743170841412235,6,0.0011131763458251953,0.8035211563110352,,,-105.77893829345703,-105.77893829345703,,,0.42272207140922546,-49.5772819519043,
reinforce,,,50.0,2,504,1.168398167102256,7,0.0012612342834472656,0.804833173751831,,,-118.68455505371094,-118.68455505371094,,,-0.5057983994483948,-50.50579833984375,
reinforce,,,50.0,2,505,1.3675817359925722,7,0.0012848377227783203,0.8062119483947754,,,-105.98127746582031,-105.98127746582031,,,-0.3771679699420929,-50.377166748046875,
reinforce,,,50.0,2,506,2.040526624314144,6,0.0011382102966308594,0.8074021339416504,,,-91.9595718383789,-91.9595718383789,,,0.40193644165992737,-49.59806823730469,
reinforce,,,50.0,2,507,1.224097356109994,7,0.0012657642364501953,0.8087408542633057,,,-101.47962951660156,-101.47962951660156,,,-0.4574083983898163,-50.4574089050293,
reinforce,,,50.0,2,508,1.4963737523431726,7,0.0014030933380126953,0.8101959228515625,,,-117.61560821533203,-117.61560821533203,,,-0.2560045123100281,-50.25600814819336,
reinforce,,,50.0,2,509,1.865754477668683,7,0.0012879371643066406,0.8115921020507812,,,-88.43317413330078,-88.43317413330078,,,-0.059661865234375,-50.059661865234375,
reinforce,,,50.0,2,510,1.253621051879641,7,0.0012810230255126953,0.8129229545593262,,,-112.59912109375,-112.59912109375,,,-0.43837615847587585,-50.43838119506836,
reinforce,,,50.0,2,511,2.0107573403561965,6,0.0011129379272460938,0.8140850067138672,,,-169.5911407470703,-169.5911407470703,,,0.3748031556606293,-49.62519836425781,
reinforce,,,50.0,2,512,1.5475206923529936,7,0.0013039112091064453,0.8154339790344238,,,-141.84902954101562,-141.84902954101562,,,-0.25847750902175903,-50.258480072021484,
reinforce,,,50.0,2,513,1.8200676882310434,7,0.0015342235565185547,0.8170139789581299,,,-138.81088256835938,-138.81088256835938,,,-0.08902531117200851,-50.08902359008789,
reinforce,,,50.0,2,514,1.7469364877459685,7,0.0012707710266113281,0.8183488845825195,,,-106.71569061279297,-106.71569061279297,,,-0.13678042590618134,-50.136775970458984,
reinforce,,,50.0,2,515,1.5927294903299634,7,0.001294851303100586,0.819694995880127,,,-113.26249694824219,-113.26249694824219,,,-0.25708702206611633,-50.25708770751953,
reinforce,,,50.0,2,516,1.7898525318072667,7,0.001268148422241211,0.8210151195526123,,,-109.70982360839844,-109.70982360839844,,,-0.08598644286394119,-50.08598709106445,
reinforce,,,50.0,2,517,1.4993421987620839,7,0.00127410888671875,0.8223669528961182,,,-107.24422454833984,-107.24422454833984,,,-0.25370725989341736,-50.25370407104492,
reinforce,,,50.0,2,518,1.3281035992131625,7,0.0013780593872070312,0.8237969875335693,,,-195.0708465576172,-195.0708465576172,,,-0.40263524651527405,-50.40263748168945,
reinforce,,,50.0,2,519,1.3397616673699229,7,0.0012619495391845703,0.8251159191131592,,,-106.056884765625,-106.056884765625,,,-0.3780253529548645,-50.37802505493164,
reinforce,,,50.0,2,520,1.1903287234783155,7,0.0012271404266357422,0.826409101486206,1.8523255559214515,0.23266353952831934,-101.13481903076172,-101.13481903076172,,,-0.5016931891441345,-50.50168991088867,
reinforce,,,50.0,2,521,1.3755702074810385,7,0.0014371871948242188,0.8317039012908936,,,-82.79027557373047,-82.79027557373047,,,-0.3881014287471771,-50.388099670410156,
reinforce,,,50.0,2,522,1.4553333288460073,7,0.0012438297271728516,0.8330109119415283,,,-139.04750061035156,-139.04750061035156,,,-0.3250621259212494,-50.3250617980957,
reinforce,,,50.0,2,523,1.4375550624909847,7,0.0012519359588623047,0.8343100547790527,,,-99.31636810302734,-99.31636810302734,,,-0.2996097207069397,-50.29961013793945,
reinforce,,,50.0,2,524,1.4983984429902748,7,0.0012407302856445312,0.8355979919433594,,,-100.98111724853516,-100.98111724853516,,,-0.2612208127975464,-50.26122283935547,
reinforce,,,50.0,2,525,1.671218878384579,7,0.0012919902801513672,0.8369438648223877,,,-138.05712890625,-138.05712890625,,,-0.19630572199821472,-50.19630813598633,
reinforce,,,50.0,2,526,1.6227138851815954,7,0.001348733901977539,0.8383510112762451,,,-108.30076599121094,-108.30076599121094,,,-0.21818678081035614,-50.21818161010742,
reinforce,,,50.0,2,527,1.2965721146995761,7,0.001210927963256836,0.8396189212799072,,,-106.23348236083984,-106.23348236083984,,,-0.4320635199546814,-50.432064056396484,
reinforce,,,50.0,2,528,1.8189400400609617,7,0.0012390613555908203,0.8409087657928467,,,-107.45423126220703,-107.45423126220703,,,-0.08728538453578949,-50.087284088134766,
reinforce,,,50.0,2,529,1.6485762505595285,7,0.0012607574462890625,0.8422119617462158,,,-99.69732666015625,-99.69732666015625,,,-0.21468620002269745,-50.21468734741211,
reinforce,,,50.0,2,530,1.5747161459615016,7,0.001344919204711914,0.8436269760131836,,,-96.28289794921875,-96.28289794921875,,,-0.2475118339061737,-50.24750900268555,
reinforce,,,50.0,2,531,2.15272263139832,6,0.0011799335479736328,0.8448989391326904,,,-144.9694366455078,-144.9694366455078,,,0.4979836642742157,-49.50201416015625,
reinforce,,,50.0,2,532,1.7547441977654172,7,0.0011851787567138672,0.8461380004882812,,,-76.1377182006836,-76.1377182006836,,,-0.13389065861701965,-50.13389205932617,
reinforce,,,50.0,2,533,1.4175876757786616,7,0.0012469291687011719,0.8474240303039551,,,-116.16439056396484,-116.16439056396484,,,-0.3136660158634186,-50.313663482666016,
reinforce,,,50.0,2,534,1.7346314891376202,7,0.0012631416320800781,0.8487429618835449,,,-111.21046447753906,-111.21046447753906,,,-0.12286611646413803,-50.12287139892578,
reinforce,,,50.0,2,535,2.1304579579650063,6,0.001068115234375,0.8498530387878418,,,-115.81771850585938,-115.81771850585938,,,0.4743401110172272,-49.52566146850586,
reinforce,,,50.0,2,536,1.1495701346639164,7,0.0012068748474121094,0.8511068820953369,,,-114.7068862915039,-114.7068862915039,,,-0.5264197587966919,-50.52642059326172,
reinforce,,,50.0,2,537,2.2199064034875367,6,0.0011138916015625,0.8523128032684326,,,-121.1479721069336,-121.1479721069336,,,0.5489017963409424,-49.45109558105469,
reinforce,,,50.0,2,538,1.3877526279493677,7,0.001277923583984375,0.8536348342895508,,,-110.61688995361328,-110.61688995361328,,,-0.3800775110721588,-50.38007736206055,
reinforce,,,50.0,2,539,2.2588768677195477,6,0.001096963882446289,0.8547759056091309,,,-127.85872650146484,-127.85872650146484,,,0.5820943713188171,-49.417903900146484,
reinforce,,,50.0,2,540,1.482644437917415,7,0.0011987686157226562,0.8560159206390381,1.6957551814015872,0.3147688235289249,-80.5751724243164,-80.5751724243164,,,-0.3188903331756592,-50.31888961791992,
reinforce,,,50.0,2,541,2.031808322564939,6,0.0011899471282958984,0.8612020015716553,,,-97.2373275756836,-97.2373275756836,,,0.3951195478439331,-49.60487747192383,
reinforce,,,50.0,2,542,1.9103755223184307,7,0.0012848377227783203,0.8625428676605225,,,-108.9776382446289,-108.9776382446289,,,-0.015689773485064507,-50.015689849853516,
reinforce,,,50.0,2,543,1.49586465054195,7,0.0012600421905517578,0.8638501167297363,,,-109.88896179199219,-109.88896179199219,,,-0.29015371203422546,-50.2901496887207,
reinforce,,,50.0,2,544,1.861159915540449,6,0.0013840198516845703,0.8652839660644531,,,-166.1746368408203,-166.1746368408203,,,0.26591601967811584,-49.73408126831055,
reinforce,,,50.0,2,545,1.61443739883385,7,0.0013020038604736328,0.8666589260101318,,,-124.19719696044922,-124.19719696044922,,,-0.23906807601451874,-50.23906707763672,
reinforce,,,50.0,2,546,2.10590970669211,6,0.0010807514190673828,0.8677887916564941,,,-121.13568878173828,-121.13568878173828,,,0.45927000045776367,-49.54072952270508,
reinforce,,,50.0,2,547,1.663203064816905,7,0.0012249946594238281,0.8690609931945801,,,-89.8354263305664,-89.8354263305664,,,-0.2126239687204361,-50.21261978149414,
reinforce,,,50.0,2,548,2.0466721327676556,6,0.0010769367218017578,0.8701860904693604,,,-98.04114532470703,-98.04114532470703,,,0.40734419226646423,-49.592655181884766,
reinforce,,,50.0,2,549,1.1830548698179366,7,0.0012650489807128906,0.8715670108795166,,,-109.91692352294922,-109.91692352294922,,,-0.5056114792823792,-50.505611419677734,
reinforce,,,50.0,2,550,1.6865782534025902,7,0.0012927055358886719,0.8729097843170166,,,-119.2039566040039,-119.2039566040039,,,-0.15425348281860352,-50.15425491333008,
reinforce,,,50.0,2,551,1.4105013510153224,7,0.0012161731719970703,0.8741741180419922,,,-121.41277313232422,-121.41277313232422,,,-0.3757743239402771,-50.37577438354492,
reinforce,,,50.0,2,552,1.9305534629787908,6,0.0010390281677246094,0.8752520084381104,,,-142.60374450683594,-142.60374450683594,,,0.3652712404727936,-49.63473129272461,
reinforce,,,50.0,2,553,1.1737716071394917,7,0.0011949539184570312,0.8764920234680176,,,-110.45075225830078,-110.45075225830078,,,-0.5031598210334778,-50.50315475463867,
reinforce,,,50.0,2,554,2.1274425872645466,6,0.001096963882446289,0.8776309490203857,,,-81.86737060546875,-81.86737060546875,,,0.47242069244384766,-49.5275764465332,
reinforce,,,50.0,2,555,1.3559654155587224,7,0.001276254653930664,0.8789770603179932,,,-95.3202896118164,-95.3202896118164,,,-0.35038942098617554,-50.35039138793945,
reinforce,,,50.0,2,556,1.1521132043501323,7,0.001238107681274414,0.8802640438079834,,,-99.0259780883789,-99.0259780883789,,,-0.5358788371086121,-50.5358772277832,
reinforce,,,50.0,2,557,2.137438375875817,6,0.0010900497436523438,0.8813991546630859,,,-102.19439697265625,-102.19439697265625,,,0.48902323842048645,-49.5109748840332,
reinforce,,,50.0,2,558,1.2944893710995078,7,0.0012180805206298828,0.8826630115509033,,,-93.44031524658203,-93.44031524658203,,,-0.41635552048683167,-50.41635513305664,
reinforce,,,50.0,2,559,1.7476524428285816,7,0.001252889633178711,0.8839938640594482,,,-89.27574920654297,-89.27574920654297,,,-0.13654138147830963,-50.136539459228516,
reinforce,,,50.0,2,560,1.3933511035206192,7,0.0012362003326416016,0.8852710723876953,1.3536040522108077,0.1558925817715119,-93.18968200683594,-93.18968200683594,,,-0.32950347661972046,-50.329505920410156,
reinforce,,,50.0,2,561,1.0295489669813813,7,0.001310110092163086,0.890671968460083,,,-144.05178833007812,-144.05178833007812,,,-0.610041618347168,-50.610042572021484,
reinforce,,,50.0,2,562,1.398869838420031,7,0.0012707710266113281,0.8919928073883057,,,-149.91795349121094,-149.91795349121094,,,-0.3934559226036072,-50.393455505371094,
reinforce,,,50.0,2,563,2.2233669804063503,6,0.0011751651763916016,0.8932271003723145,,,-112.72309112548828,-112.72309112548828,,,0.5597556233406067,-49.44024658203125,
reinforce,,,50.0,2,564,1.7325933845077717,7,0.001249074935913086,0.8945369720458984,,,-136.8480987548828,-136.8480987548828,,,-0.1433091163635254,-50.143310546875,
reinforce,,,50.0,2,565,1.6827564127623542,7,0.0012331008911132812,0.8958280086517334,,,-111.61859893798828,-111.61859893798828,,,-0.1639769971370697,-50.16397476196289,
reinforce,,,50.0,2,566,1.385553598925662,7,0.0012140274047851562,0.8970839977264404,,,-99.6791763305664,-99.6791763305664,,,-0.3926467299461365,-50.39264678955078,
reinforce,,,50.0,2,567,1.4037318808244652,7,0.0012011528015136719,0.8983261585235596,,,-142.7285919189453,-142.7285919189453,,,-0.32265180349349976,-50.32265090942383,
reinforce,,,50.0,2,568,1.638417005256977,7,0.0012121200561523438,0.8995790481567383,,,-107.66972351074219,-107.66972351074219,,,-0.22780181467533112,-50.2277946472168,
reinforce,,,50.0,2,569,2.0940733589173384,6,0.0012259483337402344,0.9009108543395996,,,-94.31800079345703,-94.31800079345703,,,0.4529148042201996,-49.54708480834961,
reinforce,,,50.0,2,570,2.04713440665198,6,0.001077890396118164,0.9020528793334961,,,-163.48765563964844,-163.48765563964844,,,0.4057750999927521,-49.5942268371582,
reinforce,,,50.0,2,571,1.9759523365677136,6,0.0010838508605957031,0.9031808376312256,,,-116.50597381591797,-116.50597381591797,,,0.3618690073490143,-49.63813400268555,
reinforce,,,50.0,2,572,1.9612085726785515,6,0.0010349750518798828,0.9042561054229736,,,-197.17234802246094,-197.17234802246094,,,0.35452207922935486,-49.645477294921875,
reinforce,,,50.0,2,573,2.04227341032893,6,0.0010540485382080078,0.9053490161895752,,,-127.4150619506836,-127.4150619506836,,,0.40305161476135254,-49.59695053100586,
reinforce,,,50.0,2,574,1.5270214846197243,7,0.0012600421905517578,0.9066498279571533,,,-104.43531799316406,-104.43531799316406,,,-0.28173962235450745,-50.28173828125,
reinforce,,,50.0,2,575,1.3570252332713093,7,0.0012607574462890625,0.908045768737793,,,-130.55690002441406,-130.55690002441406,,,-0.3811103403568268,-50.38111114501953,
reinforce,,,50.0,2,576,1.232859602372443,7,0.0012311935424804688,0.9093289375305176,,,-141.22634887695312,-141.22634887695312,,,-0.48216500878334045,-50.4821662902832,
reinforce,,,50.0,2,577,1.299888818220769,7,0.0011742115020751953,0.910546064376831,,,-99.18797302246094,-99.18797302246094,,,-0.40079110860824585,-50.40079116821289,
reinforce,,,50.0,2,578,1.4766975649306544,7,0.0011799335479736328,0.9117729663848877,,,-109.81143951416016,-109.81143951416016,,,-0.3395395874977112,-50.33953857421875,
reinforce,,,50.0,2,579,1.855516828346136,6,0.0010228157043457031,0.9128708839416504,,,-115.3468017578125,-115.3468017578125,,,0.29051318764686584,-49.70948791503906,
reinforce,,,50.0,2,580,2.2100285578733683,6,0.0011272430419921875,0.914039134979248,1.6798746254836268,0.363361024724466,-115.4166259765625,-115.4166259765625,,,0.5531567931175232,-49.446842193603516,
reinforce,,,50.0,2,581,2.2177853434941586,6,0.0011491775512695312,0.9188711643218994,,,-143.6113739013672,-143.6113739013672,,,0.55740886926651,-49.44259262084961,
reinforce,,,50.0,2,582,1.7989027811126546,7,0.0012731552124023438,0.9201900959014893,,,-129.34657287597656,-129.34657287597656,,,-0.08527591079473495,-50.08527374267578,
reinforce,,,50.0,2,583,1.9378765159221416,6,0.001194000244140625,0.9214291572570801,,,-134.0990447998047,-134.0990447998047,,,0.3697431981563568,-49.630252838134766,
reinforce,,,50.0,2,584,1.3409829166958747,7,0.0012478828430175781,0.9227299690246582,,,-122.71858215332031,-122.71858215332031,,,-0.3907465934753418,-50.3907470703125,
reinforce,,,50.0,2,585,2.225260599294,6,0.0010890960693359375,0.923861026763916,,,-103.53894805908203,-103.53894805908203,,,0.5619943737983704,-49.43800354003906,
reinforce,,,50.0,2,586,2.084556862345554,6,0.0011560916900634766,0.9250750541687012,,,-140.31883239746094,-140.31883239746094,,,0.42861154675483704,-49.57139205932617,
reinforce,,,50.0,2,587,2.1972961474544555,6,0.0011131763458251953,0.9262311458587646,,,-144.92994689941406,-144.92994689941406,,,0.5457891225814819,-49.4542121887207,
reinforce,,,50.0,2,588,1.0408990933246216,7,0.0013718605041503906,0.9276449680328369,,,-173.7737274169922,-173.7737274169922,,,-0.604049026966095,-50.60404586791992,
reinforce,,,50.0,2,589,1.306734956190507,7,0.0012869834899902344,0.9289848804473877,,,-159.3468780517578,-159.3468780517578,,,-0.3979184031486511,-50.397918701171875,
reinforce,,,50.0,2,590,1.2926785776297371,7,0.001233816146850586,0.9302699565887451,,,-99.82758331298828,-99.82758331298828,,,-0.4069792330265045,-50.406982421875,
reinforce,,,50.0,2,591,1.9750044784485399,6,0.0011379718780517578,0.9314489364624023,,,-123.25753784179688,-123.25753784179688,,,0.3358232080936432,-49.6641731262207,
reinforce,,,50.0,2,592,1.7109910026359694,7,0.0012621879577636719,0.932758092880249,,,-131.20809936523438,-131.20809936523438,,,-0.1669824868440628,-50.1669807434082,
reinforce,,,50.0,2,593,1.3136163418367486,7,0.001280069351196289,0.9340810775756836,,,-86.25846862792969,-86.25846862792969,,,-0.4105208218097687,-50.4105224609375,
reinforce,,,50.0,2,594,1.511302608177855,7,0.0013659000396728516,0.9354979991912842,,,-126.82332611083984,-126.82332611083984,,,-0.2644037902355194,-50.264404296875,
reinforce,,,50.0,2,595,2.0502662621899095,6,0.001110076904296875,0.9366631507873535,,,-100.22561645507812,-100.22561645507812,,,0.4382309913635254,-49.561771392822266,
reinforce,,,50.0,2,596,1.2666862737956335,7,0.0012600421905517578,0.9379711151123047,,,-120.53688049316406,-120.53688049316406,,,-0.44785287976264954,-50.447853088378906,
reinforce,,,50.0,2,597,2.080120716795297,6,0.0010960102081298828,0.9391109943389893,,,-92.1825180053711,-92.1825180053711,,,0.4350009262561798,-49.56500244140625,
reinforce,,,50.0,2,598,1.31951648116874,7,0.0012600421905517578,0.9404120445251465,,,-82.72393798828125,-82.72393798828125,,,-0.4210362136363983,-50.42103958129883,
reinforce,,,50.0,2,599,2.0022342787017973,6,0.0012049674987792969,0.9416608810424805,,,-185.24989318847656,-185.24989318847656,,,0.40240347385406494,-49.59759521484375,
reinforce,,,50.0,2,600,1.8288157720215317,6,0.0011920928955078125,0.9429030418395996,1.4599544732264356,0.3083967279170652,-136.1525115966797,-136.1525115966797,,,0.2619151175022125,-49.73808288574219,
reinforce,,,50.0,2,601,1.8164599580478076,7,0.0012819766998291016,0.9480440616607666,,,-111.45176696777344,-111.45176696777344,,,-0.09282974898815155,-50.09283447265625,
reinforce,,,50.0,2,602,1.9893163682191952,6,0.0013570785522460938,0.949455976486206,,,-81.66654968261719,-81.66654968261719,,,0.36024782061576843,-49.63975524902344,
reinforce,,,50.0,2,603,1.3121994163073813,7,0.001260995864868164,0.9508030414581299,,,-103.57525634765625,-103.57525634765625,,,-0.42771008610725403,-50.427711486816406,
reinforce,,,50.0,2,604,1.9134370789309207,6,0.0010879039764404297,0.9519460201263428,,,-80.72631072998047,-80.72631072998047,,,0.2987752854824066,-49.70122146606445,
reinforce,,,50.0,2,605,2.0246048302706416,6,0.0011200904846191406,0.9531159400939941,,,-106.21723175048828,-106.21723175048828,,,0.3834565579891205,-49.616546630859375,
reinforce,,,50.0,2,606,1.174440377652745,7,0.0012819766998291016,0.9544398784637451,,,-132.32211303710938,-132.32211303710938,,,-0.5116565227508545,-50.51165771484375,
reinforce,,,50.0,2,607,1.323548403443134,7,0.0013670921325683594,0.9558548927307129,,,-161.4705352783203,-161.4705352783203,,,-0.39955398440361023,-50.39955520629883,
reinforce,,,50.0,2,608,2.123034136563629,6,0.0011069774627685547,0.9570300579071045,,,-87.40917205810547,-87.40917205810547,,,0.47055304050445557,-49.529449462890625,
reinforce,,,50.0,2,609,2.0176543866045833,6,0.0010852813720703125,0.9581661224365234,,,-144.06520080566406,-144.06520080566406,,,0.3788636028766632,-49.62113571166992,
reinforce,,,50.0,2,610,1.2213402802286308,7,0.001257181167602539,0.9594781398773193,,,-131.6154327392578,-131.6154327392578,,,-0.482353150844574,-50.48235321044922,
reinforce,,,50.0,2,611,1.3478806599751931,7,0.0012412071228027344,0.9607739448547363,,,-154.33609008789062,-154.33609008789062,,,-0.37643909454345703,-50.37643814086914,
reinforce,,,50.0,2,612,2.0395231603910804,6,0.0010898113250732422,0.9619119167327881,,,-113.749755859375,-113.749755859375,,,0.40095147490501404,-49.59904861450195,
reinforce,,,50.0,2,613,1.4761194636247528,7,0.0014388561248779297,0.9634058475494385,,,-117.79724884033203,-117.79724884033203,,,-0.33672985434532166,-50.33673095703125,
reinforce,,,50.0,2,614,2.117294590746353,6,0.0011472702026367188,0.9646050930023193,,,-132.13050842285156,-132.13050842285156,,,0.46792078018188477,-49.53207778930664,
reinforce,,,50.0,2,615,1.4620498156445072,7,0.0012481212615966797,0.9659140110015869,,,-176.8303985595703,-176.8303985595703,,,-0.30256399512290955,-50.30255889892578,
reinforce,,,50.0,2,616,1.9594154173267582,6,0.0011081695556640625,0.9670729637145996,,,-86.14779663085938,-86.14779663085938,,,0.37139227986335754,-49.628604888916016,
reinforce,,,50.0,2,617,1.7081219229448064,6,0.0010571479797363281,0.9681739807128906,,,-88.49703979492188,-88.49703979492188,,,0.20432095229625702,-49.79567337036133,
reinforce,,,50.0,2,618,1.7483680173511373,6,0.0011889934539794922,0.9694099426269531,,,-117.46138763427734,-117.46138763427734,,,0.21591253578662872,-49.784088134765625,
reinforce,,,50.0,2,619,2.006936380189603,6,0.0011641979217529297,0.970635175704956,,,-94.09105682373047,-94.09105682373047,,,0.40002521872520447,-49.5999755859375,
reinforce,,,50.0,2,620,1.871236540363783,6,0.0011129379272460938,0.971796989440918,1.8734261210757448,0.041626950990124104,-94.60809326171875,-94.60809326171875,,,0.2885271906852722,-49.71147537231445,
reinforce,,,50.0,2,621,1.9938315783740659,6,0.001291036605834961,0.9765579700469971,,,-113.5188217163086,-113.5188217163086,,,0.4036250114440918,-49.59637451171875,
reinforce,,,50.0,2,622,1.7253229821969411,6,0.0011210441589355469,0.9777381420135498,,,-109.36434936523438,-109.36434936523438,,,0.21365296840667725,-49.786346435546875,
reinforce,,,50.0,2,623,1.7140324670017746,6,0.0011229515075683594,0.9789168834686279,,,-102.47858428955078,-102.47858428955078,,,0.19680505990982056,-49.803192138671875,
reinforce,,,50.0,2,624,1.7475385871628042,6,0.001096963882446289,0.9800598621368408,,,-167.17782592773438,-167.17782592773438,,,0.22502417862415314,-49.77497482299805,
reinforce,,,50.0,2,625,2.1826305873376697,6,0.0011532306671142578,0.9812581539154053,,,-187.15220642089844,-187.15220642089844,,,0.5355346202850342,-49.46446228027344,
reinforce,,,50.0,2,626,1.839432980865974,6,0.0011200904846191406,0.9824230670928955,,,-134.5585479736328,-134.5585479736328,,,0.25396600365638733,-49.74603271484375,
reinforce,,,50.0,2,627,1.8504575010773716,6,0.0011692047119140625,0.9836370944976807,,,-110.32904052734375,-110.32904052734375,,,0.28779086470603943,-49.71220779418945,
reinforce,,,50.0,2,628,1.1519323769917829,7,0.0012509822845458984,0.985198974609375,,,-146.55516052246094,-146.55516052246094,,,-0.52560955286026,-50.52560806274414,
reinforce,,,50.0,2,629,1.0685357522425563,7,0.001277923583984375,0.9865207672119141,,,-114.07808685302734,-114.07808685302734,,,-0.5894692540168762,-50.58946990966797,
reinforce,,,50.0,2,630,1.8092230065433823,6,0.0010898113250732422,0.9876718521118164,,,-116.00003814697266,-116.00003814697266,,,0.2933942973613739,-49.70660400390625,
reinforce,,,50.0,2,631,1.7504790243638118,6,0.001116037368774414,0.9888319969177246,,,-134.76695251464844,-134.76695251464844,,,0.20035876333713531,-49.79963684082031,
reinforce,,,50.0,2,632,1.9146231295863876,6,0.001180887222290039,0.9900660514831543,,,-149.3471221923828,-149.3471221923828,,,0.31360185146331787,-49.6864013671875,
reinforce,,,50.0,2,633,1.686672168963822,6,0.001062154769897461,0.991178035736084,,,-86.7470474243164,-86.7470474243164,,,0.17856229841709137,-49.82143783569336,
reinforce,,,50.0,2,634,1.8199907094248307,6,0.0010380744934082031,0.9922561645507812,,,-78.97327423095703,-78.97327423095703,,,0.2882137596607208,-49.711788177490234,
reinforce,,,50.0,2,635,1.820538459890086,6,0.001024007797241211,0.9933290481567383,,,-98.84809112548828,-98.84809112548828,,,0.27012529969215393,-49.72987365722656,
reinforce,,,50.0,2,636,1.8511349247391913,6,0.0010192394256591797,0.9943881034851074,,,-105.50330352783203,-105.50330352783203,,,0.307893842458725,-49.692108154296875,
reinforce,,,50.0,2,637,1.628197463496569,6,0.0010402202606201172,0.9954681396484375,,,-171.2156982421875,-171.2156982421875,,,0.12752947211265564,-49.872467041015625,
reinforce,,,50.0,2,638,1.739013143537631,6,0.0011131763458251953,0.9966249465942383,,,-93.89642333984375,-93.89642333984375,,,0.21338210999965668,-49.786617279052734,
reinforce,,,50.0,2,639,1.6745833760791842,6,0.0011641979217529297,0.9978289604187012,,,-106.38924407958984,-106.38924407958984,,,0.17170770466327667,-49.82829284667969,
reinforce,,,50.0,2,640,1.9798784314603284,6,0.0010828971862792969,0.9989588260650635,1.7163046201821863,0.09792301034569086,-79.11306762695312,-79.11306762695312,,,0.396485835313797,-49.603515625,
reinforce,,,50.0,2,641,2.0757533743790537,6,0.0010530948638916016,1.003490924835205,,,-132.55728149414062,-132.55728149414062,,,0.4418374300003052,-49.558162689208984,
reinforce,,,50.0,2,642,1.794745404973481,6,0.0011630058288574219,1.0047008991241455,,,-115.5127944946289,-115.5127944946289,,,0.2723846733570099,-49.72761535644531,
reinforce,,,50.0,2,643,1.6866790545986583,6,0.001065969467163086,1.00581693649292,,,-108.29700469970703,-108.29700469970703,,,0.16921210289001465,-49.83078384399414,
reinforce,,,50.0,2,644,1.832892308485422,6,0.0010340213775634766,1.0068910121917725,,,-152.66465759277344,-152.66465759277344,,,0.30647966265678406,-49.69352340698242,
reinforce,,,50.0,2,645,2.1363870089919317,6,0.0010449886322021484,1.0079748630523682,,,-125.76300048828125,-125.76300048828125,,,0.48886772990226746,-49.51112747192383,
reinforce,,,50.0,2,646,1.816925800521933,6,0.0010859966278076172,1.0091211795806885,,,-149.5028533935547,-149.5028533935547,,,0.2856646478176117,-49.71433639526367,
reinforce,,,50.0,2,647,1.7996245447981534,6,0.001065969467163086,1.0102300643920898,,,-119.30065155029297,-119.30065155029297,,,0.27447253465652466,-49.725528717041016,
reinforce,,,50.0,2,648,1.7783267850351971,6,0.0013277530670166016,1.011598825454712,,,-162.42678833007812,-162.42678833007812,,,0.2654763162136078,-49.73452377319336,
reinforce,,,50.0,2,649,1.7215145865402703,6,0.0010828971862792969,1.012742042541504,,,-97.93065643310547,-97.93065643310547,,,0.20127665996551514,-49.79872131347656,
reinforce,,,50.0,2,650,1.7995443470203842,6,0.0010428428649902344,1.0138309001922607,,,-96.93183135986328,-96.93183135986328,,,0.27804121375083923,-49.72195816040039,
reinforce,,,50.0,2,651,1.7078874089477127,6,0.0010609626770019531,1.0149319171905518,,,-94.3577880859375,-94.3577880859375,,,0.19071847200393677,-49.80928039550781,
reinforce,,,50.0,2,652,1.7848568419284607,6,0.0010640621185302734,1.016118049621582,,,-102.087890625,-102.087890625,,,0.26760026812553406,-49.73240280151367,
reinforce,,,50.0,2,653,1.68657564426274,6,0.001068115234375,1.0172271728515625,,,-122.0854263305664,-122.0854263305664,,,0.18140558898448944,-49.8185920715332,
reinforce,,,50.0,2,654,1.7206724414567187,6,0.0010938644409179688,1.0183649063110352,,,-191.23016357421875,-191.23016357421875,,,0.2107006162405014,-49.789302825927734,
reinforce,,,50.0,2,655,2.2077693471575985,6,0.0010411739349365234,1.0194571018218994,,,-118.67263793945312,-118.67263793945312,,,0.5511665344238281,-49.44883346557617,
reinforce,,,50.0,2,656,1.7329625139393137,6,0.001039743423461914,1.0205378532409668,,,-94.8110580444336,-94.8110580444336,,,0.20591478049755096,-49.79408645629883,
reinforce,,,50.0,2,657,1.6847771772064002,6,0.0010402202606201172,1.021623134613037,,,-118.8877944946289,-118.8877944946289,,,0.1772361546754837,-49.8227653503418,
reinforce,,,50.0,2,658,1.8802979512739857,6,0.0010592937469482422,1.022726058959961,,,-149.82598876953125,-149.82598876953125,,,0.3360448181629181,-49.66395568847656,
reinforce,,,50.0,2,659,1.8711288165926432,6,0.0010561943054199219,1.023827075958252,,,-149.1647491455078,-149.1647491455078,,,0.3491641581058502,-49.65083694458008,
reinforce,,,50.0,2,660,1.9370192437263583,6,0.0011000633239746094,1.0249669551849365,1.74672459026824,0.09528359265763325,-82.45609283447266,-82.45609283447266,,,0.3700069487094879,-49.6299934387207,
reinforce,,,50.0,2,661,1.7908519052042589,6,0.001051187515258789,1.0296120643615723,,,-85.55545043945312,-85.55545043945312,,,0.2730347812175751,-49.72696304321289,
reinforce,,,50.0,2,662,1.7117510593288872,6,0.0010597705841064453,1.0307238101959229,,,-103.58318328857422,-103.58318328857422,,,0.19233672320842743,-49.80766296386719,
reinforce,,,50.0,2,663,1.829634848932424,6,0.0011799335479736328,1.031951904296875,,,-96.11102294921875,-96.11102294921875,,,0.29488807916641235,-49.70511245727539,
reinforce,,,50.0,2,664,1.779469924709835,6,0.0010843276977539062,1.0330991744995117,,,-143.84170532226562,-143.84170532226562,,,0.26617661118507385,-49.73382568359375,
reinforce,,,50.0,2,665,1.717000227711674,6,0.0010449886322021484,1.0341918468475342,,,-107.34046173095703,-107.34046173095703,,,0.19594021141529083,-49.80406188964844,
reinforce,,,50.0,2,666,1.5641587726245108,6,0.0010852813720703125,1.0353190898895264,,,-89.173095703125,-89.173095703125,,,0.07950108498334885,-49.92049789428711,
reinforce,,,50.0,2,667,1.807003437509401,6,0.0010848045349121094,1.0364439487457275,,,-155.36741638183594,-155.36741638183594,,,0.2909218668937683,-49.70907974243164,
reinforce,,,50.0,2,668,1.8601769963266597,6,0.0010380744934082031,1.0375308990478516,,,-95.24679565429688,-95.24679565429688,,,0.3230317533016205,-49.676971435546875,
reinforce,,,50.0,2,669,1.8418668558753286,6,0.0010340213775634766,1.038606882095337,,,-100.72847747802734,-100.72847747802734,,,0.31147563457489014,-49.68852233886719,
reinforce,,,50.0,2,670,1.7529877966928145,6,0.0010840892791748047,1.0397999286651611,,,-103.47772216796875,-103.47772216796875,,,0.22824108600616455,-49.771759033203125,
reinforce,,,50.0,2,671,1.679381475979867,6,0.0010628700256347656,1.0409119129180908,,,-75.53707885742188,-75.53707885742188,,,0.17289644479751587,-49.82710647583008,
reinforce,,,50.0,2,672,1.7889797559710208,6,0.0010771751403808594,1.0420820713043213,,,-73.40290832519531,-73.40290832519531,,,0.26890668272972107,-49.7310905456543,
reinforce,,,50.0,2,673,2.0543840895903784,6,0.0010459423065185547,1.0431718826293945,,,-105.52863311767578,-105.52863311767578,,,0.440408319234848,-49.55958938598633,
reinforce,,,50.0,2,674,1.7988978168433905,6,0.0010197162628173828,1.0442419052124023,,,-85.15432739257812,-85.15432739257812,,,0.24621380865573883,-49.7537841796875,
reinforce,,,50.0,2,675,1.8061592857707527,6,0.0010418891906738281,1.0453288555145264,,,-98.23847198486328,-98.23847198486328,,,0.2795912027359009,-49.72040939331055,
reinforce,,,50.0,2,676,1.8531166147662534,6,0.0010869503021240234,1.0464599132537842,,,-73.07306671142578,-73.07306671142578,,,0.31898435950279236,-49.68101501464844,
reinforce,,,50.0,2,677,1.9115815083423946,6,0.001013040542602539,1.0475139617919922,,,-95.97248077392578,-95.97248077392578,,,0.32379150390625,-49.67620849609375,
reinforce,,,50.0,2,678,1.4189147766434365,7,0.0012748241424560547,1.0488348007202148,,,-118.778564453125,-118.778564453125,,,-0.33376145362854004,-50.333763122558594,
reinforce,,,50.0,2,679,1.1714964347982206,7,0.0011970996856689453,1.0500810146331787,,,-136.1644744873047,-136.1644744873047,,,-0.5139099955558777,-50.51390838623047,
reinforce,,,50.0,2,680,2.0053652731024174,6,0.0010700225830078125,1.0511910915374756,1.840228744959191,0.06270629909207107,-126.69437408447266,-126.69437408447266,,,0.37938162684440613,-49.62062072753906,
reinforce,,,50.0,2,681,2.244542192270584,6,0.001135110855102539,1.056020975112915,,,-124.64063262939453,-124.64063262939453,,,0.571625292301178,-49.428375244140625,
reinforce,,,50.0,2,682,1.7980771922758034,6,0.0010983943939208984,1.057164192199707,,,-160.26361083984375,-160.26361083984375,,,0.2572444975376129,-49.74275588989258,
reinforce,,,50.0,2,683,2.0804617161371706,6,0.0011222362518310547,1.0583341121673584,,,-130.4324188232422,-130.4324188232422,,,0.45511749386787415,-49.54487991333008,
reinforce,,,50.0,2,684,1.737201118558576,6,0.0012278556823730469,1.0596108436584473,,,-128.80364990234375,-128.80364990234375,,,0.18415145576000214,-49.81584548950195,
reinforce,,,50.0,2,685,1.9632119998024997,6,0.0011320114135742188,1.0608010292053223,,,-99.5457992553711,-99.5457992553711,,,0.35772958397865295,-49.642269134521484,
reinforce,,,50.0,2,686,1.7000150276435864,6,0.0011019706726074219,1.061957836151123,,,-126.92899322509766,-126.92899322509766,,,0.18584080040454865,-49.81415939331055,
reinforce,,,50.0,2,687,1.8254213871471212,6,0.0010800361633300781,1.0630810260772705,,,-64.26776885986328,-64.26776885986328,,,0.30179980397224426,-49.69819641113281,
reinforce,,,50.0,2,688,1.8647938276693625,6,0.0010981559753417969,1.0642220973968506,,,-66.83692932128906,-66.83692932128906,,,0.2945331037044525,-49.70546340942383,
reinforce,,,50.0,2,689,1.8345662811728058,6,0.0010938644409179688,1.0653579235076904,,,-183.12635803222656,-183.12635803222656,,,0.3073106110095978,-49.69268798828125,
reinforce,,,50.0,2,690,2.027568220743613,6,0.0012879371643066406,1.0667290687561035,,,-137.0310516357422,-137.0310516357422,,,0.4149456322193146,-49.585052490234375,
reinforce,,,50.0,2,691,2.131024707096203,6,0.0010890960693359375,1.06787109375,,,-104.8903579711914,-104.8903579711914,,,0.4529293477535248,-49.54706954956055,
reinforce,,,50.0,2,692,1.8058252249769033,6,0.00109100341796875,1.0690069198608398,,,-122.179931640625,-122.179931640625,,,0.28026774525642395,-49.719730377197266,
reinforce,,,50.0,2,693,1.9440744714809997,6,0.0010797977447509766,1.0701367855072021,,,-105.244384765625,-105.244384765625,,,0.3445679247379303,-49.65542984008789,
reinforce,,,50.0,2,694,1.603057259316548,6,0.00109100341796875,1.0712718963623047,,,-91.80876922607422,-91.80876922607422,,,0.10290255397558212,-49.897098541259766,
reinforce,,,50.0,2,695,1.8611194504221615,6,0.0011429786682128906,1.072455883026123,,,-130.6616973876953,-130.6616973876953,,,0.3227061331272125,-49.67729568481445,
reinforce,,,50.0,2,696,1.8334003035294135,6,0.0011172294616699219,1.0736210346221924,,,-144.7284393310547,-144.7284393310547,,,0.29545143246650696,-49.70454406738281,
reinforce,,,50.0,2,697,1.96526514525428,6,0.0011208057403564453,1.0747888088226318,,,-122.8205795288086,-122.8205795288086,,,0.37572407722473145,-49.6242790222168,
reinforce,,,50.0,2,698,2.129723357645246,6,0.001127004623413086,1.075963020324707,,,-144.86062622070312,-144.86062622070312,,,0.4845364987850189,-49.51546096801758,
reinforce,,,50.0,2,699,1.7077308110390266,6,0.0011293888092041016,1.0771431922912598,,,-111.70475006103516,-111.70475006103516,,,0.19200684130191803,-49.8079948425293,
reinforce,,,50.0,2,700,1.9347580447190598,6,0.0011248588562011719,1.078320026397705,1.7647396157209332,0.03168457211850631,-106.85677337646484,-106.85677337646484,,,0.3582277297973633,-49.64177322387695,
reinforce,,,50.0,2,701,1.8007804872179196,6,0.001111745834350586,1.0830538272857666,,,-119.39827728271484,-119.39827728271484,,,0.28699031472206116,-49.7130126953125,
reinforce,,,50.0,2,702,1.7331385824175773,6,0.0011000633239746094,1.0842030048370361,,,-88.66537475585938,-88.66537475585938,,,0.2163611650466919,-49.78364181518555,
reinforce,,,50.0,2,703,1.7553274534942942,6,0.0011022090911865234,1.0853509902954102,,,-122.70465087890625,-122.70465087890625,,,0.230680450797081,-49.769317626953125,
reinforce,,,50.0,2,704,1.7173706734323657,6,0.0011479854583740234,1.0865440368652344,,,-101.2919921875,-101.2919921875,,,0.18155892193317413,-49.81843948364258,
reinforce,,,50.0,2,705,1.7503553756175452,6,0.0011050701141357422,1.0877020359039307,,,-87.533447265625,-87.533447265625,,,0.19898326694965363,-49.8010139465332,
reinforce,,,50.0,2,706,1.9817827117782147,6,0.0010807514190673828,1.0888347625732422,,,-123.9315414428711,-123.9315414428711,,,0.3859168291091919,-49.61408615112305,
reinforce,,,50.0,2,707,1.787275217926539,6,0.0011038780212402344,1.089986801147461,,,-109.23780059814453,-109.23780059814453,,,0.2676849663257599,-49.73231506347656,
reinforce,,,50.0,2,708,1.6081595413565786,6,0.0010650157928466797,1.0910930633544922,,,-95.68094635009766,-95.68094635009766,,,0.11307138204574585,-49.88692855834961,
reinforce,,,50.0,2,709,1.7464814573334067,6,0.001104116439819336,1.092245101928711,,,-123.5213623046875,-123.5213623046875,,,0.22429001331329346,-49.77571105957031,
reinforce,,,50.0,2,710,2.152748073779553,6,0.0012028217315673828,1.0934958457946777,,,-159.3552703857422,-159.3552703857422,,,0.48794782161712646,-49.51205062866211,
reinforce,,,50.0,2,711,1.7203697155522504,6,0.0011260509490966797,1.0946769714355469,,,-80.3995590209961,-80.3995590209961,,,0.21068674325942993,-49.789310455322266,
reinforce,,,50.0,2,712,1.6816632864041754,6,0.0010890960693359375,1.0958139896392822,,,-110.36780548095703,-110.36780548095703,,,0.17535191774368286,-49.82464599609375,
reinforce,,,50.0,2,713,1.8055446862616058,6,0.0010988712310791016,1.0969548225402832,,,-126.51935577392578,-126.51935577392578,,,0.24877701699733734,-49.751220703125,
reinforce,,,50.0,2,714,1.8622211218330929,6,0.0010612010955810547,1.0980570316314697,,,-127.4940414428711,-127.4940414428711,,,0.3245142698287964,-49.67548751831055,
reinforce,,,50.0,2,715,1.8399846913350775,6,0.0011048316955566406,1.099207878112793,,,-123.18000030517578,-123.18000030517578,,,0.31081464886665344,-49.68918228149414,
reinforce,,,50.0,2,716,1.733434787290617,6,0.0010988712310791016,1.1003530025482178,,,-120.96056365966797,-120.96056365966797,,,0.21649374067783356,-49.78350830078125,
reinforce,,,50.0,2,717,1.8849246432527536,6,0.0012028217315673828,1.1015989780426025,,,-104.18956756591797,-104.18956756591797,,,0.32858648896217346,-49.671417236328125,
reinforce,,,50.0,2,718,1.645996520876533,6,0.0012159347534179688,1.1028821468353271,,,-106.41363525390625,-106.41363525390625,,,0.1384645253419876,-49.86153793334961,
reinforce,,,50.0,2,719,1.739147716525383,6,0.0010979175567626953,1.1040279865264893,,,-134.58871459960938,-134.58871459960938,,,0.22097371518611908,-49.77902603149414,
reinforce,,,50.0,2,720,1.7780501296035192,6,0.0011439323425292969,1.1052229404449463,1.7764620713762764,0.09747374773224342,-65.43880462646484,-65.43880462646484,,,0.2626470625400543,-49.73735046386719,
reinforce,,,50.0,2,721,2.0143971138494914,6,0.0012888908386230469,1.1104137897491455,,,-88.13955688476562,-88.13955688476562,,,0.4340914189815521,-49.5659065246582,
reinforce,,,50.0,2,722,1.920574323774381,6,0.0012369155883789062,1.111717939376831,,,-132.99571228027344,-132.99571228027344,,,0.3790777027606964,-49.62092208862305,
reinforce,,,50.0,2,723,1.6286897809060383,6,0.0011529922485351562,1.1129350662231445,,,-106.77886199951172,-106.77886199951172,,,0.12703748047351837,-49.87295913696289,
reinforce,,,50.0,2,724,1.7299392973048338,6,0.001094818115234375,1.114074945449829,,,-84.7958984375,-84.7958984375,,,0.2065221518278122,-49.79347610473633,
reinforce,,,50.0,2,725,1.6656953849862657,6,0.0014209747314453125,1.1155469417572021,,,-135.6616973876953,-135.6616973876953,,,0.1478731483221054,-49.85212707519531,
reinforce,,,50.0,2,726,1.7104712989187643,6,0.0011548995971679688,1.1167728900909424,,,-148.5157012939453,-148.5157012939453,,,0.19379450380802155,-49.80620193481445,
reinforce,,,50.0,2,727,1.6811137075894236,6,0.001110076904296875,1.1179311275482178,,,-93.32869720458984,-93.32869720458984,,,0.1752656102180481,-49.824737548828125,
reinforce,,,50.0,2,728,1.6189653888866347,6,0.0010759830474853516,1.1190509796142578,,,-115.01336669921875,-115.01336669921875,,,0.12122395634651184,-49.8787727355957,
reinforce,,,50.0,2,729,1.7486067572899835,6,0.0010709762573242188,1.1201629638671875,,,-102.89971160888672,-102.89971160888672,,,0.2278074026107788,-49.77219009399414,
reinforce,,,50.0,2,730,1.830762500318999,6,0.0011909008026123047,1.121406078338623,,,-119.73152923583984,-119.73152923583984,,,0.30644622445106506,-49.69355773925781,
reinforce,,,50.0,2,731,1.670923596891742,6,0.0011699199676513672,1.1226649284362793,,,-171.4103546142578,-171.4103546142578,,,0.160617858171463,-49.83938217163086,
reinforce,,,50.0,2,732,1.5740443005247025,6,0.001138925552368164,1.1238689422607422,,,-125.75952911376953,-125.75952911376953,,,0.08584070205688477,-49.91415786743164,
reinforce,,,50.0,2,733,1.9060485157803555,6,0.0011210441589355469,1.1250419616699219,,,-121.82540130615234,-121.82540130615234,,,0.30357420444488525,-49.69642639160156,
reinforce,,,50.0,2,734,1.7999368046342399,6,0.0010819435119628906,1.1261699199676514,,,-117.2448959350586,-117.2448959350586,,,0.2864823043346405,-49.71351623535156,
reinforce,,,50.0,2,735,1.7979751568155107,6,0.0011887550354003906,1.1274068355560303,,,-124.4499740600586,-124.4499740600586,,,0.27590692043304443,-49.724090576171875,
reinforce,,,50.0,2,736,1.5908767172094707,6,0.0013041496276855469,1.12876296043396,,,-81.5572280883789,-81.5572280883789,,,0.10290557146072388,-49.8970947265625,
reinforce,,,50.0,2,737,1.7105436745688534,6,0.0011188983917236328,1.1299490928649902,,,-118.53121948242188,-118.53121948242188,,,0.1944061517715454,-49.80559158325195,
reinforce,,,50.0,2,738,1.5994894813863882,6,0.0010962486267089844,1.1310951709747314,,,-95.1385726928711,-95.1385726928711,,,0.1071854829788208,-49.8928108215332,
reinforce,,,50.0,2,739,1.638293531514812,6,0.0010712146759033203,1.1322100162506104,,,-129.7612762451172,-129.7612762451172,,,0.13073784112930298,-49.8692626953125,
reinforce,,,50.0,2,740,1.6840139208214837,6,0.001085042953491211,1.1333439350128174,1.7986293599400305,0.05615640230742866,-81.35887908935547,-81.35887908935547,,,0.1780334711074829,-49.821964263916016,
reinforce,,,50.0,2,741,1.6954768974927987,6,0.0011398792266845703,1.1383109092712402,,,-171.5272674560547,-171.5272674560547,,,0.1846880316734314,-49.8153076171875,
reinforce,,,50.0,2,742,1.674631261015381,6,0.0010988712310791016,1.1394639015197754,,,-120.96427154541016,-120.96427154541016,,,0.17234615981578827,-49.82765197753906,
reinforce,,,50.0,2,743,1.7913840950658162,6,0.001088857650756836,1.140599012374878,,,-106.867431640625,-106.867431640625,,,0.27299296855926514,-49.72700500488281,
reinforce,,,50.0,2,744,1.6179090564822978,6,0.0011568069458007812,1.141798973083496,,,-89.92059326171875,-89.92059326171875,,,0.12070956081151962,-49.87929153442383,
reinforce,,,50.0,2,745,1.8129760704651934,6,0.0011048316955566406,1.142948865890503,,,-141.96531677246094,-141.96531677246094,,,0.25653275847435,-49.74346923828125,
reinforce,,,50.0,2,746,2.028322511186186,6,0.0011031627655029297,1.1441080570220947,,,-107.57747650146484,-107.57747650146484,,,0.4430886507034302,-49.55691146850586,
reinforce,,,50.0,2,747,1.7938625196456879,6,0.0011081695556640625,1.1452691555023193,,,-114.97318267822266,-114.97318267822266,,,0.27415868639945984,-49.72584533691406,
reinforce,,,50.0,2,748,1.852318153457741,6,0.0010960102081298828,1.1464080810546875,,,-188.0082550048828,-188.0082550048828,,,0.31866711378097534,-49.68133544921875,
reinforce,,,50.0,2,749,1.7003311859443595,6,0.0010690689086914062,1.1475200653076172,,,-112.6514892578125,-112.6514892578125,,,0.18545310199260712,-49.81454849243164,
reinforce,,,50.0,2,750,1.9577936316435205,6,0.0011031627655029297,1.1486690044403076,,,-173.8311767578125,-173.8311767578125,,,0.3512965738773346,-49.64870071411133,
reinforce,,,50.0,2,751,1.833908652623326,6,0.0012421607971191406,1.1499531269073486,,,-94.43099212646484,-94.43099212646484,,,0.3072429895401001,-49.692752838134766,
reinforce,,,50.0,2,752,1.7202138746240176,6,0.001130819320678711,1.1511387825012207,,,-126.68707275390625,-126.68707275390625,,,0.21144725382328033,-49.78855514526367,
reinforce,,,50.0,2,753,1.8235942026466627,6,0.0010821819305419922,1.1522629261016846,,,-102.73889923095703,-102.73889923095703,,,0.29034164547920227,-49.709659576416016,
reinforce,,,50.0,2,754,1.8812924050197142,6,0.001107931137084961,1.1534180641174316,,,-90.69245147705078,-90.69245147705078,,,0.3554874658584595,-49.64451217651367,
reinforce,,,50.0,2,755,1.7445154807803107,6,0.001081705093383789,1.1545438766479492,,,-107.5516586303711,-107.5516586303711,,,0.225022554397583,-49.77497482299805,
reinforce,,,50.0,2,756,1.6344438089726692,6,0.0011439323425292969,1.1557319164276123,,,-122.02469635009766,-122.02469635009766,,,0.12869174778461456,-49.871307373046875,
reinforce,,,50.0,2,757,1.837279535846952,6,0.0011529922485351562,1.1569349765777588,,,-66.06893920898438,-66.06893920898438,,,0.3094600439071655,-49.6905403137207,
reinforce,,,50.0,2,758,1.7742818195523604,6,0.0011777877807617188,1.158167839050293,,,-133.7869873046875,-133.7869873046875,,,0.26181039214134216,-49.738189697265625,
reinforce,,,50.0,2,759,1.8232696177056371,6,0.0011439323425292969,1.1593589782714844,,,-87.58355712890625,-87.58355712890625,,,0.28951555490493774,-49.710479736328125,
reinforce,,,50.0,2,760,1.787151429572899,6,0.001094818115234375,1.1604969501495361,1.7491994784661888,0.10894195305757022,-81.46796417236328,-81.46796417236328,,,0.26940691471099854,-49.7305908203125,
reinforce,,,50.0,2,761,1.732352807952989,6,0.0011560916900634766,1.16532301902771,,,-143.09666442871094,-143.09666442871094,,,0.21705742180347443,-49.78294372558594,
reinforce,,,50.0,2,762,1.8056892278360845,6,0.001119852066040039,1.1664869785308838,,,-80.83142852783203,-80.83142852783203,,,0.27982014417648315,-49.720184326171875,
reinforce,,,50.0,2,763,1.8752155363001692,6,0.0011157989501953125,1.167651891708374,,,-136.84878540039062,-136.84878540039062,,,0.3215968608856201,-49.67840576171875,
reinforce,,,50.0,2,764,1.63614223292987,6,0.0010988712310791016,1.1687917709350586,,,-106.85379028320312,-106.85379028320312,,,0.13129764795303345,-49.86870193481445,
reinforce,,,50.0,2,765,1.9743955625324008,6,0.0011188983917236328,1.1699559688568115,,,-94.14360809326172,-94.14360809326172,,,0.4112725257873535,-49.58872985839844,
reinforce,,,50.0,2,766,1.6709773223588058,6,0.0012669563293457031,1.1712679862976074,,,-145.057373046875,-145.057373046875,,,0.16846363246440887,-49.831539154052734,
reinforce,,,50.0,2,767,1.7133898045639135,6,0.0011830329895019531,1.172523021697998,,,-94.004638671875,-94.004638671875,,,0.20492829382419586,-49.795074462890625,
reinforce,,,50.0,2,768,1.6207459314884713,6,0.0011153221130371094,1.1736841201782227,,,-130.69544982910156,-130.69544982910156,,,0.12110994011163712,-49.87889099121094,
reinforce,,,50.0,2,769,1.7654123055826823,6,0.0010843276977539062,1.1748161315917969,,,-122.2202377319336,-122.2202377319336,,,0.20894360542297363,-49.79105758666992,
reinforce,,,50.0,2,770,1.8537033641529221,6,0.0010750293731689453,1.1759319305419922,,,-169.50242614746094,-169.50242614746094,,,0.31975480914115906,-49.68024826049805,
reinforce,,,50.0,2,771,1.8314968457877892,6,0.0010819435119628906,1.1770570278167725,,,-89.79778289794922,-89.79778289794922,,,0.3059850037097931,-49.69401550292969,
reinforce,,,50.0,2,772,1.8626534304577191,6,0.0013511180877685547,1.178447961807251,,,-91.9070816040039,-91.9070816040039,,,0.3136002719402313,-49.6864013671875,
reinforce,,,50.0,2,773,1.8054548541326536,6,0.0011751651763916016,1.1797001361846924,,,-95.24121856689453,-95.24121856689453,,,0.2801204323768616,-49.719879150390625,
reinforce,,,50.0,2,774,2.060119852130275,6,0.0011126995086669922,1.1808557510375977,,,-91.02210235595703,-91.02210235595703,,,0.43037185072898865,-49.56962966918945,
reinforce,,,50.0,2,775,1.704621816856496,6,0.001107931137084961,1.182016134262085,,,-123.5861587524414,-123.5861587524414,,,0.18987886607646942,-49.81011962890625,
reinforce,,,50.0,2,776,1.9361873653440038,6,0.0010828971862792969,1.1831388473510742,,,-101.83390045166016,-101.83390045166016,,,0.3564436435699463,-49.6435546875,
reinforce,,,50.0,2,777,1.8162930655649283,6,0.0011909008026123047,1.184380054473877,,,-164.58111572265625,-164.58111572265625,,,0.29706871509552,-49.70293045043945,
reinforce,,,50.0,2,778,1.8613581650656335,6,0.001165151596069336,1.1856510639190674,,,-111.4466323852539,-111.4466323852539,,,0.3225569427013397,-49.67744064331055,
reinforce,,,50.0,2,779,1.8570303368078276,6,0.0011022090911865234,1.1868040561676025,,,-142.73731994628906,-142.73731994628906,,,0.2916145622730255,-49.70838928222656,
reinforce,,,50.0,2,780,1.471859314753735,7,0.0012657642364501953,1.188114881515503,1.7946531462356627,0.04009764853887547,-164.74681091308594,-164.74681091308594,,,-0.28464609384536743,-50.284645080566406,
reinforce,,,50.0,2,781,1.9048209694259317,6,0.001107931137084961,1.1929888725280762,,,-119.14947509765625,-119.14947509765625,,,0.34907951951026917,-49.65092086791992,
reinforce,,,50.0,2,782,1.8148759896652482,6,0.001071929931640625,1.194108009338379,,,-118.7786636352539,-118.7786636352539,,,0.2855851352214813,-49.714412689208984,
reinforce,,,50.0,2,783,1.920722253337692,6,0.0010879039764404297,1.1952447891235352,,,-113.42633056640625,-113.42633056640625,,,0.3205532729625702,-49.679443359375,
reinforce,,,50.0,2,784,1.86512757240642,6,0.0010731220245361328,1.1963610649108887,,,-92.89766693115234,-92.89766693115234,,,0.31538066267967224,-49.68461990356445,
reinforce,,,50.0,2,785,1.7832478456719376,6,0.0012500286102294922,1.1976590156555176,,,-137.14788818359375,-137.14788818359375,,,0.22041945159435272,-49.77958297729492,
reinforce,,,50.0,2,786,1.2908696218445495,7,0.0012710094451904297,1.1989850997924805,,,-103.5599365234375,-103.5599365234375,,,-0.4179849624633789,-50.41798782348633,
reinforce,,,50.0,2,787,1.9226913099556637,6,0.0010962486267089844,1.2001290321350098,,,-147.88377380371094,-147.88377380371094,,,0.378884881734848,-49.62111282348633,
reinforce,,,50.0,2,788,1.782766262536517,6,0.0010938644409179688,1.2012648582458496,,,-100.80782318115234,-100.80782318115234,,,0.2194291353225708,-49.780574798583984,
reinforce,,,50.0,2,789,1.8028787954242227,6,0.0011053085327148438,1.2024121284484863,,,-155.1717529296875,-155.1717529296875,,,0.2889735698699951,-49.711029052734375,
reinforce,,,50.0,2,790,1.561637400868205,6,0.0012359619140625,1.2036948204040527,,,-97.49910736083984,-97.49910736083984,,,0.07887396216392517,-49.92112731933594,
reinforce,,,50.0,2,791,1.9129189787447702,6,0.0011298656463623047,1.2048919200897217,,,-109.01634979248047,-109.01634979248047,,,0.32496991753578186,-49.67502975463867,
reinforce,,,50.0,2,792,1.1736214013736956,7,0.0013780593872070312,1.2063210010528564,,,-111.46114349365234,-111.46114349365234,,,-0.504844069480896,-50.50484848022461,
reinforce,,,50.0,2,793,1.2447546649570467,7,0.0012540817260742188,1.207624912261963,,,-84.93843841552734,-84.93843841552734,,,-0.4517996907234192,-50.45180130004883,
reinforce,,,50.0,2,794,1.0313344839551037,7,0.0012507438659667969,1.2089219093322754,,,-94.92642974853516,-94.92642974853516,,,-0.6162384748458862,-50.61623764038086,
reinforce,,,50.0,2,795,1.9533190585399673,6,0.0010728836059570312,1.2100398540496826,,,-137.39215087890625,-137.39215087890625,,,0.35957205295562744,-49.64043045043945,
reinforce,,,50.0,2,796,1.9433285900500215,6,0.0010478496551513672,1.211129903793335,,,-117.865966796875,-117.865966796875,,,0.36212313175201416,-49.63787841796875,
reinforce,,,50.0,2,797,1.8611382773923173,6,0.0011620521545410156,1.2123329639434814,,,-107.49523162841797,-107.49523162841797,,,0.3230268657207489,-49.67697525024414,
reinforce,,,50.0,2,798,1.832034593882594,6,0.0010991096496582031,1.2134759426116943,,,-112.8466796875,-112.8466796875,,,0.26585888862609863,-49.7341423034668,
reinforce,,,50.0,2,799,1.8910722907687567,6,0.0010881423950195312,1.2146110534667969,,,-81.36534881591797,-81.36534881591797,,,0.360969215631485,-49.6390266418457,
reinforce,,,50.0,2,800,1.8770846935054946,6,0.0010797977447509766,1.2157678604125977,1.8775108882906735,0.06674105495367669,-143.2660369873047,-143.2660369873047,,,0.32355135679244995,-49.67645263671875,
reinforce,,,50.0,2,801,1.7186901574681923,6,0.0011129379272460938,1.2205169200897217,,,-140.86639404296875,-140.86639404296875,,,0.19707798957824707,-49.802921295166016,
reinforce,,,50.0,2,802,1.8440826594375541,6,0.0011141300201416016,1.2216839790344238,,,-103.3110580444336,-103.3110580444336,,,0.30493268370628357,-49.695068359375,
reinforce,,,50.0,2,803,2.035271113895675,6,0.0011038780212402344,1.2228338718414307,,,-140.23306274414062,-140.23306274414062,,,0.397662878036499,-49.60233688354492,
reinforce,,,50.0,2,804,1.9737150193725155,6,0.0010709762573242188,1.223949909210205,,,-89.60492706298828,-89.60492706298828,,,0.3541807234287262,-49.645816802978516,
reinforce,,,50.0,2,805,1.860554461888341,6,0.0010709762573242188,1.2250659465789795,,,-97.76885986328125,-97.76885986328125,,,0.2667923867702484,-49.733211517333984,
reinforce,,,50.0,2,806,1.11820892316357,7,0.0013587474822998047,1.2264788150787354,,,-132.74969482421875,-132.74969482421875,,,-0.547638475894928,-50.547637939453125,
reinforce,,,50.0,2,807,1.9804901944412858,6,0.0011241436004638672,1.227668046951294,,,-115.37844848632812,-115.37844848632812,,,0.3854215145111084,-49.61458206176758,
reinforce,,,50.0,2,808,1.9691687720437534,6,0.0010869503021240234,1.2287969589233398,,,-97.4065170288086,-97.4065170288086,,,0.4080406725406647,-49.59196090698242,
reinforce,,,50.0,2,809,1.4711345495620805,7,0.001280069351196289,1.2301220893859863,,,-178.0502166748047,-178.0502166748047,,,-0.31650489568710327,-50.31650161743164,
reinforce,,,50.0,2,810,1.9179071229905675,6,0.001074075698852539,1.2312400341033936,,,-109.15969848632812,-109.15969848632812,,,0.346963495016098,-49.65303421020508,
reinforce,,,50.0,2,811,1.9160093885543865,6,0.0011489391326904297,1.232435941696167,,,-136.130859375,-136.130859375,,,0.32673048973083496,-49.67326736450195,
reinforce,,,50.0,2,812,1.7230299105811822,6,0.0012421607971191406,1.233719825744629,,,-162.68539428710938,-162.68539428710938,,,0.20932061970233917,-49.790679931640625,
reinforce,,,50.0,2,813,1.8900232864304578,6,0.0010900497436523438,1.234868049621582,,,-110.0229263305664,-110.0229263305664,,,0.31191563606262207,-49.68808364868164,
reinforce,,,50.0,2,814,1.995917736276922,6,0.0010728836059570312,1.2359850406646729,,,-124.0903091430664,-124.0903091430664,,,0.403151273727417,-49.59684753417969,
reinforce,,,50.0,2,815,1.9519376004438898,6,0.0010597705841064453,1.237090826034546,,,-145.31915283203125,-145.31915283203125,,,0.3386165201663971,-49.661380767822266,
reinforce,,,50.0,2,816,1.9386265817686867,6,0.001077890396118164,1.2382159233093262,,,-115.41284942626953,-115.41284942626953,,,0.40001940727233887,-49.599979400634766,
reinforce,,,50.0,2,817,1.988888263646984,6,0.0011267662048339844,1.2393898963928223,,,-113.08203887939453,-113.08203887939453,,,0.40030553936958313,-49.59969711303711,
reinforce,,,50.0,2,818,1.9057014565601917,6,0.0012271404266357422,1.2406620979309082,,,-76.45597076416016,-76.45597076416016,,,0.296394020318985,-49.703609466552734,
reinforce,,,50.0,2,819,1.3193207710965846,7,0.0012500286102294922,1.2419631481170654,,,-157.05606079101562,-157.05606079101562,,,-0.40061187744140625,-50.40060806274414,
reinforce,,,50.0,2,820,2.034970967753681,6,0.0011239051818847656,1.2431309223175049,1.920793892235297,0.07798663137653843,-135.183349609375,-135.183349609375,,,0.4279673993587494,-49.5720329284668,
reinforce,,,50.0,2,821,1.902768564645293,6,0.0011477470397949219,1.2480509281158447,,,-103.2832260131836,-103.2832260131836,,,0.3225194215774536,-49.6774787902832,
reinforce,,,50.0,2,822,1.7584484787347339,6,0.0010790824890136719,1.2491850852966309,,,-77.58980560302734,-77.58980560302734,,,0.2212628275156021,-49.77873611450195,
reinforce,,,50.0,2,823,1.9582285781238566,6,0.0010771751403808594,1.25030517578125,,,-102.89837646484375,-102.89837646484375,,,0.3716178834438324,-49.62838363647461,
reinforce,,,50.0,2,824,2.1531506327878853,6,0.001127004623413086,1.2514820098876953,,,-126.7021484375,-126.7021484375,,,0.4989151954650879,-49.5010871887207,
reinforce,,,50.0,2,825,1.4339125415326273,7,0.001245260238647461,1.2527801990509033,,,-125.54801940917969,-125.54801940917969,,,-0.33057668805122375,-50.3305778503418,
reinforce,,,50.0,2,826,1.826716799808304,6,0.0011491775512695312,1.2539730072021484,,,-123.58658599853516,-123.58658599853516,,,0.2918729782104492,-49.708126068115234,
reinforce,,,50.0,2,827,2.195075334870249,6,0.0011320114135742188,1.255190134048462,,,-112.08683013916016,-112.08683013916016,,,0.5328059792518616,-49.467193603515625,
reinforce,,,50.0,2,828,1.790924613727474,6,0.0010991096496582031,1.2563400268554688,,,-104.25586700439453,-104.25586700439453,,,0.24283380806446075,-49.75716781616211,
reinforce,,,50.0,2,829,1.716054670642543,6,0.001127004623413086,1.2575089931488037,,,-189.1647491455078,-189.1647491455078,,,0.19601690769195557,-49.803985595703125,
reinforce,,,50.0,2,830,2.0879852302453985,6,0.0011279582977294922,1.2586829662322998,,,-127.21002197265625,-127.21002197265625,,,0.449472576379776,-49.5505256652832,
reinforce,,,50.0,2,831,1.8408371891222934,6,0.0010859966278076172,1.2598140239715576,,,-129.37013244628906,-129.37013244628906,,,0.30128464102745056,-49.69871520996094,
reinforce,,,50.0,2,832,1.5493639948668299,7,0.0015778541564941406,1.261436939239502,,,-117.8322982788086,-117.8322982788086,,,-0.23036997020244598,-50.23037338256836,
reinforce,,,50.0,2,833,1.930935710527827,6,0.0011191368103027344,1.2626190185546875,,,-111.1678695678711,-111.1678695678711,,,0.3145902156829834,-49.68540954589844,
reinforce,,,50.0,2,834,1.42981151813212,7,0.0012919902801513672,1.263956069946289,,,-126.52635955810547,-126.52635955810547,,,-0.35351401567459106,-50.353511810302734,
reinforce,,,50.0,2,835,1.8023796658391495,6,0.0010900497436523438,1.2651028633117676,,,-106.56818389892578,-106.56818389892578,,,0.28726205229759216,-49.712738037109375,
reinforce,,,50.0,2,836,1.90740146431635,6,0.0010869503021240234,1.2662339210510254,,,-133.22669982910156,-133.22669982910156,,,0.3150201141834259,-49.68498229980469,
reinforce,,,50.0,2,837,1.896022267835335,6,0.0010898113250732422,1.2673728466033936,,,-86.98722076416016,-86.98722076416016,,,0.3032481074333191,-49.69675064086914,
reinforce,,,50.0,2,838,1.6658836337857597,6,0.0012271404266357422,1.2686421871185303,,,-121.74947357177734,-121.74947357177734,,,0.16577990353107452,-49.8342170715332,
reinforce,,,50.0,2,839,1.903738636078829,6,0.0010960102081298828,1.2697949409484863,,,-85.47742462158203,-85.47742462158203,,,0.3102864623069763,-49.68971252441406,
reinforce,,,50.0,2,840,1.9243123024602284,6,0.0011489391326904297,1.270993947982788,1.9392574894264336,0.3223351976703992,-80.64712524414062,-80.64712524414062,,,0.33151236176490784,-49.668487548828125,
reinforce,,,50.0,2,841,1.193775338409599,7,0.0014269351959228516,1.2761380672454834,,,-101.13460540771484,-101.13460540771484,,,-0.5061535239219666,-50.50615310668945,
reinforce,,,50.0,2,842,1.607174508022894,6,0.0011000633239746094,1.277297019958496,,,-103.4319076538086,-103.4319076538086,,,0.11241555213928223,-49.88758850097656,
reinforce,,,50.0,2,843,2.248912396864827,6,0.0010838508605957031,1.27842378616333,,,-171.99461364746094,-171.99461364746094,,,0.5852078795433044,-49.414791107177734,
reinforce,,,50.0,2,844,1.2239205438331258,7,0.001207113265991211,1.2796711921691895,,,-113.41741180419922,-113.41741180419922,,,-0.4711448550224304,-50.47114944458008,
reinforce,,,50.0,2,845,2.246384781199086,6,0.0011420249938964844,1.2808640003204346,,,-149.071533203125,-149.071533203125,,,0.5786516070365906,-49.42134475708008,
reinforce,,,50.0,2,846,2.0187408889389324,6,0.0012128353118896484,1.2821247577667236,,,-135.0807647705078,-135.0807647705078,,,0.3784678876399994,-49.62153244018555,
reinforce,,,50.0,2,847,2.030976016410421,6,0.0011510848999023438,1.2833318710327148,,,-118.629638671875,-118.629638671875,,,0.39557313919067383,-49.604427337646484,
reinforce,,,50.0,2,848,1.2151074878258123,7,0.0012538433074951172,1.2846369743347168,,,-122.24415588378906,-122.24415588378906,,,-0.48788172006607056,-50.487884521484375,
reinforce,,,50.0,2,849,2.012088793408605,6,0.0010759830474853516,1.2857611179351807,,,-137.56410217285156,-137.56410217285156,,,0.3855878412723541,-49.614410400390625,
reinforce,,,50.0,2,850,2.246198416768376,6,0.0010941028594970703,1.2869031429290771,,,-114.38416290283203,-114.38416290283203,,,0.5487939715385437,-49.45120620727539,
reinforce,,,50.0,2,851,2.157085996242351,6,0.0011591911315917969,1.2881059646606445,,,-78.43470001220703,-78.43470001220703,,,0.5000465512275696,-49.49995422363281,
reinforce,,,50.0,2,852,2.201279327330975,6,0.0012428760528564453,1.289409875869751,,,-102.6531982421875,-102.6531982421875,,,0.5315811634063721,-49.468414306640625,
reinforce,,,50.0,2,853,2.1831812850010284,6,0.0011088848114013672,1.2905778884887695,,,-95.88253021240234,-95.88253021240234,,,0.5364465713500977,-49.463558197021484,
reinforce,,,50.0,2,854,1.9071530467722206,6,0.0010800361633300781,1.2917020320892334,,,-121.8079833984375,-121.8079833984375,,,0.31748029589653015,-49.68252182006836,
reinforce,,,50.0,2,855,1.713520431856851,7,0.001241922378540039,1.292984962463379,,,-129.11099243164062,-129.11099243164062,,,-0.13495491445064545,-50.134952545166016,
reinforce,,,50.0,2,856,1.6176846473830622,7,0.0012438297271728516,1.2942748069763184,,,-118.58341979980469,-118.58341979980469,,,-0.18764618039131165,-50.187644958496094,
reinforce,,,50.0,2,857,1.3027869725337464,7,0.0014011859893798828,1.295720100402832,,,-92.05951690673828,-92.05951690673828,,,-0.4043223261833191,-50.40432357788086,
reinforce,,,50.0,2,858,1.3647394817581184,7,0.0012969970703125,1.297076940536499,,,-98.59678649902344,-98.59678649902344,,,-0.3456653952598572,-50.34566879272461,
reinforce,,,50.0,2,859,2.2274260419459955,6,0.0011179447174072266,1.2982490062713623,,,-91.95262908935547,-91.95262908935547,,,0.5625515580177307,-49.43745040893555,
reinforce,,,50.0,2,860,1.3020397135518893,7,0.0012450218200683594,1.299543857574463,1.644303121275134,0.3957370083669934,-86.81476593017578,-86.81476593017578,,,-0.41342195868492126,-50.41342544555664,
reinforce,,,50.0,2,861,1.3585619096414523,7,0.0012619495391845703,1.304872989654541,,,-149.0460205078125,-149.0460205078125,,,-0.4069503843784332,-50.406951904296875,
reinforce,,,50.0,2,862,1.187096928266683,7,0.0012140274047851562,1.3061320781707764,,,-76.09137725830078,-76.09137725830078,,,-0.4973237216472626,-50.49732208251953,
reinforce,,,50.0,2,863,1.1567409003905222,7,0.001264810562133789,1.307438850402832,,,-162.29957580566406,-162.29957580566406,,,-0.5134839415550232,-50.51348114013672,
reinforce,,,50.0,2,864,1.3238977377834673,7,0.00128173828125,1.3087718486785889,,,-120.33917236328125,-120.33917236328125,,,-0.38825926184654236,-50.38826370239258,
reinforce,,,50.0,2,865,1.5725592507639548,7,0.0013842582702636719,1.310209035873413,,,-133.2830352783203,-133.2830352783203,,,-0.2554178833961487,-50.25542068481445,
reinforce,,,50.0,2,866,2.2004124433029486,6,0.0011239051818847656,1.3113839626312256,,,-107.35647583007812,-107.35647583007812,,,0.5463299751281738,-49.453670501708984,
reinforce,,,50.0,2,867,2.0933508967723773,6,0.0010869503021240234,1.3125169277191162,,,-137.76182556152344,-137.76182556152344,,,0.45283016562461853,-49.54716873168945,
reinforce,,,50.0,2,868,1.6465832796587345,7,0.0012140274047851562,1.3137760162353516,,,-121.14676666259766,-121.14676666259766,,,-0.20028063654899597,-50.200279235839844,
reinforce,,,50.0,2,869,2.0458790273855207,6,0.0011582374572753906,1.3149771690368652,,,-114.9306411743164,-114.9306411743164,,,0.3982245624065399,-49.60177230834961,
reinforce,,,50.0,2,870,2.123419917714047,6,0.0011649131774902344,1.3161978721618652,,,-114.79976654052734,-114.79976654052734,,,0.4998311996459961,-49.50016784667969,
reinforce,,,50.0,2,871,1.4446430555716054,7,0.0012660026550292969,1.317512035369873,,,-113.48816680908203,-113.48816680908203,,,-0.3222063481807709,-50.32220458984375,
reinforce,,,50.0,2,872,1.2802968029557371,7,0.0012271404266357422,1.318782091140747,,,-135.57962036132812,-135.57962036132812,,,-0.4516439735889435,-50.45164108276367,
reinforce,,,50.0,2,873,1.3604536755132763,7,0.001293182373046875,1.3201220035552979,,,-128.39053344726562,-128.39053344726562,,,-0.404861181974411,-50.40486526489258,
reinforce,,,50.0,2,874,1.4033656181149496,7,0.0012531280517578125,1.3214280605316162,,,-96.83192443847656,-96.83192443847656,,,-0.3685601055622101,-50.36855697631836,
reinforce,,,50.0,2,875,1.565257060628609,7,0.0012710094451904297,1.3227448463439941,,,-119.0605697631836,-119.0605697631836,,,-0.24540559947490692,-50.24540328979492,
reinforce,,,50.0,2,876,1.3124158242506578,7,0.0013968944549560547,1.3241889476776123,,,-133.60279846191406,-133.60279846191406,,,-0.3944550156593323,-50.39445114135742,
reinforce,,,50.0,2,877,1.5472807513411515,7,0.001252889633178711,1.325495958328247,,,-114.02740478515625,-114.02740478515625,,,-0.272201806306839,-50.27219772338867,
reinforce,,,50.0,2,878,1.3641649455997842,7,0.0012629032135009766,1.32686185836792,,,-102.04195404052734,-102.04195404052734,,,-0.4182701110839844,-50.418270111083984,
reinforce,,,50.0,2,879,2.01852147228227,6,0.0010762214660644531,1.3279800415039062,,,-175.4853515625,-175.4853515625,,,0.4397629201412201,-49.560237884521484,
reinforce,,,50.0,2,880,1.2856313872666476,7,0.0012788772583007812,1.32930588722229,1.5173039520727853,0.2771366398034488,-125.84117126464844,-125.84117126464844,,,-0.46408742666244507,-50.46408462524414,
reinforce,,,50.0,2,881,1.6143910923955838,7,0.0012440681457519531,1.3346660137176514,,,-123.08635711669922,-123.08635711669922,,,-0.21994110941886902,-50.219940185546875,
reinforce,,,50.0,2,882,1.3203190960469193,7,0.0012822151184082031,1.3359949588775635,,,-131.6672821044922,-131.6672821044922,,,-0.39220619201660156,-50.392208099365234,
reinforce,,,50.0,2,883,1.991664422043583,6,0.0012009143829345703,1.3372418880462646,,,-142.6105499267578,-142.6105499267578,,,0.3620355427265167,-49.63796615600586,
reinforce,,,50.0,2,884,2.2092897470632624,6,0.0011260509490966797,1.338418960571289,,,-180.19532775878906,-180.19532775878906,,,0.5404756665229797,-49.45952224731445,
reinforce,,,50.0,2,885,1.8781236405537962,6,0.0011348724365234375,1.3396079540252686,,,-175.04408264160156,-175.04408264160156,,,0.32393649220466614,-49.67606735229492,
reinforce,,,50.0,2,886,1.9269988122849309,6,0.0011110305786132812,1.3407649993896484,,,-96.435791015625,-96.435791015625,,,0.3066784739494324,-49.69332504272461,
reinforce,,,50.0,2,887,2.0835893232618643,7,0.0012412071228027344,1.342048168182373,,,-129.73728942871094,-129.73728942871094,,,0.1055925264954567,-49.8944091796875,
reinforce,,,50.0,2,888,1.49036346427557,7,0.0012600421905517578,1.3433501720428467,,,-103.57604217529297,-103.57604217529297,,,-0.3197512626647949,-50.31975173950195,
reinforce,,,50.0,2,889,1.1965196789541184,7,0.0014498233795166016,1.3448457717895508,,,-113.78560638427734,-113.78560638427734,,,-0.4901033937931061,-50.49010467529297,
reinforce,,,50.0,2,890,1.2947440332120195,7,0.0013079643249511719,1.346221923828125,,,-129.19554138183594,-129.19554138183594,,,-0.4081285297870636,-50.40812301635742,
reinforce,,,50.0,2,891,2.133034732269558,6,0.0011000633239746094,1.3473680019378662,,,-98.7197036743164,-98.7197036743164,,,0.48654720187187195,-49.51345443725586,
reinforce,,,50.0,2,892,1.9586358794626169,6,0.0010538101196289062,1.3484628200531006,,,-119.73946380615234,-119.73946380615234,,,0.37232449650764465,-49.6276741027832,
reinforce,,,50.0,2,893,1.3963825931405298,7,0.001271963119506836,1.3497779369354248,,,-108.12663269042969,-108.12663269042969,,,-0.3467443585395813,-50.34674835205078,
reinforce,,,50.0,2,894,2.057897573021168,6,0.001249074935913086,1.351154088973999,,,-95.22998809814453,-95.22998809814453,,,0.41361546516418457,-49.58638381958008,
reinforce,,,50.0,2,895,1.28683362350213,7,0.0012459754943847656,1.3524630069732666,,,-113.99729919433594,-113.99729919433594,,,-0.4118572771549225,-50.41185760498047,
reinforce,,,50.0,2,896,1.1997142146021116,7,0.0012416839599609375,1.3537538051605225,,,-88.48336029052734,-88.48336029052734,,,-0.4972831904888153,-50.497283935546875,
reinforce,,,50.0,2,897,1.4152476789338382,7,0.001232147216796875,1.3550269603729248,,,-127.73792266845703,-127.73792266845703,,,-0.3396284282207489,-50.339630126953125,
reinforce,,,50.0,2,898,1.5279200173141136,7,0.0012569427490234375,1.356328010559082,,,-145.27316284179688,-145.27316284179688,,,-0.24212749302387238,-50.24212646484375,
reinforce,,,50.0,2,899,1.9534741409007186,6,0.0011539459228515625,1.3575379848480225,,,-107.91613006591797,-107.91613006591797,,,0.3428584635257721,-49.65714645385742,
reinforce,,,50.0,2,900,2.1343901151451274,6,0.0011970996856689453,1.3587779998779297,1.4212565181077264,0.31028281054550194,-79.91033935546875,-79.91033935546875,,,0.4875263273715973,-49.51247024536133,
reinforce,,,50.0,2,901,1.541025083182784,7,0.0012879371643066406,1.363867998123169,,,-96.40167999267578,-96.40167999267578,,,-0.25905853509902954,-50.259056091308594,
reinforce,,,50.0,2,902,1.4598527227796447,7,0.0013697147369384766,1.3652958869934082,,,-137.84925842285156,-137.84925842285156,,,-0.3186696469783783,-50.318668365478516,
reinforce,,,50.0,2,903,2.0081349606310877,6,0.0011341571807861328,1.3665030002593994,,,-127.43362426757812,-127.43362426757812,,,0.40015122294425964,-49.599849700927734,
reinforce,,,50.0,2,904,1.3955993910571718,7,0.001276254653930664,1.367828130722046,,,-103.99683380126953,-103.99683380126953,,,-0.3262677490711212,-50.326263427734375,
reinforce,,,50.0,2,905,2.175953334164467,6,0.0011219978332519531,1.3690009117126465,,,-96.16085052490234,-96.16085052490234,,,0.5127661824226379,-49.48723220825195,
reinforce,,,50.0,2,906,1.8370326045182166,6,0.0011551380157470703,1.3702070713043213,,,-95.0855484008789,-95.0855484008789,,,0.28090545535087585,-49.71909713745117,
reinforce,,,50.0,2,907,1.5593624651478086,7,0.0012657642364501953,1.3715238571166992,,,-119.2747573852539,-119.2747573852539,,,-0.2478417009115219,-50.247840881347656,
reinforce,,,50.0,2,908,1.8498006725165104,6,0.0012669563293457031,1.372831106185913,,,-91.77001953125,-91.77001953125,,,0.27807918190956116,-49.721920013427734,
reinforce,,,50.0,2,909,1.5010154610486504,7,0.0012290477752685547,1.3741109371185303,,,-119.40470886230469,-119.40470886230469,,,-0.28741174936294556,-50.28741455078125,
reinforce,,,50.0,2,910,1.6914071996402726,7,0.00127410888671875,1.3754310607910156,,,-119.7116928100586,-119.7116928100586,,,-0.15489986538887024,-50.15489959716797,
reinforce,,,50.0,2,911,1.5900383378712446,7,0.0012710094451904297,1.376762866973877,,,-140.023193359375,-140.023193359375,,,-0.1552070528268814,-50.155208587646484,
reinforce,,,50.0,2,912,2.1350899282580738,6,0.0011053085327148438,1.377920150756836,,,-96.88290405273438,-96.88290405273438,,,0.4932498037815094,-49.50674819946289,
reinforce,,,50.0,2,913,1.441721055365484,7,0.001383066177368164,1.3793599605560303,,,-78.42161560058594,-78.42161560058594,,,-0.32552656531333923,-50.32552719116211,
reinforce,,,50.0,2,914,2.284669071857812,7,0.001239776611328125,1.3806538581848145,,,-135.6577911376953,-135.6577911376953,,,0.27075305581092834,-49.729248046875,
reinforce,,,50.0,2,915,1.784638586713599,7,0.0012547969818115234,1.3819568157196045,,,-123.25057220458984,-123.25057220458984,,,-0.059205155819654465,-50.0592041015625,
reinforce,,,50.0,2,916,1.884116587520756,6,0.00109100341796875,1.3830909729003906,,,-122.9953384399414,-122.9953384399414,,,0.3140624463558197,-49.68593215942383,
reinforce,,,50.0,2,917,1.4773386243087132,7,0.001222848892211914,1.384354829788208,,,-131.02923583984375,-131.02923583984375,,,-0.2680680751800537,-50.26806640625,
reinforce,,,50.0,2,918,2.2088926998081533,6,0.0010962486267089844,1.3854930400848389,,,-149.98329162597656,-149.98329162597656,,,0.5521897077560425,-49.447811126708984,
reinforce,,,50.0,2,919,1.5343046728497585,7,0.0014560222625732422,1.3869960308074951,,,-116.42871856689453,-116.42871856689453,,,-0.24853040277957916,-50.24852752685547,
reinforce,,,50.0,2,920,2.191617056782455,6,0.0011229515075683594,1.3881750106811523,1.7571520508587306,0.41767651937707456,-98.81366729736328,-98.81366729736328,,,0.5116711258888245,-49.48832702636719,
reinforce,,,50.0,2,921,2.1688054303495434,7,0.0014481544494628906,1.3933720588684082,,,-94.03535461425781,-94.03535461425781,,,0.13956215977668762,-49.86043930053711,
reinforce,,,50.0,2,922,1.3175367788258836,7,0.0012416839599609375,1.394669771194458,,,-119.87931823730469,-119.87931823730469,,,-0.4169423282146454,-50.41693878173828,
reinforce,,,50.0,2,923,1.8141160161478254,6,0.0011050701141357422,1.3958230018615723,,,-153.96632385253906,-153.96632385253906,,,0.25784099102020264,-49.742156982421875,
reinforce,,,50.0,2,924,1.111746570955849,8,0.0014140605926513672,1.3972790241241455,,,-131.4578857421875,-131.4578857421875,,,-0.9292933940887451,-50.929290771484375,
reinforce,,,50.0,2,925,2.135713342292633,7,0.0012810230255126953,1.3986070156097412,,,-98.35717010498047,-98.35717010498047,,,0.1540784388780594,-49.84592056274414,
reinforce,,,50.0,2,926,2.2222827232101015,6,0.001161813735961914,1.3998138904571533,,,-101.94359588623047,-101.94359588623047,,,0.5345813632011414,-49.46541976928711,
reinforce,,,50.0,2,927,1.569583473010729,7,0.0012860298156738281,1.4012370109558105,,,-162.3872528076172,-162.3872528076172,,,-0.24279072880744934,-50.242794036865234,
reinforce,,,50.0,2,928,1.4612545294654695,7,0.0012862682342529297,1.4025728702545166,,,-103.20101165771484,-103.20101165771484,,,-0.29467520117759705,-50.294673919677734,
reinforce,,,50.0,2,929,2.1518221324558775,6,0.001094818115234375,1.403756856918335,,,-129.6962890625,-129.6962890625,,,0.4967247247695923,-49.50327682495117,
reinforce,,,50.0,2,930,1.489971052639094,7,0.0012621879577636719,1.4050650596618652,,,-131.1393280029297,-131.1393280029297,,,-0.28135284781455994,-50.28135299682617,
reinforce,,,50.0,2,931,1.2656832668326377,7,0.0012428760528564453,1.4063498973846436,,,-126.15299987792969,-126.15299987792969,,,-0.42666032910346985,-50.42666244506836,
reinforce,,,50.0,2,932,1.7553132641912623,8,0.0015730857849121094,1.4079630374908447,,,-126.5128173828125,-126.5128173828125,,,-0.5037189722061157,-50.50371551513672,
reinforce,,,50.0,2,933,1.8076620234266774,7,0.001276254653930664,1.4093031883239746,,,-95.05903625488281,-95.05903625488281,,,-0.10283838212490082,-50.10283660888672,
reinforce,,,50.0,2,934,1.181835507870018,7,0.0012557506561279297,1.4106078147888184,,,-110.50091552734375,-110.50091552734375,,,-0.4847715198993683,-50.484771728515625,
reinforce,,,50.0,2,935,2.315318907200729,6,0.0011000633239746094,1.411755084991455,,,-96.58258819580078,-96.58258819580078,,,0.6199069619178772,-49.38009262084961,
reinforce,,,50.0,2,936,2.1296068317582275,6,0.0011191368103027344,1.4129209518432617,,,-151.10887145996094,-151.10887145996094,,,0.480258584022522,-49.51974105834961,
reinforce,,,50.0,2,937,2.125437191784024,6,0.001194000244140625,1.4141631126403809,,,-106.2986068725586,-106.2986068725586,,,0.47272786498069763,-49.52727127075195,
reinforce,,,50.0,2,938,1.5829888179616285,7,0.0012826919555664062,1.4155118465423584,,,-123.4290542602539,-123.4290542602539,,,-0.22389431297779083,-50.22389602661133,
reinforce,,,50.0,2,939,1.4975764780865042,7,0.0012350082397460938,1.416795015335083,,,-105.08394622802734,-105.08394622802734,,,-0.25334301590919495,-50.25334548950195,
reinforce,,,50.0,2,940,2.169169316507277,6,0.0010979175567626953,1.4179348945617676,1.4725717158781184,0.30712877858180393,-102.36835479736328,-102.36835479736328,,,0.5186074376106262,-49.48139572143555,
reinforce,,,50.0,2,941,1.5852787847161498,7,0.0012679100036621094,1.4231297969818115,,,-131.8214874267578,-131.8214874267578,,,-0.2524075508117676,-50.25240707397461,
reinforce,,,50.0,2,942,1.567477584701618,7,0.0012481212615966797,1.4244229793548584,,,-157.92835998535156,-157.92835998535156,,,-0.256641685962677,-50.25664138793945,
reinforce,,,50.0,2,943,2.0034510383647017,7,0.0012600421905517578,1.4257280826568604,,,-103.59993743896484,-103.59993743896484,,,0.04196304827928543,-49.95803451538086,
reinforce,,,50.0,2,944,1.6035937908332805,7,0.001348733901977539,1.4271278381347656,,,-99.0427474975586,-99.0427474975586,,,-0.17560206353664398,-50.175601959228516,
reinforce,,,50.0,2,945,1.3859604450422545,7,0.001445770263671875,1.428621768951416,,,-122.135986328125,-122.135986328125,,,-0.3320034444332123,-50.33200454711914,
reinforce,,,50.0,2,946,1.2897735588823076,7,0.0012400150299072266,1.4299111366271973,,,-85.85431671142578,-85.85431671142578,,,-0.41840797662734985,-50.41840744018555,
reinforce,,,50.0,2,947,1.4134270800185065,7,0.0012519359588623047,1.4312078952789307,,,-128.46861267089844,-128.46861267089844,,,-0.3468753397464752,-50.34687423706055,
reinforce,,,50.0,2,948,3.7817191739430305,9,0.0016360282897949219,1.4328889846801758,,,-114.0804443359375,-114.0804443359375,,,0.5294890403747559,-49.47051239013672,
reinforce,,,50.0,2,949,1.2525930444385889,7,0.0012631416320800781,1.4341981410980225,,,-102.1400146484375,-102.1400146484375,,,-0.45707812905311584,-50.45707321166992,
reinforce,,,50.0,2,950,2.6109115969039243,6,0.0012090206146240234,1.4354519844055176,,,-117.1353759765625,-117.1353759765625,,,0.842163622379303,-49.1578369140625,
reinforce,,,50.0,2,951,1.6224936406503587,7,0.0012657642364501953,1.4367659091949463,,,-105.63541412353516,-105.63541412353516,,,-0.18661168217658997,-50.186614990234375,
reinforce,,,50.0,2,952,1.8131458018334823,7,0.0012559890747070312,1.4380760192871094,,,-96.70198059082031,-96.70198059082031,,,-0.08599957078695297,-50.08599853515625,
reinforce,,,50.0,2,953,1.3372724989474898,7,0.0012459754943847656,1.4394259452819824,,,-99.75824737548828,-99.75824737548828,,,-0.36910197138786316,-50.36910629272461,
reinforce,,,50.0,2,954,2.1765914548452745,6,0.0011341571807861328,1.4406039714813232,,,-120.78692626953125,-120.78692626953125,,,0.5166812539100647,-49.48332214355469,
reinforce,,,50.0,2,955,1.525207214626335,7,0.0013456344604492188,1.4419968128204346,,,-110.21224212646484,-110.21224212646484,,,-0.2567494511604309,-50.25674819946289,
reinforce,,,50.0,2,956,2.7357560196295925,7,0.0012650489807128906,1.44331693649292,,,-139.07101440429688,-139.07101440429688,,,0.5738202333450317,-49.426177978515625,
reinforce,,,50.0,2,957,2.0800403549254183,6,0.001116037368774414,1.4444780349731445,,,-110.91357421875,-110.91357421875,,,0.4516075849533081,-49.548397064208984,
reinforce,,,50.0,2,958,1.4887426991992165,7,0.0012590885162353516,1.445786952972412,,,-100.92613983154297,-100.92613983154297,,,-0.25301313400268555,-50.253013610839844,
reinforce,,,50.0,2,959,1.5955610409089138,7,0.0012128353118896484,1.447044849395752,,,-123.07258605957031,-123.07258605957031,,,-0.16573290526866913,-50.16572952270508,
reinforce,,,50.0,2,960,1.5211136703947044,7,0.0012862682342529297,1.448383092880249,1.561655282312597,0.47080939421464263,-129.03433227539062,-129.03433227539062,,,-0.20425555109977722,-50.20425796508789,
reinforce,,,50.0,2,961,1.9306130220683628,7,0.0012960433959960938,1.453671932220459,,,-138.53309631347656,-138.53309631347656,,,0.0038601031992584467,-49.99614334106445,
reinforce,,,50.0,2,962,2.051996224000736,6,0.0011069774627685547,1.454833984375,,,-128.82444763183594,-128.82444763183594,,,0.4570583403110504,-49.54294204711914,
reinforce,,,50.0,2,963,2.1947568278926957,6,0.0012390613555908203,1.4561190605163574,,,-92.27094268798828,-92.27094268798828,,,0.5593675971031189,-49.44063186645508,
reinforce,,,50.0,2,964,2.166294441669139,6,0.0011119842529296875,1.4572811126708984,,,-119.2019271850586,-119.2019271850586,,,0.5324963927268982,-49.46750259399414,
reinforce,,,50.0,2,965,1.371714299144009,7,0.0012538433074951172,1.458587884902954,,,-117.07646942138672,-117.07646942138672,,,-0.3892686665058136,-50.3892707824707,
reinforce,,,50.0,2,966,2.174361740489255,6,0.0011310577392578125,1.459784984588623,,,-158.21270751953125,-158.21270751953125,,,0.571965754032135,-49.428035736083984,
reinforce,,,50.0,2,967,1.7285241948633348,6,0.0011298656463623047,1.4609649181365967,,,-135.04872131347656,-135.04872131347656,,,0.21593539416790009,-49.7840690612793,
reinforce,,,50.0,2,968,2.176462997214994,6,0.0012431144714355469,1.4622528553009033,,,-94.9264907836914,-94.9264907836914,,,0.5213077664375305,-49.478694915771484,
reinforce,,,50.0,2,969,2.1185309957286793,6,0.0010890960693359375,1.4633970260620117,,,-117.46892547607422,-117.46892547607422,,,0.5431918501853943,-49.45680618286133,
reinforce,,,50.0,2,970,2.5694835224286656,7,0.0012660026550292969,1.4647119045257568,,,-125.94581604003906,-125.94581604003906,,,0.4609135091304779,-49.53908920288086,
reinforce,,,50.0,2,971,2.1334178339580285,6,0.0011038780212402344,1.4658608436584473,,,-108.4968490600586,-108.4968490600586,,,0.48840197920799255,-49.5115966796875,
reinforce,,,50.0,2,972,1.4840145395791926,7,0.0012621879577636719,1.4671640396118164,,,-103.51080322265625,-103.51080322265625,,,-0.26900485157966614,-50.26900863647461,
reinforce,,,50.0,2,973,1.7895745754316565,6,0.0011157989501953125,1.4683258533477783,,,-105.1737060546875,-105.1737060546875,,,0.2537330687046051,-49.74626159667969,
reinforce,,,50.0,2,974,1.7630329007512624,7,0.0013840198516845703,1.469754934310913,,,-141.2699432373047,-141.2699432373047,,,-0.06798047572374344,-50.0679817199707,
reinforce,,,50.0,2,975,1.7462525806437121,7,0.0012581348419189453,1.4710800647735596,,,-96.34786224365234,-96.34786224365234,,,-0.06061050668358803,-50.06060791015625,
reinforce,,,50.0,2,976,1.7474387710908008,7,0.0012249946594238281,1.4723520278930664,,,-104.62700653076172,-104.62700653076172,,,-0.04246082529425621,-50.042457580566406,
reinforce,,,50.0,2,977,1.4622841423672797,7,0.0011959075927734375,1.473587989807129,,,-96.94842529296875,-96.94842529296875,,,-0.2834523320198059,-50.28345489501953,
reinforce,,,50.0,2,978,1.5948497108154294,7,0.0013260841369628906,1.4749541282653809,,,-97.44719696044922,-97.44719696044922,,,-0.23693625628948212,-50.2369384765625,
reinforce,,,50.0,2,979,1.7152801971904892,7,0.0014090538024902344,1.476409912109375,,,-104.10511779785156,-104.10511779785156,,,-0.1481555998325348,-50.14815902709961,
reinforce,,,50.0,2,980,1.2861930679426994,7,0.0012249946594238281,1.4777019023895264,1.50147556329319,0.32493354785288725,-85.7276611328125,-85.7276611328125,,,-0.40944769978523254,-50.40945053100586,
reinforce,,,50.0,2,981,2.3748212732391654,6,0.0011057853698730469,1.4827148914337158,,,-131.7979278564453,-131.7979278564453,,,0.6601133942604065,-49.33988571166992,
reinforce,,,50.0,2,982,1.248508183227834,7,0.0013580322265625,1.4841248989105225,,,-140.59190368652344,-140.59190368652344,,,-0.43636003136634827,-50.436363220214844,
reinforce,,,50.0,2,983,1.669744458763669,7,0.0012989044189453125,1.4854788780212402,,,-96.89836120605469,-96.89836120605469,,,-0.17239530384540558,-50.17239761352539,
reinforce,,,50.0,2,984,1.398349184955191,7,0.0012269020080566406,1.4867541790008545,,,-128.20452880859375,-128.20452880859375,,,-0.3730261027812958,-50.373023986816406,
reinforce,,,50.0,2,985,2.357965798702569,7,0.0013430118560791016,1.488142967224121,,,-139.16629028320312,-139.16629028320312,,,0.25409170985221863,-49.745906829833984,
reinforce,,,50.0,2,986,2.2934848583139344,7,0.001275777816772461,1.489466905593872,,,-103.04933166503906,-103.04933166503906,,,0.2631101906299591,-49.73688888549805,
reinforce,,,50.0,2,987,1.3349508754187058,7,0.0014369487762451172,1.4909589290618896,,,-123.75569915771484,-123.75569915771484,,,-0.4158821702003479,-50.41588592529297,
reinforce,,,50.0,2,988,1.538419312459813,7,0.0013148784637451172,1.4923248291015625,,,-118.9030990600586,-118.9030990600586,,,-0.255338579416275,-50.255340576171875,
reinforce,,,50.0,2,989,1.8732995203835388,6,0.0011029243469238281,1.493474006652832,,,-113.48148345947266,-113.48148345947266,,,0.3349134027957916,-49.66508483886719,
reinforce,,,50.0,2,990,1.6262421081348535,7,0.0012211799621582031,1.4947521686553955,,,-101.68245697021484,-101.68245697021484,,,-0.18324950337409973,-50.183250427246094,
reinforce,,,50.0,2,991,2.0194770024769624,7,0.001291036605834961,1.4960870742797852,,,-134.90892028808594,-134.90892028808594,,,0.08258688449859619,-49.917415618896484,
reinforce,,,50.0,2,992,1.7953547280296567,6,0.0011529922485351562,1.497283935546875,,,-101.01748657226562,-101.01748657226562,,,0.2205515056848526,-49.779449462890625,
reinforce,,,50.0,2,993,1.992029275714009,6,0.0011019706726074219,1.498439073562622,,,-129.619384765625,-129.619384765625,,,0.3702702522277832,-49.629730224609375,
reinforce,,,50.0,2,994,1.8677967943535219,6,0.0010879039764404297,1.499572992324829,,,-184.41783142089844,-184.41783142089844,,,0.31703779101371765,-49.68296432495117,
reinforce,,,50.0,2,995,1.9263114253013185,6,0.0011022090911865234,1.5007240772247314,,,-87.0394515991211,-87.0394515991211,,,0.35661205649375916,-49.64338684082031,
reinforce,,,50.0,2,996,1.7858490681937695,6,0.0010890960693359375,1.5018560886383057,,,-131.69265747070312,-131.69265747070312,,,0.25263288617134094,-49.74736404418945,
reinforce,,,50.0,2,997,2.1060802772491316,6,0.001100778579711914,1.5029997825622559,,,-76.27265167236328,-76.27265167236328,,,0.46057331562042236,-49.5394287109375,
reinforce,,,50.0,2,998,2.0554377606263037,6,0.0014040470123291016,1.5044529438018799,,,-87.49495697021484,-87.49495697021484,,,0.4216655194759369,-49.57833480834961,
reinforce,,,50.0,2,999,1.960651281230759,6,0.0010898113250732422,1.5055928230285645,,,-78.17711639404297,-78.17711639404297,,,0.3458035886287689,-49.65419387817383,
reinforce,,,50.0,2,1000,2.480152920443079,6,0.0011322498321533203,1.506775140762329,1.9666400108801922,0.059041167838740104,-111.85750579833984,-111.85750579833984,,,0.7196958065032959,-49.280303955078125,
