algo,ac_variant,n_steps,baseline,seed,episode,episode_return,episode_steps,episode_time_sec,elapsed_time_sec,eval_mean_return,eval_std_return,loss,policy_loss,value_loss,entropy,mean_return,mean_advantage,advantage
reinforce,,,100.0,1,1,48.77487904113931,45,0.028681278228759766,0.02868366241455078,,,-160.06675720214844,-160.06675720214844,,,22.113414764404297,-77.88658142089844,
reinforce,,,100.0,1,2,35.822129545411904,27,0.004698276519775391,0.033493995666503906,,,-150.93731689453125,-150.93731689453125,,,18.77191162109375,-81.22808074951172,
reinforce,,,100.0,1,3,157.89653829192952,78,0.013216972351074219,0.04677987098693848,,,-62.454463958740234,-62.454463958740234,,,70.89311981201172,-29.10688018798828,
reinforce,,,100.0,1,4,20.454017771515176,17,0.0030858516693115234,0.049986839294433594,,,-172.456787109375,-172.456787109375,,,11.071616172790527,-88.92839813232422,
reinforce,,,100.0,1,5,6.601314421717201,18,0.003099203109741211,0.05318188667297363,,,-276.3526916503906,-276.3526916503906,,,0.49939537048339844,-99.50060272216797,
reinforce,,,100.0,1,6,27.47260037521011,19,0.0036470890045166016,0.05688786506652832,,,-188.9333038330078,-188.9333038330078,,,15.283740043640137,-84.71625518798828,
reinforce,,,100.0,1,7,25.97678514607416,24,0.004339933395385742,0.06132674217224121,,,-226.3636932373047,-226.3636932373047,,,13.595358848571777,-86.4046401977539,
reinforce,,,100.0,1,8,60.658277122246304,37,0.006693124771118164,0.06815576553344727,,,-148.02035522460938,-148.02035522460938,,,30.331087112426758,-69.66891479492188,
reinforce,,,100.0,1,9,84.49577497447736,53,0.0095977783203125,0.07786178588867188,,,-141.5662841796875,-141.5662841796875,,,36.352142333984375,-63.64786148071289,
reinforce,,,100.0,1,10,7.991231006897059,21,0.003984212875366211,0.08202600479125977,,,-237.19485473632812,-237.19485473632812,,,1.8916574716567993,-98.10835266113281,
reinforce,,,100.0,1,11,148.5345064956319,78,0.012827873229980469,0.09496188163757324,,,-85.52182006835938,-85.52182006835938,,,65.08345794677734,-34.91654586791992,
reinforce,,,100.0,1,12,113.68216352886431,61,0.010211706161499023,0.10533690452575684,,,-97.58348083496094,-97.58348083496094,,,51.47941207885742,-48.520591735839844,
reinforce,,,100.0,1,13,128.60692968348147,74,0.012362957000732422,0.1178288459777832,,,-101.93515014648438,-101.93515014648438,,,54.78705596923828,-45.21294403076172,
reinforce,,,100.0,1,14,87.28109186225763,72,0.011690139770507812,0.12964582443237305,,,-132.62644958496094,-132.62644958496094,,,40.1307258605957,-59.86927795410156,
reinforce,,,100.0,1,15,105.18956289686615,58,0.009439229965209961,0.1392209529876709,,,-117.30400085449219,-117.30400085449219,,,48.474029541015625,-51.52596664428711,
reinforce,,,100.0,1,16,103.80742776682914,59,0.00993490219116211,0.14930272102355957,,,-115.57574462890625,-115.57574462890625,,,46.7615852355957,-53.2384147644043,
reinforce,,,100.0,1,17,156.65702955007157,83,0.013501167297363281,0.16294193267822266,,,-82.89268493652344,-82.89268493652344,,,65.6494140625,-34.3505859375,
reinforce,,,100.0,1,18,43.26450266634767,25,0.004604816436767578,0.16766595840454102,,,-162.19760131835938,-162.19760131835938,,,24.354799270629883,-75.64520263671875,
reinforce,,,100.0,1,19,110.56050847486102,60,0.009853839874267578,0.17764878273010254,,,-108.33634185791016,-108.33634185791016,,,51.25705337524414,-48.74294662475586,
reinforce,,,100.0,1,20,103.10685427756161,57,0.009444952011108398,0.18723678588867188,126.26452646645494,1.4126921109270918,-123.38823699951172,-123.38823699951172,,,47.38075637817383,-52.61924362182617,
reinforce,,,100.0,1,21,68.04889188162603,48,0.00761103630065918,0.22449088096618652,,,-151.49464416503906,-151.49464416503906,,,27.134702682495117,-72.86530303955078,
reinforce,,,100.0,1,22,62.95618647039299,44,0.007119894027709961,0.23172783851623535,,,-152.54322814941406,-152.54322814941406,,,26.07746124267578,-73.92253875732422,
reinforce,,,100.0,1,23,117.276510271225,66,0.010461091995239258,0.24228692054748535,,,-120.2529525756836,-120.2529525756836,,,52.20629119873047,-47.79371643066406,
reinforce,,,100.0,1,24,109.44688879323634,60,0.009304046630859375,0.25169897079467773,,,-92.39845275878906,-92.39845275878906,,,50.74825668334961,-49.25174331665039,
reinforce,,,100.0,1,25,104.6397863643704,58,0.009072303771972656,0.2608809471130371,,,-100.72298431396484,-100.72298431396484,,,48.658241271972656,-51.34176254272461,
reinforce,,,100.0,1,26,123.53997141798101,65,0.01036214828491211,0.2713589668273926,,,-86.5772476196289,-86.5772476196289,,,56.835445404052734,-43.16455078125,
reinforce,,,100.0,1,27,124.61208525005912,69,0.010869741439819336,0.2823367118835449,,,-96.24613952636719,-96.24613952636719,,,54.835960388183594,-45.164039611816406,
reinforce,,,100.0,1,28,46.17861165214681,27,0.004535675048828125,0.28696560859680176,,,-176.0183563232422,-176.0183563232422,,,26.172334671020508,-73.82766723632812,
reinforce,,,100.0,1,29,125.28894045065847,66,0.010226011276245117,0.29726386070251465,,,-95.22966766357422,-95.22966766357422,,,57.913089752197266,-42.086910247802734,
reinforce,,,100.0,1,30,114.8417777331391,63,0.009557008743286133,0.30692481994628906,,,-111.90238189697266,-111.90238189697266,,,51.717308044433594,-48.282691955566406,
reinforce,,,100.0,1,31,134.5306250013067,72,0.0111541748046875,0.3181638717651367,,,-75.70106506347656,-75.70106506347656,,,59.60087203979492,-40.39912796020508,
reinforce,,,100.0,1,32,107.95690696807172,60,0.009227991104125977,0.32749271392822266,,,-111.61138153076172,-111.61138153076172,,,49.742618560791016,-50.257381439208984,
reinforce,,,100.0,1,33,61.11608508178159,43,0.007108926773071289,0.3346707820892334,,,-155.51785278320312,-155.51785278320312,,,25.33320426940918,-74.66680145263672,
reinforce,,,100.0,1,34,44.80969436690744,27,0.004723310470581055,0.33949804306030273,,,-163.5974884033203,-163.5974884033203,,,25.580381393432617,-74.41961669921875,
reinforce,,,100.0,1,35,62.74557070777331,44,0.007093906402587891,0.34671902656555176,,,-160.25912475585938,-160.25912475585938,,,25.979469299316406,-74.0205307006836,
reinforce,,,100.0,1,36,48.21573168366546,36,0.006092071533203125,0.3529317378997803,,,-160.5682830810547,-160.5682830810547,,,19.458486557006836,-80.54151153564453,
reinforce,,,100.0,1,37,1.7043377658629641,12,0.002214193344116211,0.35526084899902344,,,-170.4231414794922,-170.4231414794922,,,-1.38538658618927,-101.38538360595703,
reinforce,,,100.0,1,38,50.373166387245924,37,0.0061571598052978516,0.3614978790283203,,,-154.87835693359375,-154.87835693359375,,,20.67922592163086,-79.3207778930664,
reinforce,,,100.0,1,39,57.485350616399955,39,0.0059430599212646484,0.36752891540527344,,,-191.37059020996094,-191.37059020996094,,,24.863346099853516,-75.13665771484375,
reinforce,,,100.0,1,40,51.19673929883721,37,0.005539894104003906,0.37314271926879883,51.40902951215579,0.2815090130349092,-141.64404296875,-141.64404296875,,,20.919580459594727,-79.0804214477539,
reinforce,,,100.0,1,41,54.69428101008141,38,0.00595402717590332,0.3937957286834717,,,-157.2304229736328,-157.2304229736328,,,23.305761337280273,-76.6942367553711,
reinforce,,,100.0,1,42,48.04185106223314,33,0.005509853363037109,0.39940571784973145,,,-168.8601531982422,-168.8601531982422,,,20.75000762939453,-79.24998474121094,
reinforce,,,100.0,1,43,53.19525281048339,35,0.005524873733520508,0.4050157070159912,,,-155.46746826171875,-155.46746826171875,,,23.87824249267578,-76.12175750732422,
reinforce,,,100.0,1,44,47.99304979341486,32,0.005095958709716797,0.41018176078796387,,,-179.43606567382812,-179.43606567382812,,,21.683366775512695,-78.31663513183594,
reinforce,,,100.0,1,45,54.44593950314974,36,0.005908012390136719,0.41617274284362793,,,-184.72373962402344,-184.72373962402344,,,24.45223617553711,-75.54776000976562,
reinforce,,,100.0,1,46,55.70531189154408,36,0.005512237548828125,0.42175889015197754,,,-160.6886444091797,-160.6886444091797,,,25.895755767822266,-74.104248046875,
reinforce,,,100.0,1,47,40.270740603778826,23,0.003943204879760742,0.42580294609069824,,,-226.6671600341797,-226.6671600341797,,,22.21739959716797,-77.78260040283203,
reinforce,,,100.0,1,48,56.49450214891123,36,0.005861997604370117,0.43172478675842285,,,-138.06411743164062,-138.06411743164062,,,25.69854736328125,-74.30145263671875,
reinforce,,,100.0,1,49,46.24941498319843,30,0.004766941070556641,0.43672776222229004,,,-146.8759002685547,-146.8759002685547,,,21.218677520751953,-78.78132629394531,
reinforce,,,100.0,1,50,3.5880270746314853,12,0.0020987987518310547,0.4389016628265381,,,-246.58441162109375,-246.58441162109375,,,-0.2945081293582916,-100.29450225830078,
reinforce,,,100.0,1,51,52.06336493224702,34,0.005318164825439453,0.44426703453063965,,,-144.75201416015625,-144.75201416015625,,,24.097867965698242,-75.90213775634766,
reinforce,,,100.0,1,52,49.373332622014,32,0.004931926727294922,0.44926977157592773,,,-154.5469970703125,-154.5469970703125,,,22.49071502685547,-77.50928497314453,
reinforce,,,100.0,1,53,4.635271933897549,16,0.003030061721801758,0.45236897468566895,,,-247.76617431640625,-247.76617431640625,,,-0.46070611476898193,-100.46070861816406,
reinforce,,,100.0,1,54,54.11116058110881,34,0.005445957183837891,0.4579048156738281,,,-137.65696716308594,-137.65696716308594,,,25.12847137451172,-74.87152099609375,
reinforce,,,100.0,1,55,51.12535883740565,33,0.005117893218994141,0.46309566497802734,,,-139.0516815185547,-139.0516815185547,,,23.64388084411621,-76.35611724853516,
reinforce,,,100.0,1,56,51.710677294959204,33,0.005239009857177734,0.46842074394226074,,,-170.3616180419922,-170.3616180419922,,,23.703096389770508,-76.29690551757812,
reinforce,,,100.0,1,57,51.99392401356291,33,0.0051457881927490234,0.4736447334289551,,,-162.89427185058594,-162.89427185058594,,,24.11295509338379,-75.88705444335938,
reinforce,,,100.0,1,58,52.0253596210506,47,0.007411003112792969,0.48111796379089355,,,-167.2554168701172,-167.2554168701172,,,24.8012752532959,-75.19873046875,
reinforce,,,100.0,1,59,41.57483794339906,24,0.003988981246948242,0.4851846694946289,,,-185.613037109375,-185.613037109375,,,22.618148803710938,-77.38185119628906,
reinforce,,,100.0,1,60,58.51999650374993,36,0.005402088165283203,0.4906649589538574,52.010473902590796,0.7578143735922146,-185.84820556640625,-185.84820556640625,,,27.32123565673828,-72.67876434326172,
reinforce,,,100.0,1,61,50.33896407542799,31,0.0049211978912353516,0.5093178749084473,,,-149.60313415527344,-149.60313415527344,,,24.182106018066406,-75.81790161132812,
reinforce,,,100.0,1,62,49.5088276421465,31,0.005203962326049805,0.514582633972168,,,-166.6522674560547,-166.6522674560547,,,23.45458984375,-76.54541015625,
reinforce,,,100.0,1,63,51.22546881777964,32,0.005052804946899414,0.5197126865386963,,,-156.4519500732422,-156.4519500732422,,,24.330596923828125,-75.66940307617188,
reinforce,,,100.0,1,64,57.12494446740675,35,0.005535125732421875,0.5253069400787354,,,-127.76417541503906,-127.76417541503906,,,27.829729080200195,-72.17027282714844,
reinforce,,,100.0,1,65,58.67126173260917,35,0.005560874938964844,0.5309257507324219,,,-170.2850799560547,-170.2850799560547,,,27.865583419799805,-72.13441467285156,
reinforce,,,100.0,1,66,40.37762389737775,23,0.0039250850677490234,0.5349128246307373,,,-129.2449188232422,-129.2449188232422,,,22.35462760925293,-77.64537811279297,
reinforce,,,100.0,1,67,47.628963951606636,30,0.004494190216064453,0.5394618511199951,,,-162.64453125,-162.64453125,,,22.305278778076172,-77.6947250366211,
reinforce,,,100.0,1,68,55.1210285853603,34,0.005195140838623047,0.5446999073028564,,,-180.13624572753906,-180.13624572753906,,,26.139244079589844,-73.86075592041016,
reinforce,,,100.0,1,69,50.823931340908786,32,0.005010128021240234,0.5497779846191406,,,-152.67050170898438,-152.67050170898438,,,24.08206558227539,-75.91793060302734,
reinforce,,,100.0,1,70,40.135499156465116,23,0.0037560462951660156,0.5536139011383057,,,-197.52621459960938,-197.52621459960938,,,22.133045196533203,-77.86695098876953,
reinforce,,,100.0,1,71,51.950185620264996,32,0.0053119659423828125,0.5589988231658936,,,-145.58963012695312,-145.58963012695312,,,24.56009864807129,-75.43989562988281,
reinforce,,,100.0,1,72,4.78720490903723,9,0.0014989376068115234,0.560579776763916,,,-227.97515869140625,-227.97515869140625,,,1.5754705667495728,-98.42453002929688,
reinforce,,,100.0,1,73,48.745800725533336,30,0.004804849624633789,0.5654637813568115,,,-147.53245544433594,-147.53245544433594,,,23.1573486328125,-76.84265899658203,
reinforce,,,100.0,1,74,45.62097510234636,29,0.004393339157104492,0.5699207782745361,,,-188.11471557617188,-188.11471557617188,,,21.5532169342041,-78.44677734375,
reinforce,,,100.0,1,75,47.72488266900419,30,0.00462794303894043,0.5746228694915771,,,-164.88658142089844,-164.88658142089844,,,22.459484100341797,-77.54051971435547,
reinforce,,,100.0,1,76,49.930549355684605,31,0.004795074462890625,0.5795729160308838,,,-133.30642700195312,-133.30642700195312,,,23.91795539855957,-76.08204650878906,
reinforce,,,100.0,1,77,46.491171255102536,29,0.004717111587524414,0.5843420028686523,,,-177.5107421875,-177.5107421875,,,22.05207633972168,-77.94792175292969,
reinforce,,,100.0,1,78,47.64809741248107,29,0.004349946975708008,0.588782787322998,,,-172.72811889648438,-172.72811889648438,,,23.01605796813965,-76.98394012451172,
reinforce,,,100.0,1,79,48.947507054010565,30,0.004615306854248047,0.5934510231018066,,,-175.09242248535156,-175.09242248535156,,,23.415555953979492,-76.58444213867188,
reinforce,,,100.0,1,80,54.92285863384548,33,0.004998922348022461,0.5985128879547119,48.97092044077404,0.4307108089060511,-159.0210418701172,-159.0210418701172,,,26.899642944335938,-73.10035705566406,
reinforce,,,100.0,1,81,51.196592353327624,31,0.005064964294433594,0.6163108348846436,,,-157.06495666503906,-157.06495666503906,,,24.10392189025879,-75.89607238769531,
reinforce,,,100.0,1,82,50.955194804892294,31,0.004812002182006836,0.6211938858032227,,,-146.1968231201172,-146.1968231201172,,,24.541648864746094,-75.4583511352539,
reinforce,,,100.0,1,83,53.958213828005356,32,0.005218029022216797,0.6264939308166504,,,-147.95889282226562,-147.95889282226562,,,26.12441635131836,-73.8755874633789,
reinforce,,,100.0,1,84,47.686331322796825,29,0.004624128341674805,0.6311848163604736,,,-158.43247985839844,-158.43247985839844,,,23.48249053955078,-76.51750183105469,
reinforce,,,100.0,1,85,47.95915038113421,30,0.004654884338378906,0.6359167098999023,,,-154.2353057861328,-154.2353057861328,,,22.934663772583008,-77.0653305053711,
reinforce,,,100.0,1,86,55.532838485037054,33,0.005436897277832031,0.6414139270782471,,,-195.58763122558594,-195.58763122558594,,,26.288463592529297,-73.71154022216797,
reinforce,,,100.0,1,87,41.900041082304476,24,0.003735780715942383,0.6452398300170898,,,-190.2875518798828,-190.2875518798828,,,23.226730346679688,-76.77326965332031,
reinforce,,,100.0,1,88,47.448135465925915,29,0.004514932632446289,0.6498148441314697,,,-137.82437133789062,-137.82437133789062,,,23.00829315185547,-76.99170684814453,
reinforce,,,100.0,1,89,49.839400764738976,30,0.004818916320800781,0.6546916961669922,,,-159.3564910888672,-159.3564910888672,,,24.19973373413086,-75.8002700805664,
reinforce,,,100.0,1,90,7.0805942047707635,10,0.0016582012176513672,0.6564218997955322,,,-277.1641540527344,-277.1641540527344,,,3.0461719036102295,-96.95382690429688,
reinforce,,,100.0,1,91,4.639252676135879,9,0.0016667842864990234,0.6581456661224365,,,-209.04708862304688,-209.04708862304688,,,1.3513087034225464,-98.64869689941406,
reinforce,,,100.0,1,92,49.502301802600265,30,0.004882097244262695,0.6630809307098389,,,-183.95654296875,-183.95654296875,,,23.66499137878418,-76.33500671386719,
reinforce,,,100.0,1,93,45.77566906965762,29,0.004728078842163086,0.6678879261016846,,,-156.72866821289062,-156.72866821289062,,,21.953052520751953,-78.04695129394531,
reinforce,,,100.0,1,94,47.721384057179534,30,0.004591941833496094,0.6725478172302246,,,-180.9803009033203,-180.9803009033203,,,22.506608963012695,-77.49339294433594,
reinforce,,,100.0,1,95,50.03407585229766,30,0.004710674285888672,0.6773126125335693,,,-179.15277099609375,-179.15277099609375,,,24.412845611572266,-75.58715057373047,
reinforce,,,100.0,1,96,50.208462525705116,31,0.0057888031005859375,0.6831648349761963,,,-188.9720916748047,-188.9720916748047,,,24.470699310302734,-75.529296875,
reinforce,,,100.0,1,97,44.27848644864835,25,0.004106998443603516,0.6873726844787598,,,-171.75277709960938,-171.75277709960938,,,24.185710906982422,-75.81428527832031,
reinforce,,,100.0,1,98,46.18446551594883,29,0.004488945007324219,0.6919739246368408,,,-147.20933532714844,-147.20933532714844,,,22.056446075439453,-77.94355773925781,
reinforce,,,100.0,1,99,42.48484375945061,27,0.004366159439086914,0.696387767791748,,,-191.02267456054688,-191.02267456054688,,,20.366458892822266,-79.633544921875,
reinforce,,,100.0,1,100,46.95629907075239,29,0.004611015319824219,0.7010669708251953,45.99114139174688,0.4473111428298723,-166.73292541503906,-166.73292541503906,,,22.31974983215332,-77.68025207519531,
reinforce,,,100.0,1,101,46.76615707134183,29,0.0045740604400634766,0.7180638313293457,,,-173.82192993164062,-173.82192993164062,,,22.361427307128906,-77.6385726928711,
reinforce,,,100.0,1,102,43.51831587201643,28,0.00469207763671875,0.722815990447998,,,-127.25336456298828,-127.25336456298828,,,21.018085479736328,-78.98191833496094,
reinforce,,,100.0,1,103,43.12296268416435,27,0.00420689582824707,0.7271018028259277,,,-188.13079833984375,-188.13079833984375,,,20.938867568969727,-79.0611343383789,
reinforce,,,100.0,1,104,47.8402623616944,29,0.004724025726318359,0.7318837642669678,,,-162.3839569091797,-162.3839569091797,,,23.496232986450195,-76.50376892089844,
reinforce,,,100.0,1,105,48.41302280253293,30,0.004858255386352539,0.7368090152740479,,,-142.1061553955078,-142.1061553955078,,,23.157365798950195,-76.84263610839844,
reinforce,,,100.0,1,106,47.227630187377756,29,0.004624128341674805,0.7414929866790771,,,-154.2607421875,-154.2607421875,,,22.535648345947266,-77.46435546875,
reinforce,,,100.0,1,107,45.22726940088131,28,0.004359006881713867,0.745905876159668,,,-189.85035705566406,-189.85035705566406,,,21.719621658325195,-78.28038024902344,
reinforce,,,100.0,1,108,47.118115431464744,29,0.004801750183105469,0.7507636547088623,,,-185.4547882080078,-185.4547882080078,,,22.456005096435547,-77.54399871826172,
reinforce,,,100.0,1,109,46.71481009417411,29,0.0045816898345947266,0.755408763885498,,,-206.8012237548828,-206.8012237548828,,,22.067127227783203,-77.93287658691406,
reinforce,,,100.0,1,110,49.077860608347635,30,0.00467681884765625,0.7601616382598877,,,-161.90682983398438,-161.90682983398438,,,24.071561813354492,-75.9284439086914,
reinforce,,,100.0,1,111,6.201769683777516,10,0.0018329620361328125,0.7620508670806885,,,-242.9679718017578,-242.9679718017578,,,2.2654716968536377,-97.73453521728516,
reinforce,,,100.0,1,112,45.29424386539737,28,0.0045621395111083984,0.7666549682617188,,,-181.44375610351562,-181.44375610351562,,,21.80230712890625,-78.19769287109375,
reinforce,,,100.0,1,113,46.86761443592628,29,0.004673004150390625,0.7713899612426758,,,-166.2572021484375,-166.2572021484375,,,22.63194465637207,-77.36805725097656,
reinforce,,,100.0,1,114,44.97005049605092,28,0.004415988922119141,0.7758679389953613,,,-172.35696411132812,-172.35696411132812,,,21.634485244750977,-78.36551666259766,
reinforce,,,100.0,1,115,50.70966914295478,31,0.004956960678100586,0.7808787822723389,,,-157.7186279296875,-157.7186279296875,,,23.89802360534668,-76.10198211669922,
reinforce,,,100.0,1,116,55.61539589187281,34,0.005471229553222656,0.7864110469818115,,,-171.5050506591797,-171.5050506591797,,,25.941511154174805,-74.0584945678711,
reinforce,,,100.0,1,117,46.21977612225431,29,0.004597902297973633,0.7910757064819336,,,-168.87982177734375,-168.87982177734375,,,22.353530883789062,-77.64646911621094,
reinforce,,,100.0,1,118,46.35589702103703,29,0.0047419071197509766,0.7958767414093018,,,-167.58984375,-167.58984375,,,22.64720344543457,-77.35279083251953,
reinforce,,,100.0,1,119,43.04344016152306,28,0.004533052444458008,0.8004698753356934,,,-164.6251678466797,-164.6251678466797,,,20.148998260498047,-79.85100555419922,
reinforce,,,100.0,1,120,42.08408199720693,27,0.004373073577880859,0.8049008846282959,44.12137215656304,0.6988732778517066,-154.53802490234375,-154.53802490234375,,,20.28612518310547,-79.71387481689453,
reinforce,,,100.0,1,121,46.32236994600779,29,0.004722118377685547,0.8216738700866699,,,-163.94529724121094,-163.94529724121094,,,22.14788246154785,-77.85211944580078,
reinforce,,,100.0,1,122,48.65419875335328,30,0.00488591194152832,0.8266687393188477,,,-161.8412322998047,-161.8412322998047,,,23.75033187866211,-76.24966430664062,
reinforce,,,100.0,1,123,43.05279941498064,27,0.004328012466430664,0.8310637474060059,,,-163.57054138183594,-163.57054138183594,,,20.613733291625977,-79.38626861572266,
reinforce,,,100.0,1,124,45.88708753852938,29,0.004730939865112305,0.8358538150787354,,,-164.24986267089844,-164.24986267089844,,,21.953227996826172,-78.0467758178711,
reinforce,,,100.0,1,125,44.196176591652204,28,0.004609107971191406,0.8405299186706543,,,-185.841064453125,-185.841064453125,,,21.66584587097168,-78.33415985107422,
reinforce,,,100.0,1,126,52.13726502738735,32,0.0049970149993896484,0.845585823059082,,,-160.8965301513672,-160.8965301513672,,,25.366939544677734,-74.633056640625,
reinforce,,,100.0,1,127,44.51369557298608,28,0.0045397281646728516,0.8501787185668945,,,-161.37147521972656,-161.37147521972656,,,21.234365463256836,-78.765625,
reinforce,,,100.0,1,128,46.56415300250654,30,0.004865884780883789,0.8550987243652344,,,-164.1537322998047,-164.1537322998047,,,21.588041305541992,-78.41195678710938,
reinforce,,,100.0,1,129,45.249305372127445,29,0.004598140716552734,0.8597519397735596,,,-188.12222290039062,-188.12222290039062,,,21.167678833007812,-78.83232116699219,
reinforce,,,100.0,1,130,44.94861802474664,29,0.0044820308685302734,0.8643238544464111,,,-182.15826416015625,-182.15826416015625,,,20.96575164794922,-79.03425598144531,
reinforce,,,100.0,1,131,48.860841267822195,31,0.004973649978637695,0.8693456649780273,,,-175.94854736328125,-175.94854736328125,,,22.740659713745117,-77.25933837890625,
reinforce,,,100.0,1,132,43.78914302835998,28,0.004565000534057617,0.873964786529541,,,-181.66702270507812,-181.66702270507812,,,21.06570816040039,-78.93428802490234,
reinforce,,,100.0,1,133,47.59838062358104,30,0.004604816436767578,0.8786518573760986,,,-161.0293426513672,-161.0293426513672,,,22.095264434814453,-77.90473937988281,
reinforce,,,100.0,1,134,46.18709576200401,29,0.0048160552978515625,0.883530855178833,,,-136.82154846191406,-136.82154846191406,,,21.69219970703125,-78.30780029296875,
reinforce,,,100.0,1,135,43.96089206416774,28,0.004572868347167969,0.8881847858428955,,,-188.16567993164062,-188.16567993164062,,,20.826189041137695,-79.17381286621094,
reinforce,,,100.0,1,136,49.30455739535076,31,0.004744052886962891,0.8930268287658691,,,-151.02047729492188,-151.02047729492188,,,23.168216705322266,-76.831787109375,
reinforce,,,100.0,1,137,47.50832946862767,30,0.004923820495605469,0.8980066776275635,,,-158.17324829101562,-158.17324829101562,,,22.254131317138672,-77.74586486816406,
reinforce,,,100.0,1,138,43.73436882731584,28,0.004494667053222656,0.9025616645812988,,,-190.6643524169922,-190.6643524169922,,,21.09815788269043,-78.90184020996094,
reinforce,,,100.0,1,139,58.36173789695351,36,0.005641937255859375,0.9082708358764648,,,-160.6644287109375,-160.6644287109375,,,27.905975341796875,-72.09402465820312,
reinforce,,,100.0,1,140,44.093021218710824,29,0.004525661468505859,0.9128546714782715,46.6932316354533,0.48657021776180687,-160.94610595703125,-160.94610595703125,,,20.435962677001953,-79.56403350830078,
reinforce,,,100.0,1,141,3.0377464908138236,10,0.001837015151977539,0.9274349212646484,,,-253.32730102539062,-253.32730102539062,,,-0.02331230603158474,-100.0233154296875,
reinforce,,,100.0,1,142,45.7564520032229,29,0.004747152328491211,0.9322419166564941,,,-170.53164672851562,-170.53164672851562,,,21.343299865722656,-78.65669250488281,
reinforce,,,100.0,1,143,46.61302455116353,30,0.0047261714935302734,0.937035083770752,,,-141.97760009765625,-141.97760009765625,,,21.92732048034668,-78.07267761230469,
reinforce,,,100.0,1,144,49.492738708394874,31,0.004973173141479492,0.9420769214630127,,,-190.8418426513672,-190.8418426513672,,,22.903478622436523,-77.09651947021484,
reinforce,,,100.0,1,145,50.148390596616764,32,0.005079030990600586,0.9472148418426514,,,-144.10140991210938,-144.10140991210938,,,23.937746047973633,-76.062255859375,
reinforce,,,100.0,1,146,47.479557071720265,30,0.004850864410400391,0.952183723449707,,,-158.22308349609375,-158.22308349609375,,,22.558135986328125,-77.44186401367188,
reinforce,,,100.0,1,147,55.58201040221167,34,0.005342006683349609,0.9575908184051514,,,-152.253173828125,-152.253173828125,,,25.669445037841797,-74.33055877685547,
reinforce,,,100.0,1,148,49.0740998337163,31,0.004775047302246094,0.9624478816986084,,,-144.8909912109375,-144.8909912109375,,,22.97654914855957,-77.02345275878906,
reinforce,,,100.0,1,149,46.80252081655829,30,0.004981040954589844,0.9674887657165527,,,-159.3961639404297,-159.3961639404297,,,21.856958389282227,-78.1430435180664,
reinforce,,,100.0,1,150,50.8498924177573,32,0.005316019058227539,0.9728848934173584,,,-209.08645629882812,-209.08645629882812,,,23.889978408813477,-76.11002349853516,
reinforce,,,100.0,1,151,53.66056192515005,33,0.005110025405883789,0.9780716896057129,,,-125.02198791503906,-125.02198791503906,,,25.62796974182129,-74.37202453613281,
reinforce,,,100.0,1,152,48.44570514895501,31,0.004817962646484375,0.9829738140106201,,,-166.2817840576172,-166.2817840576172,,,22.4344425201416,-77.56555938720703,
reinforce,,,100.0,1,153,53.26260034106113,34,0.005357027053833008,0.9883918762207031,,,-178.88720703125,-178.88720703125,,,24.51058006286621,-75.48941802978516,
reinforce,,,100.0,1,154,49.86371731962617,32,0.005204916000366211,0.9936578273773193,,,-142.57080078125,-142.57080078125,,,22.927417755126953,-77.07258605957031,
reinforce,,,100.0,1,155,49.102574922758265,32,0.004950046539306641,0.9986858367919922,,,-176.21595764160156,-176.21595764160156,,,22.190275192260742,-77.80972290039062,
reinforce,,,100.0,1,156,52.30801809686824,33,0.0050928592681884766,1.0038347244262695,,,-158.9208984375,-158.9208984375,,,24.12419891357422,-75.87580108642578,
reinforce,,,100.0,1,157,44.36347978765678,29,0.004703044891357422,1.0086028575897217,,,-159.44174194335938,-159.44174194335938,,,20.704574584960938,-79.29542541503906,
reinforce,,,100.0,1,158,52.432548341683535,33,0.005173921585083008,1.0138797760009766,,,-163.19671630859375,-163.19671630859375,,,23.92102813720703,-76.07897186279297,
reinforce,,,100.0,1,159,46.873946576191315,31,0.004818916320800781,1.0187819004058838,,,-172.9363555908203,-172.9363555908203,,,21.25408172607422,-78.74591827392578,
reinforce,,,100.0,1,160,48.71238918844328,31,0.004838228225708008,1.0236799716949463,46.8205006875829,0.23383148510030308,-161.81423950195312,-161.81423950195312,,,22.86647605895996,-77.13352966308594,
reinforce,,,100.0,1,161,3.2192136617417226,9,0.0016083717346191406,1.0380580425262451,,,-208.91677856445312,-208.91677856445312,,,0.3329608738422394,-99.66703033447266,
reinforce,,,100.0,1,162,4.131712791803923,10,0.0017399787902832031,1.0398499965667725,,,-220.1051025390625,-220.1051025390625,,,0.6091731786727905,-99.39083099365234,
reinforce,,,100.0,1,163,52.25935814184169,33,0.005118846893310547,1.0450167655944824,,,-163.93746948242188,-163.93746948242188,,,24.379892349243164,-75.62010955810547,
reinforce,,,100.0,1,164,50.32222776737447,32,0.005075931549072266,1.050149917602539,,,-167.0792694091797,-167.0792694091797,,,23.16038703918457,-76.83961486816406,
reinforce,,,100.0,1,165,45.79563750657329,30,0.004776954650878906,1.055034875869751,,,-184.00259399414062,-184.00259399414062,,,21.260438919067383,-78.73955535888672,
reinforce,,,100.0,1,166,54.08053167659597,34,0.005215883255004883,1.0603268146514893,,,-155.82423400878906,-155.82423400878906,,,25.579984664916992,-74.42001342773438,
reinforce,,,100.0,1,167,48.62716308206533,31,0.004960060119628906,1.0653667449951172,,,-149.57652282714844,-149.57652282714844,,,22.77029037475586,-77.22970581054688,
reinforce,,,100.0,1,168,52.47053346224762,33,0.0050640106201171875,1.070497751235962,,,-161.59805297851562,-161.59805297851562,,,24.541589736938477,-75.45840454101562,
reinforce,,,100.0,1,169,3.4934125405414216,14,0.0023641586303710938,1.0729258060455322,,,-233.4203338623047,-233.4203338623047,,,-0.5025655627250671,-100.5025634765625,
reinforce,,,100.0,1,170,46.55116853032534,31,0.00492095947265625,1.077927827835083,,,-173.28506469726562,-173.28506469726562,,,21.451082229614258,-78.54891967773438,
reinforce,,,100.0,1,171,2.1410371692727237,9,0.0015752315521240234,1.0795719623565674,,,-296.878173828125,-296.878173828125,,,-0.39496588706970215,-100.39496612548828,
reinforce,,,100.0,1,172,46.9156306347237,31,0.004923820495605469,1.0845487117767334,,,-166.21371459960938,-166.21371459960938,,,21.352039337158203,-78.64795684814453,
reinforce,,,100.0,1,173,50.33909776287136,33,0.005263805389404297,1.0899007320404053,,,-178.41000366210938,-178.41000366210938,,,22.49946403503418,-77.50053405761719,
reinforce,,,100.0,1,174,49.72200763747592,32,0.004927873611450195,1.0949068069458008,,,-185.42935180664062,-185.42935180664062,,,22.565288543701172,-77.43470764160156,
reinforce,,,100.0,1,175,47.878818403507594,32,0.00503230094909668,1.0999979972839355,,,-175.2234649658203,-175.2234649658203,,,21.294038772583008,-78.70596313476562,
reinforce,,,100.0,1,176,49.131648015653504,32,0.005023956298828125,1.1050958633422852,,,-167.12091064453125,-167.12091064453125,,,22.371471405029297,-77.62853240966797,
reinforce,,,100.0,1,177,49.747129899819654,33,0.005014181137084961,1.1102008819580078,,,-125.2849349975586,-125.2849349975586,,,22.31412124633789,-77.68588256835938,
reinforce,,,100.0,1,178,47.99837213669127,31,0.004645109176635742,1.1149120330810547,,,-151.10247802734375,-151.10247802734375,,,21.824125289916992,-78.17587280273438,
reinforce,,,100.0,1,179,45.94624934175252,30,0.004818916320800781,1.11979079246521,,,-143.1422576904297,-143.1422576904297,,,21.0047664642334,-78.99523162841797,
reinforce,,,100.0,1,180,40.61395111836215,23,0.003863811492919922,1.123713731765747,49.09674661911728,0.32177287688302225,-193.80203247070312,-193.80203247070312,,,22.07001304626465,-77.92998504638672,
reinforce,,,100.0,1,181,49.01790677088903,32,0.005198240280151367,1.1431009769439697,,,-172.6377716064453,-172.6377716064453,,,22.614721298217773,-77.3852767944336,
reinforce,,,100.0,1,182,47.75118395482942,31,0.005118846893310547,1.148303747177124,,,-206.7918243408203,-206.7918243408203,,,21.760812759399414,-78.23919677734375,
reinforce,,,100.0,1,183,54.18762212701498,35,0.005682945251464844,1.154059648513794,,,-160.3220977783203,-160.3220977783203,,,24.296375274658203,-75.70362854003906,
reinforce,,,100.0,1,184,50.3156978741965,33,0.005180835723876953,1.1593217849731445,,,-156.67538452148438,-156.67538452148438,,,22.5554141998291,-77.444580078125,
reinforce,,,100.0,1,185,49.76514688165396,32,0.0050029754638671875,1.1644186973571777,,,-158.43112182617188,-158.43112182617188,,,22.536123275756836,-77.46388244628906,
reinforce,,,100.0,1,186,48.36499563970019,32,0.005608081817626953,1.1700868606567383,,,-179.53076171875,-179.53076171875,,,22.010086059570312,-77.98991394042969,
reinforce,,,100.0,1,187,46.457033684021575,30,0.004960060119628906,1.175128698348999,,,-151.18116760253906,-151.18116760253906,,,21.706697463989258,-78.29330444335938,
reinforce,,,100.0,1,188,51.655134064609136,33,0.005265951156616211,1.1804828643798828,,,-144.17115783691406,-144.17115783691406,,,23.66870880126953,-76.33129119873047,
reinforce,,,100.0,1,189,50.21741064874855,33,0.005156278610229492,1.1857349872589111,,,-139.8898162841797,-139.8898162841797,,,23.090261459350586,-76.90973663330078,
reinforce,,,100.0,1,190,49.02999465680406,32,0.0049097537994384766,1.1907336711883545,,,-164.7500457763672,-164.7500457763672,,,22.584152221679688,-77.41584777832031,
reinforce,,,100.0,1,191,60.98999662043363,38,0.005945920944213867,1.1967358589172363,,,-142.63243103027344,-142.63243103027344,,,27.321590423583984,-72.67840576171875,
reinforce,,,100.0,1,192,48.73876533221643,32,0.004956960678100586,1.2017529010772705,,,-203.02511596679688,-203.02511596679688,,,21.939834594726562,-78.06016540527344,
reinforce,,,100.0,1,193,47.14557722281731,31,0.0047740936279296875,1.2066009044647217,,,-171.0426025390625,-171.0426025390625,,,21.388324737548828,-78.6116714477539,
reinforce,,,100.0,1,194,47.57174924540012,31,0.00477290153503418,1.2115206718444824,,,-178.7416534423828,-178.7416534423828,,,21.75255584716797,-78.24744415283203,
reinforce,,,100.0,1,195,49.854937238662025,32,0.005156993865966797,1.2167737483978271,,,-165.36990356445312,-165.36990356445312,,,22.66370391845703,-77.3363037109375,
reinforce,,,100.0,1,196,47.17438700479944,31,0.004726886749267578,1.221587896347046,,,-159.76792907714844,-159.76792907714844,,,21.334714889526367,-78.665283203125,
reinforce,,,100.0,1,197,46.240509174365776,31,0.004853963851928711,1.2265129089355469,,,-156.9543914794922,-156.9543914794922,,,20.998184204101562,-79.00181579589844,
reinforce,,,100.0,1,198,51.963930792428094,33,0.00519108772277832,1.2317638397216797,,,-161.87159729003906,-161.87159729003906,,,23.627338409423828,-76.37266540527344,
reinforce,,,100.0,1,199,47.86604465010499,31,0.004924297332763672,1.2367470264434814,,,-163.34959411621094,-163.34959411621094,,,22.039377212524414,-77.96062469482422,
reinforce,,,100.0,1,200,48.53986130432109,32,0.0050890445709228516,1.2419037818908691,48.0141765027456,0.4077815786756368,-162.247802734375,-162.247802734375,,,21.931926727294922,-78.06806945800781,
reinforce,,,100.0,1,201,47.20347146227167,32,0.004895925521850586,1.2602648735046387,,,-173.3069305419922,-173.3069305419922,,,21.013843536376953,-78.98616027832031,
reinforce,,,100.0,1,202,51.29531919647499,34,0.005387783050537109,1.265718698501587,,,-164.29541015625,-164.29541015625,,,22.589189529418945,-77.41081237792969,
reinforce,,,100.0,1,203,49.696386558584514,34,0.0052280426025390625,1.27103590965271,,,-145.18328857421875,-145.18328857421875,,,21.714372634887695,-78.28562927246094,
reinforce,,,100.0,1,204,48.74874744845645,32,0.005021810531616211,1.2761297225952148,,,-173.98390197753906,-173.98390197753906,,,21.838855743408203,-78.16114807128906,
reinforce,,,100.0,1,205,49.90293415306041,33,0.005070686340332031,1.2812716960906982,,,-149.21304321289062,-149.21304321289062,,,22.152795791625977,-77.84721374511719,
reinforce,,,100.0,1,206,51.16943640930983,34,0.0054090023040771484,1.2867357730865479,,,-197.12733459472656,-197.12733459472656,,,22.47628402709961,-77.52371978759766,
reinforce,,,100.0,1,207,52.33433497387651,34,0.005368232727050781,1.2921669483184814,,,-176.01443481445312,-176.01443481445312,,,23.632549285888672,-76.3674545288086,
reinforce,,,100.0,1,208,45.38542943978859,32,0.004848957061767578,1.2970788478851318,,,-177.6051025390625,-177.6051025390625,,,19.522846221923828,-80.47715759277344,
reinforce,,,100.0,1,209,47.748740611567506,33,0.0050470829010009766,1.3022358417510986,,,-196.977294921875,-196.977294921875,,,20.804428100585938,-79.19557189941406,
reinforce,,,100.0,1,210,45.26776282060824,32,0.005062103271484375,1.3073489665985107,,,-197.77658081054688,-197.77658081054688,,,19.556243896484375,-80.44375610351562,
reinforce,,,100.0,1,211,47.57627922237178,33,0.005091667175292969,1.3125057220458984,,,-179.74082946777344,-179.74082946777344,,,20.73649024963379,-79.26351165771484,
reinforce,,,100.0,1,212,61.89749983351344,42,0.006474971771240234,1.319037914276123,,,-174.68283081054688,-174.68283081054688,,,28.417415618896484,-71.58258056640625,
reinforce,,,100.0,1,213,50.50178212233936,34,0.005160093307495117,1.3242759704589844,,,-155.4015655517578,-155.4015655517578,,,22.321062088012695,-77.67893981933594,
reinforce,,,100.0,1,214,48.10626739709401,34,0.0053517818450927734,1.3296797275543213,,,-164.83853149414062,-164.83853149414062,,,20.287181854248047,-79.71282196044922,
reinforce,,,100.0,1,215,47.044512465185235,33,0.005201101303100586,1.3349499702453613,,,-186.0771484375,-186.0771484375,,,20.162569046020508,-79.83743286132812,
reinforce,,,100.0,1,216,45.669313546314314,32,0.004912137985229492,1.3399238586425781,,,-165.4306182861328,-165.4306182861328,,,19.65436553955078,-80.34562683105469,
reinforce,,,100.0,1,217,46.917673101946235,33,0.005138874053955078,1.345127820968628,,,-160.67881774902344,-160.67881774902344,,,19.98973274230957,-80.01026916503906,
reinforce,,,100.0,1,218,45.429740562325556,32,0.005105018615722656,1.3502957820892334,,,-164.18374633789062,-164.18374633789062,,,19.44896125793457,-80.55104064941406,
reinforce,,,100.0,1,219,45.78583897834387,32,0.005069732666015625,1.3554577827453613,,,-169.3203125,-169.3203125,,,19.743114471435547,-80.25688171386719,
reinforce,,,100.0,1,220,51.040178712599584,35,0.005362033843994141,1.3608849048614502,45.725032868945064,0.4312560845619754,-171.98228454589844,-171.98228454589844,,,21.478973388671875,-78.52102661132812,
reinforce,,,100.0,1,221,45.10985298380486,33,0.004904985427856445,1.3794918060302734,,,-153.06471252441406,-153.06471252441406,,,18.726205825805664,-81.27379608154297,
reinforce,,,100.0,1,222,49.30655571545054,34,0.0054531097412109375,1.3850188255310059,,,-180.712890625,-180.712890625,,,21.097347259521484,-78.90264892578125,
reinforce,,,100.0,1,223,51.76344614084084,37,0.005631923675537109,1.3907198905944824,,,-200.94712829589844,-200.94712829589844,,,21.28936767578125,-78.71063232421875,
reinforce,,,100.0,1,224,47.445544494560494,35,0.005650997161865234,1.396435022354126,,,-145.45114135742188,-145.45114135742188,,,19.391427993774414,-80.60857391357422,
reinforce,,,100.0,1,225,46.21333655923409,34,0.005263090133666992,1.40177583694458,,,-169.78538513183594,-169.78538513183594,,,18.943832397460938,-81.05616760253906,
reinforce,,,100.0,1,226,48.9544795154612,36,0.00545811653137207,1.4073429107666016,,,-174.9246826171875,-174.9246826171875,,,19.41611099243164,-80.58389282226562,
reinforce,,,100.0,1,227,48.15865366560521,36,0.005585908889770508,1.412984848022461,,,-198.15313720703125,-198.15313720703125,,,18.847606658935547,-81.15238189697266,
reinforce,,,100.0,1,228,44.290085653460366,34,0.0055277347564697266,1.4185726642608643,,,-166.3596954345703,-166.3596954345703,,,17.391281127929688,-82.60872650146484,
reinforce,,,100.0,1,229,54.628453677994884,39,0.006127834320068359,1.4247617721557617,,,-161.11187744140625,-161.11187744140625,,,22.706735610961914,-77.29325866699219,
reinforce,,,100.0,1,230,76.63331384338406,43,0.006747007369995117,1.431579828262329,,,-144.28086853027344,-144.28086853027344,,,36.515506744384766,-63.484493255615234,
reinforce,,,100.0,1,231,45.78299786264236,34,0.005349874496459961,1.4370198249816895,,,-175.6242218017578,-175.6242218017578,,,18.426395416259766,-81.57360076904297,
reinforce,,,100.0,1,232,100.6517543616632,60,0.009148120880126953,1.446234941482544,,,-120.07503509521484,-120.07503509521484,,,43.432682037353516,-56.567317962646484,
reinforce,,,100.0,1,233,54.40925897237763,39,0.00618290901184082,1.4525036811828613,,,-170.7667236328125,-170.7667236328125,,,22.295488357543945,-77.70451354980469,
reinforce,,,100.0,1,234,89.6370766716864,58,0.008598089218139648,1.461167812347412,,,-132.37014770507812,-132.37014770507812,,,35.637306213378906,-64.36268615722656,
reinforce,,,100.0,1,235,73.08400609339064,41,0.006319999694824219,1.4675588607788086,,,-130.57603454589844,-130.57603454589844,,,35.29604721069336,-64.70394897460938,
reinforce,,,100.0,1,236,81.21198129570777,51,0.0078051090240478516,1.475442886352539,,,-155.4666748046875,-155.4666748046875,,,33.184326171875,-66.815673828125,
reinforce,,,100.0,1,237,76.96451813013842,55,0.008400917053222656,1.4839198589324951,,,-156.2526092529297,-156.2526092529297,,,28.319995880126953,-71.68000793457031,
reinforce,,,100.0,1,238,61.952264838271674,35,0.005373954772949219,1.4893817901611328,,,-150.63502502441406,-150.63502502441406,,,31.107593536376953,-68.89241027832031,
reinforce,,,100.0,1,239,87.99240979765771,50,0.007456779479980469,1.4969508647918701,,,-144.7579345703125,-144.7579345703125,,,39.5779914855957,-60.4220085144043,
reinforce,,,100.0,1,240,64.88431228479672,37,0.0059299468994140625,1.5029478073120117,98.82270357983495,47.61902107206483,-151.7632293701172,-151.7632293701172,,,31.742780685424805,-68.25721740722656,
reinforce,,,100.0,1,241,100.64507116809833,58,0.008671998977661133,1.5330266952514648,,,-113.46109008789062,-113.46109008789062,,,44.117652893066406,-55.882347106933594,
reinforce,,,100.0,1,242,82.97183563868336,54,0.008125066757202148,1.5412359237670898,,,-129.58096313476562,-129.58096313476562,,,33.422000885009766,-66.57799530029297,
reinforce,,,100.0,1,243,111.93743123688675,69,0.010319232940673828,1.5516769886016846,,,-127.76582336425781,-127.76582336425781,,,45.60380172729492,-54.39619445800781,
reinforce,,,100.0,1,244,80.1430078661033,52,0.00807499885559082,1.5598359107971191,,,-129.18423461914062,-129.18423461914062,,,33.16069793701172,-66.83930206298828,
reinforce,,,100.0,1,245,95.4912030385677,55,0.008523225784301758,1.5684418678283691,,,-129.30552673339844,-129.30552673339844,,,42.409645080566406,-57.59035110473633,
reinforce,,,100.0,1,246,75.37973130567515,47,0.007078886032104492,1.5756187438964844,,,-147.28195190429688,-147.28195190429688,,,32.04871368408203,-67.95128631591797,
reinforce,,,100.0,1,247,91.91754685260194,52,0.007848978042602539,1.5835509300231934,,,-128.86691284179688,-128.86691284179688,,,42.39900207519531,-57.60099792480469,
reinforce,,,100.0,1,248,87.98539949902151,49,0.007476091384887695,1.5911078453063965,,,-126.45952606201172,-126.45952606201172,,,40.66853713989258,-59.33146286010742,
reinforce,,,100.0,1,249,76.89484351782798,47,0.00736689567565918,1.5985658168792725,,,-167.36538696289062,-167.36538696289062,,,33.1402473449707,-66.85974884033203,
reinforce,,,100.0,1,250,83.30149185968472,48,0.0075757503509521484,1.6062307357788086,,,-132.4194793701172,-132.4194793701172,,,38.125064849853516,-61.874935150146484,
reinforce,,,100.0,1,251,91.1910443173286,57,0.008496761322021484,1.6148066520690918,,,-114.58399200439453,-114.58399200439453,,,39.0956916809082,-60.90431213378906,
reinforce,,,100.0,1,252,79.30550604769024,45,0.0071637630462646484,1.6220757961273193,,,-138.47328186035156,-138.47328186035156,,,36.86369705200195,-63.13630676269531,
reinforce,,,100.0,1,253,76.24580268379673,49,0.007342815399169922,1.6295087337493896,,,-148.1274871826172,-148.1274871826172,,,31.496376037597656,-68.50362396240234,
reinforce,,,100.0,1,254,90.37490406167727,54,0.00833892822265625,1.6379327774047852,,,-134.13507080078125,-134.13507080078125,,,40.162662506103516,-59.837337493896484,
reinforce,,,100.0,1,255,104.8067903944629,63,0.00918126106262207,1.6472110748291016,,,-131.99888610839844,-131.99888610839844,,,44.54685974121094,-55.45314025878906,
reinforce,,,100.0,1,256,43.167594340192615,30,0.004755973815917969,1.6520566940307617,,,-182.3992156982422,-182.3992156982422,,,19.28563117980957,-80.71437072753906,
reinforce,,,100.0,1,257,84.3133866693668,54,0.00822305679321289,1.6603498458862305,,,-136.25047302246094,-136.25047302246094,,,35.60578536987305,-64.39421844482422,
reinforce,,,100.0,1,258,44.91294997995747,30,0.004726886749267578,1.6651537418365479,,,-158.8242645263672,-158.8242645263672,,,20.377840042114258,-79.62216186523438,
reinforce,,,100.0,1,259,76.11327721893316,48,0.007336854934692383,1.672555685043335,,,-170.886474609375,-170.886474609375,,,31.869606018066406,-68.1303939819336,
reinforce,,,100.0,1,260,67.86323878717783,43,0.006399869918823242,1.6790306568145752,76.68006230554082,2.138780462777628,-160.19178771972656,-160.19178771972656,,,29.46817398071289,-70.53182983398438,
reinforce,,,100.0,1,261,151.70382998272834,80,0.012907028198242188,1.7112257480621338,,,-71.99617767333984,-71.99617767333984,,,66.95332336425781,-33.04667282104492,
reinforce,,,100.0,1,262,77.68253473446049,51,0.008280038833618164,1.7196297645568848,,,-136.8147735595703,-136.8147735595703,,,31.42032814025879,-68.57967376708984,
reinforce,,,100.0,1,263,46.5735775383253,32,0.00583195686340332,1.7256226539611816,,,-172.3240203857422,-172.3240203857422,,,20.286787033081055,-79.71321105957031,
reinforce,,,100.0,1,264,67.95883042048234,44,0.007482290267944336,1.7332470417022705,,,-139.46023559570312,-139.46023559570312,,,28.474586486816406,-71.5254135131836,
reinforce,,,100.0,1,265,75.04487026185707,48,0.0073049068450927734,1.7406909465789795,,,-142.9013214111328,-142.9013214111328,,,31.916946411132812,-68.08304595947266,
reinforce,,,100.0,1,266,72.88608868232397,47,0.007360696792602539,1.7481496334075928,,,-150.54237365722656,-150.54237365722656,,,32.09939193725586,-67.90060424804688,
reinforce,,,100.0,1,267,68.78785402791057,44,0.0068819522857666016,1.7551538944244385,,,-166.3422393798828,-166.3422393798828,,,29.144929885864258,-70.85507202148438,
reinforce,,,100.0,1,268,154.33363961659387,81,0.012698173522949219,1.7679328918457031,,,-75.69476318359375,-75.69476318359375,,,66.30410766601562,-33.695892333984375,
reinforce,,,100.0,1,269,44.19668694380832,30,0.004747867584228516,1.7727937698364258,,,-192.131103515625,-192.131103515625,,,20.15055274963379,-79.84944915771484,
reinforce,,,100.0,1,270,76.2866521531588,48,0.007379770278930664,1.780282735824585,,,-138.89012145996094,-138.89012145996094,,,32.274959564208984,-67.72504425048828,
reinforce,,,100.0,1,271,65.11818383386131,41,0.006373882293701172,1.7867417335510254,,,-157.8594970703125,-157.8594970703125,,,28.34794807434082,-71.65204620361328,
reinforce,,,100.0,1,272,79.30038601697112,51,0.007986068725585938,1.7948088645935059,,,-126.09231567382812,-126.09231567382812,,,32.95038604736328,-67.04961395263672,
reinforce,,,100.0,1,273,46.926507517473375,31,0.00494694709777832,1.7998337745666504,,,-143.0297088623047,-143.0297088623047,,,21.169748306274414,-78.83025360107422,
reinforce,,,100.0,1,274,43.38947926374231,29,0.004547119140625,1.804494857788086,,,-185.26776123046875,-185.26776123046875,,,19.746427536010742,-80.25357055664062,
reinforce,,,100.0,1,275,71.2296668522497,46,0.007070064544677734,1.8116469383239746,,,-167.2504425048828,-167.2504425048828,,,29.56476593017578,-70.43524169921875,
reinforce,,,100.0,1,276,76.6077514072988,48,0.0073206424713134766,1.8190438747406006,,,-167.8406524658203,-167.8406524658203,,,32.57366180419922,-67.42633819580078,
reinforce,,,100.0,1,277,74.06178885412022,48,0.0074040889739990234,1.8265337944030762,,,-146.78758239746094,-146.78758239746094,,,30.622228622436523,-69.37776947021484,
reinforce,,,100.0,1,278,116.11744020901332,73,0.011224031448364258,1.8378329277038574,,,-117.39715576171875,-117.39715576171875,,,47.3900032043457,-52.6099967956543,
reinforce,,,100.0,1,279,74.53141573551677,48,0.007513761520385742,1.8454527854919434,,,-156.95443725585938,-156.95443725585938,,,32.25735092163086,-67.7426528930664,
reinforce,,,100.0,1,280,140.43399651618878,76,0.01190185546875,1.8574857711791992,73.97059308798717,0.945187730151036,-92.32047271728516,-92.32047271728516,,,60.08740234375,-39.9125862121582,
reinforce,,,100.0,1,281,119.10399382324827,74,0.011295080184936523,1.8880388736724854,,,-109.0805892944336,-109.0805892944336,,,49.25484085083008,-50.74515914916992,
reinforce,,,100.0,1,282,92.3655250784888,53,0.008040189743041992,1.8961799144744873,,,-122.21864318847656,-122.21864318847656,,,40.8592414855957,-59.1407585144043,
reinforce,,,100.0,1,283,133.0364889264991,79,0.012214899063110352,1.9084928035736084,,,-103.52747344970703,-103.52747344970703,,,54.44252014160156,-45.55747604370117,
reinforce,,,100.0,1,284,81.70292051770038,53,0.007998943328857422,1.9165918827056885,,,-138.7462921142578,-138.7462921142578,,,34.60858917236328,-65.39141845703125,
reinforce,,,100.0,1,285,124.50577827178746,75,0.011586189270019531,1.9282639026641846,,,-115.30750274658203,-115.30750274658203,,,51.238887786865234,-48.761112213134766,
reinforce,,,100.0,1,286,160.27586426650416,86,0.013576984405517578,1.9419457912445068,,,-75.58306884765625,-75.58306884765625,,,67.1060562133789,-32.893943786621094,
reinforce,,,100.0,1,287,180.58313072239412,92,0.014356374740600586,1.9564690589904785,,,-55.56608200073242,-55.56608200073242,,,75.1898422241211,-24.81015968322754,
reinforce,,,100.0,1,288,46.92570209090828,33,0.005263090133666992,1.9618518352508545,,,-195.0641326904297,-195.0641326904297,,,20.430706024169922,-79.56929016113281,
reinforce,,,100.0,1,289,91.98262397903991,59,0.009267807006835938,1.9711906909942627,,,-140.7550048828125,-140.7550048828125,,,37.07176971435547,-62.92823028564453,
reinforce,,,100.0,1,290,66.29431397868926,44,0.006610870361328125,1.9779038429260254,,,-136.69322204589844,-136.69322204589844,,,27.50007438659668,-72.49993133544922,
reinforce,,,100.0,1,291,153.06620682078696,84,0.012858152389526367,1.9908339977264404,,,-78.06485748291016,-78.06485748291016,,,63.864723205566406,-36.13527297973633,
reinforce,,,100.0,1,292,111.6424556781381,68,0.010473966598510742,2.0014357566833496,,,-127.88434600830078,-127.88434600830078,,,45.7032585144043,-54.2967414855957,
reinforce,,,100.0,1,293,83.03724906226354,48,0.007634162902832031,2.009150981903076,,,-144.49496459960938,-144.49496459960938,,,37.74051284790039,-62.25948715209961,
reinforce,,,100.0,1,294,78.46532704658318,44,0.00700688362121582,2.016251802444458,,,-147.80316162109375,-147.80316162109375,,,36.97450256347656,-63.0255012512207,
reinforce,,,100.0,1,295,77.84152149846217,44,0.007074117660522461,2.023397922515869,,,-173.24803161621094,-173.24803161621094,,,36.546695709228516,-63.453304290771484,
reinforce,,,100.0,1,296,52.78545303445551,38,0.006052255630493164,2.0295250415802,,,-171.62693786621094,-171.62693786621094,,,25.49946403503418,-74.50053405761719,
reinforce,,,100.0,1,297,76.19560676883407,43,0.0067958831787109375,2.0363848209381104,,,-146.01124572753906,-146.01124572753906,,,35.91527557373047,-64.08472442626953,
reinforce,,,100.0,1,298,93.20493277524977,60,0.009209156036376953,2.045658826828003,,,-158.6511688232422,-158.6511688232422,,,37.549076080322266,-62.450923919677734,
reinforce,,,100.0,1,299,69.08724095753333,45,0.007131099700927734,2.052851915359497,,,-133.62808227539062,-133.62808227539062,,,29.817171096801758,-70.18283081054688,
reinforce,,,100.0,1,300,72.67073079619207,45,0.007181644439697266,2.0601186752319336,76.8046003304185,13.587037201343525,-142.74371337890625,-142.74371337890625,,,31.386146545410156,-68.61385345458984,
reinforce,,,100.0,1,301,75.63242157248843,49,0.007390260696411133,2.087264060974121,,,-142.07632446289062,-142.07632446289062,,,33.01785659790039,-66.98214721679688,
reinforce,,,100.0,1,302,74.37699576256406,47,0.007463932037353516,2.0947868824005127,,,-173.32061767578125,-173.32061767578125,,,31.787635803222656,-68.21236419677734,
reinforce,,,100.0,1,303,76.29744015654836,49,0.007878303527832031,2.10276198387146,,,-133.73040771484375,-133.73040771484375,,,32.427425384521484,-67.57257080078125,
reinforce,,,100.0,1,304,107.0646795482087,68,0.010670185089111328,2.1136069297790527,,,-122.05572509765625,-122.05572509765625,,,43.16109085083008,-56.83890914916992,
reinforce,,,100.0,1,305,135.4203366783576,76,0.011957883834838867,2.1256797313690186,,,-94.63480377197266,-94.63480377197266,,,57.538612365722656,-42.46138381958008,
reinforce,,,100.0,1,306,75.29351915635175,47,0.007278919219970703,2.1330697536468506,,,-143.69525146484375,-143.69525146484375,,,32.96531677246094,-67.0346908569336,
reinforce,,,100.0,1,307,71.8233920417588,47,0.007433891296386719,2.1405818462371826,,,-157.12969970703125,-157.12969970703125,,,31.400772094726562,-68.59922790527344,
reinforce,,,100.0,1,308,71.72718401720627,47,0.007255077362060547,2.1479108333587646,,,-160.8173065185547,-160.8173065185547,,,29.52773666381836,-70.47225952148438,
reinforce,,,100.0,1,309,66.48458374757733,38,0.0060160160064697266,2.1540119647979736,,,-157.32034301757812,-157.32034301757812,,,31.727951049804688,-68.27204895019531,
reinforce,,,100.0,1,310,104.01767785240735,64,0.00978398323059082,2.163879871368408,,,-113.88075256347656,-113.88075256347656,,,42.869873046875,-57.130126953125,
reinforce,,,100.0,1,311,78.74043360820232,45,0.007046937942504883,2.1710238456726074,,,-141.0228271484375,-141.0228271484375,,,36.28241729736328,-63.71758270263672,
reinforce,,,100.0,1,312,52.96124834799115,30,0.00483393669128418,2.1759238243103027,,,-163.2727508544922,-163.2727508544922,,,26.885297775268555,-73.11470031738281,
reinforce,,,100.0,1,313,56.362943618031814,32,0.005453824996948242,2.1814417839050293,,,-155.80911254882812,-155.80911254882812,,,28.229032516479492,-71.7709732055664,
reinforce,,,100.0,1,314,89.56414369114826,51,0.008350372314453125,2.1898670196533203,,,-131.8304901123047,-131.8304901123047,,,40.661865234375,-59.338130950927734,
reinforce,,,100.0,1,315,63.44209445764031,35,0.005992889404296875,2.195939779281616,,,-140.92385864257812,-140.92385864257812,,,31.186431884765625,-68.81356811523438,
reinforce,,,100.0,1,316,58.33390366593018,33,0.005447864532470703,2.2015328407287598,,,-143.90171813964844,-143.90171813964844,,,28.826805114746094,-71.1731948852539,
reinforce,,,100.0,1,317,56.886138683269564,32,0.005460977554321289,2.207136631011963,,,-158.35699462890625,-158.35699462890625,,,28.449796676635742,-71.55020141601562,
reinforce,,,100.0,1,318,70.11933318548105,40,0.006247043609619141,2.2135188579559326,,,-161.85336303710938,-161.85336303710938,,,32.95740509033203,-67.04259490966797,
reinforce,,,100.0,1,319,54.23422926780235,30,0.004937887191772461,2.218557834625244,,,-184.87229919433594,-184.87229919433594,,,27.605928421020508,-72.3940658569336,
reinforce,,,100.0,1,320,75.3949610661131,44,0.007685184478759766,2.2263569831848145,65.16338366817976,18.422149670686412,-155.4752655029297,-155.4752655029297,,,34.79440689086914,-65.20559692382812,
reinforce,,,100.0,1,321,54.14950934755661,31,0.005089998245239258,2.2475929260253906,,,-197.17303466796875,-197.17303466796875,,,27.88256072998047,-72.11743927001953,
reinforce,,,100.0,1,322,105.92821852865363,62,0.009802103042602539,2.257516860961914,,,-124.55738830566406,-124.55738830566406,,,45.921085357666016,-54.07891082763672,
reinforce,,,100.0,1,323,72.89205082504814,42,0.006555795669555664,2.2642056941986084,,,-118.6003189086914,-118.6003189086914,,,33.878814697265625,-66.12118530273438,
reinforce,,,100.0,1,324,53.1452499107703,30,0.004962921142578125,2.2692487239837646,,,-162.08511352539062,-162.08511352539062,,,27.161205291748047,-72.83879089355469,
reinforce,,,100.0,1,325,52.06659524695223,29,0.004693031311035156,2.274052858352661,,,-178.21066284179688,-178.21066284179688,,,26.520130157470703,-73.47987365722656,
reinforce,,,100.0,1,326,70.47699062273415,44,0.006932973861694336,2.281061887741089,,,-155.70697021484375,-155.70697021484375,,,30.331266403198242,-69.66873168945312,
reinforce,,,100.0,1,327,108.0121182283203,68,0.010734081268310547,2.291897773742676,,,-142.140625,-142.140625,,,43.73238754272461,-56.26761245727539,
reinforce,,,100.0,1,328,108.94053843754605,67,0.010246992111206055,2.302266836166382,,,-112.26544952392578,-112.26544952392578,,,44.711463928222656,-55.28853225708008,
reinforce,,,100.0,1,329,44.16913012863773,25,0.004239082336425781,2.3065989017486572,,,-182.6709442138672,-182.6709442138672,,,23.17974090576172,-76.82025909423828,
reinforce,,,100.0,1,330,54.96065347299738,31,0.005061149597167969,2.3117430210113525,,,-153.76918029785156,-153.76918029785156,,,27.718647003173828,-72.2813491821289,
reinforce,,,100.0,1,331,62.54812503491205,40,0.006215095520019531,2.3180298805236816,,,-173.83697509765625,-173.83697509765625,,,27.174251556396484,-72.82575225830078,
reinforce,,,100.0,1,332,86.6385396145566,50,0.007789134979248047,2.325892925262451,,,-134.05931091308594,-134.05931091308594,,,39.09107208251953,-60.9089241027832,
reinforce,,,100.0,1,333,135.52338737162506,75,0.011533737182617188,2.337517738342285,,,-90.26087188720703,-90.26087188720703,,,57.866275787353516,-42.13372802734375,
reinforce,,,100.0,1,334,71.39278771324575,45,0.007016897201538086,2.3446238040924072,,,-171.9007110595703,-171.9007110595703,,,31.137521743774414,-68.86248016357422,
reinforce,,,100.0,1,335,51.759416409858204,29,0.004842042922973633,2.3495607376098633,,,-179.70645141601562,-179.70645141601562,,,26.706066131591797,-73.29393768310547,
reinforce,,,100.0,1,336,44.125755878392994,25,0.004206657409667969,2.353879690170288,,,-173.73289489746094,-173.73289489746094,,,23.38599395751953,-76.61400604248047,
reinforce,,,100.0,1,337,49.673265603203305,28,0.004464864730834961,2.358416795730591,,,-158.69924926757812,-158.69924926757812,,,25.574092864990234,-74.4259033203125,
reinforce,,,100.0,1,338,51.65849589856383,29,0.004813194274902344,2.363323926925659,,,-149.27391052246094,-149.27391052246094,,,26.387117385864258,-73.61288452148438,
reinforce,,,100.0,1,339,47.49621777041183,27,0.004386186599731445,2.3677709102630615,,,-158.8806915283203,-158.8806915283203,,,24.599071502685547,-75.40093231201172,
reinforce,,,100.0,1,340,47.77783283844184,27,0.0044209957122802734,2.3722827434539795,67.39897361143494,14.901866570002818,-195.45310974121094,-195.45310974121094,,,24.727760314941406,-75.27223205566406,
reinforce,,,100.0,1,341,50.02232889981711,28,0.0044138431549072266,2.3926217555999756,,,-178.04513549804688,-178.04513549804688,,,25.775569915771484,-74.22443389892578,
reinforce,,,100.0,1,342,57.7646942583742,33,0.005327939987182617,2.3980138301849365,,,-143.76968383789062,-143.76968383789062,,,29.10331916809082,-70.89668273925781,
reinforce,,,100.0,1,343,86.49501358086977,50,0.007576942443847656,2.4056928157806396,,,-131.59939575195312,-131.59939575195312,,,39.13005828857422,-60.869937896728516,
reinforce,,,100.0,1,344,50.692926766773915,29,0.004762172698974609,2.410557985305786,,,-131.8612823486328,-131.8612823486328,,,25.815311431884766,-74.18468475341797,
reinforce,,,100.0,1,345,107.81805100973992,66,0.009871244430541992,2.420517921447754,,,-125.90013885498047,-125.90013885498047,,,44.20310592651367,-55.79689407348633,
reinforce,,,100.0,1,346,52.937876831881304,30,0.004729747772216797,2.4253246784210205,,,-160.34336853027344,-160.34336853027344,,,26.84137725830078,-73.15861511230469,
reinforce,,,100.0,1,347,54.395326870191546,31,0.004890918731689453,2.4302728176116943,,,-200.55409240722656,-200.55409240722656,,,27.56357192993164,-72.4364242553711,
reinforce,,,100.0,1,348,83.79774086853118,48,0.007462739944458008,2.4378256797790527,,,-161.56161499023438,-161.56161499023438,,,38.53621292114258,-61.46378707885742,
reinforce,,,100.0,1,349,58.823720955518006,33,0.005316734313964844,2.443213701248169,,,-168.0699462890625,-168.0699462890625,,,29.29142189025879,-70.70858764648438,
reinforce,,,100.0,1,350,54.60508058992481,31,0.00478816032409668,2.448091983795166,,,-166.35479736328125,-166.35479736328125,,,27.752601623535156,-72.24739837646484,
reinforce,,,100.0,1,351,77.85066438498583,45,0.007121086120605469,2.4552648067474365,,,-138.48939514160156,-138.48939514160156,,,36.08930206298828,-63.91069793701172,
reinforce,,,100.0,1,352,56.61375623183425,32,0.005094766616821289,2.460439682006836,,,-152.21490478515625,-152.21490478515625,,,28.091510772705078,-71.90849304199219,
reinforce,,,100.0,1,353,73.03645413310812,42,0.00654292106628418,2.467085838317871,,,-139.5814971923828,-139.5814971923828,,,34.06974792480469,-65.93025207519531,
reinforce,,,100.0,1,354,135.5099951528178,77,0.011949777603149414,2.4791066646575928,,,-92.70359802246094,-92.70359802246094,,,57.709877014160156,-42.290122985839844,
reinforce,,,100.0,1,355,55.49452931134765,31,0.0048639774322509766,2.4840619564056396,,,-176.28326416015625,-176.28326416015625,,,27.925565719604492,-72.0744400024414,
reinforce,,,100.0,1,356,82.89504646224731,48,0.007372140884399414,2.4914908409118652,,,-157.09632873535156,-157.09632873535156,,,37.64765167236328,-62.35234451293945,
reinforce,,,100.0,1,357,80.11597826540171,46,0.007052898406982422,2.498623847961426,,,-147.65072631835938,-147.65072631835938,,,36.7497444152832,-63.2502555847168,
reinforce,,,100.0,1,358,84.8075216673025,49,0.007491111755371094,2.5061960220336914,,,-129.89183044433594,-129.89183044433594,,,38.20814895629883,-61.79185104370117,
reinforce,,,100.0,1,359,71.31861729975854,41,0.006477832794189453,2.512760877609253,,,-169.4739227294922,-169.4739227294922,,,33.43983459472656,-66.56017303466797,
reinforce,,,100.0,1,360,102.62583810527059,60,0.009243011474609375,2.5220718383789062,83.13453314644315,1.1540971299774125,-118.91203308105469,-118.91203308105469,,,44.8291130065918,-55.1708869934082,
reinforce,,,100.0,1,361,90.0593791346001,52,0.007922887802124023,2.54931378364563,,,-130.94412231445312,-130.94412231445312,,,40.24296569824219,-59.75703430175781,
reinforce,,,100.0,1,362,88.10474153140444,51,0.007714033126831055,2.557107925415039,,,-128.19705200195312,-128.19705200195312,,,39.2252082824707,-60.77479553222656,
reinforce,,,100.0,1,363,134.32350375436033,74,0.011558771133422852,2.5687499046325684,,,-99.94098663330078,-99.94098663330078,,,57.14262390136719,-42.85737609863281,
reinforce,,,100.0,1,364,127.00528529649769,72,0.01127767562866211,2.580160617828369,,,-103.74567413330078,-103.74567413330078,,,53.76129913330078,-46.23870086669922,
reinforce,,,100.0,1,365,106.59736458542153,62,0.009456157684326172,2.5897159576416016,,,-116.4725112915039,-116.4725112915039,,,46.40834426879883,-53.591651916503906,
reinforce,,,100.0,1,366,85.55819583144273,49,0.007637977600097656,2.597444772720337,,,-134.8701629638672,-134.8701629638672,,,38.82773971557617,-61.172264099121094,
reinforce,,,100.0,1,367,71.3316233257702,41,0.006319999694824219,2.6038599014282227,,,-132.3099822998047,-132.3099822998047,,,33.30214309692383,-66.6978530883789,
reinforce,,,100.0,1,368,93.16597398601415,54,0.008454084396362305,2.6123907566070557,,,-137.55996704101562,-137.55996704101562,,,41.548397064208984,-58.451602935791016,
reinforce,,,100.0,1,369,81.7110719565571,47,0.0071299076080322266,2.619600772857666,,,-139.52911376953125,-139.52911376953125,,,37.351051330566406,-62.64895248413086,
reinforce,,,100.0,1,370,65.31475745848208,36,0.0056879520416259766,2.6253628730773926,,,-126.63481903076172,-126.63481903076172,,,32.43246078491211,-67.56754302978516,
reinforce,,,100.0,1,371,85.83573099293812,49,0.007673025131225586,2.6331257820129395,,,-140.90390014648438,-140.90390014648438,,,38.9558219909668,-61.04417419433594,
reinforce,,,100.0,1,372,79.61182196334008,45,0.007011890411376953,2.640214681625366,,,-125.06455993652344,-125.06455993652344,,,36.86648941040039,-63.133506774902344,
reinforce,,,100.0,1,373,69.94027086990494,39,0.006022930145263672,2.6463208198547363,,,-145.38014221191406,-145.38014221191406,,,33.49747848510742,-66.50251770019531,
reinforce,,,100.0,1,374,85.29318943968808,49,0.007797718048095703,2.6541976928710938,,,-134.6496124267578,-134.6496124267578,,,38.88672637939453,-61.1132698059082,
reinforce,,,100.0,1,375,83.64653418049728,48,0.0073490142822265625,2.6616148948669434,,,-144.8909149169922,-144.8909149169922,,,38.02751541137695,-61.97248458862305,
reinforce,,,100.0,1,376,82.94012231185518,48,0.007467031478881836,2.669163703918457,,,-128.77102661132812,-128.77102661132812,,,37.89631271362305,-62.10368347167969,
reinforce,,,100.0,1,377,120.10317576119948,70,0.010914802551269531,2.6801507472991943,,,-117.89067840576172,-117.89067840576172,,,50.45892333984375,-49.54107666015625,
reinforce,,,100.0,1,378,73.55738508781388,42,0.006482839584350586,2.6867587566375732,,,-148.133056640625,-148.133056640625,,,34.74634552001953,-65.25365447998047,
reinforce,,,100.0,1,379,76.04795173873075,43,0.006839752197265625,2.6936757564544678,,,-130.8792266845703,-130.8792266845703,,,35.995521545410156,-64.00447845458984,
reinforce,,,100.0,1,380,93.42403333578241,53,0.007953882217407227,2.7017107009887695,83.07233244483993,5.729199438050407,-132.9281768798828,-132.9281768798828,,,42.05553436279297,-57.944461822509766,
reinforce,,,100.0,1,381,81.2164683466145,46,0.007129192352294922,2.7279250621795654,,,-122.42015838623047,-122.42015838623047,,,37.606868743896484,-62.393131256103516,
reinforce,,,100.0,1,382,99.07779837184279,56,0.008587121963500977,2.736618995666504,,,-128.07955932617188,-128.07955932617188,,,44.1583251953125,-55.8416748046875,
reinforce,,,100.0,1,383,80.83707214701718,45,0.007142782211303711,2.7438578605651855,,,-122.67558288574219,-122.67558288574219,,,38.355186462402344,-61.644813537597656,
reinforce,,,100.0,1,384,59.75698379833488,34,0.005252838134765625,2.749196767807007,,,-138.7726593017578,-138.7726593017578,,,29.669597625732422,-70.33040618896484,
reinforce,,,100.0,1,385,79.07542018706239,44,0.006693124771118164,2.7559738159179688,,,-132.52606201171875,-132.52606201171875,,,37.91914367675781,-62.08086013793945,
reinforce,,,100.0,1,386,107.45862233230685,62,0.009537935256958008,2.765591859817505,,,-127.2138671875,-127.2138671875,,,46.33622741699219,-53.66377258300781,
reinforce,,,100.0,1,387,160.25550111840823,84,0.013235330581665039,2.77891206741333,,,-76.7664794921875,-76.7664794921875,,,68.1684799194336,-31.83151626586914,
reinforce,,,100.0,1,388,80.04009330328698,53,0.008147001266479492,2.787160873413086,,,-138.6194305419922,-138.6194305419922,,,33.02607345581055,-66.97393035888672,
reinforce,,,100.0,1,389,102.84959253637687,58,0.009218931198120117,2.796712875366211,,,-117.83383178710938,-117.83383178710938,,,45.2447624206543,-54.7552375793457,
reinforce,,,100.0,1,390,95.11686701729606,54,0.008340835571289062,2.805131673812866,,,-142.54066467285156,-142.54066467285156,,,42.768436431884766,-57.231563568115234,
reinforce,,,100.0,1,391,122.08975513181439,70,0.010741949081420898,2.815990686416626,,,-114.43804168701172,-114.43804168701172,,,51.27320861816406,-48.72679138183594,
reinforce,,,100.0,1,392,145.93514279246196,78,0.012519359588623047,2.828587055206299,,,-81.73798370361328,-81.73798370361328,,,62.10454177856445,-37.89545440673828,
reinforce,,,100.0,1,393,119.77486573766637,71,0.011087894439697266,2.839777708053589,,,-106.053955078125,-106.053955078125,,,49.536067962646484,-50.463932037353516,
reinforce,,,100.0,1,394,175.1689903214811,90,0.01411890983581543,2.8539857864379883,,,-58.37752914428711,-58.37752914428711,,,72.72765350341797,-27.27234649658203,
reinforce,,,100.0,1,395,102.69810423965801,69,0.010659933090209961,2.864752769470215,,,-140.80226135253906,-140.80226135253906,,,41.26383590698242,-58.73616027832031,
reinforce,,,100.0,1,396,165.68302763394158,86,0.013742923736572266,2.878577947616577,,,-64.45377349853516,-64.45377349853516,,,69.57493591308594,-30.42506217956543,
reinforce,,,100.0,1,397,42.54182355175371,29,0.0047070980072021484,2.8833789825439453,,,-181.75350952148438,-181.75350952148438,,,19.289264678955078,-80.71073913574219,
reinforce,,,100.0,1,398,136.00176164647635,75,0.011616945266723633,2.89506196975708,,,-82.16474914550781,-82.16474914550781,,,58.28510284423828,-41.71489715576172,
reinforce,,,100.0,1,399,114.30809705359671,71,0.011070966720581055,2.906235933303833,,,-122.72087097167969,-122.72087097167969,,,48.26470184326172,-51.73529815673828,
reinforce,,,100.0,1,400,125.42609370922048,74,0.011319160461425781,2.9176368713378906,122.53985592247457,10.384110984480788,-109.54963684082031,-109.54963684082031,,,52.65752410888672,-47.34247589111328,
reinforce,,,100.0,1,401,128.82841575935973,75,0.011965274810791016,2.958216905593872,,,-97.57959747314453,-97.57959747314453,,,55.14813232421875,-44.85186767578125,
reinforce,,,100.0,1,402,118.18153250926194,67,0.010375022888183594,2.9687018394470215,,,-123.7447509765625,-123.7447509765625,,,50.491455078125,-49.508541107177734,
reinforce,,,100.0,1,403,118.63143876407233,70,0.01111602783203125,2.9799020290374756,,,-106.39688873291016,-106.39688873291016,,,50.322879791259766,-49.677120208740234,
reinforce,,,100.0,1,404,112.82538743088581,68,0.010285139083862305,2.990293025970459,,,-131.84371948242188,-131.84371948242188,,,46.56507110595703,-53.43492889404297,
reinforce,,,100.0,1,405,105.8874995137336,61,0.009800910949707031,3.0001659393310547,,,-123.81149291992188,-123.81149291992188,,,45.959293365478516,-54.040706634521484,
reinforce,,,100.0,1,406,99.84532711678449,58,0.008997201919555664,3.009255886077881,,,-112.92709350585938,-112.92709350585938,,,43.75263214111328,-56.247371673583984,
reinforce,,,100.0,1,407,43.52080470541845,30,0.004786014556884766,3.0141258239746094,,,-181.94297790527344,-181.94297790527344,,,19.23880958557129,-80.76119232177734,
reinforce,,,100.0,1,408,105.73489366629687,68,0.010280132293701172,3.0244739055633545,,,-145.58712768554688,-145.58712768554688,,,45.2481689453125,-54.7518310546875,
reinforce,,,100.0,1,409,138.6494114551748,79,0.012295961380004883,3.036853790283203,,,-103.06761932373047,-103.06761932373047,,,58.42670822143555,-41.57328796386719,
reinforce,,,100.0,1,410,113.75826220121007,70,0.011121988296508789,3.048069953918457,,,-116.48841857910156,-116.48841857910156,,,47.824275970458984,-52.175724029541016,
reinforce,,,100.0,1,411,104.18405864368378,61,0.009553194046020508,3.057715892791748,,,-125.90025329589844,-125.90025329589844,,,45.10292434692383,-54.89707565307617,
reinforce,,,100.0,1,412,106.08010898087419,61,0.009580612182617188,3.0673816204071045,,,-112.1039810180664,-112.1039810180664,,,46.06795120239258,-53.93204879760742,
reinforce,,,100.0,1,413,117.53686068294056,71,0.01128697395324707,3.0787830352783203,,,-118.83332061767578,-118.83332061767578,,,50.253143310546875,-49.74686050415039,
reinforce,,,100.0,1,414,113.38569956869418,70,0.010980844497680664,3.0898587703704834,,,-121.88390350341797,-121.88390350341797,,,47.996177673339844,-52.00381851196289,
reinforce,,,100.0,1,415,126.15734911902805,75,0.011826038360595703,3.1017837524414062,,,-95.4743423461914,-95.4743423461914,,,52.93111801147461,-47.06888198852539,
reinforce,,,100.0,1,416,113.54999584281997,71,0.010976076126098633,3.1128478050231934,,,-126.26752471923828,-126.26752471923828,,,46.48359680175781,-53.51640319824219,
reinforce,,,100.0,1,417,61.13715767907676,43,0.006639957427978516,3.119588851928711,,,-145.19337463378906,-145.19337463378906,,,26.667848587036133,-73.3321533203125,
reinforce,,,100.0,1,418,61.25811234573866,43,0.006784915924072266,3.126457929611206,,,-167.5671844482422,-167.5671844482422,,,26.52385711669922,-73.47614288330078,
reinforce,,,100.0,1,419,89.37264189439337,66,0.010535001754760742,3.137061834335327,,,-145.94320678710938,-145.94320678710938,,,34.639610290527344,-65.36038970947266,
reinforce,,,100.0,1,420,70.5223626941959,50,0.007813215255737305,3.144991874694824,49.64206109322152,1.4128534870097769,-167.27488708496094,-167.27488708496094,,,29.126611709594727,-70.87338256835938,
reinforce,,,100.0,1,421,66.06522433457313,47,0.007370948791503906,3.167951822280884,,,-141.9882049560547,-141.9882049560547,,,26.827573776245117,-73.17242431640625,
reinforce,,,100.0,1,422,59.65114141983885,42,0.006707906723022461,3.1747536659240723,,,-214.07199096679688,-214.07199096679688,,,25.222251892089844,-74.77774810791016,
reinforce,,,100.0,1,423,67.44312080645858,48,0.007411956787109375,3.1822378635406494,,,-153.90501403808594,-153.90501403808594,,,27.800214767456055,-72.19979095458984,
reinforce,,,100.0,1,424,72.79402423958939,52,0.00826406478881836,3.190574884414673,,,-163.92544555664062,-163.92544555664062,,,29.580585479736328,-70.41941833496094,
reinforce,,,100.0,1,425,56.16100766803992,40,0.006462812423706055,3.1971137523651123,,,-150.92227172851562,-150.92227172851562,,,23.83150291442871,-76.16848754882812,
reinforce,,,100.0,1,426,46.82404437193616,34,0.005498170852661133,3.202687978744507,,,-194.96131896972656,-194.96131896972656,,,19.495445251464844,-80.50455474853516,
reinforce,,,100.0,1,427,52.78706383731242,38,0.0059320926666259766,3.208693027496338,,,-177.80792236328125,-177.80792236328125,,,22.171951293945312,-77.82804870605469,
reinforce,,,100.0,1,428,44.8574718981051,33,0.005284786224365234,3.2140486240386963,,,-168.439208984375,-168.439208984375,,,18.864200592041016,-81.13580322265625,
reinforce,,,100.0,1,429,44.135700815060744,32,0.005124092102050781,3.219295024871826,,,-182.71168518066406,-182.71168518066406,,,18.782047271728516,-81.21795654296875,
reinforce,,,100.0,1,430,45.42652327934357,33,0.005336761474609375,3.2246837615966797,,,-192.63966369628906,-192.63966369628906,,,18.928237915039062,-81.07176208496094,
reinforce,,,100.0,1,431,45.2140207106149,33,0.0052831172943115234,3.2300589084625244,,,-181.87098693847656,-181.87098693847656,,,18.84095001220703,-81.1590576171875,
reinforce,,,100.0,1,432,44.20382644290335,32,0.004940032958984375,3.2350809574127197,,,-179.52957153320312,-179.52957153320312,,,18.625179290771484,-81.37481689453125,
reinforce,,,100.0,1,433,45.04706560666219,33,0.005154848098754883,3.2403228282928467,,,-183.1163787841797,-183.1163787841797,,,18.770463943481445,-81.22953796386719,
reinforce,,,100.0,1,434,43.407208806007816,32,0.005097866058349609,3.2454757690429688,,,-154.96420288085938,-154.96420288085938,,,18.178531646728516,-81.82147216796875,
reinforce,,,100.0,1,435,46.94096842400059,34,0.005506753921508789,3.251084804534912,,,-192.12802124023438,-192.12802124023438,,,19.72096061706543,-80.27903747558594,
reinforce,,,100.0,1,436,43.36147047220172,32,0.004961729049682617,3.256119728088379,,,-187.82057189941406,-187.82057189941406,,,18.124414443969727,-81.87557983398438,
reinforce,,,100.0,1,437,44.9250682853517,33,0.005235910415649414,3.2614247798919678,,,-152.677734375,-152.677734375,,,19.035655975341797,-80.96434783935547,
reinforce,,,100.0,1,438,44.9477010966618,33,0.005239963531494141,3.2667157649993896,,,-186.65977478027344,-186.65977478027344,,,18.951793670654297,-81.04821014404297,
reinforce,,,100.0,1,439,43.00016229878117,32,0.005322933197021484,3.272099733352661,,,-167.34869384765625,-167.34869384765625,,,17.972076416015625,-82.02792358398438,
reinforce,,,100.0,1,440,43.418112171096254,32,0.005146026611328125,3.2773098945617676,43.93016395543033,0.419358803499588,-185.53517150878906,-185.53517150878906,,,18.369491577148438,-81.63050842285156,
reinforce,,,100.0,1,441,43.47235373644492,32,0.004965066909790039,3.296351909637451,,,-181.33482360839844,-181.33482360839844,,,18.256633758544922,-81.74337005615234,
reinforce,,,100.0,1,442,43.46209050900811,32,0.0052869319915771484,3.3017008304595947,,,-176.2431640625,-176.2431640625,,,18.245229721069336,-81.75476837158203,
reinforce,,,100.0,1,443,44.60098482076472,33,0.00536799430847168,3.3071417808532715,,,-153.97496032714844,-153.97496032714844,,,18.73137092590332,-81.26863098144531,
reinforce,,,100.0,1,444,44.88049599527451,33,0.005309104919433594,3.31252384185791,,,-205.58502197265625,-205.58502197265625,,,18.62978744506836,-81.37020874023438,
reinforce,,,100.0,1,445,44.75475644595237,33,0.005255222320556641,3.3178658485412598,,,-216.487060546875,-216.487060546875,,,18.876550674438477,-81.12344360351562,
reinforce,,,100.0,1,446,44.830981924426645,33,0.0051288604736328125,3.323075771331787,,,-180.7397918701172,-180.7397918701172,,,18.81038475036621,-81.18961334228516,
reinforce,,,100.0,1,447,43.82691957818277,31,0.004960060119628906,3.328091859817505,,,-175.56178283691406,-175.56178283691406,,,19.281789779663086,-80.71821594238281,
reinforce,,,100.0,1,448,46.70610353926446,34,0.0055179595947265625,3.333676815032959,,,-189.2921905517578,-189.2921905517578,,,19.543426513671875,-80.45658111572266,
reinforce,,,100.0,1,449,43.97302240195557,31,0.004860877990722656,3.3386168479919434,,,-177.56398010253906,-177.56398010253906,,,19.157325744628906,-80.84268188476562,
reinforce,,,100.0,1,450,44.115222419457076,32,0.004967212677001953,3.343657970428467,,,-172.97914123535156,-172.97914123535156,,,18.795433044433594,-81.2045669555664,
reinforce,,,100.0,1,451,44.88190626273389,32,0.0052471160888671875,3.3489580154418945,,,-183.67733764648438,-183.67733764648438,,,19.233951568603516,-80.76604461669922,
reinforce,,,100.0,1,452,45.18809645623982,33,0.005307912826538086,3.3543267250061035,,,-172.44384765625,-172.44384765625,,,18.936004638671875,-81.06399536132812,
reinforce,,,100.0,1,453,44.45136399201968,30,0.004693031311035156,3.3590879440307617,,,-185.7687225341797,-185.7687225341797,,,20.238298416137695,-79.76170349121094,
reinforce,,,100.0,1,454,44.434211613431735,32,0.005150794982910156,3.3642947673797607,,,-203.59640502929688,-203.59640502929688,,,19.021013259887695,-80.97898864746094,
reinforce,,,100.0,1,455,45.51062413161683,32,0.005120992660522461,3.3694777488708496,,,-202.3639678955078,-202.3639678955078,,,20.0008602142334,-79.99913787841797,
reinforce,,,100.0,1,456,43.502329942079975,31,0.0049250125885009766,3.3744728565216064,,,-209.7261199951172,-209.7261199951172,,,18.869407653808594,-81.1305923461914,
reinforce,,,100.0,1,457,42.761338874730505,30,0.0047397613525390625,3.379286766052246,,,-153.5971221923828,-153.5971221923828,,,19.013885498046875,-80.98611450195312,
reinforce,,,100.0,1,458,41.39896215822793,28,0.0046138763427734375,3.3840017318725586,,,-187.0736083984375,-187.0736083984375,,,19.056589126586914,-80.94341278076172,
reinforce,,,100.0,1,459,41.32939622969536,28,0.00453495979309082,3.3886027336120605,,,-204.1415252685547,-204.1415252685547,,,19.1225528717041,-80.87744903564453,
reinforce,,,100.0,1,460,43.91525556817127,30,0.0046808719635009766,3.3933699131011963,42.1336596975684,0.6579441841630391,-179.1438751220703,-179.1438751220703,,,20.2082576751709,-79.791748046875,
reinforce,,,100.0,1,461,44.02678083116278,31,0.004974842071533203,3.41133975982666,,,-191.21466064453125,-191.21466064453125,,,19.343345642089844,-80.65665435791016,
reinforce,,,100.0,1,462,45.25447716637696,31,0.00494694709777832,3.4163527488708496,,,-169.16065979003906,-169.16065979003906,,,20.450498580932617,-79.54950714111328,
reinforce,,,100.0,1,463,42.00647864919022,29,0.004442691802978516,3.420877695083618,,,-170.21466064453125,-170.21466064453125,,,18.857677459716797,-81.14232635498047,
reinforce,,,100.0,1,464,40.92955295973583,28,0.0046160221099853516,3.425555944442749,,,-163.3411407470703,-163.3411407470703,,,18.768213272094727,-81.2317886352539,
reinforce,,,100.0,1,465,42.46672451234266,30,0.0049250125885009766,3.430543899536133,,,-178.18177795410156,-178.18177795410156,,,18.86614227294922,-81.13386535644531,
reinforce,,,100.0,1,466,40.88295705803884,28,0.0044879913330078125,3.435098886489868,,,-192.26353454589844,-192.26353454589844,,,18.70020866394043,-81.29978942871094,
reinforce,,,100.0,1,467,42.32351367637026,28,0.0044689178466796875,3.4396166801452637,,,-180.17149353027344,-180.17149353027344,,,19.746686935424805,-80.25331115722656,
reinforce,,,100.0,1,468,42.54202916315784,29,0.004683017730712891,3.4443557262420654,,,-165.43243408203125,-165.43243408203125,,,19.488712310791016,-80.51129150390625,
reinforce,,,100.0,1,469,41.60979642756315,29,0.004572868347167969,3.449004650115967,,,-205.74659729003906,-205.74659729003906,,,18.6912841796875,-81.30870819091797,
reinforce,,,100.0,1,470,41.57886024958162,28,0.00467991828918457,3.4537458419799805,,,-209.75265502929688,-209.75265502929688,,,19.0621337890625,-80.9378662109375,
reinforce,,,100.0,1,471,40.836166927752444,27,0.0042629241943359375,3.4580729007720947,,,-190.01193237304688,-190.01193237304688,,,19.447031021118164,-80.55297088623047,
reinforce,,,100.0,1,472,41.51612635439073,28,0.004567146301269531,3.4627089500427246,,,-182.60362243652344,-182.60362243652344,,,19.042346954345703,-80.95765686035156,
reinforce,,,100.0,1,473,41.967786585518766,29,0.0046710968017578125,3.467432975769043,,,-191.1144561767578,-191.1144561767578,,,18.926542282104492,-81.07345581054688,
reinforce,,,100.0,1,474,47.05085979427992,32,0.004944801330566406,3.472449779510498,,,-150.5528564453125,-150.5528564453125,,,21.26650619506836,-78.73348999023438,
reinforce,,,100.0,1,475,44.19114467009054,30,0.004672050476074219,3.4772167205810547,,,-159.9864044189453,-159.9864044189453,,,19.85605239868164,-80.1439437866211,
reinforce,,,100.0,1,476,43.261009274070844,30,0.004804849624633789,3.482081651687622,,,-187.1468048095703,-187.1468048095703,,,19.128446578979492,-80.87155151367188,
reinforce,,,100.0,1,477,42.436760884854934,29,0.0047130584716796875,3.4868578910827637,,,-173.03379821777344,-173.03379821777344,,,19.36161994934082,-80.63837432861328,
reinforce,,,100.0,1,478,40.937894222351154,28,0.004433155059814453,3.4914000034332275,,,-218.16781616210938,-218.16781616210938,,,18.826431274414062,-81.17357635498047,
reinforce,,,100.0,1,479,41.78627567768793,29,0.004580020904541016,3.496029853820801,,,-181.3275146484375,-181.3275146484375,,,18.82015037536621,-81.17984771728516,
reinforce,,,100.0,1,480,45.33931171790036,31,0.005301952362060547,3.50138783454895,44.381856243018284,1.665062840204098,-162.42782592773438,-162.42782592773438,,,20.564828872680664,-79.43516540527344,
reinforce,,,100.0,1,481,42.565556654375825,29,0.004492044448852539,3.51869797706604,,,-149.67630004882812,-149.67630004882812,,,19.625656127929688,-80.37434387207031,
reinforce,,,100.0,1,482,44.7850928854912,30,0.004796743392944336,3.5235648155212402,,,-163.29371643066406,-163.29371643066406,,,20.83036231994629,-79.16963958740234,
reinforce,,,100.0,1,483,41.924983544774044,28,0.00445103645324707,3.528085947036743,,,-170.65829467773438,-170.65829467773438,,,19.406206130981445,-80.59379577636719,
reinforce,,,100.0,1,484,44.58891721732629,30,0.0047681331634521484,3.532909870147705,,,-196.66836547851562,-196.66836547851562,,,20.495588302612305,-79.50440979003906,
reinforce,,,100.0,1,485,42.6884743102002,29,0.004911184310913086,3.5378780364990234,,,-157.61085510253906,-157.61085510253906,,,19.61335563659668,-80.38665008544922,
reinforce,,,100.0,1,486,42.625931673382766,29,0.00481414794921875,3.5427629947662354,,,-204.06634521484375,-204.06634521484375,,,19.404050827026367,-80.595947265625,
reinforce,,,100.0,1,487,44.61258035823636,30,0.004766941070556641,3.5475997924804688,,,-210.3236846923828,-210.3236846923828,,,20.671100616455078,-79.32889556884766,
reinforce,,,100.0,1,488,45.016845467694814,31,0.004827022552490234,3.5525197982788086,,,-189.09454345703125,-189.09454345703125,,,20.171749114990234,-79.82825469970703,
reinforce,,,100.0,1,489,44.051332135492736,30,0.004898786544799805,3.557473659515381,,,-196.910400390625,-196.910400390625,,,19.88091278076172,-80.11909484863281,
reinforce,,,100.0,1,490,46.18389304504643,30,0.00469517707824707,3.562227964401245,,,-160.06356811523438,-160.06356811523438,,,22.021692276000977,-77.97830200195312,
reinforce,,,100.0,1,491,47.96974604879474,33,0.00519108772277832,3.5674829483032227,,,-187.46145629882812,-187.46145629882812,,,21.64731216430664,-78.3526840209961,
reinforce,,,100.0,1,492,43.66585748734646,30,0.004826784133911133,3.5723657608032227,,,-173.4026641845703,-173.4026641845703,,,19.926660537719727,-80.0733413696289,
reinforce,,,100.0,1,493,46.479517576718685,31,0.005059003829956055,3.5774829387664795,,,-191.43539428710938,-191.43539428710938,,,21.580720901489258,-78.41927337646484,
reinforce,,,100.0,1,494,43.80536330988872,30,0.004663228988647461,3.5822269916534424,,,-177.17991638183594,-177.17991638183594,,,20.030298233032227,-79.96969604492188,
reinforce,,,100.0,1,495,47.018858754915655,32,0.005087137222290039,3.587371826171875,,,-189.0743865966797,-189.0743865966797,,,21.30764389038086,-78.6923599243164,
reinforce,,,100.0,1,496,51.236003585490536,34,0.005342245101928711,3.5927670001983643,,,-147.67970275878906,-147.67970275878906,,,23.981616973876953,-76.01837921142578,
reinforce,,,100.0,1,497,44.231833699520394,30,0.004903078079223633,3.5977368354797363,,,-177.32275390625,-177.32275390625,,,20.3649959564209,-79.635009765625,
reinforce,,,100.0,1,498,42.271611951418166,29,0.004626750946044922,3.602437734603882,,,-185.4738311767578,-185.4738311767578,,,19.449012756347656,-80.55097961425781,
reinforce,,,100.0,1,499,41.704739243950876,28,0.004472970962524414,3.607062816619873,,,-173.5778045654297,-173.5778045654297,,,19.437313079833984,-80.56268310546875,
reinforce,,,100.0,1,500,42.14501128000896,28,0.0045430660247802734,3.6116597652435303,42.510973170760465,0.4095352077042359,-182.90208435058594,-182.90208435058594,,,19.676870346069336,-80.32312774658203,
reinforce,,,100.0,1,501,42.33572438804066,28,0.004436969757080078,3.6286678314208984,,,-181.66561889648438,-181.66561889648438,,,19.595407485961914,-80.40459442138672,
reinforce,,,100.0,1,502,43.100261668767516,29,0.0047931671142578125,3.6335208415985107,,,-191.74049377441406,-191.74049377441406,,,19.850502014160156,-80.14949798583984,
reinforce,,,100.0,1,503,47.31219970598825,32,0.004995822906494141,3.6385817527770996,,,-163.0026092529297,-163.0026092529297,,,21.388702392578125,-78.61129760742188,
reinforce,,,100.0,1,504,51.092725107261884,35,0.005364894866943359,3.64404296875,,,-198.96827697753906,-198.96827697753906,,,22.999696731567383,-77.00029754638672,
reinforce,,,100.0,1,505,40.263034390232065,27,0.004317045211791992,3.6484129428863525,,,-180.77120971679688,-180.77120971679688,,,19.04519271850586,-80.95480346679688,
reinforce,,,100.0,1,506,43.12809667782418,29,0.0047149658203125,3.6531877517700195,,,-200.57257080078125,-200.57257080078125,,,20.26991081237793,-79.73008728027344,
reinforce,,,100.0,1,507,47.492877448763764,33,0.0051577091217041016,3.658416748046875,,,-213.2444610595703,-213.2444610595703,,,21.371196746826172,-78.62879943847656,
reinforce,,,100.0,1,508,45.01462979158756,31,0.004704952239990234,3.663191795349121,,,-185.49813842773438,-185.49813842773438,,,19.967899322509766,-80.03209686279297,
reinforce,,,100.0,1,509,45.931203753930724,31,0.004924774169921875,3.66816782951355,,,-164.94735717773438,-164.94735717773438,,,21.17890739440918,-78.82108306884766,
reinforce,,,100.0,1,510,44.311971730113925,30,0.0048029422760009766,3.6730308532714844,,,-193.71017456054688,-193.71017456054688,,,20.312122344970703,-79.68788146972656,
reinforce,,,100.0,1,511,41.65775608883172,28,0.004264116287231445,3.677374839782715,,,-181.3014373779297,-181.3014373779297,,,19.492431640625,-80.507568359375,
reinforce,,,100.0,1,512,47.20497562507199,34,0.005445003509521484,3.6828718185424805,,,-139.7679901123047,-139.7679901123047,,,20.092525482177734,-79.907470703125,
reinforce,,,100.0,1,513,43.58176873678355,29,0.004497051239013672,3.6874349117279053,,,-170.1863250732422,-170.1863250732422,,,20.42437171936035,-79.57563018798828,
reinforce,,,100.0,1,514,48.247842085605726,32,0.004781007766723633,3.6922760009765625,,,-169.97332763671875,-169.97332763671875,,,22.54621124267578,-77.45378875732422,
reinforce,,,100.0,1,515,55.40387288604285,40,0.0062749385833740234,3.6986067295074463,,,-168.58328247070312,-168.58328247070312,,,23.085168838500977,-76.91483306884766,
reinforce,,,100.0,1,516,49.3915285351964,32,0.005151987075805664,3.70383882522583,,,-148.0752716064453,-148.0752716064453,,,27.511566162109375,-72.48843383789062,
reinforce,,,100.0,1,517,50.37550371801613,37,0.005910158157348633,3.7098519802093506,,,-168.6381378173828,-168.6381378173828,,,20.787784576416016,-79.21221160888672,
reinforce,,,100.0,1,518,49.973998487722476,33,0.0051081180572509766,3.7150349617004395,,,-185.79110717773438,-185.79110717773438,,,23.633136749267578,-76.36686706542969,
reinforce,,,100.0,1,519,51.78354806496437,38,0.005776166915893555,3.7208709716796875,,,-170.7187957763672,-170.7187957763672,,,21.787216186523438,-78.2127914428711,
reinforce,,,100.0,1,520,57.96187295437842,41,0.006214141845703125,3.72721004486084,50.420871321385064,4.256261907253699,-167.07728576660156,-167.07728576660156,,,24.368608474731445,-75.63139343261719,
reinforce,,,100.0,1,521,53.03826010707479,38,0.0059659481048583984,3.747760772705078,,,-177.0794219970703,-177.0794219970703,,,22.383480072021484,-77.61651611328125,
reinforce,,,100.0,1,522,54.14218025059959,39,0.00599980354309082,3.7538256645202637,,,-164.9239959716797,-164.9239959716797,,,22.712968826293945,-77.28703308105469,
reinforce,,,100.0,1,523,53.26561432728711,38,0.0059549808502197266,3.7598557472229004,,,-177.86761474609375,-177.86761474609375,,,22.44654083251953,-77.553466796875,
reinforce,,,100.0,1,524,45.63334979677836,31,0.0049631595611572266,3.7648909091949463,,,-142.8828887939453,-142.8828887939453,,,20.53974723815918,-79.46025085449219,
reinforce,,,100.0,1,525,49.34237183218438,36,0.005477190017700195,3.7704739570617676,,,-190.32415771484375,-190.32415771484375,,,20.677337646484375,-79.32266235351562,
reinforce,,,100.0,1,526,46.485793323706126,32,0.0048980712890625,3.775437831878662,,,-217.14047241210938,-217.14047241210938,,,21.030803680419922,-78.96919250488281,
reinforce,,,100.0,1,527,59.10635907598293,42,0.006304025650024414,3.7818057537078857,,,-188.4434356689453,-188.4434356689453,,,25.045589447021484,-74.95440673828125,
reinforce,,,100.0,1,528,54.08644652781054,39,0.0060846805572509766,3.787937641143799,,,-176.5740966796875,-176.5740966796875,,,22.86551856994629,-77.13448333740234,
reinforce,,,100.0,1,529,54.46756660790555,39,0.0061991214752197266,3.7941980361938477,,,-167.18405151367188,-167.18405151367188,,,23.2002010345459,-76.79979705810547,
reinforce,,,100.0,1,530,48.29004832705012,35,0.005607128143310547,3.7998809814453125,,,-148.56996154785156,-148.56996154785156,,,20.43163299560547,-79.56836700439453,
reinforce,,,100.0,1,531,49.291094775991986,36,0.005692958831787109,3.805637836456299,,,-159.60313415527344,-159.60313415527344,,,20.522619247436523,-79.47737884521484,
reinforce,,,100.0,1,532,48.83780806196216,35,0.00551295280456543,3.8112237453460693,,,-195.22439575195312,-195.22439575195312,,,20.724111557006836,-79.27588653564453,
reinforce,,,100.0,1,533,52.49240767953508,38,0.0058209896087646484,3.817110776901245,,,-195.3966827392578,-195.3966827392578,,,21.724695205688477,-78.27529907226562,
reinforce,,,100.0,1,534,50.59205038798407,37,0.005705356597900391,3.822869062423706,,,-196.72052001953125,-196.72052001953125,,,21.01546859741211,-78.98453521728516,
reinforce,,,100.0,1,535,52.51322436666323,38,0.006059885025024414,3.8289828300476074,,,-171.52635192871094,-171.52635192871094,,,22.215499877929688,-77.78450012207031,
reinforce,,,100.0,1,536,55.27309904311422,33,0.005206108093261719,3.8342537879943848,,,-140.95387268066406,-140.95387268066406,,,29.612478256225586,-70.38751983642578,
reinforce,,,100.0,1,537,50.839297108852,37,0.005750179290771484,3.8400778770446777,,,-172.27955627441406,-172.27955627441406,,,21.150218963623047,-78.84977722167969,
reinforce,,,100.0,1,538,52.09619622502473,38,0.005808115005493164,3.84594988822937,,,-172.73678588867188,-172.73678588867188,,,21.44731903076172,-78.55268096923828,
reinforce,,,100.0,1,539,54.23677546426957,39,0.005841970443725586,3.85188889503479,,,-174.51315307617188,-174.51315307617188,,,23.06315040588379,-76.93685150146484,
reinforce,,,100.0,1,540,46.984304801330566,33,0.005109071731567383,3.857043981552124,49.06947521561329,1.103262743087656,-159.10427856445312,-159.10427856445312,,,26.131103515625,-73.86890411376953,
reinforce,,,100.0,1,541,46.265863096568694,32,0.0049457550048828125,3.8766846656799316,,,-191.35150146484375,-191.35150146484375,,,20.61494255065918,-79.38505554199219,
reinforce,,,100.0,1,542,48.22713184546804,33,0.005353212356567383,3.882101058959961,,,-183.36123657226562,-183.36123657226562,,,21.8825740814209,-78.11742401123047,
reinforce,,,100.0,1,543,47.26745333702394,35,0.005335807800292969,3.887511730194092,,,-164.96438598632812,-164.96438598632812,,,19.51534652709961,-80.48465728759766,
reinforce,,,100.0,1,544,48.352204316176824,35,0.005408048629760742,3.8929779529571533,,,-158.63851928710938,-158.63851928710938,,,20.52225685119629,-79.47774505615234,
reinforce,,,100.0,1,545,53.20304172360481,38,0.005891084671020508,3.898932933807373,,,-189.7930908203125,-189.7930908203125,,,22.50377655029297,-77.49622344970703,
reinforce,,,100.0,1,546,46.618424999604436,34,0.005546092987060547,3.9045448303222656,,,-174.21377563476562,-174.21377563476562,,,19.547941207885742,-80.45206451416016,
reinforce,,,100.0,1,547,44.73644683139403,30,0.004700183868408203,3.909311056137085,,,-158.49722290039062,-158.49722290039062,,,20.260656356811523,-79.73934173583984,
reinforce,,,100.0,1,548,50.95271400542807,34,0.005380868911743164,3.914752721786499,,,-153.1573944091797,-153.1573944091797,,,23.250320434570312,-76.74968719482422,
reinforce,,,100.0,1,549,50.03693465262487,36,0.005423069000244141,3.920240879058838,,,-201.46853637695312,-201.46853637695312,,,21.21253204345703,-78.78746032714844,
reinforce,,,100.0,1,550,49.7058839446012,36,0.0057332515716552734,3.9260380268096924,,,-191.23829650878906,-191.23829650878906,,,20.778091430664062,-79.22190856933594,
reinforce,,,100.0,1,551,48.446947019747,35,0.00550079345703125,3.9316086769104004,,,-179.943359375,-179.943359375,,,20.52216148376465,-79.47783660888672,
reinforce,,,100.0,1,552,50.81586535009272,37,0.005822181701660156,3.937492847442627,,,-183.75083923339844,-183.75083923339844,,,20.987796783447266,-79.01219940185547,
reinforce,,,100.0,1,553,48.3424722587787,36,0.005697965621948242,3.9432530403137207,,,-189.63465881347656,-189.63465881347656,,,20.106258392333984,-79.89373016357422,
reinforce,,,100.0,1,554,52.09993577240893,35,0.005323886871337891,3.948641777038574,,,-170.63558959960938,-170.63558959960938,,,23.18172836303711,-76.81826782226562,
reinforce,,,100.0,1,555,43.001611088851206,29,0.004573822021484375,3.953263759613037,,,-153.9412384033203,-153.9412384033203,,,19.686279296875,-80.31372833251953,
reinforce,,,100.0,1,556,49.9827062359408,33,0.005180835723876953,3.9585018157958984,,,-154.42703247070312,-154.42703247070312,,,23.18729591369629,-76.81269836425781,
reinforce,,,100.0,1,557,46.05921326003407,31,0.004690885543823242,3.963268756866455,,,-175.33226013183594,-175.33226013183594,,,20.900535583496094,-79.0994644165039,
reinforce,,,100.0,1,558,4.76372536507744,10,0.0019631385803222656,3.96528697013855,,,-303.0672607421875,-303.0672607421875,,,1.85980224609375,-98.14019012451172,
reinforce,,,100.0,1,559,51.450110119714495,33,0.0050008296966552734,3.970353841781616,,,-145.8330841064453,-145.8330841064453,,,24.290163040161133,-75.7098388671875,
reinforce,,,100.0,1,560,5.562827935071303,12,0.0019838809967041016,3.9724159240722656,48.85996064134713,0.47275995965103906,-197.94215393066406,-197.94215393066406,,,1.653225064277649,-98.3467788696289,
reinforce,,,100.0,1,561,51.927886838910865,38,0.005711793899536133,3.9930717945098877,,,-188.21226501464844,-188.21226501464844,,,21.099159240722656,-78.90084075927734,
reinforce,,,100.0,1,562,52.95641196322461,38,0.006010293960571289,3.9991350173950195,,,-168.36680603027344,-168.36680603027344,,,21.876310348510742,-78.12368774414062,
reinforce,,,100.0,1,563,49.178208668512056,35,0.005304813385009766,4.004512786865234,,,-157.2697296142578,-157.2697296142578,,,20.73541259765625,-79.26459503173828,
reinforce,,,100.0,1,564,48.8940595711686,33,0.005258083343505859,4.00984787940979,,,-159.94754028320312,-159.94754028320312,,,22.23063087463379,-77.76937103271484,
reinforce,,,100.0,1,565,50.6167337368189,37,0.005918025970458984,4.015823841094971,,,-168.5973663330078,-168.5973663330078,,,20.869792938232422,-79.13020324707031,
reinforce,,,100.0,1,566,49.571690195283885,35,0.00545811653137207,4.021338939666748,,,-154.61813354492188,-154.61813354492188,,,21.086883544921875,-78.91312408447266,
reinforce,,,100.0,1,567,46.51035391808855,32,0.004841327667236328,4.026262044906616,,,-182.4569091796875,-182.4569091796875,,,20.76105499267578,-79.23894500732422,
reinforce,,,100.0,1,568,48.359485113384515,30,0.004678964614868164,4.031022787094116,,,-146.5003204345703,-146.5003204345703,,,25.655973434448242,-74.34402465820312,
reinforce,,,100.0,1,569,47.72722625367159,35,0.005511045455932617,4.036579847335815,,,-174.0082550048828,-174.0082550048828,,,20.24827003479004,-79.7517318725586,
reinforce,,,100.0,1,570,48.86615983045371,32,0.0049970149993896484,4.041647911071777,,,-168.05477905273438,-168.05477905273438,,,22.724475860595703,-77.27552795410156,
reinforce,,,100.0,1,571,55.89045727050566,41,0.0063838958740234375,4.048118829727173,,,-181.5423583984375,-181.5423583984375,,,22.775423049926758,-77.2245864868164,
reinforce,,,100.0,1,572,52.103517098518935,37,0.0057871341705322266,4.053970813751221,,,-175.97360229492188,-175.97360229492188,,,22.563766479492188,-77.43622589111328,
reinforce,,,100.0,1,573,48.92179849583259,35,0.005469799041748047,4.059573650360107,,,-154.46067810058594,-154.46067810058594,,,20.97368049621582,-79.02632141113281,
reinforce,,,100.0,1,574,50.1094738504607,31,0.00488591194152832,4.064513683319092,,,-144.7975616455078,-144.7975616455078,,,27.130996704101562,-72.86900329589844,
reinforce,,,100.0,1,575,60.132184673511674,44,0.006979703903198242,4.071553707122803,,,-152.04966735839844,-152.04966735839844,,,24.74859619140625,-75.25139617919922,
reinforce,,,100.0,1,576,55.357210537893046,41,0.006355762481689453,4.077976703643799,,,-150.16940307617188,-150.16940307617188,,,23.00084686279297,-76.99915313720703,
reinforce,,,100.0,1,577,42.355933813897586,25,0.0040781497955322266,4.082119941711426,,,-156.21400451660156,-156.21400451660156,,,23.679061889648438,-76.32093811035156,
reinforce,,,100.0,1,578,55.394679176274806,40,0.006229400634765625,4.088406085968018,,,-144.63055419921875,-144.63055419921875,,,23.01302146911621,-76.98698425292969,
reinforce,,,100.0,1,579,50.2184176737324,33,0.0052089691162109375,4.093707799911499,,,-178.8676300048828,-178.8676300048828,,,23.686717987060547,-76.31328582763672,
reinforce,,,100.0,1,580,50.811219547197865,37,0.005713939666748047,4.099488735198975,47.83980126161269,0.33998176137719643,-160.3435821533203,-160.3435821533203,,,21.47378921508789,-78.52620697021484,
reinforce,,,100.0,1,581,47.85951784502788,30,0.004563093185424805,4.1176159381866455,,,-202.90728759765625,-202.90728759765625,,,26.79462432861328,-73.20537567138672,
reinforce,,,100.0,1,582,3.71272160064469,9,0.001596212387084961,4.119273900985718,,,-309.84954833984375,-309.84954833984375,,,1.2652863264083862,-98.73471069335938,
reinforce,,,100.0,1,583,50.55444228426713,36,0.005582094192504883,4.124910831451416,,,-164.32728576660156,-164.32728576660156,,,21.589733123779297,-78.41026306152344,
reinforce,,,100.0,1,584,51.97827316656926,32,0.004849910736083984,4.1298277378082275,,,-166.66258239746094,-166.66258239746094,,,29.2982120513916,-70.7017822265625,
reinforce,,,100.0,1,585,40.65957982770823,24,0.004111051559448242,4.133992910385132,,,-184.3878936767578,-184.3878936767578,,,24.90313720703125,-75.09686279296875,
reinforce,,,100.0,1,586,45.18302331529385,30,0.005075931549072266,4.139176845550537,,,-164.00914001464844,-164.00914001464844,,,21.222993850708008,-78.7770004272461,
reinforce,,,100.0,1,587,51.69662047573974,32,0.004802703857421875,4.144064664840698,,,-153.900390625,-153.900390625,,,26.510211944580078,-73.48979187011719,
reinforce,,,100.0,1,588,45.042801935278156,31,0.004965782165527344,4.149122714996338,,,-193.91989135742188,-193.91989135742188,,,20.700410842895508,-79.29959106445312,
reinforce,,,100.0,1,589,53.24211391603113,36,0.005673885345458984,4.154861688613892,,,-173.00575256347656,-173.00575256347656,,,24.074974060058594,-75.92501831054688,
reinforce,,,100.0,1,590,50.50126886887654,34,0.005280733108520508,4.160203695297241,,,-158.3628387451172,-158.3628387451172,,,22.930574417114258,-77.06941986083984,
reinforce,,,100.0,1,591,46.414615127316154,31,0.0047149658203125,4.165004730224609,,,-176.0832061767578,-176.0832061767578,,,21.726110458374023,-78.27388763427734,
reinforce,,,100.0,1,592,48.33360135771374,33,0.0051288604736328125,4.170188665390015,,,-174.90463256835938,-174.90463256835938,,,21.897335052490234,-78.10266876220703,
reinforce,,,100.0,1,593,58.646315058337905,43,0.0070002079010009766,4.1772589683532715,,,-142.1710968017578,-142.1710968017578,,,24.039249420166016,-75.96074676513672,
reinforce,,,100.0,1,594,52.171100275258546,37,0.005840778350830078,4.183182716369629,,,-187.30458068847656,-187.30458068847656,,,22.42641830444336,-77.5735855102539,
reinforce,,,100.0,1,595,56.664399328081856,41,0.006445884704589844,4.189685821533203,,,-171.033203125,-171.033203125,,,23.663448333740234,-76.3365478515625,
reinforce,,,100.0,1,596,52.096940453215275,38,0.005933046340942383,4.195695877075195,,,-182.1847686767578,-182.1847686767578,,,21.872629165649414,-78.12736511230469,
reinforce,,,100.0,1,597,55.30997144884921,41,0.006473064422607422,4.202229738235474,,,-160.5271453857422,-160.5271453857422,,,22.732505798339844,-77.26749420166016,
reinforce,,,100.0,1,598,48.792196408968074,36,0.005599021911621094,4.207901954650879,,,-196.82044982910156,-196.82044982910156,,,20.446857452392578,-79.55313873291016,
reinforce,,,100.0,1,599,53.82900612844075,39,0.006055116653442383,4.214017868041992,,,-175.3853302001953,-175.3853302001953,,,22.55629539489746,-77.4437026977539,
reinforce,,,100.0,1,600,47.23016831462541,33,0.00513911247253418,4.219249963760376,44.063339262761275,0.7540704450307015,-168.4927215576172,-168.4927215576172,,,20.851531982421875,-79.14846801757812,
reinforce,,,100.0,1,601,47.77281674454131,30,0.0048978328704833984,4.236865758895874,,,-161.1741180419922,-161.1741180419922,,,23.611324310302734,-76.38867950439453,
reinforce,,,100.0,1,602,48.75856182220183,35,0.005593061447143555,4.242527961730957,,,-156.1789093017578,-156.1789093017578,,,20.956676483154297,-79.04332733154297,
reinforce,,,100.0,1,603,43.034687132061364,29,0.00450587272644043,4.247093677520752,,,-175.16490173339844,-175.16490173339844,,,19.883256912231445,-80.11674499511719,
reinforce,,,100.0,1,604,49.038685421832625,32,0.005172014236450195,4.252317905426025,,,-172.5396728515625,-172.5396728515625,,,23.294546127319336,-76.70545196533203,
reinforce,,,100.0,1,605,46.06424895462498,31,0.004953145980834961,4.257329940795898,,,-163.76870727539062,-163.76870727539062,,,20.998340606689453,-79.00165557861328,
reinforce,,,100.0,1,606,45.64099623395053,30,0.00463104248046875,4.262025833129883,,,-174.2541046142578,-174.2541046142578,,,21.493532180786133,-78.5064697265625,
reinforce,,,100.0,1,607,43.27210798923333,28,0.0046842098236083984,4.266778945922852,,,-163.8294219970703,-163.8294219970703,,,20.49091911315918,-79.50908660888672,
reinforce,,,100.0,1,608,36.816032788405316,21,0.0034351348876953125,4.270282030105591,,,-216.36354064941406,-216.36354064941406,,,22.69841957092285,-77.30158233642578,
reinforce,,,100.0,1,609,40.53489000243323,27,0.0041959285736083984,4.274543762207031,,,-155.50344848632812,-155.50344848632812,,,18.99369239807129,-81.00630187988281,
reinforce,,,100.0,1,610,43.236135454244085,29,0.004747152328491211,4.279356956481934,,,-175.26316833496094,-175.26316833496094,,,20.352191925048828,-79.6478042602539,
reinforce,,,100.0,1,611,42.89064723744684,29,0.004513978958129883,4.283941745758057,,,-185.37005615234375,-185.37005615234375,,,19.880277633666992,-80.11972045898438,
reinforce,,,100.0,1,612,40.85860013334158,27,0.0042572021484375,4.288264989852905,,,-155.5474853515625,-155.5474853515625,,,19.347728729248047,-80.65227508544922,
reinforce,,,100.0,1,613,43.89645111445352,30,0.0046808719635009766,4.29299783706665,,,-194.5256805419922,-194.5256805419922,,,19.77606201171875,-80.22394561767578,
reinforce,,,100.0,1,614,42.13886535777945,28,0.004453897476196289,4.297515630722046,,,-191.5550994873047,-191.5550994873047,,,19.885311126708984,-80.11469268798828,
reinforce,,,100.0,1,615,54.928712071697504,33,0.0051310062408447266,4.302720785140991,,,-159.6001434326172,-159.6001434326172,,,27.45796012878418,-72.54204559326172,
reinforce,,,100.0,1,616,45.87871657917604,34,0.005454063415527344,4.308230876922607,,,-163.50051879882812,-163.50051879882812,,,18.718549728393555,-81.28144836425781,
reinforce,,,100.0,1,617,43.9221386826051,29,0.004623889923095703,4.312920808792114,,,-197.94126892089844,-197.94126892089844,,,20.89860725402832,-79.10139465332031,
reinforce,,,100.0,1,618,43.16297986834318,29,0.0044519901275634766,4.3174378871917725,,,-211.1966552734375,-211.1966552734375,,,20.089635848999023,-79.91036987304688,
reinforce,,,100.0,1,619,45.25897026676321,33,0.005209207534790039,4.322710037231445,,,-172.4551239013672,-172.4551239013672,,,19.216257095336914,-80.78375244140625,
reinforce,,,100.0,1,620,46.613240520697666,29,0.004625797271728516,4.32739782333374,47.977681650156214,0.641205032579746,-151.6403045654297,-151.6403045654297,,,26.098791122436523,-73.90120697021484,
reinforce,,,100.0,1,621,54.502173357384486,32,0.004869222640991211,4.346750974655151,,,-152.35659790039062,-152.35659790039062,,,28.23992919921875,-71.76007843017578,
reinforce,,,100.0,1,622,50.46224086062266,37,0.0057179927825927734,4.352528810501099,,,-153.44021606445312,-153.44021606445312,,,21.168582916259766,-78.8314208984375,
reinforce,,,100.0,1,623,47.12429288244791,35,0.005343914031982422,4.35795783996582,,,-166.7062530517578,-166.7062530517578,,,19.408374786376953,-80.59162902832031,
reinforce,,,100.0,1,624,51.730875982765156,31,0.005142927169799805,4.3631627559661865,,,-147.53652954101562,-147.53652954101562,,,26.84374237060547,-73.15625762939453,
reinforce,,,100.0,1,625,45.52176320710048,34,0.005422115325927734,4.368646860122681,,,-141.60061645507812,-141.60061645507812,,,18.785512924194336,-81.21448516845703,
reinforce,,,100.0,1,626,46.695555436241804,32,0.00484013557434082,4.373557806015015,,,-208.12350463867188,-208.12350463867188,,,20.755207061767578,-79.24479675292969,
reinforce,,,100.0,1,627,47.84310827006103,35,0.005532979965209961,4.379148721694946,,,-170.12033081054688,-170.12033081054688,,,19.741493225097656,-80.25850677490234,
reinforce,,,100.0,1,628,49.31506498522539,36,0.005842924118041992,4.385052919387817,,,-172.47000122070312,-172.47000122070312,,,20.856143951416016,-79.14385223388672,
reinforce,,,100.0,1,629,51.12218802350134,37,0.00597691535949707,4.391105651855469,,,-184.94851684570312,-184.94851684570312,,,21.37469482421875,-78.62530517578125,
reinforce,,,100.0,1,630,47.41445233420562,34,0.005325794219970703,4.396523714065552,,,-199.90313720703125,-199.90313720703125,,,20.124292373657227,-79.8757095336914,
reinforce,,,100.0,1,631,50.56511914690644,37,0.0057909488677978516,4.402394771575928,,,-155.01800537109375,-155.01800537109375,,,20.947437286376953,-79.05256652832031,
reinforce,,,100.0,1,632,44.620472892040524,33,0.005180835723876953,4.407640695571899,,,-196.1665802001953,-196.1665802001953,,,18.440948486328125,-81.55905151367188,
reinforce,,,100.0,1,633,48.22192031814784,35,0.005593061447143555,4.413290023803711,,,-187.07594299316406,-187.07594299316406,,,20.20883560180664,-79.79115295410156,
reinforce,,,100.0,1,634,50.426470845135825,36,0.005802154541015625,4.419157028198242,,,-160.9908905029297,-160.9908905029297,,,21.155128479003906,-78.8448715209961,
reinforce,,,100.0,1,635,48.75801390385615,35,0.0055828094482421875,4.424802780151367,,,-166.2111358642578,-166.2111358642578,,,20.53841209411621,-79.46157836914062,
reinforce,,,100.0,1,636,47.86840033983286,35,0.005491018295288086,4.4303529262542725,,,-180.24600219726562,-180.24600219726562,,,19.840078353881836,-80.15992736816406,
reinforce,,,100.0,1,637,46.824707014814585,34,0.005269050598144531,4.435699939727783,,,-175.20065307617188,-175.20065307617188,,,19.786649703979492,-80.21334838867188,
reinforce,,,100.0,1,638,52.60498889476596,32,0.004944801330566406,4.440695762634277,,,-160.150390625,-160.150390625,,,27.466110229492188,-72.53388977050781,
reinforce,,,100.0,1,639,50.41576945920404,36,0.005672931671142578,4.4464147090911865,,,-148.83203125,-148.83203125,,,21.21548843383789,-78.78451538085938,
reinforce,,,100.0,1,640,48.03961374248045,35,0.005479097366333008,4.4519548416137695,47.61578636375836,0.5942349228931316,-152.4103240966797,-152.4103240966797,,,20.0692138671875,-79.9307861328125,
reinforce,,,100.0,1,641,49.68744572373505,36,0.005544185638427734,4.471901893615723,,,-199.95838928222656,-199.95838928222656,,,21.074052810668945,-78.92594146728516,
reinforce,,,100.0,1,642,47.83497450400233,35,0.0056231021881103516,4.4775989055633545,,,-168.4623260498047,-168.4623260498047,,,20.078125,-79.921875,
reinforce,,,100.0,1,643,46.46863879743361,34,0.0054302215576171875,4.4831109046936035,,,-171.3083953857422,-171.3083953857422,,,19.435712814331055,-80.56429290771484,
reinforce,,,100.0,1,644,53.448904647259035,33,0.005240917205810547,4.488402843475342,,,-158.25759887695312,-158.25759887695312,,,25.776214599609375,-74.2237777709961,
reinforce,,,100.0,1,645,52.06588922425325,38,0.005921125411987305,4.494379043579102,,,-201.37933349609375,-201.37933349609375,,,21.53660011291504,-78.4634017944336,
reinforce,,,100.0,1,646,47.92820970646259,34,0.0054929256439208984,4.499938726425171,,,-192.9908905029297,-192.9908905029297,,,20.146133422851562,-79.85386657714844,
reinforce,,,100.0,1,647,44.491222949050524,33,0.005150318145751953,4.505162000656128,,,-183.92208862304688,-183.92208862304688,,,18.4174747467041,-81.58252716064453,
reinforce,,,100.0,1,648,47.32276230281377,34,0.005290031433105469,4.510514974594116,,,-167.34849548339844,-167.34849548339844,,,19.92265510559082,-80.07734680175781,
reinforce,,,100.0,1,649,49.61893068194184,36,0.0057179927825927734,4.51629376411438,,,-174.71539306640625,-174.71539306640625,,,20.331472396850586,-79.66853332519531,
reinforce,,,100.0,1,650,49.40027316904862,36,0.005901813507080078,4.522263765335083,,,-190.60848999023438,-190.60848999023438,,,20.135671615600586,-79.86432647705078,
reinforce,,,100.0,1,651,45.77050093505882,33,0.0052759647369384766,4.527608871459961,,,-156.98069763183594,-156.98069763183594,,,19.29787254333496,-80.7021255493164,
reinforce,,,100.0,1,652,49.79458004761172,36,0.005478858947753906,4.533146858215332,,,-188.10464477539062,-188.10464477539062,,,20.961936950683594,-79.0380630493164,
reinforce,,,100.0,1,653,45.40129655174307,33,0.0052280426025390625,4.5384767055511475,,,-165.6417236328125,-165.6417236328125,,,19.243553161621094,-80.7564468383789,
reinforce,,,100.0,1,654,47.78498833068334,35,0.005593299865722656,4.544126033782959,,,-176.9754180908203,-176.9754180908203,,,19.631662368774414,-80.36833953857422,
reinforce,,,100.0,1,655,45.00760584161877,33,0.005287885665893555,4.549490928649902,,,-180.813232421875,-180.813232421875,,,18.733158111572266,-81.266845703125,
reinforce,,,100.0,1,656,48.391455858678626,35,0.0055391788482666016,4.555096864700317,,,-173.35714721679688,-173.35714721679688,,,19.74664878845215,-80.25334930419922,
reinforce,,,100.0,1,657,47.43720206547338,34,0.005323171615600586,4.560484886169434,,,-181.59251403808594,-181.59251403808594,,,19.858068466186523,-80.14192962646484,
reinforce,,,100.0,1,658,47.42717985157471,34,0.005463123321533203,4.566000938415527,,,-179.854248046875,-179.854248046875,,,19.659244537353516,-80.34075927734375,
reinforce,,,100.0,1,659,53.07358385139002,38,0.006070852279663086,4.572126865386963,,,-174.5072479248047,-174.5072479248047,,,21.914936065673828,-78.0850601196289,
reinforce,,,100.0,1,660,49.73035690718972,36,0.005631923675537109,4.577816724777222,47.34845554906617,0.6190459522785627,-167.3458251953125,-167.3458251953125,,,20.601421356201172,-79.39857482910156,
reinforce,,,100.0,1,661,47.71109622140864,35,0.005578041076660156,4.598129987716675,,,-168.34451293945312,-168.34451293945312,,,19.788368225097656,-80.21163177490234,
reinforce,,,100.0,1,662,5.779126401307831,12,0.002191305160522461,4.600383043289185,,,-276.2412414550781,-276.2412414550781,,,1.800144076347351,-98.1998519897461,
reinforce,,,100.0,1,663,52.98842700270395,37,0.005851030349731445,4.606292963027954,,,-160.31002807617188,-160.31002807617188,,,22.238361358642578,-77.76164245605469,
reinforce,,,100.0,1,664,47.866088534492675,35,0.005558013916015625,4.611908912658691,,,-181.5789337158203,-181.5789337158203,,,19.623821258544922,-80.37618255615234,
reinforce,,,100.0,1,665,50.494599910511,36,0.005671262741088867,4.617640972137451,,,-139.54278564453125,-139.54278564453125,,,20.879730224609375,-79.12026977539062,
reinforce,,,100.0,1,666,50.686241218751825,36,0.0056879520416259766,4.623408794403076,,,-157.52406311035156,-157.52406311035156,,,21.248098373413086,-78.75189971923828,
reinforce,,,100.0,1,667,34.953030473679505,20,0.003509998321533203,4.6269659996032715,,,-192.10609436035156,-192.10609436035156,,,21.272403717041016,-78.72760009765625,
reinforce,,,100.0,1,668,46.803604056389176,34,0.0053708553314208984,4.63238787651062,,,-159.48207092285156,-159.48207092285156,,,19.329566955566406,-80.67044067382812,
reinforce,,,100.0,1,669,47.264181616284354,35,0.005467891693115234,4.6379477977752686,,,-159.59007263183594,-159.59007263183594,,,19.500656127929688,-80.49934387207031,
reinforce,,,100.0,1,670,51.14922613006384,37,0.005681037902832031,4.643700838088989,,,-151.0131378173828,-151.0131378173828,,,21.053327560424805,-78.94667053222656,
reinforce,,,100.0,1,671,53.0520020715652,38,0.005988121032714844,4.649755954742432,,,-172.03550720214844,-172.03550720214844,,,22.184619903564453,-77.81537628173828,
reinforce,,,100.0,1,672,49.503286807195416,36,0.0057163238525390625,4.655540943145752,,,-174.35240173339844,-174.35240173339844,,,20.45518684387207,-79.5448226928711,
reinforce,,,100.0,1,673,51.64217491373025,37,0.005688667297363281,4.661301612854004,,,-165.70481872558594,-165.70481872558594,,,21.228221893310547,-78.77177429199219,
reinforce,,,100.0,1,674,48.633667246565714,30,0.0046498775482177734,4.66600775718689,,,-151.68994140625,-151.68994140625,,,25.35550880432129,-74.64449310302734,
reinforce,,,100.0,1,675,46.910262133541195,35,0.0055239200592041016,4.671592950820923,,,-204.0021514892578,-204.0021514892578,,,19.02206039428711,-80.97793579101562,
reinforce,,,100.0,1,676,50.14193926260329,30,0.004784107208251953,4.676433801651001,,,-163.6833038330078,-163.6833038330078,,,25.727195739746094,-74.2728042602539,
reinforce,,,100.0,1,677,5.38186193599106,10,0.0016887187957763672,4.678189754486084,,,-280.0620422363281,-280.0620422363281,,,2.351745843887329,-97.64825439453125,
reinforce,,,100.0,1,678,46.86264258838186,35,0.0053060054779052734,4.683544874191284,,,-180.45794677734375,-180.45794677734375,,,19.17857551574707,-80.82142639160156,
reinforce,,,100.0,1,679,49.34502545638005,30,0.004792928695678711,4.688398838043213,,,-200.22093200683594,-200.22093200683594,,,24.87718963623047,-75.12281036376953,
reinforce,,,100.0,1,680,43.86827760357391,29,0.004573822021484375,4.693038702011108,46.37325770901865,1.5176019281676913,-161.29129028320312,-161.29129028320312,,,20.322607040405273,-79.67739868164062,
reinforce,,,100.0,1,681,48.266087479184854,34,0.005346059799194336,4.712335824966431,,,-164.94436645507812,-164.94436645507812,,,20.555259704589844,-79.44474029541016,
reinforce,,,100.0,1,682,45.05094648028975,33,0.0051348209381103516,4.71752667427063,,,-153.8643341064453,-153.8643341064453,,,18.970359802246094,-81.02964782714844,
reinforce,,,100.0,1,683,52.77832082995319,38,0.005995988845825195,4.723594903945923,,,-179.2209014892578,-179.2209014892578,,,22.000885009765625,-77.9991226196289,
reinforce,,,100.0,1,684,46.41726672632742,30,0.004751920700073242,4.728461742401123,,,-174.43345642089844,-174.43345642089844,,,21.924285888671875,-78.07571411132812,
reinforce,,,100.0,1,685,46.1181515991309,34,0.0051500797271728516,4.733677864074707,,,-202.35630798339844,-202.35630798339844,,,18.867021560668945,-81.13298034667969,
reinforce,,,100.0,1,686,47.48577815638305,35,0.005490779876708984,4.7392237186431885,,,-194.35284423828125,-194.35284423828125,,,19.74203872680664,-80.25796508789062,
reinforce,,,100.0,1,687,43.886180014029485,28,0.0044977664947509766,4.743790864944458,,,-166.6228485107422,-166.6228485107422,,,24.6667537689209,-75.33324432373047,
reinforce,,,100.0,1,688,49.81814121006756,36,0.005668163299560547,4.749526023864746,,,-161.1197967529297,-161.1197967529297,,,20.666248321533203,-79.33375549316406,
reinforce,,,100.0,1,689,44.083108718813165,30,0.004547119140625,4.754140853881836,,,-188.11459350585938,-188.11459350585938,,,20.144725799560547,-79.85527038574219,
reinforce,,,100.0,1,690,44.06999787167067,30,0.004851102828979492,4.759044885635376,,,-186.0810546875,-186.0810546875,,,19.675386428833008,-80.3246078491211,
reinforce,,,100.0,1,691,34.99161236042891,20,0.0032570362091064453,4.762354850769043,,,-184.5240478515625,-184.5240478515625,,,21.81366729736328,-78.18632507324219,
reinforce,,,100.0,1,692,46.239399739319026,34,0.00521397590637207,4.767640829086304,,,-155.4796600341797,-155.4796600341797,,,19.230993270874023,-80.76900482177734,
reinforce,,,100.0,1,693,48.2153806917338,35,0.0054399967193603516,4.773145914077759,,,-171.00363159179688,-171.00363159179688,,,20.04808235168457,-79.95191955566406,
reinforce,,,100.0,1,694,42.382308995135354,28,0.0043070316314697266,4.777517795562744,,,-189.6189422607422,-189.6189422607422,,,19.75603675842285,-80.24396514892578,
reinforce,,,100.0,1,695,43.11246586499195,29,0.0045659542083740234,4.782151937484741,,,-169.31146240234375,-169.31146240234375,,,19.773269653320312,-80.22673034667969,
reinforce,,,100.0,1,696,51.85329449499414,37,0.005856990814208984,4.788068771362305,,,-184.8744659423828,-184.8744659423828,,,21.671337127685547,-78.32866668701172,
reinforce,,,100.0,1,697,41.198847594616396,27,0.004354000091552734,4.792479991912842,,,-171.2764434814453,-171.2764434814453,,,19.387304306030273,-80.61270141601562,
reinforce,,,100.0,1,698,42.66455433496014,28,0.004415988922119141,4.796951770782471,,,-225.54417419433594,-225.54417419433594,,,20.16974449157715,-79.83025360107422,
reinforce,,,100.0,1,699,47.05226554973824,29,0.0045549869537353516,4.801555871963501,,,-197.41799926757812,-197.41799926757812,,,23.87352180480957,-76.12647247314453,
reinforce,,,100.0,1,700,5.421387569010172,10,0.0016739368438720703,4.803335905075073,42.01857615931406,0.409688372864834,-240.0045623779297,-240.0045623779297,,,2.3753275871276855,-97.62467193603516,
reinforce,,,100.0,1,701,42.920720537296695,28,0.004403829574584961,4.819798707962036,,,-196.76426696777344,-196.76426696777344,,,20.090076446533203,-79.90991973876953,
reinforce,,,100.0,1,702,42.34821165163046,28,0.004604816436767578,4.8244547843933105,,,-186.96615600585938,-186.96615600585938,,,19.859582901000977,-80.14041900634766,
reinforce,,,100.0,1,703,40.070297716605836,27,0.0042858123779296875,4.828800678253174,,,-188.7682342529297,-188.7682342529297,,,18.712312698364258,-81.28768920898438,
reinforce,,,100.0,1,704,42.34164484492764,29,0.0046999454498291016,4.83355188369751,,,-163.68470764160156,-163.68470764160156,,,19.35630989074707,-80.64369201660156,
reinforce,,,100.0,1,705,42.481350469789824,28,0.004282951354980469,4.837896823883057,,,-160.20350646972656,-160.20350646972656,,,19.862178802490234,-80.13782501220703,
reinforce,,,100.0,1,706,50.08540739761534,36,0.005681037902832031,4.8436219692230225,,,-171.8688201904297,-171.8688201904297,,,20.805675506591797,-79.19432067871094,
reinforce,,,100.0,1,707,45.09330397787895,28,0.004476070404052734,4.848163843154907,,,-145.49868774414062,-145.49868774414062,,,22.135793685913086,-77.86420440673828,
reinforce,,,100.0,1,708,42.39097404807889,28,0.004337787628173828,4.852559804916382,,,-158.8169708251953,-158.8169708251953,,,20.08559799194336,-79.9144058227539,
reinforce,,,100.0,1,709,43.25623577522697,29,0.004701852798461914,4.8573157787323,,,-203.4359130859375,-203.4359130859375,,,19.83531379699707,-80.16468811035156,
reinforce,,,100.0,1,710,40.55230830277565,27,0.0045130252838134766,4.861896991729736,,,-161.47129821777344,-161.47129821777344,,,18.836275100708008,-81.16372680664062,
reinforce,,,100.0,1,711,48.66393404153525,35,0.005457162857055664,4.867411851882935,,,-176.6134796142578,-176.6134796142578,,,20.37173843383789,-79.62826538085938,
reinforce,,,100.0,1,712,41.55611907310541,27,0.004105091094970703,4.871586799621582,,,-176.14117431640625,-176.14117431640625,,,19.99892234802246,-80.0010757446289,
reinforce,,,100.0,1,713,45.112276531927776,29,0.0046918392181396484,4.8763267993927,,,-185.02964782714844,-185.02964782714844,,,21.519451141357422,-78.48054504394531,
reinforce,,,100.0,1,714,42.843478742953174,29,0.004652976989746094,4.881041765213013,,,-201.1302032470703,-201.1302032470703,,,19.5032958984375,-80.49671173095703,
reinforce,,,100.0,1,715,43.08045313213699,28,0.004297018051147461,4.885406970977783,,,-173.78648376464844,-173.78648376464844,,,20.436288833618164,-79.56371307373047,
reinforce,,,100.0,1,716,44.438627035493916,29,0.004742145538330078,4.890207052230835,,,-149.07192993164062,-149.07192993164062,,,20.95142364501953,-79.04857635498047,
reinforce,,,100.0,1,717,40.94925889370718,27,0.004271030426025391,4.894559860229492,,,-192.68453979492188,-192.68453979492188,,,19.442506790161133,-80.55750274658203,
reinforce,,,100.0,1,718,48.292139065470515,30,0.0046689510345458984,4.8992908000946045,,,-165.62258911132812,-165.62258911132812,,,24.34548568725586,-75.65451049804688,
reinforce,,,100.0,1,719,50.93200522346513,37,0.005762815475463867,4.905101776123047,,,-180.681884765625,-180.681884765625,,,21.270387649536133,-78.7296142578125,
reinforce,,,100.0,1,720,41.911340713465364,28,0.004482269287109375,4.909641981124878,42.3546011245,0.5459868027006335,-155.16592407226562,-155.16592407226562,,,19.26251220703125,-80.73748779296875,
reinforce,,,100.0,1,721,42.37929067222812,29,0.004506826400756836,4.926308870315552,,,-187.49038696289062,-187.49038696289062,,,19.035263061523438,-80.96472930908203,
reinforce,,,100.0,1,722,43.135369699718055,29,0.004817008972167969,4.931182861328125,,,-151.9541015625,-151.9541015625,,,19.89829444885254,-80.10169982910156,
reinforce,,,100.0,1,723,48.03058239167118,35,0.005380153656005859,4.936635971069336,,,-192.7545928955078,-192.7545928955078,,,20.06563377380371,-79.93436431884766,
reinforce,,,100.0,1,724,48.08298087309684,34,0.005423784255981445,4.942115783691406,,,-182.2346649169922,-182.2346649169922,,,20.56831932067871,-79.43168640136719,
reinforce,,,100.0,1,725,47.65371944220011,35,0.005530118942260742,4.947700023651123,,,-153.22471618652344,-153.22471618652344,,,19.796560287475586,-80.20343017578125,
reinforce,,,100.0,1,726,50.1535047989006,36,0.005702018737792969,4.953473806381226,,,-179.91064453125,-179.91064453125,,,21.164466857910156,-78.83553314208984,
reinforce,,,100.0,1,727,43.23045466456112,30,0.004667997360229492,4.958201885223389,,,-171.07391357421875,-171.07391357421875,,,19.35236167907715,-80.64763641357422,
reinforce,,,100.0,1,728,48.6438951812747,35,0.0054378509521484375,4.963706731796265,,,-197.0652618408203,-197.0652618408203,,,20.252437591552734,-79.74755859375,
reinforce,,,100.0,1,729,44.77696293610634,30,0.004772186279296875,4.968626976013184,,,-191.38580322265625,-191.38580322265625,,,20.318761825561523,-79.68123626708984,
reinforce,,,100.0,1,730,44.390882779263094,30,0.0050089359283447266,4.973688840866089,,,-145.4661407470703,-145.4661407470703,,,20.073575973510742,-79.92642211914062,
reinforce,,,100.0,1,731,48.02328753389002,35,0.0055119991302490234,4.979266881942749,,,-177.76475524902344,-177.76475524902344,,,20.15574836730957,-79.84425354003906,
reinforce,,,100.0,1,732,49.48025858305971,35,0.0055959224700927734,4.984929800033569,,,-176.1559600830078,-176.1559600830078,,,21.200918197631836,-78.79908752441406,
reinforce,,,100.0,1,733,45.55799136720681,33,0.00516200065612793,4.9901509284973145,,,-199.6967010498047,-199.6967010498047,,,18.981266021728516,-81.01873016357422,
reinforce,,,100.0,1,734,38.18809291074221,22,0.0038340091705322266,4.994043827056885,,,-181.27621459960938,-181.27621459960938,,,23.512712478637695,-76.48728942871094,
reinforce,,,100.0,1,735,42.926261275225755,29,0.0045812129974365234,4.998677968978882,,,-172.25856018066406,-172.25856018066406,,,19.726049423217773,-80.27394104003906,
reinforce,,,100.0,1,736,42.70760066377255,29,0.0043981075286865234,5.003144979476929,,,-194.98211669921875,-194.98211669921875,,,19.320274353027344,-80.67973327636719,
reinforce,,,100.0,1,737,53.07559370609693,38,0.005867719650268555,5.00906777381897,,,-208.14007568359375,-208.14007568359375,,,22.467432022094727,-77.53256225585938,
reinforce,,,100.0,1,738,44.9258811469761,33,0.005394935607910156,5.014530897140503,,,-163.1695098876953,-163.1695098876953,,,18.585052490234375,-81.41494750976562,
reinforce,,,100.0,1,739,44.06696710277351,30,0.004701137542724609,5.019315004348755,,,-194.57232666015625,-194.57232666015625,,,19.851232528686523,-80.14876556396484,
reinforce,,,100.0,1,740,48.08543034809408,35,0.005464792251586914,5.024919748306274,47.835344015151044,0.8471095527431819,-184.3023223876953,-184.3023223876953,,,19.949726104736328,-80.05027770996094,
reinforce,,,100.0,1,741,47.17749758128391,34,0.005297183990478516,5.044977903366089,,,-194.45535278320312,-194.45535278320312,,,19.823894500732422,-80.17610168457031,
reinforce,,,100.0,1,742,47.13746468665984,34,0.005410909652709961,5.050451993942261,,,-184.83792114257812,-184.83792114257812,,,19.694494247436523,-80.30550384521484,
reinforce,,,100.0,1,743,45.34012531550527,31,0.004826068878173828,5.055355787277222,,,-176.81011962890625,-176.81011962890625,,,20.24547576904297,-79.75452423095703,
reinforce,,,100.0,1,744,42.01958448191553,29,0.004497051239013672,5.059912919998169,,,-191.46304321289062,-191.46304321289062,,,18.864336013793945,-81.13566589355469,
reinforce,,,100.0,1,745,45.76921391431798,34,0.005251169204711914,5.065220832824707,,,-220.88583374023438,-220.88583374023438,,,18.991365432739258,-81.00862884521484,
reinforce,,,100.0,1,746,47.548230112358574,34,0.005522727966308594,5.070797681808472,,,-198.75148010253906,-198.75148010253906,,,20.057872772216797,-79.94212341308594,
reinforce,,,100.0,1,747,45.70622594807462,33,0.005158901214599609,5.076013803482056,,,-156.47280883789062,-156.47280883789062,,,19.10112762451172,-80.89887237548828,
reinforce,,,100.0,1,748,51.43051263344561,37,0.005640268325805664,5.081727027893066,,,-215.39297485351562,-215.39297485351562,,,21.4691162109375,-78.5308837890625,
reinforce,,,100.0,1,749,48.493002442908484,35,0.005551815032958984,5.087328672409058,,,-179.74612426757812,-179.74612426757812,,,20.44694709777832,-79.55306243896484,
reinforce,,,100.0,1,750,46.52632296860785,34,0.0053730010986328125,5.0927629470825195,,,-189.32955932617188,-189.32955932617188,,,19.49104881286621,-80.50894927978516,
reinforce,,,100.0,1,751,49.019145735087555,36,0.005637168884277344,5.098460912704468,,,-157.80010986328125,-157.80010986328125,,,20.14215660095215,-79.85784149169922,
reinforce,,,100.0,1,752,47.16098503566755,34,0.005445957183837891,5.103963851928711,,,-200.3885498046875,-200.3885498046875,,,19.738313674926758,-80.26168823242188,
reinforce,,,100.0,1,753,45.534471755887125,33,0.005253791809082031,5.109302759170532,,,-154.19142150878906,-154.19142150878906,,,18.90036964416504,-81.0996322631836,
reinforce,,,100.0,1,754,48.915519303475754,35,0.005445957183837891,5.114821910858154,,,-181.83843994140625,-181.83843994140625,,,20.520395278930664,-79.47960662841797,
reinforce,,,100.0,1,755,47.0511433451326,34,0.005400180816650391,5.120272874832153,,,-188.39312744140625,-188.39312744140625,,,19.8347110748291,-80.165283203125,
reinforce,,,100.0,1,756,50.71064840802152,36,0.005819797515869141,5.126157760620117,,,-190.5808868408203,-190.5808868408203,,,21.2491455078125,-78.7508544921875,
reinforce,,,100.0,1,757,45.9423591642668,33,0.00523066520690918,5.131456613540649,,,-161.99838256835938,-161.99838256835938,,,19.100557327270508,-80.89944458007812,
reinforce,,,100.0,1,758,49.53477229023011,36,0.005689859390258789,5.137249708175659,,,-192.49644470214844,-192.49644470214844,,,20.6044979095459,-79.39550018310547,
reinforce,,,100.0,1,759,47.631956085895055,34,0.005178928375244141,5.142496824264526,,,-184.8758544921875,-184.8758544921875,,,20.11519432067871,-79.88481140136719,
reinforce,,,100.0,1,760,45.81187849904713,33,0.005445241928100586,5.147999048233032,45.53246653425434,0.5309985448303274,-158.2271270751953,-158.2271270751953,,,19.104705810546875,-80.89529418945312,
reinforce,,,100.0,1,761,45.43965357079898,33,0.005088090896606445,5.167536973953247,,,-174.78543090820312,-174.78543090820312,,,19.019554138183594,-80.98043823242188,
reinforce,,,100.0,1,762,45.5756088379437,33,0.005246162414550781,5.172834873199463,,,-194.23056030273438,-194.23056030273438,,,19.014089584350586,-80.98591613769531,
reinforce,,,100.0,1,763,47.11237304701945,34,0.005260944366455078,5.17816686630249,,,-187.6287841796875,-187.6287841796875,,,19.28923225402832,-80.71076202392578,
reinforce,,,100.0,1,764,45.8697788701681,33,0.0051882266998291016,5.183482885360718,,,-173.75213623046875,-173.75213623046875,,,19.14394760131836,-80.8560562133789,
reinforce,,,100.0,1,765,46.35085313748803,34,0.005586862564086914,5.1891279220581055,,,-163.76815795898438,-163.76815795898438,,,18.77605438232422,-81.22394561767578,
reinforce,,,100.0,1,766,47.902110009717575,35,0.0056798458099365234,5.194871664047241,,,-206.9130859375,-206.9130859375,,,19.685523986816406,-80.31446838378906,
reinforce,,,100.0,1,767,46.924132819957876,34,0.005341291427612305,5.2002880573272705,,,-197.12799072265625,-197.12799072265625,,,19.60355567932129,-80.39643859863281,
reinforce,,,100.0,1,768,49.21584536693403,35,0.005416154861450195,5.205781936645508,,,-162.5870361328125,-162.5870361328125,,,20.417404174804688,-79.58260345458984,
reinforce,,,100.0,1,769,47.50683852035787,34,0.005508899688720703,5.211342811584473,,,-194.97886657714844,-194.97886657714844,,,19.84878158569336,-80.15120697021484,
reinforce,,,100.0,1,770,44.82240144604344,33,0.0054378509521484375,5.216848850250244,,,-166.3893585205078,-166.3893585205078,,,18.637969970703125,-81.36202239990234,
reinforce,,,100.0,1,771,44.96402253051774,33,0.005255937576293945,5.222168684005737,,,-179.6662139892578,-179.6662139892578,,,18.701663970947266,-81.29833221435547,
reinforce,,,100.0,1,772,44.92291247538392,33,0.00525212287902832,5.227503776550293,,,-194.72622680664062,-194.72622680664062,,,18.629981994628906,-81.37001037597656,
reinforce,,,100.0,1,773,50.83664708616498,37,0.005785226821899414,5.233365058898926,,,-172.0522003173828,-172.0522003173828,,,21.035625457763672,-78.9643783569336,
reinforce,,,100.0,1,774,46.347525469879734,34,0.005493879318237305,5.238914728164673,,,-215.62939453125,-215.62939453125,,,19.32168960571289,-80.67830657958984,
reinforce,,,100.0,1,775,45.24786405844127,33,0.005199909210205078,5.244172811508179,,,-183.70639038085938,-183.70639038085938,,,19.01810073852539,-80.98189544677734,
reinforce,,,100.0,1,776,45.032808173585046,33,0.0052759647369384766,5.249513864517212,,,-192.24880981445312,-192.24880981445312,,,18.858694076538086,-81.14130401611328,
reinforce,,,100.0,1,777,45.21675783838095,33,0.00512385368347168,5.25469970703125,,,-189.55345153808594,-189.55345153808594,,,18.887319564819336,-81.11267852783203,
reinforce,,,100.0,1,778,44.4993001676896,33,0.005373954772949219,5.260128736495972,,,-173.82437133789062,-173.82437133789062,,,18.402881622314453,-81.59711456298828,
reinforce,,,100.0,1,779,44.637367793542715,33,0.00531005859375,5.265495777130127,,,-191.31927490234375,-191.31927490234375,,,18.485780715942383,-81.51422119140625,
reinforce,,,100.0,1,780,45.46859655408223,33,0.005346059799194336,5.27089786529541,45.579219163783506,0.4317908507987827,-181.15640258789062,-181.15640258789062,,,18.87177848815918,-81.12822723388672,
reinforce,,,100.0,1,781,44.458794659510936,33,0.005095720291137695,5.290433645248413,,,-211.3285369873047,-211.3285369873047,,,18.360519409179688,-81.63948822021484,
reinforce,,,100.0,1,782,46.28480588701737,34,0.005237102508544922,5.295742988586426,,,-162.7278594970703,-162.7278594970703,,,18.891660690307617,-81.10833740234375,
reinforce,,,100.0,1,783,46.209828165338486,34,0.005396127700805664,5.301193952560425,,,-215.3120880126953,-215.3120880126953,,,18.722476959228516,-81.27752685546875,
reinforce,,,100.0,1,784,44.77721405000488,33,0.005383014678955078,5.306644916534424,,,-181.74212646484375,-181.74212646484375,,,18.724166870117188,-81.27583312988281,
reinforce,,,100.0,1,785,46.761524692738554,34,0.005342960357666016,5.3120598793029785,,,-181.05348205566406,-181.05348205566406,,,19.023609161376953,-80.97638702392578,
reinforce,,,100.0,1,786,44.51758001656824,33,0.005181074142456055,5.317320823669434,,,-169.2918701171875,-169.2918701171875,,,18.330129623413086,-81.66986846923828,
reinforce,,,100.0,1,787,45.353067801383546,33,0.005281925201416016,5.322652816772461,,,-223.83743286132812,-223.83743286132812,,,18.853727340698242,-81.14627838134766,
reinforce,,,100.0,1,788,43.55301751808947,32,0.005216121673583984,5.327927827835083,,,-206.23577880859375,-206.23577880859375,,,18.24411392211914,-81.75587463378906,
reinforce,,,100.0,1,789,46.511593424976866,34,0.005578041076660156,5.33356785774231,,,-210.05418395996094,-210.05418395996094,,,19.138137817382812,-80.86185455322266,
reinforce,,,100.0,1,790,45.06953077538581,33,0.005568027496337891,5.339221954345703,,,-168.39512634277344,-168.39512634277344,,,18.825464248657227,-81.1745376586914,
reinforce,,,100.0,1,791,44.905419508157365,33,0.005297183990478516,5.344693660736084,,,-160.65110778808594,-160.65110778808594,,,18.622129440307617,-81.37786865234375,
reinforce,,,100.0,1,792,46.19866926280818,33,0.0055811405181884766,5.350354909896851,,,-195.8905029296875,-195.8905029296875,,,19.25347900390625,-80.74652099609375,
reinforce,,,100.0,1,793,45.73104807550644,33,0.0057032108306884766,5.356243848800659,,,-168.77822875976562,-168.77822875976562,,,19.0321044921875,-80.9678955078125,
reinforce,,,100.0,1,794,46.2116873041975,33,0.005338907241821289,5.3616907596588135,,,-182.32481384277344,-182.32481384277344,,,19.708477020263672,-80.29151916503906,
reinforce,,,100.0,1,795,47.38479505365411,34,0.005567073822021484,5.367353916168213,,,-151.5840301513672,-151.5840301513672,,,19.892887115478516,-80.10711669921875,
reinforce,,,100.0,1,796,47.04217373228968,34,0.005357980728149414,5.372808933258057,,,-232.33119201660156,-232.33119201660156,,,19.438623428344727,-80.5613784790039,
reinforce,,,100.0,1,797,45.86787535990203,33,0.005238771438598633,5.378113746643066,,,-183.029296875,-183.029296875,,,19.08458137512207,-80.91542053222656,
reinforce,,,100.0,1,798,44.45240571462869,33,0.0055010318756103516,5.383681774139404,,,-181.12893676757812,-181.12893676757812,,,18.45885467529297,-81.54114532470703,
reinforce,,,100.0,1,799,45.21516731308373,33,0.005380153656005859,5.389139890670776,,,-174.92767333984375,-174.92767333984375,,,18.920501708984375,-81.07949829101562,
reinforce,,,100.0,1,800,46.872406869291396,34,0.005442142486572266,5.394648790359497,45.19003103579365,0.2016766315095778,-181.63406372070312,-181.63406372070312,,,19.419282913208008,-80.58071899414062,
reinforce,,,100.0,1,801,45.84768323767871,33,0.005177974700927734,5.414102792739868,,,-184.1952667236328,-184.1952667236328,,,19.456897735595703,-80.54309844970703,
reinforce,,,100.0,1,802,44.642885827300624,33,0.005269050598144531,5.4194769859313965,,,-178.40589904785156,-178.40589904785156,,,18.50328254699707,-81.49671173095703,
reinforce,,,100.0,1,803,45.35011278115923,33,0.0053288936614990234,5.424867868423462,,,-176.08140563964844,-176.08140563964844,,,18.833927154541016,-81.16607666015625,
reinforce,,,100.0,1,804,42.94429179547449,32,0.005177974700927734,5.430107831954956,,,-192.4547119140625,-192.4547119140625,,,17.89328384399414,-82.10671997070312,
reinforce,,,100.0,1,805,45.70636616908776,33,0.005177021026611328,5.435377836227417,,,-158.01023864746094,-158.01023864746094,,,18.9786376953125,-81.0213623046875,
reinforce,,,100.0,1,806,49.295790932906755,36,0.0056798458099365234,5.441121816635132,,,-180.7366943359375,-180.7366943359375,,,20.499534606933594,-79.50045776367188,
reinforce,,,100.0,1,807,44.921850594960084,33,0.005368947982788086,5.446553707122803,,,-171.33016967773438,-171.33016967773438,,,18.649805068969727,-81.35020446777344,
reinforce,,,100.0,1,808,45.47825574182925,33,0.005383968353271484,5.452004909515381,,,-190.1082000732422,-190.1082000732422,,,18.88200569152832,-81.11799621582031,
reinforce,,,100.0,1,809,46.43478778968055,34,0.005447864532470703,5.457530736923218,,,-211.53131103515625,-211.53131103515625,,,19.492416381835938,-80.50758361816406,
reinforce,,,100.0,1,810,46.14418946330813,34,0.005366086959838867,5.462968826293945,,,-163.93821716308594,-163.93821716308594,,,19.065813064575195,-80.9341812133789,
reinforce,,,100.0,1,811,48.75245608831492,35,0.005574941635131836,5.468589782714844,,,-176.2544708251953,-176.2544708251953,,,20.266881942749023,-79.73311614990234,
reinforce,,,100.0,1,812,46.90283017563755,34,0.005681037902832031,5.474332809448242,,,-163.96192932128906,-163.96192932128906,,,19.38180923461914,-80.61819458007812,
reinforce,,,100.0,1,813,45.627113234559914,33,0.0053179264068603516,5.479723691940308,,,-211.890380859375,-211.890380859375,,,19.14749526977539,-80.85250091552734,
reinforce,,,100.0,1,814,45.23709531574253,33,0.005193948745727539,5.4849817752838135,,,-154.732421875,-154.732421875,,,18.883468627929688,-81.11653137207031,
reinforce,,,100.0,1,815,45.83980329752482,33,0.0051958560943603516,5.490246772766113,,,-165.49267578125,-165.49267578125,,,19.293901443481445,-80.70610046386719,
reinforce,,,100.0,1,816,47.30739700208163,35,0.005556821823120117,5.495852708816528,,,-206.6553497314453,-206.6553497314453,,,19.72332000732422,-80.27667999267578,
reinforce,,,100.0,1,817,45.629629314834496,33,0.005179166793823242,5.501084804534912,,,-167.03868103027344,-167.03868103027344,,,19.023792266845703,-80.97620391845703,
reinforce,,,100.0,1,818,45.779855853197354,33,0.00518488883972168,5.506330728530884,,,-155.60064697265625,-155.60064697265625,,,19.09051513671875,-80.90948486328125,
reinforce,,,100.0,1,819,49.9369944811241,36,0.005585908889770508,5.511993885040283,,,-174.0325164794922,-174.0325164794922,,,20.575496673583984,-79.42450714111328,
reinforce,,,100.0,1,820,45.192439545976505,33,0.0052337646484375,5.51729679107666,45.905817306191594,0.4615690209175493,-173.4517364501953,-173.4517364501953,,,18.88141632080078,-81.11858367919922,
reinforce,,,100.0,1,821,45.98688923494676,33,0.005114078521728516,5.536829948425293,,,-165.9604034423828,-165.9604034423828,,,19.36798095703125,-80.63201904296875,
reinforce,,,100.0,1,822,45.274705241246814,33,0.005324125289916992,5.542215824127197,,,-178.1245574951172,-178.1245574951172,,,18.90433692932129,-81.09565734863281,
reinforce,,,100.0,1,823,44.67720955448948,33,0.005330085754394531,5.547618865966797,,,-187.07623291015625,-187.07623291015625,,,18.564464569091797,-81.43553161621094,
reinforce,,,100.0,1,824,44.273445882075606,33,0.005090951919555664,5.552781820297241,,,-183.98941040039062,-183.98941040039062,,,18.283105850219727,-81.7168960571289,
reinforce,,,100.0,1,825,46.41907822421422,34,0.005513906478881836,5.5583648681640625,,,-188.77357482910156,-188.77357482910156,,,19.171525955200195,-80.8284683227539,
reinforce,,,100.0,1,826,47.13976295870392,34,0.005460977554321289,5.563899755477905,,,-207.02346801757812,-207.02346801757812,,,19.834102630615234,-80.16590118408203,
reinforce,,,100.0,1,827,45.53713206789785,33,0.0053136348724365234,5.569270849227905,,,-191.67990112304688,-191.67990112304688,,,19.016571044921875,-80.98342895507812,
reinforce,,,100.0,1,828,47.77673181615133,34,0.005260944366455078,5.5745978355407715,,,-184.67507934570312,-184.67507934570312,,,19.847978591918945,-80.15201568603516,
reinforce,,,100.0,1,829,46.377176756788536,34,0.0054340362548828125,5.580119848251343,,,-154.55859375,-154.55859375,,,18.835769653320312,-81.16423797607422,
reinforce,,,100.0,1,830,46.26251878762131,33,0.005309104919433594,5.585492849349976,,,-163.2281036376953,-163.2281036376953,,,19.321975708007812,-80.67802429199219,
reinforce,,,100.0,1,831,60.09864080056888,43,0.0069010257720947266,5.592455863952637,,,-154.4583740234375,-154.4583740234375,,,24.1284236907959,-75.87157440185547,
reinforce,,,100.0,1,832,47.612481810933225,34,0.005457878112792969,5.597986698150635,,,-202.7639617919922,-202.7639617919922,,,20.016878128051758,-79.98311614990234,
reinforce,,,100.0,1,833,47.8223786178761,34,0.005383014678955078,5.603448867797852,,,-199.9492950439453,-199.9492950439453,,,20.059589385986328,-79.94039916992188,
reinforce,,,100.0,1,834,58.291094150255134,41,0.006406068801879883,5.609922885894775,,,-179.60597229003906,-179.60597229003906,,,23.672103881835938,-76.32789611816406,
reinforce,,,100.0,1,835,52.38003282514159,38,0.005919933319091797,5.6159727573394775,,,-181.86895751953125,-181.86895751953125,,,21.176509857177734,-78.823486328125,
reinforce,,,100.0,1,836,46.054748878244865,34,0.0054531097412109375,5.621504068374634,,,-185.37852478027344,-185.37852478027344,,,18.815919876098633,-81.18407440185547,
reinforce,,,100.0,1,837,48.001812904903765,35,0.00563502311706543,5.627198934555054,,,-189.90745544433594,-189.90745544433594,,,19.819496154785156,-80.18050384521484,
reinforce,,,100.0,1,838,48.654355059147164,35,0.005749940872192383,5.633034944534302,,,-202.2865447998047,-202.2865447998047,,,20.20846176147461,-79.79154205322266,
reinforce,,,100.0,1,839,44.95317218831051,33,0.0052700042724609375,5.638366937637329,,,-212.0816192626953,-212.0816192626953,,,18.706727981567383,-81.29327392578125,
reinforce,,,100.0,1,840,44.915660556507774,33,0.005224943161010742,5.643654823303223,46.06706518987202,0.8166979430675471,-180.9673309326172,-180.9673309326172,,,18.561965942382812,-81.43803405761719,
reinforce,,,100.0,1,841,45.772368983926285,33,0.005211830139160156,5.6638147830963135,,,-174.31594848632812,-174.31594848632812,,,19.304250717163086,-80.69574737548828,
reinforce,,,100.0,1,842,58.66333228807637,42,0.006537914276123047,5.670422792434692,,,-169.9283447265625,-169.9283447265625,,,24.453622817993164,-75.54637145996094,
reinforce,,,100.0,1,843,46.64070599016556,34,0.005399942398071289,5.675901889801025,,,-163.45339965820312,-163.45339965820312,,,18.960023880004883,-81.03997802734375,
reinforce,,,100.0,1,844,47.65269411580139,34,0.005622148513793945,5.681583881378174,,,-170.9730987548828,-170.9730987548828,,,19.959915161132812,-80.04008483886719,
reinforce,,,100.0,1,845,57.29330395884661,41,0.0064907073974609375,5.688150644302368,,,-170.15611267089844,-170.15611267089844,,,23.629945755004883,-76.37005615234375,
reinforce,,,100.0,1,846,48.18394941617502,35,0.005558013916015625,5.693797826766968,,,-185.2527313232422,-185.2527313232422,,,19.778244018554688,-80.22175598144531,
reinforce,,,100.0,1,847,51.99770519032562,38,0.006065845489501953,5.699959754943848,,,-146.1884765625,-146.1884765625,,,20.860666275024414,-79.13933563232422,
reinforce,,,100.0,1,848,58.108402138058594,42,0.006316184997558594,5.706356048583984,,,-196.57028198242188,-196.57028198242188,,,23.77949333190918,-76.22050476074219,
reinforce,,,100.0,1,849,49.85583627056714,36,0.005764007568359375,5.712186813354492,,,-156.65054321289062,-156.65054321289062,,,20.463680267333984,-79.53632354736328,
reinforce,,,100.0,1,850,45.35851419381509,33,0.005424022674560547,5.717676877975464,,,-198.9673309326172,-198.9673309326172,,,18.82908058166504,-81.1709213256836,
reinforce,,,100.0,1,851,46.96813384826418,34,0.0055272579193115234,5.723280906677246,,,-188.5664825439453,-188.5664825439453,,,19.692731857299805,-80.3072738647461,
reinforce,,,100.0,1,852,60.71464772994234,43,0.007003068923950195,5.730385780334473,,,-161.02825927734375,-161.02825927734375,,,24.75460433959961,-75.24539947509766,
reinforce,,,100.0,1,853,45.380119854259874,33,0.0053060054779052734,5.735752820968628,,,-177.30615234375,-177.30615234375,,,18.827499389648438,-81.17249298095703,
reinforce,,,100.0,1,854,47.72703412683868,35,0.005521059036254883,5.741341829299927,,,-177.99139404296875,-177.99139404296875,,,19.453603744506836,-80.54640197753906,
reinforce,,,100.0,1,855,55.66771743320108,40,0.0062427520751953125,5.747637748718262,,,-205.20523071289062,-205.20523071289062,,,22.3876953125,-77.6123046875,
reinforce,,,100.0,1,856,47.20003894780081,34,0.0053789615631103516,5.753098964691162,,,-166.28208923339844,-166.28208923339844,,,19.80675506591797,-80.19324493408203,
reinforce,,,100.0,1,857,60.19935612887695,43,0.0067291259765625,5.759887933731079,,,-164.9895782470703,-164.9895782470703,,,25.44298553466797,-74.55701446533203,
reinforce,,,100.0,1,858,46.27943050584358,34,0.00564885139465332,5.765613794326782,,,-191.78561401367188,-191.78561401367188,,,18.85093116760254,-81.1490707397461,
reinforce,,,100.0,1,859,47.879746711783355,35,0.005663871765136719,5.771367788314819,,,-206.7659912109375,-206.7659912109375,,,19.30778694152832,-80.69221496582031,
reinforce,,,100.0,1,860,47.56647079774078,35,0.005515098571777344,5.776950836181641,46.607113425049945,0.3029514023563304,-174.841064453125,-174.841064453125,,,19.092111587524414,-80.90789031982422,
reinforce,,,100.0,1,861,60.11300783737952,43,0.0066568851470947266,5.798490762710571,,,-179.00823974609375,-179.00823974609375,,,24.294775009155273,-75.7052230834961,
reinforce,,,100.0,1,862,45.633004143411874,33,0.0053479671478271484,5.803929805755615,,,-151.98910522460938,-151.98910522460938,,,19.21656036376953,-80.78343963623047,
reinforce,,,100.0,1,863,60.735271798119,43,0.006515026092529297,5.8106467723846436,,,-157.6914520263672,-157.6914520263672,,,25.38016128540039,-74.61984252929688,
reinforce,,,100.0,1,864,45.57763963064022,33,0.005193948745727539,5.815906763076782,,,-185.6800079345703,-185.6800079345703,,,18.995223999023438,-81.00477600097656,
reinforce,,,100.0,1,865,54.13213281459501,39,0.006292104721069336,5.822281837463379,,,-163.05905151367188,-163.05905151367188,,,22.209550857543945,-77.79045104980469,
reinforce,,,100.0,1,866,45.73007585524411,33,0.005368947982788086,5.827725887298584,,,-192.88999938964844,-192.88999938964844,,,19.186382293701172,-80.81360626220703,
reinforce,,,100.0,1,867,56.4510668780274,40,0.006315708160400391,5.834101676940918,,,-192.1970977783203,-192.1970977783203,,,23.578365325927734,-76.42163848876953,
reinforce,,,100.0,1,868,42.20419201969723,28,0.00449681282043457,5.838733673095703,,,-198.2246856689453,-198.2246856689453,,,19.395845413208008,-80.6041488647461,
reinforce,,,100.0,1,869,48.92590251028107,35,0.005560874938964844,5.844352722167969,,,-182.22457885742188,-182.22457885742188,,,20.586511611938477,-79.41349029541016,
reinforce,,,100.0,1,870,45.39711069589384,33,0.005225181579589844,5.849663972854614,,,-154.98635864257812,-154.98635864257812,,,18.880434036254883,-81.11956024169922,
reinforce,,,100.0,1,871,60.68166096135149,43,0.006736040115356445,5.856464862823486,,,-155.6429443359375,-155.6429443359375,,,24.87393569946289,-75.12606048583984,
reinforce,,,100.0,1,872,45.92820257231548,33,0.00539088249206543,5.8619139194488525,,,-179.31092834472656,-179.31092834472656,,,19.4714412689209,-80.528564453125,
reinforce,,,100.0,1,873,46.69561102406092,34,0.0054590702056884766,5.867441892623901,,,-191.3125762939453,-191.3125762939453,,,19.430362701416016,-80.56964111328125,
reinforce,,,100.0,1,874,46.201365136062265,33,0.005097866058349609,5.872614860534668,,,-181.0489501953125,-181.0489501953125,,,19.319976806640625,-80.6800308227539,
reinforce,,,100.0,1,875,47.74243019331727,34,0.005608081817626953,5.878280878067017,,,-178.85182189941406,-178.85182189941406,,,19.9739990234375,-80.0260009765625,
reinforce,,,100.0,1,876,45.611273008523916,33,0.0052947998046875,5.8836376667022705,,,-177.5805206298828,-177.5805206298828,,,19.04920196533203,-80.9508056640625,
reinforce,,,100.0,1,877,47.45315533252934,35,0.005666017532348633,5.8893678188323975,,,-192.85658264160156,-192.85658264160156,,,19.46424674987793,-80.53575897216797,
reinforce,,,100.0,1,878,44.93784272642219,33,0.005296230316162109,5.894731044769287,,,-187.16891479492188,-187.16891479492188,,,18.6633243560791,-81.33667755126953,
reinforce,,,100.0,1,879,48.00457863128461,35,0.0054857730865478516,5.900279760360718,,,-175.5746307373047,-175.5746307373047,,,19.81434440612793,-80.18566131591797,
reinforce,,,100.0,1,880,55.77789271815052,40,0.00623011589050293,5.906575918197632,47.01538110386424,0.6918490195992999,-187.3109893798828,-187.3109893798828,,,22.856739044189453,-77.14326477050781,
reinforce,,,100.0,1,881,51.963938694019774,38,0.005791902542114258,5.927355766296387,,,-162.38560485839844,-162.38560485839844,,,21.70070457458496,-78.2992935180664,
reinforce,,,100.0,1,882,64.48997929277694,46,0.007266998291015625,5.934686899185181,,,-180.4892120361328,-180.4892120361328,,,26.395082473754883,-73.60491943359375,
reinforce,,,100.0,1,883,46.82421132537512,34,0.005458831787109375,5.940248727798462,,,-177.6271209716797,-177.6271209716797,,,19.318119049072266,-80.68187713623047,
reinforce,,,100.0,1,884,47.07858627046897,34,0.0055429935455322266,5.945860862731934,,,-173.3434295654297,-173.3434295654297,,,19.594970703125,-80.405029296875,
reinforce,,,100.0,1,885,47.20945096956089,34,0.0054950714111328125,5.951432943344116,,,-180.81077575683594,-180.81077575683594,,,19.82562255859375,-80.17437744140625,
reinforce,,,100.0,1,886,48.53245297836666,35,0.005716800689697266,5.957231760025024,,,-169.69924926757812,-169.69924926757812,,,20.117300033569336,-79.88269805908203,
reinforce,,,100.0,1,887,46.45868822418068,34,0.005335092544555664,5.962636709213257,,,-184.3478240966797,-184.3478240966797,,,19.455787658691406,-80.5442123413086,
reinforce,,,100.0,1,888,47.00698928409117,34,0.005445241928100586,5.968137979507446,,,-161.1013641357422,-161.1013641357422,,,19.74429702758789,-80.25569915771484,
reinforce,,,100.0,1,889,45.174536850415016,33,0.005260944366455078,5.973467826843262,,,-183.81851196289062,-183.81851196289062,,,18.828699111938477,-81.17130279541016,
reinforce,,,100.0,1,890,48.150992694575656,35,0.005409955978393555,5.978941917419434,,,-180.61602783203125,-180.61602783203125,,,19.536163330078125,-80.46383666992188,
reinforce,,,100.0,1,891,47.45926305196664,34,0.0052700042724609375,5.984270811080933,,,-188.24322509765625,-188.24322509765625,,,19.702407836914062,-80.29759216308594,
reinforce,,,100.0,1,892,46.614788158079996,34,0.005574703216552734,5.989937782287598,,,-202.328857421875,-202.328857421875,,,19.386520385742188,-80.61347961425781,
reinforce,,,100.0,1,893,47.833233749456106,35,0.005591154098510742,5.9955949783325195,,,-198.200439453125,-198.200439453125,,,19.475543975830078,-80.52445220947266,
reinforce,,,100.0,1,894,44.76591881725717,33,0.0054416656494140625,6.001111745834351,,,-168.77867126464844,-168.77867126464844,,,18.586732864379883,-81.41326141357422,
reinforce,,,100.0,1,895,46.132667348720304,34,0.005301952362060547,6.006482839584351,,,-160.93646240234375,-160.93646240234375,,,18.762845993041992,-81.23715209960938,
reinforce,,,100.0,1,896,44.688061621153025,33,0.005182981491088867,6.011735677719116,,,-185.35386657714844,-185.35386657714844,,,18.63359260559082,-81.36640930175781,
reinforce,,,100.0,1,897,47.580778389185134,34,0.005470991134643555,6.01728892326355,,,-197.10565185546875,-197.10565185546875,,,19.96533966064453,-80.03465270996094,
reinforce,,,100.0,1,898,45.152157344902406,33,0.0054168701171875,6.022775888442993,,,-175.78382873535156,-175.78382873535156,,,18.824941635131836,-81.17505645751953,
reinforce,,,100.0,1,899,45.34587585703829,33,0.0053789615631103516,6.028221845626831,,,-197.61399841308594,-197.61399841308594,,,19.038063049316406,-80.9619369506836,
reinforce,,,100.0,1,900,48.74239100121434,35,0.005591869354248047,6.033868789672852,45.69363775870092,0.3412060985797894,-183.05548095703125,-183.05548095703125,,,20.494287490844727,-79.5057144165039,
reinforce,,,100.0,1,901,48.63315755838004,35,0.005426168441772461,6.053663969039917,,,-211.0443878173828,-211.0443878173828,,,20.20581817626953,-79.79418182373047,
reinforce,,,100.0,1,902,46.93943562990861,34,0.0055310726165771484,6.059252977371216,,,-184.7201385498047,-184.7201385498047,,,19.719600677490234,-80.28040313720703,
reinforce,,,100.0,1,903,45.274845773280155,33,0.005116939544677734,6.064453840255737,,,-169.68173217773438,-169.68173217773438,,,18.77930450439453,-81.220703125,
reinforce,,,100.0,1,904,45.894435628143334,33,0.005365848541259766,6.06988787651062,,,-208.2278594970703,-208.2278594970703,,,19.37444305419922,-80.62555694580078,
reinforce,,,100.0,1,905,44.95240465770564,33,0.005242109298706055,6.075195789337158,,,-148.38284301757812,-148.38284301757812,,,18.619169235229492,-81.38082885742188,
reinforce,,,100.0,1,906,44.84542779975714,33,0.005076885223388672,6.0803468227386475,,,-177.9808807373047,-177.9808807373047,,,18.552959442138672,-81.4470443725586,
reinforce,,,100.0,1,907,45.15164741216751,33,0.0052111148834228516,6.085610866546631,,,-200.30821228027344,-200.30821228027344,,,18.865100860595703,-81.13489532470703,
reinforce,,,100.0,1,908,45.08144029495974,33,0.0054590702056884766,6.091123819351196,,,-182.81051635742188,-182.81051635742188,,,18.780977249145508,-81.21902465820312,
reinforce,,,100.0,1,909,44.84122620046105,33,0.005295276641845703,6.096498966217041,,,-205.92713928222656,-205.92713928222656,,,18.541259765625,-81.458740234375,
reinforce,,,100.0,1,910,45.90551033250199,33,0.005149126052856445,6.101737976074219,,,-142.4727020263672,-142.4727020263672,,,19.37750816345215,-80.62248992919922,
reinforce,,,100.0,1,911,45.46029610610904,33,0.005224943161010742,6.107012748718262,,,-172.36863708496094,-172.36863708496094,,,18.900348663330078,-81.09965515136719,
reinforce,,,100.0,1,912,45.20698729896912,33,0.0054149627685546875,6.112492799758911,,,-194.52191162109375,-194.52191162109375,,,18.84671974182129,-81.15328216552734,
reinforce,,,100.0,1,913,45.13958800965985,33,0.0052700042724609375,6.117835760116577,,,-199.472412109375,-199.472412109375,,,18.74117660522461,-81.25881958007812,
reinforce,,,100.0,1,914,46.15840744447667,34,0.0054128170013427734,6.1233086585998535,,,-173.1663360595703,-173.1663360595703,,,18.819568634033203,-81.18043518066406,
reinforce,,,100.0,1,915,45.54925313236018,33,0.005157947540283203,6.128544807434082,,,-199.0267791748047,-199.0267791748047,,,19.028060913085938,-80.97193908691406,
reinforce,,,100.0,1,916,47.74112302354418,35,0.005687236785888672,6.134283065795898,,,-169.18772888183594,-169.18772888183594,,,19.421751022338867,-80.5782470703125,
reinforce,,,100.0,1,917,45.86415370238653,33,0.005369901657104492,6.139711856842041,,,-194.92503356933594,-194.92503356933594,,,19.1524600982666,-80.8475341796875,
reinforce,,,100.0,1,918,44.895287112325505,33,0.0053021907806396484,6.145079851150513,,,-158.34524536132812,-158.34524536132812,,,18.73779296875,-81.26220703125,
reinforce,,,100.0,1,919,47.31142375155098,34,0.0053441524505615234,6.150485038757324,,,-187.43011474609375,-187.43011474609375,,,19.451961517333984,-80.54803466796875,
reinforce,,,100.0,1,920,45.460673199994694,33,0.005325794219970703,6.155862808227539,45.49902695826888,0.5458912605854244,-176.84750366210938,-176.84750366210938,,,19.007282257080078,-80.99272155761719,
reinforce,,,100.0,1,921,46.859122993473086,34,0.005655050277709961,6.176053047180176,,,-184.9345245361328,-184.9345245361328,,,19.73387908935547,-80.26612091064453,
reinforce,,,100.0,1,922,44.90219758121106,33,0.005650997161865234,6.181814670562744,,,-172.2827911376953,-172.2827911376953,,,18.724952697753906,-81.2750473022461,
reinforce,,,100.0,1,923,45.8177523499257,33,0.0051288604736328125,6.187046766281128,,,-195.57687377929688,-195.57687377929688,,,19.034465789794922,-80.96553802490234,
reinforce,,,100.0,1,924,45.679546921016616,33,0.0053501129150390625,6.192457914352417,,,-170.67626953125,-170.67626953125,,,19.11823844909668,-80.88175201416016,
reinforce,,,100.0,1,925,51.18512949784368,37,0.005925178527832031,6.1984498500823975,,,-204.0755615234375,-204.0755615234375,,,20.917428970336914,-79.08257293701172,
reinforce,,,100.0,1,926,47.83578905843551,34,0.0053730010986328125,6.203895807266235,,,-164.89988708496094,-164.89988708496094,,,20.03081512451172,-79.96917724609375,
reinforce,,,100.0,1,927,45.58752690139879,33,0.005388021469116211,6.209354877471924,,,-197.4672088623047,-197.4672088623047,,,19.019657135009766,-80.9803466796875,
reinforce,,,100.0,1,928,45.73495095112022,33,0.005281686782836914,6.2147216796875,,,-192.54550170898438,-192.54550170898438,,,19.083175659179688,-80.91683197021484,
reinforce,,,100.0,1,929,48.325921934506155,35,0.0055959224700927734,6.2203757762908936,,,-166.38551330566406,-166.38551330566406,,,19.812519073486328,-80.18748474121094,
reinforce,,,100.0,1,930,49.117616890391304,35,0.00559687614440918,6.226086854934692,,,-188.44325256347656,-188.44325256347656,,,20.49956703186035,-79.50044250488281,
reinforce,,,100.0,1,931,47.47372549200726,34,0.005362033843994141,6.2315099239349365,,,-165.73573303222656,-165.73573303222656,,,19.847179412841797,-80.15281677246094,
reinforce,,,100.0,1,932,49.18898912832035,36,0.005855083465576172,6.2374348640441895,,,-211.50405883789062,-211.50405883789062,,,19.90125274658203,-80.09874725341797,
reinforce,,,100.0,1,933,47.4056916057132,34,0.00538182258605957,6.242881774902344,,,-181.52822875976562,-181.52822875976562,,,19.636016845703125,-80.3639907836914,
reinforce,,,100.0,1,934,47.28033986066984,34,0.005293846130371094,6.248248815536499,,,-178.7062225341797,-178.7062225341797,,,19.39322280883789,-80.60677337646484,
reinforce,,,100.0,1,935,46.30819817111594,34,0.0055119991302490234,6.253810882568359,,,-180.44358825683594,-180.44358825683594,,,19.11039161682129,-80.88960266113281,
reinforce,,,100.0,1,936,49.01322504621248,35,0.0055179595947265625,6.259394884109497,,,-174.2559356689453,-174.2559356689453,,,20.38787269592285,-79.61212158203125,
reinforce,,,100.0,1,937,46.18639300483195,34,0.005477190017700195,6.264936923980713,,,-156.84413146972656,-156.84413146972656,,,18.899612426757812,-81.10038757324219,
reinforce,,,100.0,1,938,47.12798105571472,34,0.005400657653808594,6.270402669906616,,,-181.52374267578125,-181.52374267578125,,,19.527572631835938,-80.47241973876953,
reinforce,,,100.0,1,939,40.44342560190812,23,0.0037522315979003906,6.274219036102295,,,-157.43771362304688,-157.43771362304688,,,21.891450881958008,-78.1085433959961,
reinforce,,,100.0,1,940,50.536509553868164,36,0.00581812858581543,6.280086040496826,39.62539227062624,1.3872534637617544,-179.5921173095703,-179.5921173095703,,,21.077659606933594,-78.9223403930664,
reinforce,,,100.0,1,941,62.811926470996674,36,0.005588054656982422,6.2961437702178955,,,-151.0565948486328,-151.0565948486328,,,30.56200408935547,-69.43798828125,
reinforce,,,100.0,1,942,38.897573566785326,22,0.0037717819213867188,6.2999796867370605,,,-177.52099609375,-177.52099609375,,,21.198583602905273,-78.80142211914062,
reinforce,,,100.0,1,943,47.53922670075573,27,0.004387855529785156,6.304428815841675,,,-158.2714080810547,-158.2714080810547,,,24.500993728637695,-75.49900817871094,
reinforce,,,100.0,1,944,38.6020961650431,22,0.003587007522583008,6.308078765869141,,,-195.00975036621094,-195.00975036621094,,,21.02284049987793,-78.97716522216797,
reinforce,,,100.0,1,945,60.43496962913497,34,0.005460023880004883,6.313583850860596,,,-160.58798217773438,-160.58798217773438,,,29.684980392456055,-70.31501770019531,
reinforce,,,100.0,1,946,47.365853161476295,27,0.004396200180053711,6.318043947219849,,,-145.33168029785156,-145.33168029785156,,,24.42568588256836,-75.57431030273438,
reinforce,,,100.0,1,947,46.02350807590377,26,0.004297018051147461,6.322430849075317,,,-185.13980102539062,-185.13980102539062,,,24.016902923583984,-75.98310089111328,
reinforce,,,100.0,1,948,65.7525626089623,47,0.0072078704833984375,6.329692840576172,,,-185.878662109375,-185.878662109375,,,26.70233726501465,-73.29766082763672,
reinforce,,,100.0,1,949,40.44429671398805,23,0.003863811492919922,6.333622694015503,,,-161.0454559326172,-161.0454559326172,,,21.84564208984375,-78.15435791015625,
reinforce,,,100.0,1,950,42.01437571598221,24,0.004026889801025391,6.337701797485352,,,-211.36695861816406,-211.36695861816406,,,22.47638511657715,-77.52361297607422,
reinforce,,,100.0,1,951,49.53110566981775,28,0.004624843597412109,6.342394828796387,,,-176.14686584472656,-176.14686584472656,,,25.240610122680664,-74.75939178466797,
reinforce,,,100.0,1,952,40.88326795045981,23,0.0038950443267822266,6.346345901489258,,,-212.07528686523438,-212.07528686523438,,,22.26555633544922,-77.73444366455078,
reinforce,,,100.0,1,953,45.28409024353533,26,0.0040760040283203125,6.350510835647583,,,-198.62942504882812,-198.62942504882812,,,23.594465255737305,-76.40553283691406,
reinforce,,,100.0,1,954,40.37028339667563,23,0.003892183303833008,6.354449987411499,,,-204.58262634277344,-204.58262634277344,,,21.913143157958984,-78.08685302734375,
reinforce,,,100.0,1,955,59.42077804039513,34,0.00533604621887207,6.359860897064209,,,-176.6329345703125,-176.6329345703125,,,29.289260864257812,-70.71073913574219,
reinforce,,,100.0,1,956,56.78871721434768,32,0.005057811737060547,6.36502480506897,,,-189.3170928955078,-189.3170928955078,,,28.321321487426758,-71.67868041992188,
reinforce,,,100.0,1,957,63.419591156673576,36,0.005785703659057617,6.370859622955322,,,-174.44178771972656,-174.44178771972656,,,31.14407730102539,-68.85591888427734,
reinforce,,,100.0,1,958,46.16123318568263,26,0.004289865493774414,6.375208854675293,,,-211.18392944335938,-211.18392944335938,,,23.967012405395508,-76.0329818725586,
reinforce,,,100.0,1,959,50.61552490248116,37,0.005708932876586914,6.3809778690338135,,,-205.1540069580078,-205.1540069580078,,,20.535573959350586,-79.46442413330078,
reinforce,,,100.0,1,960,44.07406021906841,25,0.004045009613037109,6.385085821151733,40.20753985765305,2.2259195957228854,-177.08316040039062,-177.08316040039062,,,23.236408233642578,-76.76359558105469,
reinforce,,,100.0,1,961,49.65222104403856,36,0.005636930465698242,6.401281833648682,,,-173.07888793945312,-173.07888793945312,,,20.209091186523438,-79.79090881347656,
reinforce,,,100.0,1,962,40.65704510683913,23,0.003905773162841797,6.405248641967773,,,-156.5006103515625,-156.5006103515625,,,22.02707862854004,-77.97291564941406,
reinforce,,,100.0,1,963,47.53911275468958,34,0.00557708740234375,6.4108898639678955,,,-207.8078155517578,-207.8078155517578,,,19.954639434814453,-80.04535675048828,
reinforce,,,100.0,1,964,49.044026392361104,36,0.0058209896087646484,6.416781902313232,,,-186.10609436035156,-186.10609436035156,,,19.78359603881836,-80.21640014648438,
reinforce,,,100.0,1,965,77.49913862825213,46,0.007084846496582031,6.4239277839660645,,,-152.71261596679688,-152.71261596679688,,,34.295169830322266,-65.704833984375,
reinforce,,,100.0,1,966,54.965499314794826,40,0.006365299224853516,6.4303669929504395,,,-155.61402893066406,-155.61402893066406,,,21.64815330505371,-78.35184478759766,
reinforce,,,100.0,1,967,45.131393660680416,31,0.004772186279296875,6.435210943222046,,,-175.34353637695312,-175.34353637695312,,,19.909135818481445,-80.09086608886719,
reinforce,,,100.0,1,968,47.471421180425104,35,0.005725860595703125,6.440995693206787,,,-176.456298828125,-176.456298828125,,,19.22479248046875,-80.77519989013672,
reinforce,,,100.0,1,969,47.24671148739863,34,0.00563812255859375,6.446698904037476,,,-186.40505981445312,-186.40505981445312,,,19.762924194335938,-80.23707580566406,
reinforce,,,100.0,1,970,40.434996761848645,23,0.00394892692565918,6.450725793838501,,,-181.3703155517578,-181.3703155517578,,,21.690290451049805,-78.3097152709961,
reinforce,,,100.0,1,971,48.35868224258759,35,0.0053958892822265625,6.456193685531616,,,-166.64356994628906,-166.64356994628906,,,19.560291290283203,-80.43971252441406,
reinforce,,,100.0,1,972,49.7617069267413,36,0.005624055862426758,6.461881875991821,,,-175.7206268310547,-175.7206268310547,,,20.21025276184082,-79.78974151611328,
reinforce,,,100.0,1,973,48.439149710282905,35,0.005691051483154297,6.467634916305542,,,-184.7543487548828,-184.7543487548828,,,19.641740798950195,-80.35826873779297,
reinforce,,,100.0,1,974,50.732763760636125,36,0.0058841705322265625,6.47357702255249,,,-204.8085174560547,-204.8085174560547,,,20.78942108154297,-79.21057891845703,
reinforce,,,100.0,1,975,49.39144069695348,36,0.0057637691497802734,6.479413747787476,,,-167.7785186767578,-167.7785186767578,,,19.911951065063477,-80.08804321289062,
reinforce,,,100.0,1,976,40.41380483521599,23,0.0037927627563476562,6.483266830444336,,,-201.82577514648438,-201.82577514648438,,,21.76369857788086,-78.23629760742188,
reinforce,,,100.0,1,977,53.43352528539275,38,0.006107807159423828,6.489422798156738,,,-185.3927001953125,-185.3927001953125,,,21.907039642333984,-78.09295654296875,
reinforce,,,100.0,1,978,42.01306001482387,24,0.003935098648071289,6.493427991867065,,,-174.83673095703125,-174.83673095703125,,,22.607763290405273,-77.3922348022461,
reinforce,,,100.0,1,979,70.21282078625651,51,0.008022785186767578,6.501515626907349,,,-155.36239624023438,-155.36239624023438,,,26.254150390625,-73.74584197998047,
reinforce,,,100.0,1,980,45.46957465541804,26,0.004251003265380859,6.505830764770508,39.10083163581312,0.718627165807384,-150.17752075195312,-150.17752075195312,,,23.550729751586914,-76.44927215576172,
reinforce,,,100.0,1,981,40.420825140280904,23,0.0038688182830810547,6.520046710968018,,,-152.80209350585938,-152.80209350585938,,,21.908782958984375,-78.0912094116211,
reinforce,,,100.0,1,982,49.2224453264531,35,0.0056378841400146484,6.525753736495972,,,-194.66238403320312,-194.66238403320312,,,20.30725860595703,-79.69273376464844,
reinforce,,,100.0,1,983,38.6500307102536,22,0.003798961639404297,6.529613733291626,,,-158.28282165527344,-158.28282165527344,,,21.051084518432617,-78.94892120361328,
reinforce,,,100.0,1,984,40.45637389548897,23,0.003901958465576172,6.533583879470825,,,-211.25009155273438,-211.25009155273438,,,22.05002784729004,-77.9499740600586,
reinforce,,,100.0,1,985,40.07966108231232,23,0.0037088394165039062,6.537362813949585,,,-177.08494567871094,-177.08494567871094,,,21.698410034179688,-78.30158996582031,
reinforce,,,100.0,1,986,52.509333247169124,38,0.006231069564819336,6.543641805648804,,,-165.57333374023438,-165.57333374023438,,,21.140216827392578,-78.85977935791016,
reinforce,,,100.0,1,987,42.20396024660151,24,0.003952980041503906,6.547653913497925,,,-166.0516357421875,-166.0516357421875,,,22.687294006347656,-77.31270599365234,
reinforce,,,100.0,1,988,52.536390952572305,38,0.0056610107421875,6.553372859954834,,,-192.3851776123047,-192.3851776123047,,,21.320541381835938,-78.67945861816406,
reinforce,,,100.0,1,989,45.8689177327896,26,0.004266977310180664,6.557693958282471,,,-203.60752868652344,-203.60752868652344,,,23.83235740661621,-76.16764068603516,
reinforce,,,100.0,1,990,40.99441442821742,23,0.003787994384765625,6.561558723449707,,,-178.54734802246094,-178.54734802246094,,,22.11795425415039,-77.88204956054688,
reinforce,,,100.0,1,991,54.713375157313756,39,0.006112098693847656,6.567737817764282,,,-186.86190795898438,-186.86190795898438,,,21.88155746459961,-78.11843872070312,
reinforce,,,100.0,1,992,40.53199876187518,23,0.003717184066772461,6.571604013442993,,,-201.46646118164062,-201.46646118164062,,,21.998611450195312,-78.00138854980469,
reinforce,,,100.0,1,993,39.158476959218014,22,0.0036737918853759766,6.575331687927246,,,-169.70834350585938,-169.70834350585938,,,21.35308074951172,-78.64691925048828,
reinforce,,,100.0,1,994,40.442472960161815,23,0.0037910938262939453,6.579200029373169,,,-191.60943603515625,-191.60943603515625,,,21.71259880065918,-78.28739929199219,
reinforce,,,100.0,1,995,40.2324131875392,23,0.003837108612060547,6.583082914352417,,,-167.69264221191406,-167.69264221191406,,,21.692197799682617,-78.30780029296875,
reinforce,,,100.0,1,996,50.741259564714234,29,0.0045490264892578125,6.587694883346558,,,-160.2810821533203,-160.2810821533203,,,25.662290573120117,-74.33771514892578,
reinforce,,,100.0,1,997,40.58943314121259,23,0.0039789676666259766,6.591723680496216,,,-211.18505859375,-211.18505859375,,,21.907106399536133,-78.09288787841797,
reinforce,,,100.0,1,998,45.130369231224996,33,0.0053157806396484375,6.597100734710693,,,-145.92933654785156,-145.92933654785156,,,18.79865074157715,-81.20134735107422,
reinforce,,,100.0,1,999,40.45463788906724,23,0.0037741661071777344,6.600937843322754,,,-199.78997802734375,-199.78997802734375,,,21.771265029907227,-78.2287368774414,
reinforce,,,100.0,1,1000,46.13751724502801,26,0.004327058792114258,6.605323791503906,49.89789733894321,8.758799403946467,-155.56423950195312,-155.56423950195312,,,24.20020866394043,-75.79978942871094,
