algo,baseline,seed,episode,episode_return,episode_steps,episode_time_sec,elapsed_time_sec,eval_mean_return,eval_std_return,loss,policy_loss,value_loss,entropy,mean_return,mean_advantage,advantage
reinforce,20.0,2,1,54.226682973028716,66,0.02366805076599121,0.02367115020751953,,,-0.2724226415157318,-0.2724226415157318,,,20.092098236083984,0.09209787845611572,
reinforce,20.0,2,2,42.19903138349954,72,0.012920856475830078,0.0367429256439209,,,-12.019302368164062,-12.019302368164062,,,14.791141510009766,-5.208859443664551,
reinforce,20.0,2,3,24.324261058358417,28,0.00507807731628418,0.04197192192077637,,,-18.910505294799805,-18.910505294799805,,,11.119064331054688,-8.880935668945312,
reinforce,20.0,2,4,20.51567549739353,25,0.004415035247802734,0.04654693603515625,,,-22.45069122314453,-22.45069122314453,,,9.10336685180664,-10.89663314819336,
reinforce,20.0,2,5,6.556562467486368,13,0.002868175506591797,0.049540042877197266,,,-37.26344680786133,-37.26344680786133,,,2.3881964683532715,-17.61180305480957,
reinforce,20.0,2,6,16.641764092294995,29,0.005146026611328125,0.054785966873168945,,,-31.730472564697266,-31.730472564697266,,,5.535261154174805,-14.464739799499512,
reinforce,20.0,2,7,10.174607303230285,14,0.0029070377349853516,0.05785799026489258,,,-30.587499618530273,-30.587499618530273,,,4.573673248291016,-15.4263277053833,
reinforce,20.0,2,8,9.711966134840962,14,0.0027451515197753906,0.06077313423156738,,,-33.5020751953125,-33.5020751953125,,,4.07740592956543,-15.922592163085938,
reinforce,20.0,2,9,14.626394942486344,18,0.003220796585083008,0.0641179084777832,,,-24.363155364990234,-24.363155364990234,,,6.234006881713867,-13.765993118286133,
reinforce,20.0,2,10,11.19102536331815,16,0.003017902374267578,0.06722688674926758,,,-37.81024169921875,-37.81024169921875,,,4.312819480895996,-15.68718147277832,
reinforce,20.0,2,11,16.32681143347938,21,0.00393223762512207,0.07125711441040039,,,-30.1728572845459,-30.1728572845459,,,6.854271411895752,-13.145729064941406,
reinforce,20.0,2,12,6.373881960615989,11,0.0021338462829589844,0.0735008716583252,,,-43.7984619140625,-43.7984619140625,,,2.617075204849243,-17.382923126220703,
reinforce,20.0,2,13,7.726170263992653,13,0.0022878646850585938,0.07587194442749023,,,-36.56934356689453,-36.56934356689453,,,2.921180248260498,-17.078819274902344,
reinforce,20.0,2,14,20.086212142058773,22,0.003939151763916016,0.08001518249511719,,,-28.2579345703125,-28.2579345703125,,,8.832006454467773,-11.167993545532227,
reinforce,20.0,2,15,9.298895066442277,14,0.002979278564453125,0.08312511444091797,,,-36.757076263427734,-36.757076263427734,,,3.467559576034546,-16.532442092895508,
reinforce,20.0,2,16,13.140731531396154,17,0.0030519962310791016,0.08635807037353516,,,-29.518115997314453,-29.518115997314453,,,6.234987258911133,-13.765012741088867,
reinforce,20.0,2,17,36.486263961390065,39,0.00721287727355957,0.09369087219238281,,,-10.470894813537598,-10.470894813537598,,,15.475110054016113,-4.5248894691467285,
reinforce,20.0,2,18,39.240391357429615,37,0.006562948226928711,0.10038399696350098,,,-5.162805080413818,-5.162805080413818,,,17.038555145263672,-2.9614462852478027,
reinforce,20.0,2,19,15.269619790376325,17,0.003454923629760742,0.1039738655090332,,,-29.306623458862305,-29.306623458862305,,,7.013556957244873,-12.986442565917969,
reinforce,20.0,2,20,40.63263549835335,45,0.007746696472167969,0.11187982559204102,189.90924982104198,116.47086065579869,-8.869596481323242,-8.869596481323242,,,15.813941955566406,-4.186057090759277,
reinforce,20.0,2,21,63.407060246764715,45,0.0077228546142578125,0.18796896934509277,,,24.262662887573242,24.262662887573242,,,30.00605010986328,10.006049156188965,
reinforce,20.0,2,22,26.24627198292175,25,0.004264116287231445,0.19234108924865723,,,-10.414573669433594,-10.414573669433594,,,12.298850059509277,-7.7011494636535645,
reinforce,20.0,2,23,151.46970244759748,79,0.013711690902709961,0.20616388320922852,,,95.4701156616211,95.4701156616211,,,67.66178894042969,47.66178894042969,
reinforce,20.0,2,24,72.07788571153922,47,0.007918119430541992,0.21430611610412598,,,33.92634582519531,33.92634582519531,,,35.62961196899414,15.629612922668457,
reinforce,20.0,2,25,119.3704326719292,85,0.014570951461791992,0.2290639877319336,,,70.46908569335938,70.46908569335938,,,48.91157531738281,28.911575317382812,
reinforce,20.0,2,26,87.44032411983179,54,0.009222269058227539,0.23845815658569336,,,47.05818176269531,47.05818176269531,,,42.21731185913086,22.21731185913086,
reinforce,20.0,2,27,229.21614986280602,146,0.024789094924926758,0.2633941173553467,,,127.06340789794922,127.06340789794922,,,78.54409790039062,58.54409408569336,
reinforce,20.0,2,28,166.87070319525054,87,0.014491081237792969,0.2780590057373047,,,109.11992645263672,109.11992645263672,,,71.88497161865234,51.88496780395508,
reinforce,20.0,2,29,175.56562241632255,95,0.015959739685058594,0.29414987564086914,,,123.88888549804688,123.88888549804688,,,71.75252532958984,51.75252914428711,
reinforce,20.0,2,30,95.60570569818063,55,0.009185791015625,0.3035159111022949,,,55.8642692565918,55.8642692565918,,,46.400962829589844,26.400962829589844,
reinforce,20.0,2,31,149.4641821122405,80,0.013998746871948242,0.3176589012145996,,,91.19407653808594,91.19407653808594,,,65.46263122558594,45.46263885498047,
reinforce,20.0,2,32,181.76813344651183,97,0.016282081604003906,0.334197998046875,,,107.24595642089844,107.24595642089844,,,73.9637451171875,53.9637451171875,
reinforce,20.0,2,33,102.682167634421,58,0.009663105010986328,0.3440210819244385,,,63.51112365722656,63.51112365722656,,,48.765296936035156,28.765296936035156,
reinforce,20.0,2,34,154.8935600622062,78,0.013254880905151367,0.3574049472808838,,,106.40621185302734,106.40621185302734,,,69.5037841796875,49.50377655029297,
reinforce,20.0,2,35,107.9242579613128,60,0.010355949401855469,0.36793017387390137,,,67.01811218261719,67.01811218261719,,,51.72182846069336,31.721830368041992,
reinforce,20.0,2,36,169.11636940821535,80,0.013697624206542969,0.3817868232727051,,,146.10232543945312,146.10232543945312,,,77.50772857666016,57.507728576660156,
reinforce,20.0,2,37,121.53352306329919,64,0.010772943496704102,0.392711877822876,,,70.44233703613281,70.44233703613281,,,57.676658630371094,37.676658630371094,
reinforce,20.0,2,38,149.8197459746477,74,0.012671232223510742,0.405519962310791,,,89.83316040039062,89.83316040039062,,,68.83733367919922,48.837337493896484,
reinforce,20.0,2,39,160.18172439299218,78,0.013339996337890625,0.4190070629119873,,,121.64275360107422,121.64275360107422,,,72.8221435546875,52.822147369384766,
reinforce,20.0,2,40,114.15839595178427,62,0.010444879531860352,0.42961692810058594,205.20801345551672,1.686915450096988,74.15645599365234,74.15645599365234,,,53.42060089111328,33.42060089111328,
reinforce,20.0,2,41,84.65799745036102,50,0.008607149124145508,0.47829413414001465,,,49.29922866821289,49.29922866821289,,,40.434600830078125,20.434600830078125,
reinforce,20.0,2,42,82.09921641610619,49,0.014321088790893555,0.4927401542663574,,,44.275535583496094,44.275535583496094,,,38.93630599975586,18.936304092407227,
reinforce,20.0,2,43,211.92263070513584,94,0.029740095138549805,0.522658109664917,,,177.60650634765625,177.60650634765625,,,91.06100463867188,71.0610122680664,
reinforce,20.0,2,44,200.72913638287034,89,0.01601696014404297,0.5389840602874756,,,133.87355041503906,133.87355041503906,,,87.86460876464844,67.86461639404297,
reinforce,20.0,2,45,180.93512439476405,83,0.01415395736694336,0.5532701015472412,,,135.1280059814453,135.1280059814453,,,80.69588470458984,60.695884704589844,
reinforce,20.0,2,46,38.3228259481261,25,0.004501819610595703,0.5579278469085693,,,4.3807692527771,4.3807692527771,,,20.87273597717285,0.8727357387542725,
reinforce,20.0,2,47,152.60899939200786,73,0.012253046035766602,0.5703389644622803,,,105.24765014648438,105.24765014648438,,,69.27542114257812,49.27541732788086,
reinforce,20.0,2,48,174.49972491673628,88,0.01438593864440918,0.5848820209503174,,,122.4579086303711,122.4579086303711,,,72.84294891357422,52.84294509887695,
reinforce,20.0,2,49,185.65032702678846,84,0.014077901840209961,0.5991170406341553,,,125.39048767089844,125.39048767089844,,,82.30619812011719,62.30619812011719,
reinforce,20.0,2,50,180.8740934704582,85,0.01390695571899414,0.613210916519165,,,112.26036071777344,112.26036071777344,,,78.55802917480469,58.55802917480469,
reinforce,20.0,2,51,24.909565446425468,17,0.0030891895294189453,0.6164510250091553,,,-10.55843734741211,-10.55843734741211,,,14.232145309448242,-5.7678542137146,
reinforce,20.0,2,52,188.63502573680273,88,0.014265060424804688,0.6308369636535645,,,131.8272247314453,131.8272247314453,,,81.43012237548828,61.430118560791016,
reinforce,20.0,2,53,18.51067642204209,14,0.0025742053985595703,0.6335601806640625,,,-21.50314712524414,-21.50314712524414,,,10.537858963012695,-9.462141036987305,
reinforce,20.0,2,54,184.4554979833534,86,0.014265060424804688,0.6479270458221436,,,136.23390197753906,136.23390197753906,,,80.31121826171875,60.31122970581055,
reinforce,20.0,2,55,98.35326682497121,54,0.008749961853027344,0.656825065612793,,,38.21281814575195,38.21281814575195,,,44.54990005493164,24.549898147583008,
reinforce,20.0,2,56,171.93677070330352,87,0.014206886291503906,0.6711759567260742,,,109.10417938232422,109.10417938232422,,,71.69459533691406,51.69459533691406,
reinforce,20.0,2,57,149.52647623577587,73,0.012269258499145508,0.6836721897125244,,,102.27820587158203,102.27820587158203,,,67.37606048583984,47.37606430053711,
reinforce,20.0,2,58,86.35409819262546,54,0.009139776229858398,0.69297194480896,,,45.602264404296875,45.602264404296875,,,37.23607635498047,17.2360782623291,
reinforce,20.0,2,59,90.648917280613,50,0.008224964141845703,0.7013399600982666,,,51.443965911865234,51.443965911865234,,,42.30213928222656,22.302141189575195,
reinforce,20.0,2,60,138.19921021505453,70,0.011610031127929688,0.7131080627441406,109.06240967034861,2.504713077606037,102.20946502685547,102.20946502685547,,,62.40774154663086,42.40774154663086,
reinforce,20.0,2,61,133.4071266646592,70,0.011809110641479492,0.749863862991333,,,91.03189086914062,91.03189086914062,,,58.63713073730469,38.63713073730469,
reinforce,20.0,2,62,198.27223827605266,92,0.015295982360839844,0.7653031349182129,,,158.6966552734375,158.6966552734375,,,84.31229400634766,64.31229400634766,
reinforce,20.0,2,63,161.39989176379711,78,0.012617111206054688,0.7780780792236328,,,103.67591857910156,103.67591857910156,,,71.34610748291016,51.34609603881836,
reinforce,20.0,2,64,141.85959694518093,71,0.011575937271118164,0.7897839546203613,,,98.58055114746094,98.58055114746094,,,63.89470291137695,43.89470291137695,
reinforce,20.0,2,65,207.01614331995137,101,0.01610112190246582,0.8061270713806152,,,139.31178283691406,139.31178283691406,,,83.3389663696289,63.33897399902344,
reinforce,20.0,2,66,161.63086858772053,81,0.013250112533569336,0.8195290565490723,,,102.69216918945312,102.69216918945312,,,69.80612182617188,49.80611801147461,
reinforce,20.0,2,67,143.29545471447193,72,0.011735200881958008,0.8313961029052734,,,92.40606689453125,92.40606689453125,,,63.59403991699219,43.59403991699219,
reinforce,20.0,2,68,149.81751069759667,74,0.012245893478393555,0.843890905380249,,,93.24231719970703,93.24231719970703,,,66.71600341796875,46.71600341796875,
reinforce,20.0,2,69,76.1721779341557,44,0.007467985153198242,0.851531982421875,,,36.27129364013672,36.27129364013672,,,36.12005615234375,16.120058059692383,
reinforce,20.0,2,70,70.21128850633117,45,0.007440805435180664,0.8591248989105225,,,22.319358825683594,22.319358825683594,,,30.39066505432129,10.390668869018555,
reinforce,20.0,2,71,130.498477877364,72,0.011590957641601562,0.8708841800689697,,,91.57164001464844,91.57164001464844,,,55.77705383300781,35.77705383300781,
reinforce,20.0,2,72,126.06809171023558,68,0.01096200942993164,0.8820459842681885,,,78.20919036865234,78.20919036865234,,,55.29312515258789,35.29312515258789,
reinforce,20.0,2,73,99.4557545840037,58,0.009483098983764648,0.8916730880737305,,,43.938045501708984,43.938045501708984,,,44.218177795410156,24.218177795410156,
reinforce,20.0,2,74,54.84246247400689,31,0.005288124084472656,0.8970980644226074,,,20.326133728027344,20.326133728027344,,,28.14087677001953,8.140875816345215,
reinforce,20.0,2,75,123.61311738702099,69,0.011200189590454102,0.9084532260894775,,,68.11985778808594,68.11985778808594,,,53.40160369873047,33.40160369873047,
reinforce,20.0,2,76,72.87539493198116,42,0.006734132766723633,0.9153521060943604,,,35.864261627197266,35.864261627197266,,,35.0396842956543,15.039684295654297,
reinforce,20.0,2,77,51.41753281385839,30,0.005384206771850586,0.9209010601043701,,,8.371147155761719,8.371147155761719,,,26.476232528686523,6.476233959197998,
reinforce,20.0,2,78,151.1719906721549,83,0.013760805130004883,0.9348030090332031,,,95.86849212646484,95.86849212646484,,,63.12080001831055,43.12080001831055,
reinforce,20.0,2,79,58.2654931160244,34,0.005967855453491211,0.9409239292144775,,,26.257951736450195,26.257951736450195,,,29.379150390625,9.379150390625,
reinforce,20.0,2,80,54.598369716862635,32,0.005388975143432617,0.9464340209960938,63.23729463425077,5.361085192786072,22.87519645690918,22.87519645690918,,,27.480552673339844,7.480551242828369,
reinforce,20.0,2,81,56.945690046591984,33,0.005519866943359375,0.96822190284729,,,21.256757736206055,21.256757736206055,,,28.728748321533203,8.728748321533203,
reinforce,20.0,2,82,54.104635692190215,32,0.005937099456787109,0.9742629528045654,,,13.819896697998047,13.819896697998047,,,27.224098205566406,7.224098205566406,
reinforce,20.0,2,83,116.99928894544007,64,0.010465860366821289,0.9848599433898926,,,65.23076629638672,65.23076629638672,,,53.20642852783203,33.2064323425293,
reinforce,20.0,2,84,77.86348372456013,45,0.007652997970581055,0.9926450252532959,,,31.062576293945312,31.062576293945312,,,36.559085845947266,16.5590877532959,
reinforce,20.0,2,85,75.32610686470989,43,0.007294893264770508,1.0001180171966553,,,33.733768463134766,33.733768463134766,,,35.878211975097656,15.878213882446289,
reinforce,20.0,2,86,78.92968413344005,46,0.007737874984741211,1.0079970359802246,,,35.45757293701172,35.45757293701172,,,37.436222076416016,17.43622398376465,
reinforce,20.0,2,87,106.76145580796215,60,0.010030984878540039,1.0181879997253418,,,60.18339920043945,60.18339920043945,,,48.09366226196289,28.093658447265625,
reinforce,20.0,2,88,74.12499407366047,43,0.00733637809753418,1.025712251663208,,,29.17794418334961,29.17794418334961,,,35.21196365356445,15.211963653564453,
reinforce,20.0,2,89,69.70259344986793,40,0.006888151168823242,1.032804012298584,,,29.893157958984375,29.893157958984375,,,33.845558166503906,13.845553398132324,
reinforce,20.0,2,90,70.01588505071405,41,0.0068590641021728516,1.0398180484771729,,,37.67708969116211,37.67708969116211,,,34.000125885009766,14.000123977661133,
reinforce,20.0,2,91,76.32046614697366,45,0.007812023162841797,1.0478370189666748,,,35.53780746459961,35.53780746459961,,,36.120391845703125,16.120389938354492,
reinforce,20.0,2,92,127.47841088108287,70,0.011326313018798828,1.0593211650848389,,,88.01456451416016,88.01456451416016,,,57.26554870605469,37.26555252075195,
reinforce,20.0,2,93,113.34409997997668,63,0.01064610481262207,1.0701429843902588,,,59.2534294128418,59.2534294128418,,,50.90169143676758,30.901687622070312,
reinforce,20.0,2,94,113.97204320392937,64,0.01071786880493164,1.0810129642486572,,,63.56097412109375,63.56097412109375,,,50.44182205200195,30.44182014465332,
reinforce,20.0,2,95,109.02241738170933,63,0.010427236557006836,1.0916180610656738,,,64.80316162109375,64.80316162109375,,,47.174503326416016,27.17450523376465,
reinforce,20.0,2,96,56.32229526666908,39,0.00687408447265625,1.0986390113830566,,,12.607834815979004,12.607834815979004,,,24.702999114990234,4.703001499176025,
reinforce,20.0,2,97,97.53788773782898,57,0.009251117706298828,1.108025074005127,,,48.51214599609375,48.51214599609375,,,43.444580078125,23.444581985473633,
reinforce,20.0,2,98,90.18653889736137,52,0.008716106414794922,1.1168971061706543,,,42.81321716308594,42.81321716308594,,,41.207786560058594,21.207786560058594,
reinforce,20.0,2,99,60.093504010489454,40,0.006829023361206055,1.1238882541656494,,,19.579103469848633,19.579103469848633,,,26.64047622680664,6.640476226806641,
reinforce,20.0,2,100,109.82286761947131,64,0.01049494743347168,1.1345360279083252,100.63353702123621,0.8100139290876904,60.82965087890625,60.82965087890625,,,47.948455810546875,27.948455810546875,
reinforce,20.0,2,101,100.92372735148854,56,0.009289979934692383,1.168071985244751,,,67.9316177368164,67.9316177368164,,,46.26480484008789,26.26480484008789,
reinforce,20.0,2,102,79.9205790719972,47,0.008005857467651367,1.1762299537658691,,,30.64572525024414,30.64572525024414,,,37.16714096069336,17.167142868041992,
reinforce,20.0,2,103,69.74107820458606,41,0.0069811344146728516,1.1833441257476807,,,36.76408386230469,36.76408386230469,,,33.89215087890625,13.892148971557617,
reinforce,20.0,2,104,93.49925965945103,54,0.009255170822143555,1.1927621364593506,,,44.45823669433594,44.45823669433594,,,42.387760162353516,22.387758255004883,
reinforce,20.0,2,105,122.98683871136757,65,0.011000871658325195,1.2039659023284912,,,79.9621810913086,79.9621810913086,,,56.69351577758789,36.69351577758789,
reinforce,20.0,2,106,79.4137539595237,47,0.008016824722290039,1.2121379375457764,,,36.67307662963867,36.67307662963867,,,37.71925354003906,17.71925163269043,
reinforce,20.0,2,107,67.48665369506668,40,0.0068438053131103516,1.2191438674926758,,,27.74008560180664,27.74008560180664,,,32.63331985473633,12.633320808410645,
reinforce,20.0,2,108,66.44677593989124,40,0.0068569183349609375,1.2261388301849365,,,36.684539794921875,36.684539794921875,,,31.891021728515625,11.891019821166992,
reinforce,20.0,2,109,125.45163014080626,66,0.0113677978515625,1.2376608848571777,,,73.02101135253906,73.02101135253906,,,57.34262466430664,37.34263229370117,
reinforce,20.0,2,110,203.83781536942146,98,0.01641082763671875,1.2542037963867188,,,125.01262664794922,125.01262664794922,,,84.4830322265625,64.4830322265625,
reinforce,20.0,2,111,117.63912240343707,64,0.010829925537109375,1.2652029991149902,,,77.0656509399414,77.0656509399414,,,54.04655456542969,34.04655456542969,
reinforce,20.0,2,112,61.11186209590273,37,0.006492137908935547,1.2718501091003418,,,22.780399322509766,22.780399322509766,,,30.680641174316406,10.680641174316406,
reinforce,20.0,2,113,57.213259891867736,35,0.00639796257019043,1.2784020900726318,,,23.514606475830078,23.514606475830078,,,29.03008460998535,9.030085563659668,
reinforce,20.0,2,114,63.7125075629814,39,0.00706934928894043,1.2855942249298096,,,23.70662498474121,23.70662498474121,,,31.685678482055664,11.68567943572998,
reinforce,20.0,2,115,221.615592801644,107,0.018532991409301758,1.3042829036712646,,,139.87704467773438,139.87704467773438,,,88.42947387695312,68.42948150634766,
reinforce,20.0,2,116,201.0854051160554,102,0.016996145248413086,1.3214421272277832,,,131.6812744140625,131.6812744140625,,,80.38694763183594,60.38694381713867,
reinforce,20.0,2,117,56.97085217989385,35,0.006178140640258789,1.327754020690918,,,17.539058685302734,17.539058685302734,,,28.837350845336914,8.83735179901123,
reinforce,20.0,2,118,204.0241500666897,101,0.016581058502197266,1.3445019721984863,,,121.15715789794922,121.15715789794922,,,82.1456527709961,62.14564895629883,
reinforce,20.0,2,119,63.97597251916209,39,0.0065670013427734375,1.351212978363037,,,28.82432746887207,28.82432746887207,,,32.14976119995117,12.149762153625488,
reinforce,20.0,2,120,103.46094553386958,58,0.009963035583496094,1.361285924911499,76.48535494696641,0.8918553320128032,51.74836730957031,51.74836730957031,,,49.0096549987793,29.009654998779297,
reinforce,20.0,2,121,81.62483798672558,48,0.008103132247924805,1.3900821208953857,,,37.6967887878418,37.6967887878418,,,39.3134880065918,19.31348991394043,
reinforce,20.0,2,122,87.25240876268921,51,0.00882411003112793,1.399049997329712,,,46.76109313964844,46.76109313964844,,,41.62054443359375,21.620542526245117,
reinforce,20.0,2,123,101.65526118370842,57,0.0097808837890625,1.4089860916137695,,,59.511051177978516,59.511051177978516,,,48.516845703125,28.516841888427734,
reinforce,20.0,2,124,74.44852886895086,45,0.007718801498413086,1.4168598651885986,,,38.59188461303711,38.59188461303711,,,36.66162109375,16.661624908447266,
reinforce,20.0,2,125,97.15654669139538,55,0.009306907653808594,1.4263110160827637,,,60.65442657470703,60.65442657470703,,,47.05147933959961,27.051477432250977,
reinforce,20.0,2,126,111.19105940443616,61,0.01070094108581543,1.437161922454834,,,75.32962799072266,75.32962799072266,,,52.129451751708984,32.129451751708984,
reinforce,20.0,2,127,111.10253580578352,62,0.010685205459594727,1.4479610919952393,,,70.65437316894531,70.65437316894531,,,52.17665100097656,32.17665100097656,
reinforce,20.0,2,128,111.83199951799213,62,0.010807991027832031,1.4589109420776367,,,78.1094741821289,78.1094741821289,,,52.54121398925781,32.54121017456055,
reinforce,20.0,2,129,124.40811060139941,67,0.011056184768676758,1.4701051712036133,,,79.67941284179688,79.67941284179688,,,57.230621337890625,37.230621337890625,
reinforce,20.0,2,130,123.07642003657239,69,0.01191091537475586,1.482187032699585,,,66.52947998046875,66.52947998046875,,,55.893436431884766,35.893436431884766,
reinforce,20.0,2,131,140.17397785333202,75,0.012865066528320312,1.4952161312103271,,,94.57312774658203,94.57312774658203,,,63.0565299987793,43.05652618408203,
reinforce,20.0,2,132,126.78034336585377,70,0.011795997619628906,1.507148027420044,,,75.6025161743164,75.6025161743164,,,57.11138916015625,37.11138916015625,
reinforce,20.0,2,133,103.27267604996825,60,0.009995698928833008,1.5172638893127441,,,61.295162200927734,61.295162200927734,,,48.21160888671875,28.211612701416016,
reinforce,20.0,2,134,113.04520271720138,66,0.01143503189086914,1.5288300514221191,,,68.32654571533203,68.32654571533203,,,51.277713775634766,31.277713775634766,
reinforce,20.0,2,135,149.42771148915696,78,0.013350963592529297,1.5423429012298584,,,96.00916290283203,96.00916290283203,,,66.58549499511719,46.58549118041992,
reinforce,20.0,2,136,138.5018207799278,84,0.01414799690246582,1.5566399097442627,,,80.07621002197266,80.07621002197266,,,57.141414642333984,37.14141082763672,
reinforce,20.0,2,137,147.42223851972707,86,0.014345407485961914,1.571141242980957,,,86.09610748291016,86.09610748291016,,,61.14638137817383,41.14637756347656,
reinforce,20.0,2,138,130.65859799887838,83,0.014253854751586914,1.585541009902954,,,66.51949310302734,66.51949310302734,,,53.15643310546875,33.15642547607422,
reinforce,20.0,2,139,116.04295221043836,69,0.012081146240234375,1.597762107849121,,,55.049747467041016,55.049747467041016,,,51.54785919189453,31.54785919189453,
reinforce,20.0,2,140,125.23047232447705,81,0.014204263687133789,1.6121301651000977,143.629456185161,7.441531081185001,70.20136260986328,70.20136260986328,,,51.89794921875,31.897945404052734,
reinforce,20.0,2,141,207.87689824950135,125,0.020869970321655273,1.6710999011993408,,,118.50526428222656,118.50526428222656,,,74.75718688964844,54.757179260253906,
reinforce,20.0,2,142,102.65786003696715,70,0.011875152587890625,1.683190107345581,,,63.009918212890625,63.009918212890625,,,44.33028793334961,24.33028793334961,
reinforce,20.0,2,143,156.44810419796377,103,0.017428874969482422,1.7008030414581299,,,83.03734588623047,83.03734588623047,,,58.821224212646484,38.82121658325195,
reinforce,20.0,2,144,175.36991359123013,123,0.02081012725830078,1.7217841148376465,,,87.82622528076172,87.82622528076172,,,61.8199348449707,41.81993865966797,
reinforce,20.0,2,145,137.48360611643113,98,0.016211986541748047,1.7381551265716553,,,72.8076171875,72.8076171875,,,52.28059387207031,32.28059387207031,
reinforce,20.0,2,146,163.59207548189295,118,0.020025968551635742,1.758362054824829,,,89.51924896240234,89.51924896240234,,,59.50218200683594,39.50217819213867,
reinforce,20.0,2,147,206.152367131406,142,0.02386307716369629,1.7823920249938965,,,101.65739440917969,101.65739440917969,,,69.295166015625,49.295162200927734,
reinforce,20.0,2,148,175.70932552259933,127,0.02138519287109375,1.803941011428833,,,86.73146057128906,86.73146057128906,,,62.10093688964844,42.10093688964844,
reinforce,20.0,2,149,199.72145450214055,159,0.026443004608154297,1.8305511474609375,,,90.7292251586914,90.7292251586914,,,65.25812530517578,45.25812530517578,
reinforce,20.0,2,150,150.7206440733504,114,0.01904916763305664,1.849776029586792,,,75.10758209228516,75.10758209228516,,,55.759971618652344,35.759971618652344,
reinforce,20.0,2,151,351.5201429716812,263,0.04512786865234375,1.8951199054718018,,,141.5657958984375,141.5657958984375,,,87.09383392333984,67.09382629394531,
reinforce,20.0,2,152,255.7544572702691,208,0.03448605537414551,1.9297621250152588,,,118.29637145996094,118.29637145996094,,,72.21440124511719,52.21439743041992,
reinforce,20.0,2,153,269.2989382735685,216,0.035472869873046875,1.9654037952423096,,,120.90516662597656,120.90516662597656,,,73.86190032958984,53.86190414428711,
reinforce,20.0,2,154,188.16382880167163,153,0.0257568359375,1.9913289546966553,,,85.39269256591797,85.39269256591797,,,59.91579818725586,39.91579818725586,
reinforce,20.0,2,155,470.35452627598517,391,0.06312799453735352,2.054640054702759,,,153.47048950195312,153.47048950195312,,,91.11653137207031,71.11652374267578,
reinforce,20.0,2,156,211.8407726586965,176,0.029768943786621094,2.084609031677246,,,94.82202911376953,94.82202911376953,,,64.94574737548828,44.94574737548828,
reinforce,20.0,2,157,255.3659530915681,219,0.03636789321899414,2.121161937713623,,,106.14810180664062,106.14810180664062,,,70.22193145751953,50.221923828125,
reinforce,20.0,2,158,424.30986654754355,377,0.06615710258483887,2.187509059906006,,,137.765380859375,137.765380859375,,,82.68758392333984,62.68757629394531,
reinforce,20.0,2,159,265.33070793161414,233,0.04007387161254883,2.2277419567108154,,,116.24771881103516,116.24771881103516,,,69.66327667236328,49.663272857666016,
reinforce,20.0,2,160,337.3588145014853,280,0.0479278564453125,2.275857925415039,458.2290693824414,171.5232816473658,134.7294464111328,134.7294464111328,,,81.4223861694336,61.42238998413086,
reinforce,20.0,2,161,231.57770536696307,194,0.03212428092956543,2.4862000942230225,,,98.39929962158203,98.39929962158203,,,65.99939727783203,45.99939727783203,
reinforce,20.0,2,162,480.3880063905878,412,0.06782913208007812,2.5542140007019043,,,152.27171325683594,152.27171325683594,,,87.98503875732422,67.98504638671875,
reinforce,20.0,2,163,208.97478105391585,173,0.028864145278930664,2.5832719802856445,,,96.23455810546875,96.23455810546875,,,64.27330017089844,44.27329635620117,
reinforce,20.0,2,164,311.6912088628077,277,0.04763388633728027,2.631085157394409,,,115.68761444091797,115.68761444091797,,,75.99537658691406,55.99537658691406,
reinforce,20.0,2,165,271.06983180792355,233,0.04012799263000488,2.6713950634002686,,,108.81112670898438,108.81112670898438,,,72.02070617675781,52.02070617675781,
reinforce,20.0,2,166,332.48177990620394,291,0.05028510093688965,2.721864938735962,,,141.6998748779297,141.6998748779297,,,78.87631225585938,58.87631607055664,
reinforce,20.0,2,167,241.39773269880376,207,0.03610992431640625,2.7581419944763184,,,105.84166717529297,105.84166717529297,,,68.13594818115234,48.13594436645508,
reinforce,20.0,2,168,182.65049292102267,147,0.025834083557128906,2.7841620445251465,,,90.54634857177734,90.54634857177734,,,59.28972625732422,39.28972625732422,
reinforce,20.0,2,169,238.5310964354484,200,0.033890724182128906,2.818236827850342,,,102.67207336425781,102.67207336425781,,,68.74395751953125,48.743953704833984,
reinforce,20.0,2,170,262.2203357444638,225,0.03637290000915527,2.8547818660736084,,,112.18744659423828,112.18744659423828,,,71.40184783935547,51.40184783935547,
reinforce,20.0,2,171,216.10345714038567,172,0.02879619598388672,2.88374924659729,,,90.05375671386719,90.05375671386719,,,67.3055419921875,47.305545806884766,
reinforce,20.0,2,172,166.50168426660815,134,0.022587060928344727,2.9064900875091553,,,81.61248779296875,81.61248779296875,,,55.11496353149414,35.11496353149414,
reinforce,20.0,2,173,166.61868102701413,132,0.022199153900146484,2.928852081298828,,,82.75740814208984,82.75740814208984,,,58.06855773925781,38.06855773925781,
reinforce,20.0,2,174,209.65594780777127,176,0.029225826263427734,2.9582419395446777,,,86.67278289794922,86.67278289794922,,,62.88287353515625,42.88287353515625,
reinforce,20.0,2,175,152.72965376085142,123,0.02067708969116211,2.979098081588745,,,74.40507507324219,74.40507507324219,,,54.30516815185547,34.30516815185547,
reinforce,20.0,2,176,160.04409569577325,123,0.020445823669433594,2.999722957611084,,,75.45269012451172,75.45269012451172,,,55.80426788330078,35.80426788330078,
reinforce,20.0,2,177,122.47664412614924,93,0.0157010555267334,3.015631914138794,,,57.75812911987305,57.75812911987305,,,45.9459114074707,25.945907592773438,
reinforce,20.0,2,178,138.00269869869723,107,0.0178678035736084,3.033669948577881,,,71.74980163574219,71.74980163574219,,,51.982139587402344,31.982139587402344,
reinforce,20.0,2,179,194.06209849743715,149,0.025017976760864258,3.058861017227173,,,88.7616958618164,88.7616958618164,,,64.71387481689453,44.71387481689453,
reinforce,20.0,2,180,195.86374549052601,156,0.026076078414916992,3.08510422706604,174.10984615801615,10.126183033496819,92.0361328125,92.0361328125,,,64.5994873046875,44.599491119384766,
reinforce,20.0,2,181,144.95118979614435,111,0.01898479461669922,3.1631622314453125,,,67.28660583496094,67.28660583496094,,,52.13884735107422,32.13884735107422,
reinforce,20.0,2,182,201.9300516130939,166,0.027642250061035156,3.190981149673462,,,92.44136810302734,92.44136810302734,,,64.427490234375,44.427490234375,
reinforce,20.0,2,183,221.2783542959033,170,0.028296947479248047,3.219428062438965,,,101.06304931640625,101.06304931640625,,,68.14668273925781,48.14667892456055,
reinforce,20.0,2,184,193.61931809635908,150,0.02484416961669922,3.244464874267578,,,95.50425720214844,95.50425720214844,,,63.389041900634766,43.3890380859375,
reinforce,20.0,2,185,223.72077989429823,179,0.029363393783569336,3.274020195007324,,,123.02243041992188,123.02243041992188,,,69.27232360839844,49.27232360839844,
reinforce,20.0,2,186,226.6514577267116,176,0.028903961181640625,3.3031060695648193,,,106.14147186279297,106.14147186279297,,,69.3544921875,49.354496002197266,
reinforce,20.0,2,187,172.49435940835474,140,0.02325296401977539,3.326598882675171,,,90.42359924316406,90.42359924316406,,,60.09714126586914,40.09714126586914,
reinforce,20.0,2,188,122.71298906775735,87,0.014920949935913086,3.341686964035034,,,68.23870086669922,68.23870086669922,,,48.7811279296875,28.781126022338867,
reinforce,20.0,2,189,213.62401857300432,175,0.02883005142211914,3.370666027069092,,,103.33909606933594,103.33909606933594,,,66.85587310791016,46.85586929321289,
reinforce,20.0,2,190,159.13726186643183,121,0.020421981811523438,3.3912479877471924,,,81.68937683105469,81.68937683105469,,,55.463890075683594,35.463890075683594,
reinforce,20.0,2,191,159.10687416568703,116,0.01963973045349121,3.411057949066162,,,79.05184173583984,79.05184173583984,,,57.769065856933594,37.769065856933594,
reinforce,20.0,2,192,173.82869193654744,127,0.020749807357788086,3.4319870471954346,,,104.06165313720703,104.06165313720703,,,61.47185516357422,41.47185516357422,
reinforce,20.0,2,193,190.96431782955727,143,0.023649930953979492,3.4557979106903076,,,98.31581115722656,98.31581115722656,,,63.93170928955078,43.93171310424805,
reinforce,20.0,2,194,160.07190295381403,113,0.018998146057128906,3.4749529361724854,,,76.31574249267578,76.31574249267578,,,57.13873291015625,37.13873291015625,
reinforce,20.0,2,195,133.63011311757253,101,0.017081022262573242,3.492182970046997,,,62.12377166748047,62.12377166748047,,,49.99777603149414,29.99777603149414,
reinforce,20.0,2,196,98.08197128073638,70,0.011713981628417969,3.504051923751831,,,45.25822448730469,45.25822448730469,,,41.3632698059082,21.363271713256836,
reinforce,20.0,2,197,131.4595188329223,99,0.01663994789123535,3.520829916000366,,,61.66448974609375,61.66448974609375,,,49.2520866394043,29.25208854675293,
reinforce,20.0,2,198,144.2033759461594,107,0.01786494255065918,3.538861036300659,,,80.46786499023438,80.46786499023438,,,54.15917205810547,34.15916442871094,
reinforce,20.0,2,199,123.23961237665503,94,0.015855073928833008,3.554903030395508,,,60.939247131347656,60.939247131347656,,,49.04026794433594,29.04026985168457,
reinforce,20.0,2,200,137.03851971770538,107,0.018013954162597656,3.573092222213745,108.8334785768536,1.9309418129500127,63.21753692626953,63.21753692626953,,,49.94247055053711,29.942468643188477,
reinforce,20.0,2,201,141.66727036534948,104,0.01740407943725586,3.625732183456421,,,67.80522918701172,67.80522918701172,,,52.82412338256836,32.82412338256836,
reinforce,20.0,2,202,120.72213541243975,91,0.015245914459228516,3.6411759853363037,,,63.39412307739258,63.39412307739258,,,46.848419189453125,26.84841537475586,
reinforce,20.0,2,203,125.70634437509062,95,0.016021013259887695,3.6573538780212402,,,62.6171989440918,62.6171989440918,,,47.6221923828125,27.622194290161133,
reinforce,20.0,2,204,129.24671878211655,91,0.015752792358398438,3.673290967941284,,,64.58277893066406,64.58277893066406,,,50.91031265258789,30.91031265258789,
reinforce,20.0,2,205,106.66386493975625,79,0.01369619369506836,3.6871440410614014,,,48.30344772338867,48.30344772338867,,,43.58445358276367,23.584453582763672,
reinforce,20.0,2,206,96.71526644359696,68,0.011595010757446289,3.6988680362701416,,,44.17060852050781,44.17060852050781,,,41.48976135253906,21.489757537841797,
reinforce,20.0,2,207,93.69541145867818,62,0.010695934295654297,3.7097389698028564,,,56.79365539550781,56.79365539550781,,,41.47816848754883,21.478168487548828,
reinforce,20.0,2,208,133.40574877898928,102,0.017534971237182617,3.727436065673828,,,68.87920379638672,68.87920379638672,,,51.413719177246094,31.413715362548828,
reinforce,20.0,2,209,107.56867106879103,75,0.012660980224609375,3.7402701377868652,,,48.61979675292969,48.61979675292969,,,45.77973175048828,25.779735565185547,
reinforce,20.0,2,210,118.96661678406711,85,0.014311075210571289,3.7547450065612793,,,58.61673355102539,58.61673355102539,,,46.734962463378906,26.73496437072754,
reinforce,20.0,2,211,147.92992231003538,112,0.01866888999938965,3.7736499309539795,,,65.00556182861328,65.00556182861328,,,53.135292053222656,33.13529586791992,
reinforce,20.0,2,212,132.72521575098668,102,0.017078876495361328,3.7909069061279297,,,64.85362243652344,64.85362243652344,,,49.00398254394531,29.00398826599121,
reinforce,20.0,2,213,124.30983467665153,82,0.01368093490600586,3.804752826690674,,,69.23432922363281,69.23432922363281,,,51.93132019042969,31.931312561035156,
reinforce,20.0,2,214,111.73588025097118,78,0.01310586929321289,3.8180019855499268,,,67.59575653076172,67.59575653076172,,,44.86306381225586,24.86306381225586,
reinforce,20.0,2,215,124.28968865314586,83,0.013916969299316406,3.8320581912994385,,,63.64598846435547,63.64598846435547,,,51.2469367980957,31.24693489074707,
reinforce,20.0,2,216,103.5083802829433,73,0.01253199577331543,3.8446919918060303,,,54.00340270996094,54.00340270996094,,,42.70734786987305,22.70734977722168,
reinforce,20.0,2,217,90.27170126962554,61,0.01043391227722168,3.8552498817443848,,,47.14365768432617,47.14365768432617,,,40.1437873840332,20.143789291381836,
reinforce,20.0,2,218,99.55042449475613,68,0.011729955673217773,3.867166042327881,,,48.44036865234375,48.44036865234375,,,42.61730194091797,22.61730194091797,
reinforce,20.0,2,219,93.31148452361984,58,0.009721755981445312,3.8770530223846436,,,50.512298583984375,50.512298583984375,,,43.05852127075195,23.058521270751953,
reinforce,20.0,2,220,101.4563660695627,73,0.012724161148071289,3.8899359703063965,97.73217821546355,4.107578927185502,49.24869918823242,49.24869918823242,,,42.082359313964844,22.082359313964844,
reinforce,20.0,2,221,92.22251670529917,65,0.011320114135742188,3.930734157562256,,,36.64833068847656,36.64833068847656,,,39.678897857666016,19.67890167236328,
reinforce,20.0,2,222,115.20079552385194,83,0.014250993728637695,3.9451258182525635,,,55.00175476074219,55.00175476074219,,,46.902809143066406,26.902809143066406,
reinforce,20.0,2,223,99.60023324727108,59,0.009971857070922852,3.9552571773529053,,,60.37620162963867,60.37620162963867,,,46.81731414794922,26.817312240600586,
reinforce,20.0,2,224,104.0395918321492,74,0.012656927108764648,3.9680869579315186,,,48.7178840637207,48.7178840637207,,,44.6051139831543,24.605119705200195,
reinforce,20.0,2,225,111.30102288804576,66,0.011122941970825195,3.9793789386749268,,,57.888694763183594,57.888694763183594,,,50.533321380615234,30.533321380615234,
reinforce,20.0,2,226,86.0092792907089,54,0.009234905242919922,3.988787889480591,,,49.24801254272461,49.24801254272461,,,40.321876525878906,20.321876525878906,
reinforce,20.0,2,227,98.31054861543689,58,0.00989675521850586,3.998865842819214,,,58.134403228759766,58.134403228759766,,,46.52030944824219,26.520313262939453,
reinforce,20.0,2,228,76.34434180374565,49,0.008234977722167969,4.007258176803589,,,40.63018035888672,40.63018035888672,,,36.960418701171875,16.960418701171875,
reinforce,20.0,2,229,129.90175175587606,82,0.013874053955078125,4.021269083023071,,,65.146728515625,65.146728515625,,,54.48012161254883,34.48012924194336,
reinforce,20.0,2,230,121.18229642373714,72,0.012423038482666016,4.033872842788696,,,72.25201416015625,72.25201416015625,,,53.33132553100586,33.33132553100586,
reinforce,20.0,2,231,82.43458177173402,52,0.009062051773071289,4.043040990829468,,,40.970664978027344,40.970664978027344,,,39.380332946777344,19.38033676147461,
reinforce,20.0,2,232,78.97683697049155,49,0.008458852767944336,4.05166482925415,,,49.45735549926758,49.45735549926758,,,38.86880874633789,18.86880874633789,
reinforce,20.0,2,233,75.25220302911593,51,0.008773088455200195,4.060599088668823,,,38.127593994140625,38.127593994140625,,,35.88804244995117,15.888046264648438,
reinforce,20.0,2,234,67.62804413639633,44,0.007719993591308594,4.06857705116272,,,31.60008430480957,31.60008430480957,,,33.466312408447266,13.46631145477295,
reinforce,20.0,2,235,99.26931164601235,71,0.012305021286010742,4.081049203872681,,,48.814491271972656,48.814491271972656,,,42.478660583496094,22.47865867614746,
reinforce,20.0,2,236,105.42951169802156,71,0.012118816375732422,4.093338966369629,,,53.11086654663086,53.11086654663086,,,44.62459945678711,24.624603271484375,
reinforce,20.0,2,237,119.29701616432249,86,0.014695167541503906,4.108197212219238,,,61.12318420410156,61.12318420410156,,,47.63261413574219,27.632614135742188,
reinforce,20.0,2,238,93.61180144975742,64,0.011063098907470703,4.119411945343018,,,44.61396408081055,44.61396408081055,,,40.879173278808594,20.879173278808594,
reinforce,20.0,2,239,120.14729734961696,88,0.014829158782958984,4.134419918060303,,,59.71437072753906,59.71437072753906,,,47.486244201660156,27.486244201660156,
reinforce,20.0,2,240,124.2598422512064,82,0.013860940933227539,4.1484291553497314,111.12249680598305,1.9288984219107432,64.0079116821289,64.0079116821289,,,50.26145553588867,30.261457443237305,
reinforce,20.0,2,241,107.1767613918675,80,0.013890266418457031,4.198448181152344,,,52.92121124267578,52.92121124267578,,,43.89417266845703,23.89417266845703,
reinforce,20.0,2,242,105.10251479294669,76,0.013540029525756836,4.212137937545776,,,53.166961669921875,53.166961669921875,,,43.84680938720703,23.846805572509766,
reinforce,20.0,2,243,119.06004148215465,90,0.015233755111694336,4.227525949478149,,,59.012088775634766,59.012088775634766,,,48.55048751831055,28.550491333007812,
reinforce,20.0,2,244,103.37939036075204,76,0.012719154357910156,4.240405082702637,,,44.59428787231445,44.59428787231445,,,43.15851974487305,23.158517837524414,
reinforce,20.0,2,245,110.91025852773355,82,0.014393091201782227,4.254937171936035,,,49.619319915771484,49.619319915771484,,,44.899925231933594,24.899927139282227,
reinforce,20.0,2,246,134.461732385442,103,0.017682313919067383,4.272781133651733,,,74.11946105957031,74.11946105957031,,,50.79911422729492,30.799110412597656,
reinforce,20.0,2,247,110.30822222283011,82,0.014071941375732422,4.287019968032837,,,54.79457473754883,54.79457473754883,,,44.86128616333008,24.861289978027344,
reinforce,20.0,2,248,139.61418563765255,107,0.018342971801757812,4.305541038513184,,,62.94864273071289,62.94864273071289,,,51.392066955566406,31.392065048217773,
reinforce,20.0,2,249,135.2771793639866,104,0.017742156982421875,4.323445081710815,,,72.35163879394531,72.35163879394531,,,50.769771575927734,30.769773483276367,
reinforce,20.0,2,250,136.81705735568528,110,0.018810033798217773,4.342425107955933,,,72.99434661865234,72.99434661865234,,,50.90723419189453,30.90723991394043,
reinforce,20.0,2,251,146.05224199299832,114,0.01936507225036621,4.361953020095825,,,70.26858520507812,70.26858520507812,,,52.56235885620117,32.562355041503906,
reinforce,20.0,2,252,130.4977416511083,100,0.01742386817932129,4.379570960998535,,,59.205814361572266,59.205814361572266,,,49.63780212402344,29.637802124023438,
reinforce,20.0,2,253,145.08396524263387,117,0.020055055618286133,4.399811029434204,,,64.26656341552734,64.26656341552734,,,52.329551696777344,32.329551696777344,
reinforce,20.0,2,254,134.079185684398,106,0.01848888397216797,4.418472051620483,,,60.6146354675293,60.6146354675293,,,49.69614028930664,29.696144104003906,
reinforce,20.0,2,255,136.50582716688066,108,0.018464088439941406,4.437114953994751,,,67.23241424560547,67.23241424560547,,,50.089229583740234,30.0892333984375,
reinforce,20.0,2,256,165.7141118398009,136,0.02361011505126953,4.460886001586914,,,83.86095428466797,83.86095428466797,,,56.845916748046875,36.84592056274414,
reinforce,20.0,2,257,145.31046999774492,117,0.019991636276245117,4.481052875518799,,,62.88493728637695,62.88493728637695,,,52.637786865234375,32.63779067993164,
reinforce,20.0,2,258,137.85298839368934,109,0.01875901222229004,4.499978065490723,,,75.89340209960938,75.89340209960938,,,51.67482376098633,31.674821853637695,
reinforce,20.0,2,259,130.13824208397236,102,0.017705917358398438,4.517858982086182,,,62.78630447387695,62.78630447387695,,,49.01432418823242,29.01432228088379,
reinforce,20.0,2,260,143.33258501242216,115,0.019951820373535156,4.537982940673828,151.27216691450377,1.3325711672024083,67.27050018310547,67.27050018310547,,,51.49443817138672,31.494434356689453,
reinforce,20.0,2,261,137.23422675914318,109,0.018859148025512695,4.610878944396973,,,61.0951042175293,61.0951042175293,,,50.41263961791992,30.412633895874023,
reinforce,20.0,2,262,140.747123595317,113,0.01940774917602539,4.630451917648315,,,65.07394409179688,65.07394409179688,,,51.1549072265625,31.154903411865234,
reinforce,20.0,2,263,123.9651208418303,96,0.01653885841369629,4.647156000137329,,,64.20734405517578,64.20734405517578,,,47.690399169921875,27.690404891967773,
reinforce,20.0,2,264,141.3023974486923,113,0.02729201316833496,4.674599885940552,,,65.56957244873047,65.56957244873047,,,51.4929084777832,31.4929141998291,
reinforce,20.0,2,265,126.14458764005278,97,0.02733016014099121,4.702200174331665,,,64.8416748046875,64.8416748046875,,,48.74923324584961,28.749235153198242,
reinforce,20.0,2,266,126.26614897346533,98,0.01807093620300293,4.720469951629639,,,60.9835090637207,60.9835090637207,,,48.07817840576172,28.07818031311035,
reinforce,20.0,2,267,113.93327597236834,87,0.015153884887695312,4.735782861709595,,,61.3398551940918,61.3398551940918,,,45.98629379272461,25.98629379272461,
reinforce,20.0,2,268,127.36964283677153,99,0.017206907272338867,4.7531609535217285,,,61.8100700378418,61.8100700378418,,,48.29574966430664,28.29574966430664,
reinforce,20.0,2,269,137.34463197511218,110,0.019270896911621094,4.7725830078125,,,62.83152389526367,62.83152389526367,,,50.06746292114258,30.067472457885742,
reinforce,20.0,2,270,123.35785753972999,95,0.0161440372467041,4.788893938064575,,,58.83098220825195,58.83098220825195,,,47.76506423950195,27.765064239501953,
reinforce,20.0,2,271,140.08769968671064,112,0.01961231231689453,4.8086771965026855,,,63.435546875,63.435546875,,,50.62657928466797,30.62657356262207,
reinforce,20.0,2,272,141.2815379402173,113,0.01964402198791504,4.828459024429321,,,69.62574005126953,69.62574005126953,,,51.26457595825195,31.26457405090332,
reinforce,20.0,2,273,129.16398179956332,102,0.017663002014160156,4.84631085395813,,,59.17198944091797,59.17198944091797,,,48.728515625,28.728513717651367,
reinforce,20.0,2,274,121.95907324247688,95,0.01602792739868164,4.862494945526123,,,68.37474822998047,68.37474822998047,,,46.105140686035156,26.105134963989258,
reinforce,20.0,2,275,134.66170756129998,107,0.01857471466064453,4.8812360763549805,,,64.82757568359375,64.82757568359375,,,50.09524154663086,30.095239639282227,
reinforce,20.0,2,276,147.81761066910107,119,0.020502090454101562,4.901899099349976,,,60.04530334472656,60.04530334472656,,,52.28634262084961,32.28634262084961,
reinforce,20.0,2,277,138.7118125534994,112,0.019318103790283203,4.921392917633057,,,63.77056121826172,63.77056121826172,,,49.809391021728516,29.809391021728516,
reinforce,20.0,2,278,149.7722189768614,120,0.02078700065612793,4.942373037338257,,,72.38861846923828,72.38861846923828,,,52.49856948852539,32.498565673828125,
reinforce,20.0,2,279,134.08361922108026,107,0.01844310760498047,4.960937976837158,,,59.49860382080078,59.49860382080078,,,49.34663772583008,29.346637725830078,
reinforce,20.0,2,280,145.25075830760508,117,0.020151138305664062,4.981247901916504,142.7726472263014,2.3718775555172473,73.55670166015625,73.55670166015625,,,52.947872161865234,32.947872161865234,
reinforce,20.0,2,281,133.1824425897659,105,0.018186092376708984,5.050045967102051,,,65.69155883789062,65.69155883789062,,,49.98033905029297,29.9803409576416,
reinforce,20.0,2,282,156.36865173925088,128,0.022021055221557617,5.072223901748657,,,82.99003601074219,82.99003601074219,,,54.57405471801758,34.57405471801758,
reinforce,20.0,2,283,145.6332657028107,118,0.02048802375793457,5.092890977859497,,,65.40603637695312,65.40603637695312,,,52.17719650268555,32.17720031738281,
reinforce,20.0,2,284,155.78708211869454,127,0.022086143493652344,5.115149974822998,,,73.0742416381836,73.0742416381836,,,54.16993713378906,34.16993713378906,
reinforce,20.0,2,285,153.69111681338566,126,0.0213470458984375,5.136669874191284,,,69.94674682617188,69.94674682617188,,,52.86850357055664,32.868507385253906,
reinforce,20.0,2,286,140.84352926965906,113,0.019447803497314453,5.156282901763916,,,68.01097869873047,68.01097869873047,,,51.12125015258789,31.121246337890625,
reinforce,20.0,2,287,190.2358469475614,163,0.027683019638061523,5.184128999710083,,,91.02249908447266,91.02249908447266,,,60.12403106689453,40.12403106689453,
reinforce,20.0,2,288,172.36252740991455,145,0.02463674545288086,5.208935022354126,,,81.33654022216797,81.33654022216797,,,56.85355758666992,36.85355758666992,
reinforce,20.0,2,289,171.18694131072365,143,0.024491071701049805,5.233618974685669,,,86.66337585449219,86.66337585449219,,,56.80630111694336,36.80630111694336,
reinforce,20.0,2,290,178.11965798621713,150,0.025769948959350586,5.259578227996826,,,85.54757690429688,85.54757690429688,,,57.45901107788086,37.459014892578125,
reinforce,20.0,2,291,178.79447848863694,150,0.025594234466552734,5.2853381633758545,,,84.3588638305664,84.3588638305664,,,58.478424072265625,38.478424072265625,
reinforce,20.0,2,292,173.75270533000244,146,0.025057077407836914,5.310577869415283,,,83.3564224243164,83.3564224243164,,,57.553611755371094,37.553611755371094,
reinforce,20.0,2,293,176.61654009205023,149,0.0253908634185791,5.336137056350708,,,72.2975845336914,72.2975845336914,,,57.07798767089844,37.07798767089844,
reinforce,20.0,2,294,161.41177370125442,133,0.022988080978393555,5.3592939376831055,,,71.26164245605469,71.26164245605469,,,54.861541748046875,34.861541748046875,
reinforce,20.0,2,295,160.1016207963719,132,0.02263188362121582,5.382071018218994,,,65.71260833740234,65.71260833740234,,,54.825111389160156,34.825111389160156,
reinforce,20.0,2,296,152.56360288813343,125,0.021721839904785156,5.403956890106201,,,76.09979248046875,76.09979248046875,,,53.26737594604492,33.26737594604492,
reinforce,20.0,2,297,171.9950452095145,143,0.02470993995666504,5.428831100463867,,,82.29524993896484,82.29524993896484,,,56.537452697753906,36.537452697753906,
reinforce,20.0,2,298,162.7492681932928,135,0.02322101593017578,5.452199935913086,,,73.60155487060547,73.60155487060547,,,54.33299255371094,34.33299255371094,
reinforce,20.0,2,299,146.7599404648813,119,0.020498991012573242,5.472851037979126,,,64.4225845336914,64.4225845336914,,,52.24217987060547,32.2421760559082,
reinforce,20.0,2,300,146.04535966719794,118,0.020231008529663086,5.493246078491211,147.37596606718688,2.2918864599898594,62.518733978271484,62.518733978271484,,,51.55729293823242,31.557294845581055,
reinforce,20.0,2,301,138.45017483965964,110,0.021008968353271484,5.569566011428833,,,72.97345733642578,72.97345733642578,,,50.65534591674805,30.65534210205078,
reinforce,20.0,2,302,132.0688384916672,104,0.018598079681396484,5.588329076766968,,,68.94676971435547,68.94676971435547,,,49.47412872314453,29.474132537841797,
reinforce,20.0,2,303,135.3978194857654,108,0.01827716827392578,5.606806993484497,,,58.65385437011719,58.65385437011719,,,50.372310638427734,30.372310638427734,
reinforce,20.0,2,304,139.12205757812976,111,0.01876664161682129,5.625734806060791,,,63.78446960449219,63.78446960449219,,,50.773284912109375,30.773283004760742,
reinforce,20.0,2,305,145.21164145728775,117,0.02035689353942871,5.646204948425293,,,77.47164916992188,77.47164916992188,,,52.080413818359375,32.080406188964844,
reinforce,20.0,2,306,143.88489745022417,115,0.019850730895996094,5.666234970092773,,,71.78024291992188,71.78024291992188,,,50.94173049926758,30.941728591918945,
reinforce,20.0,2,307,127.80359948890647,100,0.017306804656982422,5.683712005615234,,,65.36847686767578,65.36847686767578,,,47.536033630371094,27.536033630371094,
reinforce,20.0,2,308,138.9109957160385,110,0.01924610137939453,5.703152179718018,,,64.52662658691406,64.52662658691406,,,50.12527084350586,30.125272750854492,
reinforce,20.0,2,309,135.9372108543691,107,0.018519878387451172,5.721840858459473,,,61.328582763671875,61.328582763671875,,,50.4225959777832,30.422595977783203,
reinforce,20.0,2,310,134.99393903365478,107,0.018564701080322266,5.740549802780151,,,68.01129150390625,68.01129150390625,,,49.40658950805664,29.406585693359375,
reinforce,20.0,2,311,126.76187418487234,99,0.01729893684387207,5.758090019226074,,,67.11766052246094,67.11766052246094,,,48.71596145629883,28.71596336364746,
reinforce,20.0,2,312,147.54941954590308,118,0.02024102210998535,5.778496026992798,,,66.17424774169922,66.17424774169922,,,52.1844596862793,32.1844596862793,
reinforce,20.0,2,313,137.48959037555534,109,0.018934011459350586,5.797613143920898,,,60.75215530395508,60.75215530395508,,,50.10819625854492,30.108196258544922,
reinforce,20.0,2,314,136.65776267346578,109,0.01883077621459961,5.816617012023926,,,64.16446685791016,64.16446685791016,,,50.58267593383789,30.582674026489258,
reinforce,20.0,2,315,151.87904573338847,124,0.021115779876708984,5.8378989696502686,,,75.28870391845703,75.28870391845703,,,53.04069900512695,33.040706634521484,
reinforce,20.0,2,316,142.7384952158183,114,0.019424915313720703,5.857485055923462,,,65.93257141113281,65.93257141113281,,,51.01411056518555,31.01411247253418,
reinforce,20.0,2,317,133.28499003975506,106,0.018372058868408203,5.876026153564453,,,67.07121276855469,67.07121276855469,,,48.87794876098633,28.877952575683594,
reinforce,20.0,2,318,145.92351047905353,118,0.019894123077392578,5.896075010299683,,,74.8019790649414,74.8019790649414,,,52.28501510620117,32.28501510620117,
reinforce,20.0,2,319,157.84472118461946,130,0.022166967391967773,5.918401002883911,,,67.3979721069336,67.3979721069336,,,54.17488098144531,34.17488098144531,
reinforce,20.0,2,320,153.51687656743067,125,0.021606922149658203,5.940229892730713,162.4350940500875,1.710764398104084,78.89389038085938,78.89389038085938,,,53.49640655517578,33.49640655517578,
reinforce,20.0,2,321,149.33912486906019,122,0.021222829818725586,6.0218329429626465,,,78.53819274902344,78.53819274902344,,,52.52376174926758,32.523765563964844,
reinforce,20.0,2,322,150.48701889078168,122,0.020977020263671875,6.04298996925354,,,73.25416564941406,73.25416564941406,,,53.44699478149414,33.44699478149414,
reinforce,20.0,2,323,172.85633844861962,145,0.024765968322753906,6.067921876907349,,,72.09305572509766,72.09305572509766,,,56.360904693603516,36.360904693603516,
reinforce,20.0,2,324,167.47690447717005,138,0.023283004760742188,6.091372013092041,,,75.100830078125,75.100830078125,,,56.241031646728516,36.241031646728516,
reinforce,20.0,2,325,154.15925000518436,126,0.02174997329711914,6.1132988929748535,,,72.88702392578125,72.88702392578125,,,53.33277130126953,33.3327751159668,
reinforce,20.0,2,326,174.40367315988152,147,0.025166034698486328,6.138634920120239,,,75.39234161376953,75.39234161376953,,,57.180450439453125,37.18045425415039,
reinforce,20.0,2,327,181.8721883513414,154,0.02630138397216797,6.165113210678101,,,82.2374496459961,82.2374496459961,,,59.03471755981445,39.03471755981445,
reinforce,20.0,2,328,166.8769568983188,138,0.023846864700317383,6.189175128936768,,,86.3174057006836,86.3174057006836,,,55.447479248046875,35.447479248046875,
reinforce,20.0,2,329,194.764583292982,167,0.02840590476989746,6.217761039733887,,,87.14512634277344,87.14512634277344,,,60.23347854614258,40.23347854614258,
reinforce,20.0,2,330,169.83649185337035,142,0.024187088012695312,6.242117166519165,,,76.88138580322266,76.88138580322266,,,56.94097137451172,36.94097137451172,
reinforce,20.0,2,331,209.03925753000462,181,0.0306551456451416,6.2729332447052,,,104.30583190917969,104.30583190917969,,,62.328826904296875,42.328834533691406,
reinforce,20.0,2,332,222.37824636178212,194,0.032868146896362305,6.305973052978516,,,92.0904312133789,92.0904312133789,,,64.40877532958984,44.408782958984375,
reinforce,20.0,2,333,225.14298249225752,196,0.03311800956726074,6.339275121688843,,,94.62290954589844,94.62290954589844,,,64.60637664794922,44.60637664794922,
reinforce,20.0,2,334,211.36409838818545,184,0.031352996826171875,6.370808124542236,,,90.76299285888672,90.76299285888672,,,63.609840393066406,43.609840393066406,
reinforce,20.0,2,335,278.9178187516922,251,0.042485952377319336,6.41347599029541,,,107.99545288085938,107.99545288085938,,,70.25200653076172,50.25201416015625,
reinforce,20.0,2,336,268.42144097408925,241,0.04078793525695801,6.454458236694336,,,110.65418243408203,110.65418243408203,,,69.58073425292969,49.58074188232422,
reinforce,20.0,2,337,302.4010770734071,275,0.04686093330383301,6.501492977142334,,,112.53479766845703,112.53479766845703,,,72.71019744873047,52.710205078125,
reinforce,20.0,2,338,293.1761769162613,264,0.04509305953979492,6.5467400550842285,,,102.61359405517578,102.61359405517578,,,71.58804321289062,51.58804702758789,
reinforce,20.0,2,339,282.8207828649829,256,0.0431361198425293,6.590044975280762,,,110.61714172363281,110.61714172363281,,,71.56986236572266,51.569862365722656,
reinforce,20.0,2,340,293.92515985808575,267,0.04979515075683594,6.639960050582886,354.3236324961842,2.958053541438049,116.08541107177734,116.08541107177734,,,71.971435546875,51.971435546875,
reinforce,20.0,2,341,317.4588006571589,290,0.049352169036865234,6.834148168563843,,,110.65605163574219,110.65605163574219,,,74.15882110595703,54.15882110595703,
reinforce,20.0,2,342,281.64562702534084,254,0.04300808906555176,6.877331018447876,,,106.39474487304688,106.39474487304688,,,70.46382904052734,50.46383285522461,
reinforce,20.0,2,343,319.80598483744893,293,0.04998016357421875,6.927495002746582,,,114.51876831054688,114.51876831054688,,,73.86639404296875,53.86639404296875,
reinforce,20.0,2,344,251.53361127854137,225,0.03850293159484863,6.966152906417847,,,99.74105072021484,99.74105072021484,,,67.4006576538086,47.40065383911133,
reinforce,20.0,2,345,227.11397212205426,199,0.0339968204498291,7.000335931777954,,,93.48790740966797,93.48790740966797,,,64.85902404785156,44.85902786254883,
reinforce,20.0,2,346,206.18523603395826,178,0.030280113220214844,7.030795097351074,,,92.91203308105469,92.91203308105469,,,62.36503219604492,42.36503219604492,
reinforce,20.0,2,347,178.10919930553453,150,0.02546095848083496,7.056443929672241,,,82.28839111328125,82.28839111328125,,,57.36426544189453,37.36426544189453,
reinforce,20.0,2,348,179.0526773040622,152,0.025928020477294922,7.082535982131958,,,77.55461120605469,77.55461120605469,,,58.1717414855957,38.1717414855957,
reinforce,20.0,2,349,165.15448019390465,136,0.02353191375732422,7.10624885559082,,,82.93378448486328,82.93378448486328,,,55.966461181640625,35.966461181640625,
reinforce,20.0,2,350,157.7441295276054,130,0.022303104400634766,7.128710985183716,,,69.52242279052734,69.52242279052734,,,54.31024932861328,34.31024932861328,
reinforce,20.0,2,351,137.45440264236422,110,0.01874089241027832,7.147636890411377,,,57.129154205322266,57.129154205322266,,,49.96619415283203,29.96619987487793,
reinforce,20.0,2,352,134.31592910758994,107,0.018378019332885742,7.166177988052368,,,69.05298614501953,69.05298614501953,,,49.55051803588867,29.55051612854004,
reinforce,20.0,2,353,125.35097540393026,97,0.01665186882019043,7.183014869689941,,,58.26306915283203,58.26306915283203,,,46.9752082824707,26.975208282470703,
reinforce,20.0,2,354,122.6592721418929,95,0.016431093215942383,7.1996071338653564,,,51.85468292236328,51.85468292236328,,,46.7233772277832,26.72337532043457,
reinforce,20.0,2,355,112.8639784620083,85,0.014602899551391602,7.214385986328125,,,49.43543243408203,49.43543243408203,,,44.98820114135742,24.988201141357422,
reinforce,20.0,2,356,107.28419057063849,78,0.013578414916992188,7.228133201599121,,,51.18325424194336,51.18325424194336,,,43.39199447631836,23.391990661621094,
reinforce,20.0,2,357,106.92745762166427,78,0.013747930526733398,7.242021799087524,,,43.89342498779297,43.89342498779297,,,42.856590270996094,22.85658836364746,
reinforce,20.0,2,358,99.96988824532296,71,0.012349843978881836,7.254518985748291,,,51.085636138916016,51.085636138916016,,,41.59260177612305,21.592601776123047,
reinforce,20.0,2,359,94.84383400537548,67,0.012073040008544922,7.266757965087891,,,37.11628341674805,37.11628341674805,,,40.444297790527344,20.44429588317871,
reinforce,20.0,2,360,90.22049474138569,62,0.010817766189575195,7.277734994888306,92.39029673085717,0.8025327158182594,43.69595718383789,43.69595718383789,,,39.17896270751953,19.178958892822266,
reinforce,20.0,2,361,93.44741809060443,64,0.011108875274658203,7.3175249099731445,,,43.609195709228516,43.609195709228516,,,40.52353286743164,20.52353286743164,
reinforce,20.0,2,362,87.83043953486417,59,0.010303974151611328,7.327984094619751,,,40.74591827392578,40.74591827392578,,,39.09278106689453,19.09278106689453,
reinforce,20.0,2,363,88.45131991915675,60,0.010403871536254883,7.338537931442261,,,45.34966278076172,45.34966278076172,,,38.89562225341797,18.895620346069336,
reinforce,20.0,2,364,82.72389135648513,54,0.009303092956542969,7.347977876663208,,,45.32133102416992,45.32133102416992,,,38.34738540649414,18.347387313842773,
reinforce,20.0,2,365,87.23231643843832,59,0.010383844375610352,7.3585028648376465,,,43.606895446777344,43.606895446777344,,,38.92182540893555,18.92182731628418,
reinforce,20.0,2,366,85.17147170910457,56,0.009990930557250977,7.368649959564209,,,36.61960220336914,36.61960220336914,,,38.93574905395508,18.935747146606445,
reinforce,20.0,2,367,84.31032554019092,55,0.009517908096313477,7.3783159255981445,,,41.153690338134766,41.153690338134766,,,38.94804382324219,18.948041915893555,
reinforce,20.0,2,368,87.41760411494869,60,0.010390996932983398,7.3888750076293945,,,42.91299819946289,42.91299819946289,,,38.85315704345703,18.853153228759766,
reinforce,20.0,2,369,89.40787110194059,60,0.010334253311157227,7.39935302734375,,,40.148704528808594,40.148704528808594,,,39.91513442993164,19.915130615234375,
reinforce,20.0,2,370,85.9666404731158,57,0.009935140609741211,7.409433126449585,,,37.896976470947266,37.896976470947266,,,38.7834587097168,18.783458709716797,
reinforce,20.0,2,371,88.81599480101767,60,0.010280847549438477,7.4199018478393555,,,40.90640640258789,40.90640640258789,,,39.35693359375,19.356937408447266,
reinforce,20.0,2,372,88.57220603618103,61,0.010807991027832031,7.430856943130493,,,36.87559127807617,36.87559127807617,,,39.07115173339844,19.071151733398438,
reinforce,20.0,2,373,93.80804991686206,64,0.010966777801513672,7.44196891784668,,,44.58082962036133,44.58082962036133,,,40.493587493896484,20.49358367919922,
reinforce,20.0,2,374,93.56772956762492,65,0.011448860168457031,7.453595876693726,,,41.98342514038086,41.98342514038086,,,40.34486389160156,20.344865798950195,
reinforce,20.0,2,375,92.36931572651845,63,0.010972976684570312,7.464721918106079,,,43.32145690917969,43.32145690917969,,,40.296207427978516,20.29620933532715,
reinforce,20.0,2,376,88.13418341616479,60,0.0105438232421875,7.475441932678223,,,39.27579879760742,39.27579879760742,,,39.11619186401367,19.116193771362305,
reinforce,20.0,2,377,86.57037046982374,58,0.010010957717895508,7.485585927963257,,,40.5826530456543,40.5826530456543,,,38.959712982177734,18.959712982177734,
reinforce,20.0,2,378,98.94737728016358,71,0.012571096420288086,7.498308181762695,,,53.06009292602539,53.06009292602539,,,41.29896926879883,21.298965454101562,
reinforce,20.0,2,379,94.65727242694481,65,0.011425018310546875,7.50996994972229,,,48.968082427978516,48.968082427978516,,,40.66122817993164,20.661226272583008,
reinforce,20.0,2,380,98.59794999804343,70,0.012139081954956055,7.522258996963501,93.43931220027414,1.6732782101536334,45.44666290283203,45.44666290283203,,,41.009971618652344,21.00996971130371,
reinforce,20.0,2,381,92.33188386899204,63,0.011008977890014648,7.56286096572876,,,41.074623107910156,41.074623107910156,,,40.0994758605957,20.099477767944336,
reinforce,20.0,2,382,93.51480556994069,65,0.011053085327148438,7.574074029922485,,,48.883766174316406,48.883766174316406,,,40.625057220458984,20.62505531311035,
reinforce,20.0,2,383,80.13407309881678,52,0.009078025817871094,7.583383083343506,,,38.50212860107422,38.50212860107422,,,37.56439971923828,17.56439971923828,
reinforce,20.0,2,384,92.71844010553409,64,0.010980844497680664,7.594534873962402,,,48.2109375,48.2109375,,,40.11595153808594,20.115951538085938,
reinforce,20.0,2,385,93.49593317765091,65,0.011439085006713867,7.606127023696899,,,40.619117736816406,40.619117736816406,,,40.16740036010742,20.167402267456055,
reinforce,20.0,2,386,85.02615746537263,56,0.009651899337768555,7.615962028503418,,,40.69118118286133,40.69118118286133,,,38.76534652709961,18.76534652709961,
reinforce,20.0,2,387,87.80883659943107,59,0.010209083557128906,7.62634801864624,,,40.580162048339844,40.580162048339844,,,39.13694381713867,19.13694190979004,
reinforce,20.0,2,388,88.75387607119782,61,0.010632991790771484,7.637148857116699,,,44.85880661010742,44.85880661010742,,,39.25318908691406,19.253190994262695,
reinforce,20.0,2,389,79.02242081802812,51,0.008859872817993164,7.646208047866821,,,37.30958557128906,37.30958557128906,,,37.7060546875,17.706056594848633,
reinforce,20.0,2,390,92.1393167888961,63,0.01101994514465332,7.657321929931641,,,47.66928482055664,47.66928482055664,,,40.51282501220703,20.5128231048584,
reinforce,20.0,2,391,99.00467219364916,71,0.012545108795166016,7.670030117034912,,,37.8670654296875,37.8670654296875,,,41.62617492675781,21.626176834106445,
reinforce,20.0,2,392,88.01559253779668,60,0.010706901550292969,7.680896997451782,,,38.340599060058594,38.340599060058594,,,38.77742385864258,18.77742576599121,
reinforce,20.0,2,393,93.00926653049055,64,0.011269807815551758,7.692327976226807,,,47.2127685546875,47.2127685546875,,,40.65265655517578,20.65265655517578,
reinforce,20.0,2,394,89.72402225040695,61,0.010794878005981445,7.703372955322266,,,44.61504364013672,44.61504364013672,,,39.657020568847656,19.65702247619629,
reinforce,20.0,2,395,89.38157996730844,61,0.010657072067260742,7.714216947555542,,,38.24013137817383,38.24013137817383,,,39.08330535888672,19.083301544189453,
reinforce,20.0,2,396,87.48912991677948,59,0.010081052780151367,7.724458932876587,,,42.373600006103516,42.373600006103516,,,38.999210357666016,18.999210357666016,
reinforce,20.0,2,397,89.9596229183761,63,0.011049985885620117,7.7356789112091064,,,46.81824493408203,46.81824493408203,,,39.36787796020508,19.367876052856445,
reinforce,20.0,2,398,93.76006983682653,65,0.011101007461547852,7.746963024139404,,,40.00178909301758,40.00178909301758,,,40.14997100830078,20.14996910095215,
reinforce,20.0,2,399,93.81771470063693,65,0.011551856994628906,7.758676052093506,,,48.29116439819336,48.29116439819336,,,40.98360824584961,20.983606338500977,
reinforce,20.0,2,400,92.7113856887959,63,0.011016845703125,7.769887924194336,94.37303669330839,0.8406051510601673,44.777687072753906,44.777687072753906,,,40.659271240234375,20.659269332885742,
reinforce,20.0,2,401,87.78490877663761,60,0.010683298110961914,7.809944152832031,,,47.279335021972656,47.279335021972656,,,39.4996223449707,19.499622344970703,
reinforce,20.0,2,402,82.87698133747561,55,0.009800195693969727,7.819930076599121,,,48.89099884033203,48.89099884033203,,,38.712554931640625,18.712554931640625,
reinforce,20.0,2,403,85.54702884918073,57,0.00976109504699707,7.829864025115967,,,33.43482208251953,33.43482208251953,,,38.59855651855469,18.598560333251953,
reinforce,20.0,2,404,93.14531213886225,65,0.011560201644897461,7.841605186462402,,,38.67387771606445,38.67387771606445,,,40.40098571777344,20.400983810424805,
reinforce,20.0,2,405,89.59628749417952,59,0.009910821914672852,7.85168194770813,,,45.69782257080078,45.69782257080078,,,40.288936614990234,20.288938522338867,
reinforce,20.0,2,406,93.52726963004909,63,0.010888338088989258,7.862746238708496,,,47.03240966796875,47.03240966796875,,,40.890316009521484,20.890317916870117,
reinforce,20.0,2,407,87.41155192861586,59,0.010040998458862305,7.872948884963989,,,41.71041488647461,41.71041488647461,,,38.96773147583008,18.967731475830078,
reinforce,20.0,2,408,91.44731422810703,63,0.010921001434326172,7.88411808013916,,,42.637115478515625,42.637115478515625,,,39.82297134399414,19.82297134399414,
reinforce,20.0,2,409,88.19392955062553,60,0.010402917861938477,7.8946850299835205,,,44.65665054321289,44.65665054321289,,,39.742027282714844,19.74202537536621,
reinforce,20.0,2,410,97.92493594276982,66,0.011192083358764648,7.906038999557495,,,43.4417724609375,43.4417724609375,,,42.35458755493164,22.35458755493164,
reinforce,20.0,2,411,85.86034228494012,57,0.009929895401000977,7.91612696647644,,,40.979400634765625,40.979400634765625,,,39.132347106933594,19.13234519958496,
reinforce,20.0,2,412,96.44369537190147,65,0.011428117752075195,7.927714109420776,,,47.62083053588867,47.62083053588867,,,42.760501861572266,22.76050567626953,
reinforce,20.0,2,413,103.20772577277354,69,0.0120849609375,7.9399402141571045,,,43.36408233642578,43.36408233642578,,,44.15781784057617,24.157817840576172,
reinforce,20.0,2,414,95.68033770979018,64,0.010940074920654297,7.951020956039429,,,31.209522247314453,31.209522247314453,,,41.69755172729492,21.697555541992188,
reinforce,20.0,2,415,112.51514255958746,78,0.013534784317016602,7.964712858200073,,,56.06597900390625,56.06597900390625,,,46.16741943359375,26.167421340942383,
reinforce,20.0,2,416,110.649599580996,76,0.013077974319458008,7.977928876876831,,,49.61682891845703,49.61682891845703,,,45.944644927978516,25.944644927978516,
reinforce,20.0,2,417,108.3732558390166,72,0.012296199798583984,7.9903600215911865,,,53.4605827331543,53.4605827331543,,,45.93533706665039,25.93533706665039,
reinforce,20.0,2,418,113.71569704123863,78,0.013275861740112305,8.003899812698364,,,57.921241760253906,57.921241760253906,,,46.408843994140625,26.408843994140625,
reinforce,20.0,2,419,112.31999277069109,78,0.0137481689453125,8.017797231674194,,,64.4837417602539,64.4837417602539,,,46.1827392578125,26.1827392578125,
reinforce,20.0,2,420,103.87592173276384,70,0.012125015258789062,8.030086994171143,124.38971562328511,1.8594241061578254,47.96665573120117,47.96665573120117,,,44.26419448852539,24.26419448852539,
reinforce,20.0,2,421,126.10172675720545,87,0.014878034591674805,8.082918882369995,,,61.5248908996582,61.5248908996582,,,50.37504577636719,30.375049591064453,
reinforce,20.0,2,422,134.2725066710951,93,0.016220808029174805,8.099301815032959,,,63.891170501708984,63.891170501708984,,,52.36309051513672,32.363094329833984,
reinforce,20.0,2,423,127.49743172875971,89,0.015556097030639648,8.115013122558594,,,71.23643493652344,71.23643493652344,,,50.37425231933594,30.37425422668457,
reinforce,20.0,2,424,136.09042475517572,93,0.016260862350463867,8.131444931030273,,,73.4776611328125,73.4776611328125,,,53.127655029296875,33.12765884399414,
reinforce,20.0,2,425,145.82807800717706,104,0.01806330680847168,8.149676084518433,,,71.87451171875,71.87451171875,,,54.55428695678711,34.55428695678711,
reinforce,20.0,2,426,146.37486010281862,103,0.017416954040527344,8.167250871658325,,,74.63883209228516,74.63883209228516,,,54.74998474121094,34.74998474121094,
reinforce,20.0,2,427,147.1774632195835,103,0.017498016357421875,8.184922218322754,,,85.95970153808594,85.95970153808594,,,55.139713287353516,35.139713287353516,
reinforce,20.0,2,428,156.13571186097602,109,0.01860666275024414,8.203688859939575,,,77.32695770263672,77.32695770263672,,,57.13612365722656,37.13612747192383,
reinforce,20.0,2,429,183.58689983091776,132,0.02197098731994629,8.225893020629883,,,88.36544036865234,88.36544036865234,,,63.03733825683594,43.0373420715332,
reinforce,20.0,2,430,181.6518876097076,132,0.02260422706604004,8.248674154281616,,,85.0194091796875,85.0194091796875,,,62.073360443115234,42.0733642578125,
reinforce,20.0,2,431,148.6723102991903,107,0.018257856369018555,8.267110824584961,,,66.71894073486328,66.71894073486328,,,55.58010482788086,35.580101013183594,
reinforce,20.0,2,432,161.6481511750779,116,0.019618749618530273,8.286908864974976,,,79.24292755126953,79.24292755126953,,,57.606258392333984,37.606258392333984,
reinforce,20.0,2,433,221.4296794549496,162,0.027197837829589844,8.314292907714844,,,102.16607666015625,102.16607666015625,,,69.39794158935547,49.39794158935547,
reinforce,20.0,2,434,181.9114345517511,134,0.023054838180541992,8.33753490447998,,,97.24552154541016,97.24552154541016,,,61.59861755371094,41.59861755371094,
reinforce,20.0,2,435,180.15995414389567,134,0.022783994674682617,8.360499858856201,,,94.07093048095703,94.07093048095703,,,61.21515655517578,41.21515655517578,
reinforce,20.0,2,436,160.89911152233915,118,0.02003788948059082,8.38071084022522,,,86.46068572998047,86.46068572998047,,,58.65789794921875,38.65789794921875,
reinforce,20.0,2,437,212.78987724904766,160,0.027064085006713867,8.407957077026367,,,99.2515640258789,99.2515640258789,,,67.31221008300781,47.31221389770508,
reinforce,20.0,2,438,209.03581145262697,158,0.026677846908569336,8.434808015823364,,,98.10034942626953,98.10034942626953,,,66.51107025146484,46.511070251464844,
reinforce,20.0,2,439,218.7344785671284,166,0.028358936309814453,8.463351011276245,,,110.62310791015625,110.62310791015625,,,67.98375701904297,47.98375701904297,
reinforce,20.0,2,440,196.01422552559606,147,0.025037050247192383,8.48856496810913,253.0652704128382,5.124625776783551,91.31464385986328,91.31464385986328,,,64.02010345458984,44.020103454589844,
reinforce,20.0,2,441,233.86385363275363,181,0.030580997467041016,8.60647201538086,,,102.50789642333984,102.50789642333984,,,70.07759857177734,50.07759475708008,
reinforce,20.0,2,442,346.285480057891,277,0.045977115631103516,8.652642011642456,,,135.01695251464844,135.01695251464844,,,82.16567993164062,62.16568374633789,
reinforce,20.0,2,443,227.547168472495,177,0.030122995376586914,8.682893991470337,,,104.0841293334961,104.0841293334961,,,68.95831298828125,48.95831298828125,
reinforce,20.0,2,444,372.6656271497719,295,0.04925680160522461,8.73232889175415,,,143.29241943359375,143.29241943359375,,,86.40260314941406,66.40259552001953,
reinforce,20.0,2,445,207.5029755438669,160,0.02706623077392578,8.759575128555298,,,93.54339599609375,93.54339599609375,,,65.45942687988281,45.45942306518555,
reinforce,20.0,2,446,279.831776107378,225,0.0401761531829834,8.799930095672607,,,117.53062438964844,117.53062438964844,,,74.6624755859375,54.6624755859375,
reinforce,20.0,2,447,553.5783529130075,438,0.0722510814666748,8.872343063354492,,,174.53660583496094,174.53660583496094,,,99.03455352783203,79.03455352783203,
reinforce,20.0,2,448,544.1257797939899,430,0.0713491439819336,8.943896055221558,,,166.50625610351562,166.50625610351562,,,98.62552642822266,78.62552642822266,
reinforce,20.0,2,449,584.3784465961683,479,0.07964801788330078,9.02371883392334,,,160.49844360351562,160.49844360351562,,,97.12165832519531,77.12166595458984,
reinforce,20.0,2,450,569.0590201673458,460,0.07594084739685059,9.09982705116272,,,172.531982421875,172.531982421875,,,97.4997787475586,77.4997787475586,
reinforce,20.0,2,451,612.6912489591048,582,0.09686613082885742,9.196890115737915,,,136.2650604248047,136.2650604248047,,,84.91477966308594,64.91477966308594,
reinforce,20.0,2,452,502.6721711815167,472,0.07898092269897461,9.276062965393066,,,131.67039489746094,131.67039489746094,,,81.77350616455078,61.773502349853516,
reinforce,20.0,2,453,532.6736508156572,502,0.0846090316772461,9.360841035842896,,,130.21762084960938,130.21762084960938,,,82.897216796875,62.89720916748047,
reinforce,20.0,2,454,538.3737182391485,508,0.08768296241760254,9.44868803024292,,,138.0890350341797,138.0890350341797,,,82.85211944580078,62.85211181640625,
reinforce,20.0,2,455,457.68384173973993,427,0.07356119155883789,9.522422075271606,,,127.81526947021484,127.81526947021484,,,80.31449127197266,60.31449508666992,
reinforce,20.0,2,456,441.3993327122608,412,0.0717318058013916,9.594336986541748,,,130.75428771972656,130.75428771972656,,,79.80415344238281,59.80415725708008,
reinforce,20.0,2,457,399.66218922550894,370,0.06422305107116699,9.658758878707886,,,121.10302734375,121.10302734375,,,77.73484802246094,57.7348518371582,
reinforce,20.0,2,458,436.8337931512272,407,0.06834197044372559,9.72730803489685,,,129.62088012695312,129.62088012695312,,,79.43604278564453,59.43603515625,
reinforce,20.0,2,459,422.9258849156272,393,0.08295822143554688,9.81045413017273,,,126.98588562011719,126.98588562011719,,,79.4314193725586,59.43142318725586,
reinforce,20.0,2,460,393.87519767090765,364,0.0633080005645752,9.873937845230103,356.05141034082044,2.0272057347773877,119.19515991210938,119.19515991210938,,,77.69576263427734,57.695762634277344,
reinforce,20.0,2,461,376.0162454669865,347,0.06001091003417969,10.07900595664978,,,121.49629974365234,121.49629974365234,,,76.58094024658203,56.58094024658203,
reinforce,20.0,2,462,385.8692622938606,356,0.061820030212402344,10.1410391330719,,,110.89694213867188,110.89694213867188,,,77.09459686279297,57.0946044921875,
reinforce,20.0,2,463,377.00369308151664,348,0.058099985122680664,10.19933795928955,,,119.33968353271484,119.33968353271484,,,76.31463623046875,56.31462860107422,
reinforce,20.0,2,464,370.30864955577783,338,0.05637621879577637,10.255881071090698,,,119.47421264648438,119.47421264648438,,,77.23424530029297,57.2342414855957,
reinforce,20.0,2,465,397.9236174871861,368,0.061181068420410156,10.317249059677124,,,129.79946899414062,129.79946899414062,,,77.86231231689453,57.862308502197266,
reinforce,20.0,2,466,405.52100699086526,377,0.06538915634155273,10.382792949676514,,,124.68293762207031,124.68293762207031,,,78.4495849609375,58.449581146240234,
reinforce,20.0,2,467,429.35555606580317,399,0.06947493553161621,10.452447891235352,,,130.5179901123047,130.5179901123047,,,79.49301147460938,59.493011474609375,
reinforce,20.0,2,468,445.36328819080205,416,0.0688939094543457,10.521531820297241,,,125.96284484863281,125.96284484863281,,,80.05960083007812,60.05959701538086,
reinforce,20.0,2,469,429.357292178519,399,0.06637215614318848,10.588074922561646,,,139.6638641357422,139.6638641357422,,,79.57042694091797,59.570430755615234,
reinforce,20.0,2,470,436.87733889294105,407,0.06760311126708984,10.655869007110596,,,123.27857208251953,123.27857208251953,,,79.82257080078125,59.822574615478516,
reinforce,20.0,2,471,601.0252899972041,571,0.09494686126708984,10.751004934310913,,,142.38211059570312,142.38211059570312,,,85.42713928222656,65.42713928222656,
reinforce,20.0,2,472,570.2528092460499,539,0.09310102462768555,10.84427809715271,,,141.71066284179688,141.71066284179688,,,84.53121948242188,64.53121185302734,
reinforce,20.0,2,473,639.109092643587,608,0.10579180717468262,10.950265169143677,,,137.2577667236328,137.2577667236328,,,85.70655059814453,65.70655822753906,
reinforce,20.0,2,474,579.3934764721806,551,0.09655404090881348,11.047024965286255,,,135.9232635498047,135.9232635498047,,,84.72084045410156,64.72083282470703,
reinforce,20.0,2,475,635.9873765757854,520,0.12292909622192383,11.170156002044678,,,161.37181091308594,161.37181091308594,,,99.33079528808594,79.33079528808594,
reinforce,20.0,2,476,261.4730128720058,218,0.03732109069824219,11.20767593383789,,,111.22338104248047,111.22338104248047,,,71.86323547363281,51.86323547363281,
reinforce,20.0,2,477,198.289382746053,162,0.03049778938293457,11.238351821899414,,,86.67443084716797,86.67443084716797,,,62.78089904785156,42.78089904785156,
reinforce,20.0,2,478,189.0842994787126,154,0.028111934661865234,11.266669988632202,,,95.23072814941406,95.23072814941406,,,61.326839447021484,41.32683181762695,
reinforce,20.0,2,479,238.28905168888429,193,0.035485029220581055,11.302350044250488,,,105.32605743408203,105.32605743408203,,,69.09888458251953,49.098880767822266,
reinforce,20.0,2,480,188.48989269235236,156,0.02926492691040039,11.33179497718811,178.34756589129478,2.780318300015187,94.94930267333984,94.94930267333984,,,61.67324447631836,41.67324447631836,
reinforce,20.0,2,481,148.7826344495522,117,0.021464824676513672,11.423218011856079,,,74.37390899658203,74.37390899658203,,,53.4647216796875,33.4647216796875,
reinforce,20.0,2,482,145.53205803745288,115,0.020678043365478516,11.44405198097229,,,80.42640686035156,80.42640686035156,,,52.70306396484375,32.70306396484375,
reinforce,20.0,2,483,172.54905367366737,138,0.025259971618652344,11.469461917877197,,,83.05535125732422,83.05535125732422,,,58.78864669799805,38.78865051269531,
reinforce,20.0,2,484,144.3740293337269,115,0.01974797248840332,11.489391088485718,,,72.76448822021484,72.76448822021484,,,52.039085388183594,32.039085388183594,
reinforce,20.0,2,485,152.22662862906043,120,0.020559072494506836,11.510104179382324,,,91.50486755371094,91.50486755371094,,,54.81904983520508,34.81904983520508,
reinforce,20.0,2,486,156.11269955416577,122,0.02119302749633789,11.531437158584595,,,73.50787353515625,73.50787353515625,,,55.283233642578125,35.28323745727539,
reinforce,20.0,2,487,152.783957054718,120,0.020468950271606445,11.552098035812378,,,69.9649887084961,69.9649887084961,,,54.88808059692383,34.888084411621094,
reinforce,20.0,2,488,147.99767839581534,113,0.019308090209960938,11.571569919586182,,,72.15715026855469,72.15715026855469,,,54.161373138427734,34.161373138427734,
reinforce,20.0,2,489,161.1070127702192,127,0.021636009216308594,11.593358993530273,,,82.76219177246094,82.76219177246094,,,56.79623031616211,36.79623031616211,
reinforce,20.0,2,490,143.78839687690652,110,0.019173860549926758,11.612680912017822,,,60.48976516723633,60.48976516723633,,,53.42049026489258,33.42049026489258,
reinforce,20.0,2,491,155.50887045496304,121,0.022979021072387695,11.6357901096344,,,82.54419708251953,82.54419708251953,,,55.03815841674805,35.03815841674805,
reinforce,20.0,2,492,164.24046467482415,127,0.0234222412109375,11.659353017807007,,,82.6167221069336,82.6167221069336,,,57.687957763671875,37.687957763671875,
reinforce,20.0,2,493,148.50425083455195,114,0.020740270614624023,11.680270195007324,,,69.27727508544922,69.27727508544922,,,53.92314529418945,33.92314529418945,
reinforce,20.0,2,494,162.24774288059047,126,0.022795915603637695,11.703233003616333,,,76.7361831665039,76.7361831665039,,,57.06611633300781,37.06611633300781,
reinforce,20.0,2,495,136.61384300075187,105,0.018928050994873047,11.722352981567383,,,69.62317657470703,69.62317657470703,,,51.125091552734375,31.125093460083008,
reinforce,20.0,2,496,168.50888750045152,130,0.023556947708129883,11.746078968048096,,,80.1886215209961,80.1886215209961,,,57.98359298706055,37.98359298706055,
reinforce,20.0,2,497,183.80082959268887,144,0.025763988494873047,11.771996974945068,,,89.17879486083984,89.17879486083984,,,60.77877426147461,40.77877426147461,
reinforce,20.0,2,498,165.8757716579875,129,0.023130178451538086,11.795319080352783,,,82.85697937011719,82.85697937011719,,,57.758567810058594,37.75857162475586,
reinforce,20.0,2,499,195.71012814924939,153,0.02712392807006836,11.822619915008545,,,100.0350570678711,100.0350570678711,,,63.606689453125,43.606689453125,
reinforce,20.0,2,500,206.59644954718476,162,0.028383970260620117,11.851176977157593,243.79962618447448,8.861570163160552,96.99507141113281,96.99507141113281,,,64.34983825683594,44.34983825683594,
reinforce,20.0,2,501,283.4765962193987,224,0.03788590431213379,11.971946001052856,,,123.33069610595703,123.33069610595703,,,76.0152587890625,56.015254974365234,
reinforce,20.0,2,502,239.15782991496252,192,0.032547712326049805,12.004666805267334,,,99.83036041259766,99.83036041259766,,,69.90382385253906,49.90382385253906,
reinforce,20.0,2,503,201.00155852409267,155,0.0265350341796875,12.031373023986816,,,95.022216796875,95.022216796875,,,64.30594635009766,44.305946350097656,
reinforce,20.0,2,504,273.92751307518824,216,0.03637409210205078,12.067930221557617,,,112.71408081054688,112.71408081054688,,,75.17180633544922,55.17180252075195,
reinforce,20.0,2,505,186.1132373139866,142,0.024494171142578125,12.092599153518677,,,81.585205078125,81.585205078125,,,61.911476135253906,41.91148376464844,
reinforce,20.0,2,506,440.5953382881241,339,0.05623483657836914,12.149003982543945,,,160.8111572265625,160.8111572265625,,,93.68090057373047,73.68090057373047,
reinforce,20.0,2,507,341.64170567087194,271,0.04886913299560547,12.1980299949646,,,136.09902954101562,136.09902954101562,,,82.89876556396484,62.89876174926758,
reinforce,20.0,2,508,424.45901819253004,323,0.05597186088562012,12.25416088104248,,,155.6816864013672,155.6816864013672,,,93.4874267578125,73.48741912841797,
reinforce,20.0,2,509,416.6086410587127,316,0.055104732513427734,12.309445858001709,,,158.11904907226562,158.11904907226562,,,93.40292358398438,73.40292358398438,
reinforce,20.0,2,510,478.16101126509017,363,0.06229710578918457,12.37192702293396,,,167.5443115234375,167.5443115234375,,,98.1854019165039,78.18540954589844,
reinforce,20.0,2,511,522.7229129115035,414,0.06969189643859863,12.441808938980103,,,168.12721252441406,168.12721252441406,,,96.41473388671875,76.41473388671875,
reinforce,20.0,2,512,593.4562709262304,563,0.09670805931091309,12.538696050643921,,,133.3543243408203,133.3543243408203,,,83.8804931640625,63.880496978759766,
reinforce,20.0,2,513,511.1111134952144,412,0.06812787055969238,12.60701584815979,,,156.1897735595703,156.1897735595703,,,94.48818969726562,74.48818969726562,
reinforce,20.0,2,514,426.3454444119687,397,0.06624388694763184,12.673446893692017,,,121.53766632080078,121.53766632080078,,,77.27336883544922,57.27336883544922,
reinforce,20.0,2,515,390.60671785417236,361,0.06028604507446289,12.73392105102539,,,126.60001373291016,126.60001373291016,,,75.68555450439453,55.6855583190918,
reinforce,20.0,2,516,389.895906245822,360,0.0603330135345459,12.794434070587158,,,128.91104125976562,128.91104125976562,,,76.09423065185547,56.09423828125,
reinforce,20.0,2,517,347.8106866694392,316,0.052947998046875,12.847577095031738,,,114.2227554321289,114.2227554321289,,,73.27462005615234,53.27461624145508,
reinforce,20.0,2,518,318.7343565021139,288,0.04834580421447754,12.896102905273438,,,111.45050811767578,111.45050811767578,,,71.17974090576172,51.17974090576172,
reinforce,20.0,2,519,324.7335773970011,295,0.04993796348571777,12.946193933486938,,,110.56324005126953,110.56324005126953,,,71.61200714111328,51.61201477050781,
reinforce,20.0,2,520,274.93109142950675,246,0.04168415069580078,12.988039016723633,293.9514731017837,5.220918866880777,97.89667510986328,97.89667510986328,,,67.32563018798828,47.32563781738281,
reinforce,20.0,2,521,268.71033808201486,239,0.041114091873168945,13.146420955657959,,,94.46029663085938,94.46029663085938,,,67.18878936767578,47.18878936767578,
reinforce,20.0,2,522,278.1566211826308,248,0.0434267520904541,13.190036058425903,,,100.02764892578125,100.02764892578125,,,67.60619354248047,47.6061897277832,
reinforce,20.0,2,523,255.74495156089574,227,0.040119171142578125,13.230255126953125,,,97.50553131103516,97.50553131103516,,,65.11709594726562,45.117095947265625,
reinforce,20.0,2,524,229.68245018331413,199,0.03496694564819336,13.265394926071167,,,95.40140533447266,95.40140533447266,,,63.49854278564453,43.49854278564453,
reinforce,20.0,2,525,247.63615223464424,216,0.03715777397155762,13.30273985862732,,,92.2748031616211,92.2748031616211,,,64.91686248779297,44.916866302490234,
reinforce,20.0,2,526,225.5143873120291,194,0.03148984909057617,13.334396839141846,,,87.5155258178711,87.5155258178711,,,63.0496940612793,43.0496940612793,
reinforce,20.0,2,527,221.56898075062156,191,0.0323328971862793,13.36687684059143,,,92.49714660644531,92.49714660644531,,,62.05841827392578,42.05842590332031,
reinforce,20.0,2,528,209.67472848260724,179,0.029989242553710938,13.397025108337402,,,88.16328430175781,88.16328430175781,,,60.42645263671875,40.426456451416016,
reinforce,20.0,2,529,219.6934263914134,189,0.03174185752868652,13.428923845291138,,,87.57967376708984,87.57967376708984,,,61.867774963378906,41.86778259277344,
reinforce,20.0,2,530,212.08228091118144,181,0.030219078063964844,13.459289073944092,,,86.34114837646484,86.34114837646484,,,61.40306091308594,41.40305709838867,
reinforce,20.0,2,531,227.36418139221868,195,0.03246188163757324,13.491889953613281,,,95.11174774169922,95.11174774169922,,,63.40543746948242,43.40543746948242,
reinforce,20.0,2,532,206.9175912647452,178,0.03210878372192383,13.524154901504517,,,84.43152618408203,84.43152618408203,,,60.14986801147461,40.14986801147461,
reinforce,20.0,2,533,205.04979502241585,173,0.030444622039794922,13.554768800735474,,,86.22760009765625,86.22760009765625,,,60.371036529541016,40.37104034423828,
reinforce,20.0,2,534,196.1680795029539,164,0.029089927673339844,13.583956956863403,,,83.41171264648438,83.41171264648438,,,59.32231140136719,39.32231140136719,
reinforce,20.0,2,535,206.05072442936475,174,0.030651330947875977,13.614786148071289,,,78.94190216064453,78.94190216064453,,,60.3282470703125,40.328243255615234,
reinforce,20.0,2,536,191.51723447568253,161,0.02826094627380371,13.643229961395264,,,84.10319519042969,84.10319519042969,,,58.52045440673828,38.520450592041016,
reinforce,20.0,2,537,190.32330820460908,158,0.02781200408935547,13.671226978302002,,,82.65555572509766,82.65555572509766,,,58.30052185058594,38.300514221191406,
reinforce,20.0,2,538,173.7508643195736,144,0.02492690086364746,13.696325778961182,,,80.30150604248047,80.30150604248047,,,56.147464752197266,36.147464752197266,
reinforce,20.0,2,539,172.41529309994456,142,0.023467063903808594,13.719985008239746,,,70.14250946044922,70.14250946044922,,,55.91035842895508,35.91035842895508,
reinforce,20.0,2,540,163.61811570624408,134,0.02310490608215332,13.743270874023438,166.0757644352588,5.6494306341308915,76.87264251708984,76.87264251708984,,,53.93840026855469,33.93840026855469,
reinforce,20.0,2,541,180.7540234979286,148,0.026095151901245117,13.829239130020142,,,83.38847351074219,83.38847351074219,,,57.121864318847656,37.12187194824219,
reinforce,20.0,2,542,155.20899789349238,127,0.022247791290283203,13.851674795150757,,,73.88041687011719,73.88041687011719,,,52.38430404663086,32.38430404663086,
reinforce,20.0,2,543,138.41047585312938,113,0.020386934280395508,13.872153043746948,,,59.146724700927734,59.146724700927734,,,48.9098014831543,28.909801483154297,
reinforce,20.0,2,544,149.95750311563557,123,0.021842002868652344,13.894155025482178,,,68.21598052978516,68.21598052978516,,,51.71659851074219,31.716596603393555,
reinforce,20.0,2,545,129.11096381069484,104,0.01840996742248535,13.912731885910034,,,53.77587127685547,53.77587127685547,,,46.92106628417969,26.921072006225586,
reinforce,20.0,2,546,133.63115378488632,107,0.01916027069091797,13.932063102722168,,,56.53364944458008,56.53364944458008,,,48.00840759277344,28.008405685424805,
reinforce,20.0,2,547,118.53196746587692,97,0.017364025115966797,13.949578046798706,,,45.7664794921875,45.7664794921875,,,44.74186706542969,24.741863250732422,
reinforce,20.0,2,548,108.53871741421655,87,0.015781164169311523,13.965516090393066,,,53.17727279663086,53.17727279663086,,,41.574581146240234,21.574581146240234,
reinforce,20.0,2,549,113.34114021674539,91,0.016296863555908203,13.981968879699707,,,56.09072494506836,56.09072494506836,,,43.1461296081543,23.146129608154297,
reinforce,20.0,2,550,101.75797060917209,81,0.014559030532836914,13.99669885635376,,,49.161930084228516,49.161930084228516,,,40.53512191772461,20.535118103027344,
reinforce,20.0,2,551,100.87260424087809,79,0.013463020324707031,14.010324954986572,,,49.78929138183594,49.78929138183594,,,40.33234405517578,20.332340240478516,
reinforce,20.0,2,552,98.74414943706867,79,0.013219833374023438,14.023717880249023,,,40.04814910888672,40.04814910888672,,,39.06031036376953,19.060312271118164,
reinforce,20.0,2,553,101.32888736855742,79,0.025297164916992188,14.049143075942993,,,47.574241638183594,47.574241638183594,,,40.25312042236328,20.25312042236328,
reinforce,20.0,2,554,87.76370508922025,69,0.011663675308227539,14.060991048812866,,,33.671287536621094,33.671287536621094,,,36.56733322143555,16.567331314086914,
reinforce,20.0,2,555,87.20532656084745,68,0.011709928512573242,14.072877168655396,,,35.949241638183594,35.949241638183594,,,36.544498443603516,16.54450035095215,
reinforce,20.0,2,556,95.40444058030997,75,0.01295018196105957,14.085989952087402,,,43.87047576904297,43.87047576904297,,,38.374839782714844,18.374839782714844,
reinforce,20.0,2,557,76.52692506040731,60,0.010865926742553711,14.097019910812378,,,24.087682723999023,24.087682723999023,,,33.23338317871094,13.233383178710938,
reinforce,20.0,2,558,86.00729662317482,66,0.011198043823242188,14.108378887176514,,,37.77605056762695,37.77605056762695,,,36.19976043701172,16.19976234436035,
reinforce,20.0,2,559,100.76844242087363,79,0.013901948928833008,14.122451066970825,,,40.416221618652344,40.416221618652344,,,40.1829833984375,20.182981491088867,
reinforce,20.0,2,560,86.58927767638534,69,0.011827945709228516,14.13451600074768,87.9850199337282,1.6494602755669194,38.33275604248047,38.33275604248047,,,35.87831115722656,15.878314018249512,
reinforce,20.0,2,561,94.44736862022128,74,0.012611150741577148,14.177098989486694,,,36.85516357421875,36.85516357421875,,,38.7020378112793,18.702037811279297,
reinforce,20.0,2,562,91.1157145409112,73,0.012732982635498047,14.189970016479492,,,32.62844467163086,32.62844467163086,,,37.53419876098633,17.534198760986328,
reinforce,20.0,2,563,99.7805897622854,76,0.013095855712890625,14.203216791152954,,,41.34454345703125,41.34454345703125,,,40.3919563293457,20.391958236694336,
reinforce,20.0,2,564,102.30804506062773,78,0.013418912887573242,14.21678900718689,,,49.843936920166016,49.843936920166016,,,41.23606872558594,21.236064910888672,
reinforce,20.0,2,565,92.04413154713005,72,0.01271200180053711,14.229598045349121,,,41.17546081542969,41.17546081542969,,,37.73355484008789,17.733558654785156,
reinforce,20.0,2,566,128.91133908669323,99,0.017062902450561523,14.246815919876099,,,55.40636444091797,55.40636444091797,,,47.98671340942383,27.986713409423828,
reinforce,20.0,2,567,105.25010640556137,82,0.014125823974609375,14.261106014251709,,,53.41328430175781,53.41328430175781,,,42.393890380859375,22.393892288208008,
reinforce,20.0,2,568,125.78056849669049,99,0.016858816146850586,14.278117895126343,,,64.07115173339844,64.07115173339844,,,46.81349563598633,26.813495635986328,
reinforce,20.0,2,569,120.51788767353553,93,0.015864849090576172,14.294142007827759,,,56.167057037353516,56.167057037353516,,,46.08280944824219,26.082805633544922,
reinforce,20.0,2,570,131.74959734837287,103,0.017551898956298828,14.311858892440796,,,62.86142349243164,62.86142349243164,,,48.016605377197266,28.016605377197266,
reinforce,20.0,2,571,114.06493578096986,90,0.015525102615356445,14.327556133270264,,,53.391937255859375,53.391937255859375,,,44.23773956298828,24.23773956298828,
reinforce,20.0,2,572,145.30017806886838,115,0.01922893524169922,14.346938848495483,,,62.48758316040039,62.48758316040039,,,51.18765640258789,31.18765640258789,
reinforce,20.0,2,573,131.92949634432566,103,0.017157316207885742,14.364246129989624,,,57.418846130371094,57.418846130371094,,,47.93220138549805,27.93220329284668,
reinforce,20.0,2,574,161.74561151619466,129,0.022218942642211914,14.386634111404419,,,73.55115509033203,73.55115509033203,,,54.49811553955078,34.49811935424805,
reinforce,20.0,2,575,142.96037896395399,113,0.01916813850402832,14.405965089797974,,,64.71328735351562,64.71328735351562,,,50.70741653442383,30.70741844177246,
reinforce,20.0,2,576,164.46146786352202,133,0.0225980281829834,14.428693056106567,,,75.8587875366211,75.8587875366211,,,54.040008544921875,34.040008544921875,
reinforce,20.0,2,577,167.59423211334774,136,0.028198957443237305,14.457014083862305,,,67.693603515625,67.693603515625,,,54.504425048828125,34.504425048828125,
reinforce,20.0,2,578,167.29937208741376,136,0.024616003036499023,14.481794118881226,,,73.42578125,73.42578125,,,54.37462615966797,34.37461853027344,
reinforce,20.0,2,579,199.28041260127227,164,0.03324699401855469,14.515225172042847,,,76.81289672851562,76.81289672851562,,,60.24327850341797,40.24327850341797,
reinforce,20.0,2,580,182.5998373295079,150,0.02774190902709961,14.543223142623901,229.1701095719312,13.419776167853433,78.0868911743164,78.0868911743164,,,56.881717681884766,36.881717681884766,
reinforce,20.0,2,581,188.36576672144332,156,0.03097987174987793,14.70449686050415,,,82.23731994628906,82.23731994628906,,,56.56025314331055,36.56024932861328,
reinforce,20.0,2,582,178.7826229591185,145,0.028274059295654297,14.732962131500244,,,83.25293731689453,83.25293731689453,,,56.6314582824707,36.63146209716797,
reinforce,20.0,2,583,209.20319633669854,176,0.03688693046569824,14.770078897476196,,,84.96215057373047,84.96215057373047,,,60.57673645019531,40.57674026489258,
reinforce,20.0,2,584,228.6604184108835,183,0.033393144607543945,14.803683042526245,,,93.10932159423828,93.10932159423828,,,66.17497253417969,46.17497634887695,
reinforce,20.0,2,585,210.5660688716534,175,0.031054019927978516,14.834926128387451,,,91.84440612792969,91.84440612792969,,,61.28508758544922,41.28509521484375,
reinforce,20.0,2,586,204.44443082828357,169,0.028423309326171875,14.863511085510254,,,87.50128173828125,87.50128173828125,,,60.50276184082031,40.502769470214844,
reinforce,20.0,2,587,237.5602481780936,201,0.03301405906677246,14.896668910980225,,,94.583984375,94.583984375,,,64.23763275146484,44.237640380859375,
reinforce,20.0,2,588,212.3394190589641,179,0.030319929122924805,14.927165985107422,,,86.25994873046875,86.25994873046875,,,60.49363708496094,40.49363708496094,
reinforce,20.0,2,589,211.21669080897684,177,0.02986311912536621,14.957178115844727,,,84.49789428710938,84.49789428710938,,,60.72801208496094,40.72801971435547,
reinforce,20.0,2,590,210.61794268330914,175,0.029628276824951172,14.98697018623352,,,91.41496276855469,91.41496276855469,,,61.33184051513672,41.331844329833984,
reinforce,20.0,2,591,202.47412878158735,172,0.029195070266723633,15.016330003738403,,,80.41552734375,80.41552734375,,,58.47946548461914,38.47946548461914,
reinforce,20.0,2,592,189.75814997823215,156,0.02656698226928711,15.043071985244751,,,87.9168701171875,87.9168701171875,,,58.7089958190918,38.70899200439453,
reinforce,20.0,2,593,187.4897544739706,156,0.026467084884643555,15.069715976715088,,,76.69031524658203,76.69031524658203,,,56.54862594604492,36.54862594604492,
reinforce,20.0,2,594,206.66480124333322,175,0.029544830322265625,15.099429845809937,,,84.63571166992188,84.63571166992188,,,59.615604400634766,39.6156005859375,
reinforce,20.0,2,595,193.01169172404067,157,0.02668166160583496,15.126281023025513,,,86.91929626464844,86.91929626464844,,,60.03533172607422,40.03533172607422,
reinforce,20.0,2,596,195.7340778177684,165,0.028078079223632812,15.15452790260315,,,82.77600860595703,82.77600860595703,,,58.424503326416016,38.42449951171875,
reinforce,20.0,2,597,177.19146810507604,144,0.024386882781982422,15.17908787727356,,,75.77490234375,75.77490234375,,,56.32908630371094,36.3290901184082,
reinforce,20.0,2,598,210.88869726801897,179,0.030146121978759766,15.209405899047852,,,85.97964477539062,85.97964477539062,,,60.291988372802734,40.2919807434082,
reinforce,20.0,2,599,182.45745216733866,151,0.0259552001953125,15.235541105270386,,,85.55431365966797,85.55431365966797,,,57.77460861206055,37.77460861206055,
reinforce,20.0,2,600,194.22493294037008,159,0.026864051818847656,15.26257610321045,184.71401378710212,8.331268972934238,78.5413818359375,78.5413818359375,,,59.449981689453125,39.449981689453125,
reinforce,20.0,2,601,181.1538894782255,150,0.025602102279663086,15.355207920074463,,,80.58291625976562,80.58291625976562,,,56.6683349609375,36.6683349609375,
reinforce,20.0,2,602,171.21081029277877,139,0.023463964462280273,15.378811836242676,,,79.40764617919922,79.40764617919922,,,55.29219055175781,35.29219055175781,
reinforce,20.0,2,603,187.9218380670955,154,0.025834083557128906,15.4048011302948,,,76.67317199707031,76.67317199707031,,,58.8275032043457,38.82749557495117,
reinforce,20.0,2,604,171.96696657724175,141,0.024438858032226562,15.429404973983765,,,73.34614562988281,73.34614562988281,,,55.93062210083008,35.93062210083008,
reinforce,20.0,2,605,186.1750015651074,153,0.025993824005126953,15.455550909042358,,,79.37456512451172,79.37456512451172,,,57.279781341552734,37.2797737121582,
reinforce,20.0,2,606,183.8671067303159,151,0.025761842727661133,15.481469869613647,,,87.67109680175781,87.67109680175781,,,58.15833282470703,38.1583366394043,
reinforce,20.0,2,607,215.02387329562563,182,0.03047013282775879,15.512088060379028,,,91.52979278564453,91.52979278564453,,,62.20704650878906,42.20704650878906,
reinforce,20.0,2,608,225.97891207675406,194,0.03297924995422363,15.545221090316772,,,87.48576354980469,87.48576354980469,,,61.664329528808594,41.66433334350586,
reinforce,20.0,2,609,204.15827102000125,170,0.028824806213378906,15.574257850646973,,,87.19588470458984,87.19588470458984,,,60.3763427734375,40.3763427734375,
reinforce,20.0,2,610,258.5171361310115,229,0.03847694396972656,15.61290192604065,,,92.99445343017578,92.99445343017578,,,65.12472534179688,45.124732971191406,
reinforce,20.0,2,611,246.2719238654805,216,0.036663055419921875,15.649665117263794,,,94.00279998779297,94.00279998779297,,,64.02706909179688,44.02707290649414,
reinforce,20.0,2,612,251.72614998920065,221,0.037140846252441406,15.686986923217773,,,100.77510833740234,100.77510833740234,,,64.48439025878906,44.48439407348633,
reinforce,20.0,2,613,322.54840773277164,293,0.0492711067199707,15.736431121826172,,,107.05776977539062,107.05776977539062,,,70.24474334716797,50.2447395324707,
reinforce,20.0,2,614,344.3506215324576,314,0.05501699447631836,15.791628122329712,,,104.57007598876953,104.57007598876953,,,71.93289184570312,51.932891845703125,
reinforce,20.0,2,615,442.15645152709334,412,0.07063913345336914,15.86240005493164,,,127.13434600830078,127.13434600830078,,,77.9370346069336,57.937034606933594,
reinforce,20.0,2,616,520.353930875286,489,0.08523678779602051,15.947819948196411,,,125.28926086425781,125.28926086425781,,,81.15679168701172,61.15678787231445,
reinforce,20.0,2,617,361.11070972504433,257,0.0449368953704834,15.992939949035645,,,160.04347229003906,160.04347229003906,,,92.38060760498047,72.38060760498047,
reinforce,20.0,2,618,416.7452099650823,314,0.05195975303649902,16.04508399963379,,,160.55581665039062,160.55581665039062,,,92.74630737304688,72.74630737304688,
reinforce,20.0,2,619,393.4960595053675,279,0.04648613929748535,16.091731071472168,,,169.58511352539062,169.58511352539062,,,95.23743438720703,75.23743438720703,
reinforce,20.0,2,620,369.81841853123245,255,0.04479408264160156,16.13671612739563,348.12160872697524,5.324562339022823,157.185791015625,157.185791015625,,,94.93082427978516,74.93081665039062,
reinforce,20.0,2,621,348.09048226386915,233,0.041177988052368164,16.282753944396973,,,151.8077392578125,151.8077392578125,,,95.31843566894531,75.31843566894531,
reinforce,20.0,2,622,352.1579790633839,237,0.04017806053161621,16.32309603691101,,,159.39141845703125,159.39141845703125,,,95.00504302978516,75.00505828857422,
reinforce,20.0,2,623,294.733159941599,210,0.03484201431274414,16.358114004135132,,,137.26268005371094,137.26268005371094,,,83.16407775878906,63.16408157348633,
reinforce,20.0,2,624,270.2523699647774,194,0.03328990936279297,16.39156723022461,,,123.92367553710938,123.92367553710938,,,78.95734405517578,58.95734405517578,
reinforce,20.0,2,625,315.7801151877397,226,0.0374908447265625,16.42921805381775,,,137.7684326171875,137.7684326171875,,,85.57769012451172,65.57769775390625,
reinforce,20.0,2,626,282.22912506335354,197,0.03309988975524902,16.462488174438477,,,144.75933837890625,144.75933837890625,,,82.61808776855469,62.61809158325195,
reinforce,20.0,2,627,270.99557829435355,192,0.07300615310668945,16.535617113113403,,,133.96900939941406,133.96900939941406,,,80.0379867553711,60.03798294067383,
reinforce,20.0,2,628,278.55644165302766,204,0.034754037857055664,16.57056212425232,,,129.20606994628906,129.20606994628906,,,79.0187759399414,59.01877975463867,
reinforce,20.0,2,629,230.5137756973938,163,0.02729177474975586,16.59802508354187,,,123.41650390625,123.41650390625,,,72.41828155517578,52.41828155517578,
reinforce,20.0,2,630,294.0916348537138,215,0.03658127784729004,16.634756088256836,,,136.10293579101562,136.10293579101562,,,81.061279296875,61.06128692626953,
reinforce,20.0,2,631,256.6654244791143,181,0.03301501274108887,16.667927026748657,,,125.33301544189453,125.33301544189453,,,77.1688232421875,57.168819427490234,
reinforce,20.0,2,632,259.78297969202634,184,0.03248095512390137,16.700565099716187,,,135.11158752441406,135.11158752441406,,,77.21631622314453,57.21630859375,
reinforce,20.0,2,633,243.0156927789127,174,0.03369712829589844,16.734434127807617,,,115.98749542236328,115.98749542236328,,,73.73789978027344,53.737892150878906,
reinforce,20.0,2,634,201.57147018168763,140,0.02686905860900879,16.761460065841675,,,98.1568374633789,98.1568374633789,,,68.30741882324219,48.30742645263672,
reinforce,20.0,2,635,228.34670829576163,161,0.03087329864501953,16.79254412651062,,,108.38175964355469,108.38175964355469,,,72.08892059326172,52.08891677856445,
reinforce,20.0,2,636,221.8334581125899,155,0.028415203094482422,16.82108211517334,,,106.02229309082031,106.02229309082031,,,71.36222839355469,51.36222457885742,
reinforce,20.0,2,637,208.42254951786643,145,0.02702617645263672,16.84829306602478,,,108.86100006103516,108.86100006103516,,,69.38594055175781,49.38593673706055,
reinforce,20.0,2,638,168.24362402739095,115,0.020515918731689453,16.868973970413208,,,86.0828628540039,86.0828628540039,,,61.19824981689453,41.19824981689453,
reinforce,20.0,2,639,169.45877928436065,115,0.020392894744873047,16.889554977416992,,,89.66162872314453,89.66162872314453,,,61.83429718017578,41.83429718017578,
reinforce,20.0,2,640,154.1908106096865,104,0.01695108413696289,16.906655073165894,153.09496537867136,4.68092287885259,78.07311248779297,78.07311248779297,,,58.13336944580078,38.13336944580078,
reinforce,20.0,2,641,180.36099638307417,122,0.020850181579589844,16.972623825073242,,,97.46453857421875,97.46453857421875,,,64.07548522949219,44.07548522949219,
reinforce,20.0,2,642,168.06671026941913,115,0.01958608627319336,16.992383003234863,,,78.64521026611328,78.64521026611328,,,61.17619323730469,41.17619323730469,
reinforce,20.0,2,643,158.67090879150518,110,0.01904606819152832,17.011597156524658,,,95.7630615234375,95.7630615234375,,,58.784507751464844,38.784507751464844,
reinforce,20.0,2,644,160.77119992761425,109,0.01856064796447754,17.03032088279724,,,84.69445037841797,84.69445037841797,,,59.96943664550781,39.96942901611328,
reinforce,20.0,2,645,131.17252942832988,89,0.015532255172729492,17.046014070510864,,,64.24110412597656,64.24110412597656,,,52.27617645263672,32.27617645263672,
reinforce,20.0,2,646,142.4127944325979,98,0.01694512367248535,17.063162803649902,,,75.4788818359375,75.4788818359375,,,54.77185821533203,34.77185821533203,
reinforce,20.0,2,647,137.65711572082765,93,0.015954017639160156,17.079272985458374,,,77.95584106445312,77.95584106445312,,,54.443763732910156,34.44376754760742,
reinforce,20.0,2,648,139.06710407322214,96,0.016448020935058594,17.095890045166016,,,71.80510711669922,71.80510711669922,,,53.86531066894531,33.86531066894531,
reinforce,20.0,2,649,145.00157085507988,99,0.01672983169555664,17.11277484893799,,,81.92018127441406,81.92018127441406,,,55.37215042114258,35.372154235839844,
reinforce,20.0,2,650,149.72686246478514,104,0.017802000045776367,17.130728006362915,,,70.3860855102539,70.3860855102539,,,56.47012710571289,36.47012710571289,
reinforce,20.0,2,651,153.5544778908038,109,0.018623828887939453,17.149521827697754,,,78.8239517211914,78.8239517211914,,,57.34343719482422,37.34343719482422,
reinforce,20.0,2,652,144.78695766143102,102,0.01753687858581543,17.167221069335938,,,73.37553405761719,73.37553405761719,,,55.21587371826172,35.21587371826172,
reinforce,20.0,2,653,131.19800023951856,93,0.015737056732177734,17.183125019073486,,,68.27174377441406,68.27174377441406,,,51.6358642578125,31.635866165161133,
reinforce,20.0,2,654,128.15562022522766,91,0.015292167663574219,17.19857692718506,,,67.6004867553711,67.6004867553711,,,50.24079895019531,30.24079704284668,
reinforce,20.0,2,655,128.85447555422778,89,0.015505075454711914,17.21423101425171,,,69.07383728027344,69.07383728027344,,,51.16816711425781,31.168169021606445,
reinforce,20.0,2,656,117.2590084222441,81,0.015136003494262695,17.229525089263916,,,58.448036193847656,58.448036193847656,,,48.06504440307617,28.065046310424805,
reinforce,20.0,2,657,131.43301588109654,94,0.016495227813720703,17.246199131011963,,,66.85761260986328,66.85761260986328,,,51.6893424987793,31.689340591430664,
reinforce,20.0,2,658,132.21703626688665,93,0.015892982482910156,17.26225781440735,,,59.7253303527832,59.7253303527832,,,51.745582580566406,31.745582580566406,
reinforce,20.0,2,659,136.54192156267132,96,0.016578197479248047,17.278988122940063,,,67.33074188232422,67.33074188232422,,,52.60532760620117,32.60532760620117,
reinforce,20.0,2,660,120.05219844303994,84,0.014353036880493164,17.293492078781128,118.29844863259962,2.1243092474082133,64.94989013671875,64.94989013671875,,,48.363773345947266,28.363773345947266,
reinforce,20.0,2,661,121.18482579073935,87,0.01607203483581543,17.345712900161743,,,65.75723266601562,65.75723266601562,,,49.13381576538086,29.13382339477539,
reinforce,20.0,2,662,126.85255592942491,89,0.014991044998168945,17.360846996307373,,,60.28113555908203,60.28113555908203,,,50.10257339477539,30.102571487426758,
reinforce,20.0,2,663,137.20885894253368,96,0.01592087745666504,17.376901865005493,,,65.68895721435547,65.68895721435547,,,52.87575149536133,32.875755310058594,
reinforce,20.0,2,664,122.30026550752699,86,0.015115976333618164,17.39216899871826,,,55.81760025024414,55.81760025024414,,,49.38808059692383,29.388080596923828,
reinforce,20.0,2,665,126.50319660908228,89,0.015214204788208008,17.40753412246704,,,62.67136001586914,62.67136001586914,,,50.12227249145508,30.122278213500977,
reinforce,20.0,2,666,124.99040452091768,89,0.015214920043945312,17.42293095588684,,,66.34813690185547,66.34813690185547,,,49.945804595947266,29.9458065032959,
reinforce,20.0,2,667,138.54707433534105,97,0.016299724578857422,17.439376831054688,,,68.56012725830078,68.56012725830078,,,53.33140563964844,33.33140563964844,
reinforce,20.0,2,668,136.47659943745353,96,0.0164182186126709,17.455944061279297,,,74.0110855102539,74.0110855102539,,,52.4979133605957,32.49790954589844,
reinforce,20.0,2,669,140.09048659010077,100,0.017227649688720703,17.473339796066284,,,69.20284271240234,69.20284271240234,,,53.34805679321289,33.348060607910156,
reinforce,20.0,2,670,129.277855692349,95,0.016197919845581055,17.48968195915222,,,56.46263885498047,56.46263885498047,,,50.52449035644531,30.524490356445312,
reinforce,20.0,2,671,126.20776622143042,90,0.01535487174987793,17.505182027816772,,,73.06437683105469,73.06437683105469,,,49.904808044433594,29.90480613708496,
reinforce,20.0,2,672,134.8120720853804,96,0.01638007164001465,17.521677017211914,,,64.7634048461914,64.7634048461914,,,51.76334762573242,31.76334571838379,
reinforce,20.0,2,673,136.4813046391072,97,0.016427040100097656,17.538256883621216,,,77.45928955078125,77.45928955078125,,,52.64111328125,32.64111328125,
reinforce,20.0,2,674,131.17687014613617,94,0.01619410514831543,17.554625034332275,,,63.44272994995117,63.44272994995117,,,51.34482192993164,31.344820022583008,
reinforce,20.0,2,675,146.6951575834992,106,0.017944812774658203,17.572723865509033,,,68.57085418701172,68.57085418701172,,,54.669837951660156,34.669837951660156,
reinforce,20.0,2,676,154.0435246605738,112,0.019477128982543945,17.592370986938477,,,80.54997253417969,80.54997253417969,,,56.550537109375,36.550537109375,
reinforce,20.0,2,677,151.14671272502153,111,0.018928050994873047,17.611459016799927,,,83.57948303222656,83.57948303222656,,,54.82076644897461,34.82076644897461,
reinforce,20.0,2,678,140.8421309656165,102,0.017335176467895508,17.628968000411987,,,80.76371765136719,80.76371765136719,,,53.58538818359375,33.585391998291016,
reinforce,20.0,2,679,141.32121670251146,103,0.017609119415283203,17.64673900604248,,,76.41636657714844,76.41636657714844,,,53.4818229675293,33.48181915283203,
reinforce,20.0,2,680,131.2507229583682,93,0.01593613624572754,17.662830114364624,127.19986664623563,2.0606827873747924,60.76451110839844,60.76451110839844,,,51.53998565673828,31.53998374938965,
reinforce,20.0,2,681,141.13709250454636,101,0.01767110824584961,17.720173120498657,,,77.89212799072266,77.89212799072266,,,53.74164962768555,33.74164962768555,
reinforce,20.0,2,682,120.91910944774577,88,0.014738798141479492,17.735081911087036,,,56.66891098022461,56.66891098022461,,,47.48533630371094,27.485332489013672,
reinforce,20.0,2,683,121.79087454780672,89,0.015229940414428711,17.750445127487183,,,59.15626525878906,59.15626525878906,,,48.39316940307617,28.393177032470703,
reinforce,20.0,2,684,107.57667627814227,78,0.013933897018432617,17.764546155929565,,,51.806007385253906,51.806007385253906,,,44.54008865356445,24.54008674621582,
reinforce,20.0,2,685,137.25142060810066,100,0.0169680118560791,17.781672954559326,,,70.91419219970703,70.91419219970703,,,52.04161071777344,32.04161071777344,
reinforce,20.0,2,686,120.11373520056904,88,0.015511035919189453,17.79735803604126,,,59.07648849487305,59.07648849487305,,,47.838558197021484,27.83855628967285,
reinforce,20.0,2,687,119.55068608063294,88,0.015402793884277344,17.812914848327637,,,53.63363265991211,53.63363265991211,,,47.293277740478516,27.29327392578125,
reinforce,20.0,2,688,123.3088603797112,90,0.01568913459777832,17.82876205444336,,,63.48335647583008,63.48335647583008,,,48.73918151855469,28.739179611206055,
reinforce,20.0,2,689,112.58308232186643,81,0.01391291618347168,17.842841148376465,,,54.05785369873047,54.05785369873047,,,46.07093048095703,26.07093048095703,
reinforce,20.0,2,690,112.09421365619266,81,0.013989925384521484,17.856989860534668,,,49.27111053466797,49.27111053466797,,,45.35682678222656,25.35682487487793,
reinforce,20.0,2,691,112.65500811560939,83,0.014514923095703125,17.871656894683838,,,60.14863586425781,60.14863586425781,,,45.55965042114258,25.559646606445312,
reinforce,20.0,2,692,105.94689051597196,77,0.01332998275756836,17.885125875473022,,,57.158870697021484,57.158870697021484,,,43.77333450317383,23.773338317871094,
reinforce,20.0,2,693,102.81760527447264,73,0.012454986572265625,17.897713899612427,,,46.96015548706055,46.96015548706055,,,43.0929069519043,23.09290885925293,
reinforce,20.0,2,694,113.51077358073688,84,0.014436006546020508,17.912266969680786,,,60.38922882080078,60.38922882080078,,,45.69380569458008,25.693809509277344,
reinforce,20.0,2,695,111.54419628986842,82,0.014166116714477539,17.926571130752563,,,49.05354309082031,49.05354309082031,,,45.22919845581055,25.22919464111328,
reinforce,20.0,2,696,115.71626299323835,83,0.01415705680847168,17.94085717201233,,,57.53171920776367,57.53171920776367,,,46.6622200012207,26.662221908569336,
reinforce,20.0,2,697,103.76200967409976,75,0.012941837310791016,17.95393681526184,,,37.73874282836914,37.73874282836914,,,42.7242431640625,22.724239349365234,
reinforce,20.0,2,698,108.63344405447344,80,0.014042854309082031,17.968137979507446,,,48.557273864746094,48.557273864746094,,,44.332603454589844,24.332603454589844,
reinforce,20.0,2,699,106.93182811453673,78,0.013732194900512695,17.982009172439575,,,44.90585708618164,44.90585708618164,,,43.89310836791992,23.893104553222656,
reinforce,20.0,2,700,109.75154826624903,81,0.014296770095825195,17.996423959732056,104.51527215013732,1.7056069379295884,54.97224044799805,54.97224044799805,,,44.84730911254883,24.847309112548828,
reinforce,20.0,2,701,118.54169309766796,87,0.015060186386108398,18.04612708091736,,,56.5722770690918,56.5722770690918,,,48.3221435546875,28.32213592529297,
reinforce,20.0,2,702,119.32517220173253,87,0.015120983123779297,18.061409950256348,,,57.500484466552734,57.500484466552734,,,47.21358108520508,27.21358299255371,
reinforce,20.0,2,703,102.74358214487054,72,0.012275934219360352,18.073840856552124,,,49.72215270996094,49.72215270996094,,,43.02388000488281,23.023876190185547,
reinforce,20.0,2,704,104.74826351914253,77,0.013335227966308594,18.08734703063965,,,48.456687927246094,48.456687927246094,,,43.50094985961914,23.500953674316406,
reinforce,20.0,2,705,112.36269841323708,81,0.014454126358032227,18.101958990097046,,,65.7782211303711,65.7782211303711,,,46.48307800292969,26.48308563232422,
reinforce,20.0,2,706,117.95635171294667,86,0.014996051788330078,18.11716890335083,,,65.24079895019531,65.24079895019531,,,46.62763595581055,26.627634048461914,
reinforce,20.0,2,707,113.65478292158815,83,0.014456987380981445,18.13177490234375,,,60.28266143798828,60.28266143798828,,,46.18912124633789,26.189117431640625,
reinforce,20.0,2,708,106.1096670621844,76,0.012984752655029297,18.14492392539978,,,45.7211799621582,45.7211799621582,,,44.0844612121582,24.08446502685547,
reinforce,20.0,2,709,101.91218260888084,71,0.01228189468383789,18.15734100341797,,,52.844051361083984,52.844051361083984,,,42.904178619384766,22.9041805267334,
reinforce,20.0,2,710,108.68155977591243,79,0.013673067092895508,18.171265125274658,,,57.41908264160156,57.41908264160156,,,44.647483825683594,24.647483825683594,
reinforce,20.0,2,711,97.92754292431748,69,0.011934995651245117,18.183417081832886,,,43.68841552734375,43.68841552734375,,,42.02289962768555,22.022905349731445,
reinforce,20.0,2,712,102.49846944665349,74,0.012704849243164062,18.19628381729126,,,40.143898010253906,40.143898010253906,,,42.45612335205078,22.45612335205078,
reinforce,20.0,2,713,101.18755839243423,72,0.012616872787475586,18.209081172943115,,,41.829898834228516,41.829898834228516,,,42.51435852050781,22.51435661315918,
reinforce,20.0,2,714,107.07797336067568,78,0.01363682746887207,18.222867965698242,,,52.61774444580078,52.61774444580078,,,44.28055953979492,24.280559539794922,
reinforce,20.0,2,715,101.38547217271451,72,0.012361764907836914,18.23538088798523,,,47.25160217285156,47.25160217285156,,,42.82014465332031,22.82014274597168,
reinforce,20.0,2,716,99.59514195843383,70,0.012205123901367188,18.247727155685425,,,45.604366302490234,45.604366302490234,,,42.27215576171875,22.272153854370117,
reinforce,20.0,2,717,103.55150044374014,75,0.01312112808227539,18.261016130447388,,,49.42497253417969,49.42497253417969,,,42.85707473754883,22.857072830200195,
reinforce,20.0,2,718,102.38939901808766,74,0.012624979019165039,18.273776054382324,,,48.08250045776367,48.08250045776367,,,42.7006721496582,22.70067024230957,
reinforce,20.0,2,719,97.8539053255601,70,0.012484073638916016,18.28635811805725,,,43.099063873291016,43.099063873291016,,,41.80228805541992,21.802288055419922,
reinforce,20.0,2,720,110.6502484811322,79,0.013351202011108398,18.299854040145874,107.85017051786424,2.2108652062355922,59.24427032470703,59.24427032470703,,,45.42142105102539,25.421417236328125,
reinforce,20.0,2,721,113.22141263259495,80,0.013859033584594727,18.34797215461731,,,54.56557083129883,54.56557083129883,,,46.27201461791992,26.27201271057129,
reinforce,20.0,2,722,114.19148556716344,83,0.014580249786376953,18.36269211769104,,,62.696311950683594,62.696311950683594,,,46.243324279785156,26.24332618713379,
reinforce,20.0,2,723,105.91663799139566,76,0.013484954833984375,18.376332998275757,,,45.1147346496582,45.1147346496582,,,44.004329681396484,24.00432777404785,
reinforce,20.0,2,724,106.63205216169715,78,0.0134429931640625,18.389920949935913,,,44.66122817993164,44.66122817993164,,,43.731231689453125,23.73123550415039,
reinforce,20.0,2,725,112.3469326419841,82,0.014180898666381836,18.40424394607544,,,69.00514221191406,69.00514221191406,,,45.411888122558594,25.41188621520996,
reinforce,20.0,2,726,113.20023183095765,83,0.014045953750610352,18.41843295097351,,,47.60737991333008,47.60737991333008,,,45.234222412109375,25.234222412109375,
reinforce,20.0,2,727,111.59921846671001,80,0.013665914535522461,18.432252883911133,,,68.86166381835938,68.86166381835938,,,46.00037384033203,26.000370025634766,
reinforce,20.0,2,728,115.37604918669287,84,0.014391183853149414,18.4467830657959,,,51.55219268798828,51.55219268798828,,,46.18888473510742,26.18888282775879,
reinforce,20.0,2,729,119.8572937636593,88,0.015015125274658203,18.461955070495605,,,59.1421012878418,59.1421012878418,,,47.3007698059082,27.300769805908203,
reinforce,20.0,2,730,109.54363880776008,81,0.014013051986694336,18.476108074188232,,,55.62295150756836,55.62295150756836,,,44.54927444458008,24.549270629882812,
reinforce,20.0,2,731,114.08869437279611,81,0.014267206192016602,18.490509033203125,,,54.567562103271484,54.567562103271484,,,46.298458099365234,26.298458099365234,
reinforce,20.0,2,732,110.30180233658697,79,0.013762712478637695,18.50442385673523,,,57.41334533691406,57.41334533691406,,,45.30167007446289,25.301671981811523,
reinforce,20.0,2,733,112.370125310689,81,0.014023065567016602,18.51858401298523,,,57.730804443359375,57.730804443359375,,,45.70519256591797,25.70519256591797,
reinforce,20.0,2,734,110.5999180900919,80,0.013920068740844727,18.5327091217041,,,56.90300369262695,56.90300369262695,,,45.01057815551758,25.010581970214844,
reinforce,20.0,2,735,120.97160646736911,87,0.014837980270385742,18.547702074050903,,,56.13038635253906,56.13038635253906,,,47.82112121582031,27.821121215820312,
reinforce,20.0,2,736,120.31855143609884,87,0.015342235565185547,18.563205242156982,,,54.873558044433594,54.873558044433594,,,48.023197174072266,28.023195266723633,
reinforce,20.0,2,737,108.18982184463677,79,0.013695955276489258,18.57704186439514,,,48.10820770263672,48.10820770263672,,,44.9022102355957,24.90220832824707,
reinforce,20.0,2,738,113.13794226212642,81,0.01396799087524414,18.591152906417847,,,51.407649993896484,51.407649993896484,,,46.209861755371094,26.209863662719727,
reinforce,20.0,2,739,110.6499884914213,82,0.013913869857788086,18.605222940444946,,,47.39456558227539,47.39456558227539,,,44.71101379394531,24.711013793945312,
reinforce,20.0,2,740,116.51749204045827,85,0.014699935913085938,18.620054960250854,117.26818279076035,1.9764952078629852,50.731685638427734,50.731685638427734,,,46.85457992553711,26.854578018188477,
reinforce,20.0,2,741,110.89883166721297,81,0.014088153839111328,18.671439170837402,,,49.63899230957031,49.63899230957031,,,45.23246383666992,25.232463836669922,
reinforce,20.0,2,742,127.08505266446774,93,0.015748977661132812,18.68734908103943,,,67.83525085449219,67.83525085449219,,,49.26184844970703,29.261850357055664,
reinforce,20.0,2,743,116.96844497565651,87,0.015179157257080078,18.702680110931396,,,55.26480484008789,55.26480484008789,,,46.90275955200195,26.902759552001953,
reinforce,20.0,2,744,119.51324407419347,88,0.014925003051757812,18.717754125595093,,,60.0724983215332,60.0724983215332,,,47.386409759521484,27.38640594482422,
reinforce,20.0,2,745,143.11998049472496,106,0.018023014068603516,18.7359139919281,,,67.7984619140625,67.7984619140625,,,52.87548828125,32.875484466552734,
reinforce,20.0,2,746,126.83941071913614,94,0.01592087745666504,18.75200581550598,,,56.2082633972168,56.2082633972168,,,49.2024040222168,29.20240020751953,
reinforce,20.0,2,747,136.01224210637875,102,0.017672061920166016,18.769829034805298,,,67.25271606445312,67.25271606445312,,,51.70881271362305,31.708812713623047,
reinforce,20.0,2,748,165.38406693550078,122,0.020848751068115234,18.790855884552002,,,86.09520721435547,86.09520721435547,,,58.569244384765625,38.56924819946289,
reinforce,20.0,2,749,163.2698772930073,120,0.020315170288085938,18.811361074447632,,,79.48399353027344,79.48399353027344,,,57.69535827636719,37.69535827636719,
reinforce,20.0,2,750,143.11000800859196,104,0.017934083938598633,18.829455137252808,,,64.01551818847656,64.01551818847656,,,53.42067337036133,33.42066955566406,
reinforce,20.0,2,751,166.72337233339084,124,0.021233081817626953,18.850871086120605,,,81.98739624023438,81.98739624023438,,,58.43000030517578,38.43000030517578,
reinforce,20.0,2,752,148.07305159495132,110,0.01880478858947754,18.86984610557556,,,68.37190246582031,68.37190246582031,,,54.224754333496094,34.22475051879883,
reinforce,20.0,2,753,165.68503105527327,122,0.02053689956665039,18.890558004379272,,,82.5265884399414,82.5265884399414,,,58.985843658447266,38.985843658447266,
reinforce,20.0,2,754,134.32420898453543,96,0.015877246856689453,18.906596183776855,,,65.00826263427734,65.00826263427734,,,51.69755172729492,31.697553634643555,
reinforce,20.0,2,755,186.98957195064472,138,0.023965835571289062,18.930711030960083,,,94.42024230957031,94.42024230957031,,,63.01319122314453,43.01319122314453,
reinforce,20.0,2,756,150.11827348389772,108,0.018078327178955078,18.94894313812256,,,72.29218292236328,72.29218292236328,,,55.35471725463867,35.35471725463867,
reinforce,20.0,2,757,145.73286491426308,105,0.01784515380859375,18.966989040374756,,,68.92961120605469,68.92961120605469,,,54.29526901245117,34.29526901245117,
reinforce,20.0,2,758,166.4914609564663,123,0.020939111709594727,18.988070964813232,,,76.4264144897461,76.4264144897461,,,58.33052062988281,38.33052444458008,
reinforce,20.0,2,759,161.29984895750738,117,0.0197298526763916,19.007977962493896,,,87.06717681884766,87.06717681884766,,,57.52708435058594,37.52708435058594,
reinforce,20.0,2,760,153.3474572187806,111,0.019134044647216797,19.027254104614258,160.12750963124404,3.179075502862545,75.55072021484375,75.55072021484375,,,56.02970886230469,36.02970886230469,
reinforce,20.0,2,761,162.98774566947904,115,0.019775867462158203,19.097031831741333,,,76.91742706298828,76.91742706298828,,,58.95997619628906,38.95997619628906,
reinforce,20.0,2,762,139.49011858348064,99,0.016683101654052734,19.11388111114502,,,66.84674835205078,66.84674835205078,,,52.71036148071289,32.710365295410156,
reinforce,20.0,2,763,159.19397276033084,113,0.019526004791259766,19.133564949035645,,,82.44673156738281,82.44673156738281,,,58.09892654418945,38.09892654418945,
reinforce,20.0,2,764,157.8395027047639,111,0.018944978713989258,19.152679920196533,,,73.32254028320312,73.32254028320312,,,57.5551643371582,37.5551643371582,
reinforce,20.0,2,765,176.60727128108638,127,0.021578073501586914,19.174415826797485,,,85.60442352294922,85.60442352294922,,,61.306583404541016,41.30657958984375,
reinforce,20.0,2,766,156.76201393940528,110,0.018841028213500977,19.193429946899414,,,84.64308166503906,84.64308166503906,,,57.18402099609375,37.184017181396484,
reinforce,20.0,2,767,175.40584132451562,124,0.02107691764831543,19.214667081832886,,,87.17041015625,87.17041015625,,,61.31068801879883,41.31068801879883,
reinforce,20.0,2,768,138.12788509082333,96,0.016552209854125977,19.23139715194702,,,73.7707748413086,73.7707748413086,,,52.779788970947266,32.779788970947266,
reinforce,20.0,2,769,136.433855122219,94,0.016017913818359375,19.247575044631958,,,64.2726058959961,64.2726058959961,,,52.987274169921875,32.987274169921875,
reinforce,20.0,2,770,150.2292805279543,104,0.01785588264465332,19.265594005584717,,,87.99952697753906,87.99952697753906,,,56.66945266723633,36.66944885253906,
reinforce,20.0,2,771,151.6565599248819,104,0.017377138137817383,19.28312611579895,,,80.06145477294922,80.06145477294922,,,57.01923370361328,37.01923370361328,
reinforce,20.0,2,772,145.00650306720382,99,0.01654672622680664,19.29983687400818,,,71.21537780761719,71.21537780761719,,,55.2115592956543,35.21156311035156,
reinforce,20.0,2,773,119.48933107325726,81,0.014010906219482422,19.313999891281128,,,66.4251937866211,66.4251937866211,,,48.85547637939453,28.855472564697266,
reinforce,20.0,2,774,125.63989130910008,84,0.014485836029052734,19.3286349773407,,,65.5078353881836,65.5078353881836,,,50.73236846923828,30.732370376586914,
reinforce,20.0,2,775,141.91015629559635,96,0.016167879104614258,19.344951152801514,,,73.7773666381836,73.7773666381836,,,55.124385833740234,35.124385833740234,
reinforce,20.0,2,776,130.86316839524503,88,0.014868974685668945,19.36000108718872,,,64.82758331298828,64.82758331298828,,,52.047645568847656,32.04765319824219,
reinforce,20.0,2,777,137.55785662273072,92,0.015974760055541992,19.37612795829773,,,68.0160903930664,68.0160903930664,,,53.81708526611328,33.81708526611328,
reinforce,20.0,2,778,146.59425743733402,99,0.016940832138061523,19.393210887908936,,,75.9122543334961,75.9122543334961,,,56.0671272277832,36.0671272277832,
reinforce,20.0,2,779,133.25269667620952,90,0.015583992004394531,19.40896701812744,,,71.76063537597656,71.76063537597656,,,52.555728912353516,32.555728912353516,
reinforce,20.0,2,780,135.35583267075498,89,0.015376806259155273,19.424476861953735,149.4629759929906,2.950823950709171,72.4729232788086,72.4729232788086,,,53.22827911376953,33.22827911376953,
reinforce,20.0,2,781,145.73676074851653,98,0.016820907592773438,19.484676122665405,,,73.1685562133789,73.1685562133789,,,55.97439956665039,35.974395751953125,
reinforce,20.0,2,782,143.87905799111238,97,0.016772985458374023,19.501585006713867,,,72.31100463867188,72.31100463867188,,,55.20532989501953,35.20532989501953,
reinforce,20.0,2,783,162.38818355953842,110,0.018568754196166992,19.52029013633728,,,81.57547760009766,81.57547760009766,,,59.40467834472656,39.4046745300293,
reinforce,20.0,2,784,156.39208499792807,106,0.017874956130981445,19.53832507133484,,,81.9052734375,81.9052734375,,,58.29594802856445,38.29594421386719,
reinforce,20.0,2,785,142.34989154627698,96,0.016842126846313477,19.555354118347168,,,70.07395935058594,70.07395935058594,,,55.0780029296875,35.0780029296875,
reinforce,20.0,2,786,144.70769258808767,97,0.016460895538330078,19.571976900100708,,,82.41059112548828,82.41059112548828,,,55.510196685791016,35.510196685791016,
reinforce,20.0,2,787,148.37292882582727,99,0.017251014709472656,19.58939504623413,,,71.85530090332031,71.85530090332031,,,56.97451400756836,36.97452163696289,
reinforce,20.0,2,788,150.00262295823075,99,0.01639413833618164,19.6059410572052,,,91.74346923828125,91.74346923828125,,,57.57859802246094,37.5786018371582,
reinforce,20.0,2,789,124.24220257959855,82,0.014130830764770508,19.620221853256226,,,69.280029296875,69.280029296875,,,50.54659652709961,30.546594619750977,
reinforce,20.0,2,790,132.79371431397544,89,0.015265941619873047,19.63565993309021,,,60.97926712036133,60.97926712036133,,,52.75578308105469,32.75577926635742,
reinforce,20.0,2,791,156.13278499982502,105,0.01802802085876465,19.653846979141235,,,82.03341674804688,82.03341674804688,,,58.26633071899414,38.26633071899414,
reinforce,20.0,2,792,157.98153706324814,105,0.017815113067626953,19.671819925308228,,,77.87528228759766,77.87528228759766,,,59.35135269165039,39.35135269165039,
reinforce,20.0,2,793,138.07149252259757,92,0.015599966049194336,19.68759298324585,,,75.92745971679688,75.92745971679688,,,54.42412567138672,34.424129486083984,
reinforce,20.0,2,794,131.481127727163,88,0.015114784240722656,19.702863931655884,,,63.83443832397461,63.83443832397461,,,52.397605895996094,32.397605895996094,
reinforce,20.0,2,795,151.16324651940997,101,0.01764988899230957,19.720635890960693,,,81.99454498291016,81.99454498291016,,,57.709503173828125,37.709503173828125,
reinforce,20.0,2,796,168.98211644637234,114,0.019505977630615234,19.740315914154053,,,93.85499572753906,93.85499572753906,,,61.71399688720703,41.71399688720703,
reinforce,20.0,2,797,141.15727853835276,95,0.01647186279296875,19.75696110725403,,,74.01203918457031,74.01203918457031,,,55.0152702331543,35.0152702331543,
reinforce,20.0,2,798,154.63198334006043,104,0.017627239227294922,19.77474308013916,,,80.23601531982422,80.23601531982422,,,57.785709381103516,37.785709381103516,
reinforce,20.0,2,799,195.60107573806087,134,0.0225832462310791,19.797484159469604,,,103.90679168701172,103.90679168701172,,,66.86628723144531,46.86628341674805,
reinforce,20.0,2,800,217.71686879471355,151,0.025168895721435547,19.822803020477295,208.12968317003734,4.5576944058939,105.9122314453125,105.9122314453125,,,70.32432556152344,50.32432174682617,
reinforce,20.0,2,801,204.63861893330497,142,0.023622989654541016,19.907783031463623,,,105.67797088623047,105.67797088623047,,,67.72186279296875,47.72187042236328,
reinforce,20.0,2,802,238.05353345465548,167,0.028178930282592773,19.936140060424805,,,105.26731872558594,105.26731872558594,,,74.14031219482422,54.14030838012695,
reinforce,20.0,2,803,257.28019130480885,178,0.0300748348236084,19.96636390686035,,,119.07928466796875,119.07928466796875,,,77.93192291259766,57.93192672729492,
reinforce,20.0,2,804,246.5266977949854,173,0.028842926025390625,19.995362043380737,,,123.19074249267578,123.19074249267578,,,75.87417602539062,55.874176025390625,
reinforce,20.0,2,805,290.25073209443616,202,0.033648014068603516,20.029186964035034,,,137.84066772460938,137.84066772460938,,,83.05160522460938,63.05160140991211,
reinforce,20.0,2,806,302.33727387641227,208,0.03493618965148926,20.064258098602295,,,138.19544982910156,138.19544982910156,,,85.72218322753906,65.7221908569336,
reinforce,20.0,2,807,326.23297773532306,224,0.03737306594848633,20.101768016815186,,,148.4941864013672,148.4941864013672,,,89.4345932006836,69.43458557128906,
reinforce,20.0,2,808,312.6635879392853,213,0.03542184829711914,20.13736081123352,,,140.93704223632812,140.93704223632812,,,87.93004608154297,67.93004608154297,
reinforce,20.0,2,809,330.75549446025246,226,0.037390947341918945,20.174931049346924,,,139.0872802734375,139.0872802734375,,,90.34227752685547,70.34227752685547,
reinforce,20.0,2,810,327.9380481132024,225,0.03737664222717285,20.212485790252686,,,145.57066345214844,145.57066345214844,,,89.99017333984375,69.99017333984375,
reinforce,20.0,2,811,335.1056603652424,227,0.03802895545959473,20.250705003738403,,,145.93348693847656,145.93348693847656,,,91.60631561279297,71.60630798339844,
reinforce,20.0,2,812,326.22145459159526,224,0.03738903999328613,20.28826904296875,,,142.3454132080078,142.3454132080078,,,89.5836410522461,69.58363342285156,
reinforce,20.0,2,813,334.7477948064283,230,0.038304805755615234,20.32675790786743,,,148.39944458007812,148.39944458007812,,,90.51912689208984,70.51911926269531,
reinforce,20.0,2,814,319.92510924279776,217,0.03571009635925293,20.362646102905273,,,142.51771545410156,142.51771545410156,,,89.69182586669922,69.69182586669922,
reinforce,20.0,2,815,331.3429630833694,229,0.03767895698547363,20.400497913360596,,,142.976318359375,142.976318359375,,,89.51393127441406,69.51393127441406,
reinforce,20.0,2,816,337.6164373434025,232,0.03838706016540527,20.439048051834106,,,153.86294555664062,153.86294555664062,,,90.85481262207031,70.85481262207031,
reinforce,20.0,2,817,331.38622816770965,228,0.03844308853149414,20.477667093276978,,,145.8468475341797,145.8468475341797,,,89.97050476074219,69.97050476074219,
reinforce,20.0,2,818,330.4655548025208,226,0.03791999816894531,20.515761852264404,,,146.56002807617188,146.56002807617188,,,90.55181121826172,70.55181121826172,
reinforce,20.0,2,819,334.14266663501456,229,0.03883075714111328,20.554780960083008,,,143.7982940673828,143.7982940673828,,,90.20853424072266,70.20854187011719,
reinforce,20.0,2,820,332.2003233715808,225,0.03808903694152832,20.59305191040039,327.6282624614111,2.9302867789894496,150.1856231689453,150.1856231689453,,,91.24642181396484,71.24642181396484,
reinforce,20.0,2,821,326.6257437621141,225,0.037405967712402344,20.724710941314697,,,150.60215759277344,150.60215759277344,,,89.52241516113281,69.52241516113281,
reinforce,20.0,2,822,327.2468707755239,221,0.03654599189758301,20.761430978775024,,,144.58395385742188,144.58395385742188,,,90.5618896484375,70.5618896484375,
reinforce,20.0,2,823,334.94767003774666,228,0.03819894790649414,20.7998149394989,,,142.77755737304688,142.77755737304688,,,90.84939575195312,70.84939575195312,
reinforce,20.0,2,824,337.0030978021775,230,0.038408756256103516,20.83840298652649,,,145.9293975830078,145.9293975830078,,,91.21272277832031,71.21272277832031,
reinforce,20.0,2,825,331.50183986237323,227,0.03790116310119629,20.87648105621338,,,143.08778381347656,143.08778381347656,,,90.3482437133789,70.3482437133789,
reinforce,20.0,2,826,335.2638138868647,229,0.03774714469909668,20.914359092712402,,,154.3070068359375,154.3070068359375,,,90.74887084960938,70.74887084960938,
reinforce,20.0,2,827,347.72570571010357,242,0.04019808769226074,20.95469903945923,,,144.64242553710938,144.64242553710938,,,91.16768646240234,71.16768646240234,
reinforce,20.0,2,828,335.5057676930698,231,0.038778066635131836,20.993646144866943,,,148.37315368652344,148.37315368652344,,,90.28153228759766,70.28153228759766,
reinforce,20.0,2,829,329.3649915062638,226,0.03735995292663574,21.031189918518066,,,151.36619567871094,151.36619567871094,,,90.16942596435547,70.16942596435547,
reinforce,20.0,2,830,345.24630212213845,238,0.039628028869628906,21.07266902923584,,,146.07179260253906,146.07179260253906,,,91.67581176757812,71.67582702636719,
reinforce,20.0,2,831,319.1454143725452,214,0.03575491905212402,21.10858392715454,,,153.50205993652344,153.50205993652344,,,89.74571228027344,69.7457046508789,
reinforce,20.0,2,832,340.4504672585506,236,0.038799285888671875,21.147544145584106,,,153.1983184814453,153.1983184814453,,,90.76445007324219,70.76445007324219,
reinforce,20.0,2,833,333.2430394468797,227,0.03772902488708496,21.185485124588013,,,146.30679321289062,146.30679321289062,,,90.88467407226562,70.88467407226562,
reinforce,20.0,2,834,328.2002904223348,221,0.03718996047973633,21.22284483909607,,,147.31869506835938,147.31869506835938,,,91.05323791503906,71.05323028564453,
reinforce,20.0,2,835,342.18605195463425,237,0.039132118225097656,21.262161016464233,,,154.54440307617188,154.54440307617188,,,90.36981964111328,70.36981964111328,
reinforce,20.0,2,836,338.70226945735186,234,0.05971097946166992,21.32205605506897,,,150.65248107910156,150.65248107910156,,,90.4743423461914,70.47434997558594,
reinforce,20.0,2,837,344.1442354364702,237,0.043884992599487305,21.36610198020935,,,166.7071533203125,166.7071533203125,,,91.08663177490234,71.08662414550781,
reinforce,20.0,2,838,303.2813145253092,205,0.03566908836364746,21.401916027069092,,,128.23875427246094,128.23875427246094,,,86.3126449584961,66.3126449584961,
reinforce,20.0,2,839,330.01461616386246,225,0.03904080390930176,21.441114902496338,,,140.17295837402344,140.17295837402344,,,90.00104522705078,70.00104522705078,
reinforce,20.0,2,840,343.35254957493294,240,0.04158806800842285,21.482851028442383,319.6676465698507,2.515179032571291,149.20668029785156,149.20668029785156,,,88.9074935913086,68.9074935913086,
reinforce,20.0,2,841,323.35822623912094,218,0.03597307205200195,21.610785961151123,,,160.75143432617188,160.75143432617188,,,89.69776153564453,69.69775390625,
reinforce,20.0,2,842,307.97167726694704,204,0.037532806396484375,21.648469924926758,,,147.8614044189453,147.8614044189453,,,88.40502166748047,68.405029296875,
reinforce,20.0,2,843,318.86485276163955,215,0.036615848541259766,21.68529987335205,,,138.93544006347656,138.93544006347656,,,88.61772918701172,68.61774444580078,
reinforce,20.0,2,844,318.31942697036817,212,0.035736083984375,21.72119402885437,,,158.30638122558594,158.30638122558594,,,89.52566528320312,69.52566528320312,
reinforce,20.0,2,845,287.4735285169035,191,0.032372236251831055,21.75371217727661,,,137.75094604492188,137.75094604492188,,,85.14051055908203,65.14051055908203,
reinforce,20.0,2,846,316.5619075167104,210,0.03528404235839844,21.789146900177002,,,149.58169555664062,149.58169555664062,,,89.41193389892578,69.41193389892578,
reinforce,20.0,2,847,314.19434125497366,206,0.03463387489318848,21.823953866958618,,,156.46087646484375,156.46087646484375,,,89.6058578491211,69.60585021972656,
reinforce,20.0,2,848,325.371680962583,220,0.03755307197570801,21.861681938171387,,,134.76071166992188,134.76071166992188,,,89.11681365966797,69.11681365966797,
reinforce,20.0,2,849,287.77801694504257,190,0.032896995544433594,21.894762992858887,,,137.80577087402344,137.80577087402344,,,85.32525634765625,65.32525634765625,
reinforce,20.0,2,850,316.9683655356253,212,0.03650403022766113,21.931440114974976,,,138.41775512695312,138.41775512695312,,,88.96359252929688,68.96359252929688,
reinforce,20.0,2,851,317.3487115670176,209,0.035901784896850586,21.967506885528564,,,143.70266723632812,143.70266723632812,,,89.92572784423828,69.92572784423828,
reinforce,20.0,2,852,311.7616442479044,205,0.03515005111694336,22.002816915512085,,,151.57159423828125,151.57159423828125,,,89.60961151123047,69.609619140625,
reinforce,20.0,2,853,315.5009089557327,209,0.03554415702819824,22.038562059402466,,,152.94189453125,152.94189453125,,,89.30469512939453,69.30469512939453,
reinforce,20.0,2,854,310.74914617443653,205,0.032913923263549805,22.071645975112915,,,139.4346923828125,139.4346923828125,,,88.8126449584961,68.81265258789062,
reinforce,20.0,2,855,279.53344775167875,188,0.031119823455810547,22.10293984413147,,,130.21580505371094,130.21580505371094,,,81.88884735107422,61.88884735107422,
reinforce,20.0,2,856,295.97329269155,198,0.03238320350646973,22.13549304008484,,,126.43937683105469,126.43937683105469,,,85.38435363769531,65.38435363769531,
reinforce,20.0,2,857,294.74508974097307,194,0.032500267028808594,22.168175220489502,,,134.6009979248047,134.6009979248047,,,86.3587875366211,66.35879516601562,
reinforce,20.0,2,858,268.945848264357,179,0.029746055603027344,22.198100090026855,,,118.55574798583984,118.55574798583984,,,81.15239715576172,61.15239715576172,
reinforce,20.0,2,859,263.0428839339409,166,0.027786970138549805,22.226052045822144,,,130.44192504882812,130.44192504882812,,,83.06455993652344,63.0645637512207,
reinforce,20.0,2,860,275.78673266085724,177,0.029743194580078125,22.255969047546387,220.5045001008745,4.504729632945654,137.606201171875,137.606201171875,,,85.1290512084961,65.1290512084961,
reinforce,20.0,2,861,211.39903279950528,131,0.02199411392211914,22.34031105041504,,,112.06123352050781,112.06123352050781,,,73.35177612304688,53.35178756713867,
reinforce,20.0,2,862,265.6871603376972,171,0.028172016143798828,22.36864995956421,,,147.3679656982422,147.3679656982422,,,83.20808410644531,63.20808029174805,
reinforce,20.0,2,863,253.03554852955034,163,0.027042865753173828,22.395874977111816,,,136.0806121826172,136.0806121826172,,,79.84928131103516,59.84928512573242,
reinforce,20.0,2,864,267.1838031758746,161,0.026856184005737305,22.422904014587402,,,135.59762573242188,135.59762573242188,,,86.44589233398438,66.44589233398438,
reinforce,20.0,2,865,176.95773428786578,112,0.018524885177612305,22.441601991653442,,,96.40241241455078,96.40241241455078,,,64.59632873535156,44.5963249206543,
reinforce,20.0,2,866,194.5475879164727,127,0.021567106246948242,22.46333599090576,,,98.90937042236328,98.90937042236328,,,67.91704559326172,47.91704559326172,
reinforce,20.0,2,867,202.21417918510636,134,0.02236008644104004,22.485855102539062,,,104.65736389160156,104.65736389160156,,,68.52908325195312,48.529090881347656,
reinforce,20.0,2,868,203.63697388773335,135,0.022502899169921875,22.508540868759155,,,88.79000091552734,88.79000091552734,,,68.75588989257812,48.75589370727539,
reinforce,20.0,2,869,276.3571169546346,172,0.02868485450744629,22.537394046783447,,,143.4098663330078,143.4098663330078,,,86.20215606689453,66.20215606689453,
reinforce,20.0,2,870,247.39602737170415,150,0.025273799896240234,22.5628559589386,,,132.59400939941406,132.59400939941406,,,82.31240844726562,62.312408447265625,
reinforce,20.0,2,871,269.6373451054434,176,0.028811931610107422,22.59177589416504,,,136.31138610839844,136.31138610839844,,,82.7394790649414,62.739479064941406,
reinforce,20.0,2,872,244.2591810242675,155,0.02579784393310547,22.617734909057617,,,120.64168548583984,120.64168548583984,,,78.97576904296875,58.97576904296875,
reinforce,20.0,2,873,249.26087980620167,153,0.026076793670654297,22.64399790763855,,,132.2655029296875,132.2655029296875,,,81.8589096069336,61.858917236328125,
reinforce,20.0,2,874,247.190158231613,162,0.02668905258178711,22.670857906341553,,,122.20514678955078,122.20514678955078,,,78.24418640136719,58.24419021606445,
reinforce,20.0,2,875,234.02169068593562,144,0.023894071578979492,22.694988012313843,,,126.63430786132812,126.63430786132812,,,78.72543334960938,58.72543716430664,
reinforce,20.0,2,876,233.20121317356603,137,0.022734880447387695,22.71790385246277,,,127.19824981689453,127.19824981689453,,,81.05623626708984,61.05623245239258,
reinforce,20.0,2,877,247.7047411517188,148,0.02448892593383789,22.742563009262085,,,131.03713989257812,131.03713989257812,,,83.15088653564453,63.15088653564453,
reinforce,20.0,2,878,204.77064426604463,132,0.022122859954833984,22.764843940734863,,,106.80921173095703,106.80921173095703,,,70.01464080810547,50.01464080810547,
reinforce,20.0,2,879,238.31293777200358,137,0.02281928062438965,22.787833213806152,,,136.624267578125,136.624267578125,,,83.38211822509766,63.38212966918945,
reinforce,20.0,2,880,222.70788252204704,143,0.02342987060546875,22.81145405769348,222.97438820653002,8.046713720514092,118.63628387451172,118.63628387451172,,,73.90245056152344,53.9024543762207,
reinforce,20.0,2,881,216.34874326591884,121,0.020346879959106445,22.89163589477539,,,127.10456848144531,127.10456848144531,,,79.84178161621094,59.84178161621094,
reinforce,20.0,2,882,215.00890384576098,132,0.021901845932006836,22.913691997528076,,,117.25634002685547,117.25634002685547,,,74.83124542236328,54.83124542236328,
reinforce,20.0,2,883,216.11329009725677,129,0.021458864212036133,22.935324907302856,,,122.84374237060547,122.84374237060547,,,76.46109008789062,56.461082458496094,
reinforce,20.0,2,884,167.58458271671947,101,0.01726508140563965,22.952752113342285,,,85.35104370117188,85.35104370117188,,,64.62765502929688,44.627647399902344,
reinforce,20.0,2,885,206.84742328625535,124,0.020515918731689453,22.973418951034546,,,113.76705932617188,113.76705932617188,,,74.25049591064453,54.2504997253418,
reinforce,20.0,2,886,164.2989542835286,105,0.01761794090270996,22.991189002990723,,,85.41139221191406,85.41139221191406,,,61.1798210144043,41.1798210144043,
reinforce,20.0,2,887,216.95422838731372,121,0.02027130126953125,23.01164221763611,,,125.58151245117188,125.58151245117188,,,80.3466567993164,60.346656799316406,
reinforce,20.0,2,888,203.7319709355977,122,0.021452903747558594,23.033262014389038,,,126.87811279296875,126.87811279296875,,,73.69060516357422,53.69060516357422,
reinforce,20.0,2,889,171.99241237749374,102,0.01713395118713379,23.050566911697388,,,97.13072204589844,97.13072204589844,,,66.5411605834961,46.54115295410156,
reinforce,20.0,2,890,204.89815764358158,117,0.0196530818939209,23.07036805152893,,,106.75243377685547,106.75243377685547,,,76.10226440429688,56.10226058959961,
reinforce,20.0,2,891,166.74787537284922,98,0.016458988189697266,23.086981058120728,,,106.69955444335938,106.69955444335938,,,65.8101806640625,45.810176849365234,
reinforce,20.0,2,892,207.09878959031707,118,0.01974010467529297,23.106872081756592,,,123.8062744140625,123.8062744140625,,,76.82868957519531,56.82868957519531,
reinforce,20.0,2,893,222.5677198813112,125,0.020797252655029297,23.127843141555786,,,122.78289031982422,122.78289031982422,,,81.10847473144531,61.10847473144531,
reinforce,20.0,2,894,204.99170228055712,117,0.019290924072265625,23.1472909450531,,,113.56483459472656,113.56483459472656,,,76.29553985595703,56.29553985595703,
reinforce,20.0,2,895,205.41848105887476,119,0.0198667049407959,23.16732382774353,,,110.80504608154297,110.80504608154297,,,75.6372299194336,55.63722610473633,
reinforce,20.0,2,896,208.68035655565168,117,0.01965808868408203,23.187144994735718,,,112.91747283935547,112.91747283935547,,,77.99976348876953,57.999759674072266,
reinforce,20.0,2,897,209.06230998084396,117,0.01977705955505371,23.20707106590271,,,127.2589111328125,127.2589111328125,,,78.1738052368164,58.173797607421875,
reinforce,20.0,2,898,229.90517055821067,132,0.02208089828491211,23.229328870773315,,,124.21613311767578,124.21613311767578,,,81.59696960449219,61.59696960449219,
reinforce,20.0,2,899,217.49533259068343,118,0.020209074020385742,23.24970507621765,,,124.63963317871094,124.63963317871094,,,81.7678451538086,61.76784133911133,
reinforce,20.0,2,900,218.71071807601703,121,0.019865036010742188,23.26972794532776,207.2530794247116,1.743703430373129,122.67913055419922,122.67913055419922,,,80.99391174316406,60.993919372558594,
reinforce,20.0,2,901,218.13361725088066,122,0.020348310470581055,23.33892822265625,,,122.77808380126953,122.77808380126953,,,80.3258056640625,60.32579803466797,
reinforce,20.0,2,902,218.3505705117793,120,0.020280838012695312,23.359354972839355,,,118.177490234375,118.177490234375,,,81.15422821044922,61.154232025146484,
reinforce,20.0,2,903,228.35036000771387,126,0.020891904830932617,23.380393028259277,,,128.3192138671875,128.3192138671875,,,83.43853759765625,63.438541412353516,
reinforce,20.0,2,904,223.80150679293908,122,0.020691871643066406,23.401230096817017,,,135.82879638671875,135.82879638671875,,,83.1341781616211,63.13418197631836,
reinforce,20.0,2,905,226.71027773686248,123,0.020517826080322266,23.421896934509277,,,141.33218383789062,141.33218383789062,,,83.86131286621094,63.86131286621094,
reinforce,20.0,2,906,235.3728872399307,131,0.02174687385559082,23.443788051605225,,,133.31382751464844,133.31382751464844,,,84.3383560180664,64.3383560180664,
reinforce,20.0,2,907,200.93963025592183,108,0.01833820343017578,23.462266206741333,,,132.66067504882812,132.66067504882812,,,78.35283660888672,58.35283660888672,
reinforce,20.0,2,908,221.43051589034923,120,0.020026206970214844,23.482433080673218,,,119.1077651977539,119.1077651977539,,,82.69634246826172,62.696353912353516,
reinforce,20.0,2,909,219.62202855892355,115,0.019737958908081055,23.50231695175171,,,142.8859100341797,142.8859100341797,,,84.0461196899414,64.0461196899414,
reinforce,20.0,2,910,234.14327563985768,130,0.021793127059936523,23.52425503730774,,,135.52862548828125,135.52862548828125,,,84.15080261230469,64.15080261230469,
reinforce,20.0,2,911,223.17086779948644,117,0.01970815658569336,23.54412293434143,,,152.22462463378906,152.22462463378906,,,84.8218765258789,64.8218765258789,
reinforce,20.0,2,912,223.05631346168258,118,0.019533634185791016,23.56381583213806,,,125.97621154785156,125.97621154785156,,,84.22051239013672,64.22051239013672,
reinforce,20.0,2,913,212.9999392091984,115,0.019253969192504883,23.583216905593872,,,131.0301055908203,131.0301055908203,,,81.03236389160156,61.03236389160156,
reinforce,20.0,2,914,223.5592877650331,120,0.019975900650024414,23.60335898399353,,,132.71836853027344,132.71836853027344,,,83.77201843261719,63.77202224731445,
reinforce,20.0,2,915,221.20493869214675,117,0.019503116607666016,23.62301206588745,,,127.03167724609375,127.03167724609375,,,83.68407440185547,63.68408203125,
reinforce,20.0,2,916,217.13436454916717,113,0.018828153610229492,23.64202904701233,,,129.64291381835938,129.64291381835938,,,83.72338104248047,63.72338104248047,
reinforce,20.0,2,917,205.32348571153517,109,0.018513202667236328,23.660718202590942,,,111.98806762695312,111.98806762695312,,,80.04995727539062,60.049949645996094,
reinforce,20.0,2,918,209.03976161594474,112,0.018891096115112305,23.679774045944214,,,123.9420166015625,123.9420166015625,,,80.51637268066406,60.51637649536133,
reinforce,20.0,2,919,196.93834551942345,106,0.0174100399017334,23.69734811782837,,,131.49237060546875,131.49237060546875,,,77.3382339477539,57.33823013305664,
reinforce,20.0,2,920,215.85934376505952,111,0.01896381378173828,23.716466903686523,207.0262515129372,2.0483903130942576,139.35031127929688,139.35031127929688,,,84.12226104736328,64.12225341796875,
reinforce,20.0,2,921,218.61573947162435,116,0.019665956497192383,23.782124042510986,,,119.0167007446289,119.0167007446289,,,83.04911804199219,63.04910659790039,
reinforce,20.0,2,922,217.95698258464276,117,0.019443988800048828,23.8017520904541,,,131.22605895996094,131.22605895996094,,,82.20777893066406,62.20777893066406,
reinforce,20.0,2,923,213.15604960985294,112,0.01868605613708496,23.82061004638672,,,132.61563110351562,132.61563110351562,,,82.22004699707031,62.22005081176758,
reinforce,20.0,2,924,211.8275580126501,115,0.01897287368774414,23.839759826660156,,,141.47525024414062,141.47525024414062,,,79.98680114746094,59.9868049621582,
reinforce,20.0,2,925,226.41910169354927,122,0.020483732223510742,23.860400915145874,,,138.59201049804688,138.59201049804688,,,84.06477355957031,64.06477355957031,
reinforce,20.0,2,926,226.73583014078224,120,0.019868850708007812,23.880445957183838,,,140.7730255126953,140.7730255126953,,,85.14637756347656,65.14637756347656,
reinforce,20.0,2,927,230.2873159166464,125,0.020838022232055664,23.901458978652954,,,146.65615844726562,146.65615844726562,,,84.59867095947266,64.59867095947266,
reinforce,20.0,2,928,218.9410001693347,116,0.019287109375,23.920904874801636,,,141.44747924804688,141.44747924804688,,,83.00553131103516,63.005531311035156,
reinforce,20.0,2,929,222.5913484792385,119,0.020138025283813477,23.941242933273315,,,149.92491149902344,149.92491149902344,,,83.6646728515625,63.664669036865234,
reinforce,20.0,2,930,201.14059664052078,107,0.018173933029174805,23.95957612991333,,,125.30357360839844,125.30357360839844,,,79.06432342529297,59.0643196105957,
reinforce,20.0,2,931,194.6845476944797,104,0.017674922943115234,23.97740387916565,,,137.45654296875,137.45654296875,,,77.13394927978516,57.133949279785156,
reinforce,20.0,2,932,176.97597106259448,93,0.01544809341430664,23.993017196655273,,,101.16445922851562,101.16445922851562,,,73.663330078125,53.663333892822266,
reinforce,20.0,2,933,182.2049523275513,98,0.01679825782775879,24.00996708869934,,,113.2895278930664,113.2895278930664,,,73.8115463256836,53.81155014038086,
reinforce,20.0,2,934,170.67270688234788,91,0.015099048614501953,24.025216102600098,,,93.9101791381836,93.9101791381836,,,71.24273681640625,51.242733001708984,
reinforce,20.0,2,935,178.01622495423328,94,0.01604294776916504,24.041436910629272,,,114.94437408447266,114.94437408447266,,,73.74385833740234,53.743858337402344,
reinforce,20.0,2,936,163.82261057686983,86,0.014519691467285156,24.056103944778442,,,99.91473388671875,99.91473388671875,,,70.14539337158203,50.145389556884766,
reinforce,20.0,2,937,155.32567779944222,82,0.013962030410766602,24.070213079452515,,,104.92985534667969,104.92985534667969,,,67.70986938476562,47.709877014160156,
reinforce,20.0,2,938,168.29800131660502,91,0.01530909538269043,24.085640907287598,,,120.37388610839844,120.37388610839844,,,69.97490692138672,49.974910736083984,
reinforce,20.0,2,939,170.64691716207776,94,0.01611495018005371,24.1019229888916,,,87.68806457519531,87.68806457519531,,,69.59187316894531,49.59186935424805,
reinforce,20.0,2,940,166.04602861570143,90,0.015426874160766602,24.11755394935608,147.42188718596813,5.0364633867897455,97.5230484008789,97.5230484008789,,,69.36222839355469,49.36223602294922,
reinforce,20.0,2,941,140.72237484215856,78,0.013607025146484375,24.166054010391235,,,81.65302276611328,81.65302276611328,,,61.02801513671875,41.028011322021484,
reinforce,20.0,2,942,164.76429985636992,93,0.015735864639282227,24.181927919387817,,,95.86408233642578,95.86408233642578,,,66.98934936523438,46.98935317993164,
reinforce,20.0,2,943,163.21903942562454,88,0.015063047409057617,24.197150945663452,,,101.5749740600586,101.5749740600586,,,68.53016662597656,48.53016662597656,
reinforce,20.0,2,944,143.59144776048254,81,0.013882160186767578,24.211173057556152,,,88.8315200805664,88.8315200805664,,,61.52141189575195,41.52140426635742,
reinforce,20.0,2,945,145.5587751771138,82,0.01386404037475586,24.22519612312317,,,97.62913513183594,97.62913513183594,,,62.186702728271484,42.18669509887695,
reinforce,20.0,2,946,132.42220547921414,77,0.013063907623291016,24.238399982452393,,,75.52529907226562,75.52529907226562,,,57.02339172363281,37.02339172363281,
reinforce,20.0,2,947,155.2963720595001,91,0.015376091003417969,24.25392508506775,,,78.47289276123047,78.47289276123047,,,62.83964538574219,42.83964538574219,
reinforce,20.0,2,948,146.33808658914683,84,0.014267206192016602,24.26834511756897,,,81.09758758544922,81.09758758544922,,,61.30480194091797,41.30480194091797,
reinforce,20.0,2,949,119.61746869816551,71,0.012296915054321289,24.28093385696411,,,61.42534255981445,61.42534255981445,,,52.50933837890625,32.50933837890625,
reinforce,20.0,2,950,141.03259503375534,83,0.014365911483764648,24.29544711112976,,,75.75606536865234,75.75606536865234,,,59.0037727355957,39.0037727355957,
reinforce,20.0,2,951,143.33494594378593,91,0.015479087829589844,24.311084032058716,,,86.35028839111328,86.35028839111328,,,56.54818344116211,36.54818344116211,
reinforce,20.0,2,952,136.94493033564035,83,0.014132261276245117,24.32537007331848,,,81.57115936279297,81.57115936279297,,,56.60045623779297,36.60045623779297,
reinforce,20.0,2,953,113.14514755821385,67,0.011348962783813477,24.336880207061768,,,62.146060943603516,62.146060943603516,,,50.791587829589844,30.791584014892578,
reinforce,20.0,2,954,146.22154079923817,86,0.015199899673461914,24.352208852767944,,,83.7110824584961,83.7110824584961,,,60.15604019165039,40.156036376953125,
reinforce,20.0,2,955,139.74126065104318,82,0.01481008529663086,24.36717200279236,,,89.40179443359375,89.40179443359375,,,58.72953414916992,38.72953414916992,
reinforce,20.0,2,956,148.7083633813123,88,0.015063047409057617,24.38238787651062,,,83.5968246459961,83.5968246459961,,,60.834983825683594,40.834983825683594,
reinforce,20.0,2,957,134.75536026089623,82,0.013744831085205078,24.396286010742188,,,83.83968353271484,83.83968353271484,,,55.82645034790039,35.82645034790039,
reinforce,20.0,2,958,115.85055942184326,69,0.011825323104858398,24.40825915336609,,,57.75544357299805,57.75544357299805,,,51.41081619262695,31.41081428527832,
reinforce,20.0,2,959,120.69796038110188,73,0.01238703727722168,24.42079210281372,,,63.1092414855957,63.1092414855957,,,52.26780700683594,32.26780700683594,
reinforce,20.0,2,960,133.33082090943938,77,0.013240814208984375,24.434255838394165,125.9755527268959,2.449136074824991,84.46880340576172,84.46880340576172,,,57.7148323059082,37.7148323059082,
reinforce,20.0,2,961,138.32895935436213,82,0.014189958572387695,24.481008052825928,,,95.74764251708984,95.74764251708984,,,57.92984390258789,37.929847717285156,
reinforce,20.0,2,962,139.58989526438162,84,0.014661788940429688,24.495813846588135,,,69.48649597167969,69.48649597167969,,,57.768821716308594,37.76882553100586,
reinforce,20.0,2,963,128.68255157977055,75,0.013262271881103516,24.50922918319702,,,71.17633819580078,71.17633819580078,,,55.88217544555664,35.882179260253906,
reinforce,20.0,2,964,137.06644983410368,79,0.013433218002319336,24.52280020713806,,,81.52828216552734,81.52828216552734,,,58.67225646972656,38.67225646972656,
reinforce,20.0,2,965,133.13172263225434,79,0.013473033905029297,24.536436080932617,,,65.68621826171875,65.68621826171875,,,56.24687194824219,36.24687576293945,
reinforce,20.0,2,966,132.69918769838802,79,0.013330936431884766,24.54991102218628,,,84.20115661621094,84.20115661621094,,,56.16175842285156,36.16176223754883,
reinforce,20.0,2,967,133.18400047249966,78,0.013284921646118164,24.56333589553833,,,78.66439056396484,78.66439056396484,,,56.743507385253906,36.74350357055664,
reinforce,20.0,2,968,130.78750958532615,77,0.013082027435302734,24.576560974121094,,,79.4039077758789,79.4039077758789,,,56.15718078613281,36.15718078613281,
reinforce,20.0,2,969,143.9848933219223,84,0.014358043670654297,24.591080904006958,,,76.51869201660156,76.51869201660156,,,60.032814025878906,40.03281784057617,
reinforce,20.0,2,970,133.29609930973737,76,0.012894153594970703,24.60411810874939,,,80.1554946899414,80.1554946899414,,,57.8701171875,37.870121002197266,
reinforce,20.0,2,971,135.4260319425504,79,0.013365030288696289,24.617607831954956,,,76.66007232666016,76.66007232666016,,,57.67711639404297,37.677120208740234,
reinforce,20.0,2,972,127.45540200967618,75,0.013129949569702148,24.6308810710907,,,70.43246459960938,70.43246459960938,,,55.01663589477539,35.01663589477539,
reinforce,20.0,2,973,131.38848222940175,75,0.012684106826782227,24.643702030181885,,,77.66439819335938,77.66439819335938,,,57.380672454833984,37.380672454833984,
reinforce,20.0,2,974,152.5144775353546,87,0.014806032180786133,24.65875005722046,,,82.50035858154297,82.50035858154297,,,63.073936462402344,43.073944091796875,
reinforce,20.0,2,975,125.22919267305666,75,0.013046979904174805,24.671953916549683,,,85.76226806640625,85.76226806640625,,,53.96925735473633,33.96925735473633,
reinforce,20.0,2,976,151.43275643292858,88,0.014744758605957031,24.686863899230957,,,87.65602111816406,87.65602111816406,,,62.05461120605469,42.05461120605469,
reinforce,20.0,2,977,151.98005350549806,91,0.015591859817504883,24.702625036239624,,,86.05580139160156,86.05580139160156,,,60.91107940673828,40.91107940673828,
reinforce,20.0,2,978,153.67775823463666,89,0.015326976776123047,24.718111038208008,,,92.71521759033203,92.71521759033203,,,62.72811508178711,42.728111267089844,
reinforce,20.0,2,979,158.17626529587312,95,0.016106128692626953,24.734365940093994,,,77.38213348388672,77.38213348388672,,,62.381065368652344,42.381065368652344,
reinforce,20.0,2,980,154.51688652070382,93,0.01622772216796875,24.750759840011597,159.8556711802397,5.106528844416215,89.65717315673828,89.65717315673828,,,61.283226013183594,41.283226013183594,
reinforce,20.0,2,981,180.22771493850152,114,0.019336938858032227,24.810681104660034,,,104.27426147460938,104.27426147460938,,,65.47431182861328,45.474308013916016,
reinforce,20.0,2,982,187.1350899342804,115,0.01947498321533203,24.83029294013977,,,102.9051513671875,102.9051513671875,,,68.39225006103516,48.39224624633789,
reinforce,20.0,2,983,256.68852199687154,166,0.02783513069152832,24.85830807685852,,,122.81412506103516,122.81412506103516,,,80.74340057373047,60.74340057373047,
reinforce,20.0,2,984,259.7444797290079,145,0.02403402328491211,24.88250708580017,,,155.41476440429688,155.41476440429688,,,89.14086151123047,69.14086151123047,
reinforce,20.0,2,985,243.46221396330034,158,0.026314973831176758,24.90897798538208,,,124.70866394042969,124.70866394042969,,,78.18987274169922,58.18987274169922,
reinforce,20.0,2,986,287.3119005585173,181,0.030080795288085938,24.939226865768433,,,146.21873474121094,146.21873474121094,,,87.17967224121094,67.17967224121094,
reinforce,20.0,2,987,270.8391830628033,166,0.02736496925354004,24.96675395965576,,,141.8271026611328,141.8271026611328,,,85.96920776367188,65.96920776367188,
reinforce,20.0,2,988,302.388772859882,196,0.03244185447692871,24.999347925186157,,,153.59127807617188,153.59127807617188,,,88.21400451660156,68.21400451660156,
reinforce,20.0,2,989,277.265147270055,172,0.0289459228515625,25.028467893600464,,,138.050537109375,138.050537109375,,,86.32726287841797,66.32726287841797,
reinforce,20.0,2,990,246.30583151477862,137,0.02286219596862793,25.051486015319824,,,141.892822265625,141.892822265625,,,86.62350463867188,66.62350463867188,
reinforce,20.0,2,991,250.6581433557694,148,0.024789094924926758,25.076446056365967,,,131.22547912597656,131.22547912597656,,,84.31846618652344,64.3184585571289,
reinforce,20.0,2,992,250.56306622850448,147,0.024467945098876953,25.101089000701904,,,145.0009002685547,145.0009002685547,,,84.4361572265625,64.4361572265625,
reinforce,20.0,2,993,249.9373417486286,139,0.02320384979248047,25.124464988708496,,,138.18148803710938,138.18148803710938,,,87.16242218017578,67.16242218017578,
reinforce,20.0,2,994,245.06612869151883,137,0.023150920867919922,25.147783994674683,,,142.4025421142578,142.4025421142578,,,86.1014175415039,66.1014175415039,
reinforce,20.0,2,995,249.44387487578896,136,0.02289104461669922,25.170810222625732,,,144.64401245117188,144.64401245117188,,,88.41165161132812,68.4116439819336,
reinforce,20.0,2,996,245.27190221549415,135,0.022604703903198242,25.193606853485107,,,136.24526977539062,136.24526977539062,,,87.10165405273438,67.1016616821289,
reinforce,20.0,2,997,244.83114972659692,132,0.02213001251220703,25.21590304374695,,,144.187255859375,144.187255859375,,,87.9877700805664,67.9877700805664,
reinforce,20.0,2,998,203.25590202649076,108,0.01820206642150879,25.234272956848145,,,142.28512573242188,142.28512573242188,,,79.41655731201172,59.416561126708984,
reinforce,20.0,2,999,157.92061076936818,89,0.014891862869262695,25.249321937561035,,,89.65332794189453,89.65332794189453,,,64.92871856689453,44.9287223815918,
reinforce,20.0,2,1000,157.81206353961193,88,0.01480412483215332,25.26426911354065,168.38244619389206,5.891235145733308,92.43531799316406,92.43531799316406,,,65.72254180908203,45.7225456237793,
