algo,baseline,seed,episode,episode_return,episode_steps,episode_time_sec,elapsed_time_sec,eval_mean_return,eval_std_return,loss,policy_loss,value_loss,entropy,mean_return,mean_advantage,advantage
reinforce,20.0,1,1,48.77487904113931,45,0.02066493034362793,0.02066802978515625,,,2.8050570487976074,2.8050570487976074,,,22.113414764404297,2.113417148590088,
reinforce,20.0,1,2,60.57916396528158,39,0.00704193115234375,0.027848005294799805,,,21.296689987182617,21.296689987182617,,,31.811649322509766,11.811650276184082,
reinforce,20.0,1,3,25.823889481047246,35,0.006248950958251953,0.034230947494506836,,,-24.7486515045166,-24.7486515045166,,,8.745488166809082,-11.254512786865234,
reinforce,20.0,1,4,105.87394630469302,82,0.01415395736694336,0.04857897758483887,,,50.634300231933594,50.634300231933594,,,43.5447883605957,23.544788360595703,
reinforce,20.0,1,5,32.00784430353111,47,0.00848698616027832,0.05722498893737793,,,-17.905344009399414,-17.905344009399414,,,12.685589790344238,-7.314410209655762,
reinforce,20.0,1,6,87.10627511301823,55,0.009664058685302734,0.06702589988708496,,,44.62416076660156,44.62416076660156,,,41.461734771728516,21.46173667907715,
reinforce,20.0,1,7,66.42134484909438,67,0.01197195053100586,0.07916593551635742,,,15.003135681152344,15.003135681152344,,,26.418302536010742,6.4183030128479,
reinforce,20.0,1,8,89.82089373597877,60,0.010399818420410156,0.08974194526672363,,,54.01363754272461,54.01363754272461,,,42.32154846191406,22.32154655456543,
reinforce,20.0,1,9,106.81542787398256,83,0.014899015426635742,0.10478901863098145,,,48.743980407714844,48.743980407714844,,,44.0404052734375,24.040403366088867,
reinforce,20.0,1,10,116.32555653134942,83,0.014235258102416992,0.11919522285461426,,,63.76374816894531,63.76374816894531,,,48.77809524536133,28.77809715270996,
reinforce,20.0,1,11,107.80583619812799,76,0.013340950012207031,0.1326909065246582,,,52.18522644042969,52.18522644042969,,,43.96102523803711,23.961021423339844,
reinforce,20.0,1,12,94.8404334982593,64,0.011001110076904297,0.14384007453918457,,,49.53172302246094,49.53172302246094,,,42.03029251098633,22.030292510986328,
reinforce,20.0,1,13,268.2647340267378,159,0.02723097801208496,0.17124605178833008,,,167.07867431640625,167.07867431640625,,,95.02735137939453,75.02735137939453,
reinforce,20.0,1,14,189.99403706206704,155,0.02601027488708496,0.1974341869354248,,,99.78411865234375,99.78411865234375,,,65.53263854980469,45.53263854980469,
reinforce,20.0,1,15,112.11885967924871,112,0.019018888473510742,0.21661996841430664,,,41.45012664794922,41.45012664794922,,,38.4942741394043,18.494277954101562,
reinforce,20.0,1,16,129.45703804199738,103,0.017055034637451172,0.2338399887084961,,,55.705787658691406,55.705787658691406,,,49.249202728271484,29.249202728271484,
reinforce,20.0,1,17,161.58004981804316,121,0.02082681655883789,0.25481700897216797,,,78.86992645263672,78.86992645263672,,,57.6322135925293,37.6322135925293,
reinforce,20.0,1,18,256.98560330577124,121,0.020377635955810547,0.2753598690032959,,,177.1168212890625,177.1168212890625,,,98.30595397949219,78.30595397949219,
reinforce,20.0,1,19,37.09565955802694,33,0.005876064300537109,0.2813911437988281,,,-4.499236106872559,-4.499236106872559,,,18.59189224243164,-1.408107042312622,
reinforce,20.0,1,20,58.41341313132968,53,0.008962154388427734,0.2904810905456543,122.86332952962348,5.079233488910087,11.307151794433594,11.307151794433594,,,27.09514617919922,7.095146179199219,
reinforce,20.0,1,21,272.1458792480986,123,0.02023601531982422,0.3491630554199219,,,188.84463500976562,188.84463500976562,,,106.6474838256836,86.6474838256836,
reinforce,20.0,1,22,141.54023430076427,92,0.015633344650268555,0.36496615409851074,,,78.5444107055664,78.5444107055664,,,56.62343978881836,36.62343978881836,
reinforce,20.0,1,23,301.10762498186415,155,0.025794267654418945,0.3909151554107666,,,177.36968994140625,177.36968994140625,,,106.21233367919922,86.21234130859375,
reinforce,20.0,1,24,266.1039167507403,122,0.02017998695373535,0.4112660884857178,,,169.94505310058594,169.94505310058594,,,103.92623138427734,83.92623138427734,
reinforce,20.0,1,25,93.96147664784935,66,0.011023998260498047,0.4224879741668701,,,50.11111831665039,50.11111831665039,,,40.18061828613281,20.180620193481445,
reinforce,20.0,1,26,267.76200874500944,120,0.02038097381591797,0.4430258274078369,,,183.50303649902344,183.50303649902344,,,104.60050201416016,84.60050201416016,
reinforce,20.0,1,27,248.26806240692562,110,0.018136024475097656,0.4614241123199463,,,164.82252502441406,164.82252502441406,,,101.46208953857422,81.46208953857422,
reinforce,20.0,1,28,107.48530390619011,60,0.010326147079467773,0.47193288803100586,,,60.73291778564453,60.73291778564453,,,50.75980758666992,30.75980567932129,
reinforce,20.0,1,29,247.94339289132532,116,0.019489049911499023,0.49158406257629395,,,173.3810577392578,173.3810577392578,,,99.00619506835938,79.00619506835938,
reinforce,20.0,1,30,229.98571973999822,104,0.017180204391479492,0.5089759826660156,,,158.4427032470703,158.4427032470703,,,96.08037567138672,76.08037567138672,
reinforce,20.0,1,31,179.2088893871665,109,0.017798900604248047,0.5269429683685303,,,96.82298278808594,96.82298278808594,,,69.86699676513672,49.867000579833984,
reinforce,20.0,1,32,311.8930788126615,154,0.0249788761138916,0.5520880222320557,,,215.70779418945312,215.70779418945312,,,116.53961944580078,96.53962707519531,
reinforce,20.0,1,33,87.5937370908811,51,0.008684873580932617,0.5609478950500488,,,38.48345947265625,38.48345947265625,,,42.174217224121094,22.174219131469727,
reinforce,20.0,1,34,92.27407494492424,52,0.00888514518737793,0.5700011253356934,,,56.254188537597656,56.254188537597656,,,45.759029388427734,25.759029388427734,
reinforce,20.0,1,35,101.11950214777704,55,0.00934910774230957,0.5795059204101562,,,63.0764045715332,63.0764045715332,,,50.04621887207031,30.046215057373047,
reinforce,20.0,1,36,77.98323097690142,46,0.007925033569335938,0.5875871181488037,,,40.328956604003906,40.328956604003906,,,40.353458404541016,20.35346031188965,
reinforce,20.0,1,37,85.13339235691319,49,0.008472204208374023,0.5962281227111816,,,46.825889587402344,46.825889587402344,,,42.30530548095703,22.305307388305664,
reinforce,20.0,1,38,81.04193605407478,47,0.008211135864257812,0.6046140193939209,,,45.726749420166016,45.726749420166016,,,40.98617172241211,20.986169815063477,
reinforce,20.0,1,39,152.31777825451476,74,0.012527227401733398,0.6172730922698975,,,105.9306640625,105.9306640625,,,71.39364624023438,51.393646240234375,
reinforce,20.0,1,40,84.7803241303664,48,0.008640050888061523,0.6261601448059082,91.71743281783877,2.66529060125183,48.132205963134766,48.132205963134766,,,42.38899612426758,22.388994216918945,
reinforce,20.0,1,41,93.23449462501347,52,0.00890803337097168,0.6587240695953369,,,61.400814056396484,61.400814056396484,,,45.61039733886719,25.610395431518555,
reinforce,20.0,1,42,130.37583747480608,66,0.011333942413330078,0.6702451705932617,,,90.31327819824219,90.31327819824219,,,61.53903579711914,41.53903579711914,
reinforce,20.0,1,43,116.36136411994588,63,0.010580062866210938,0.680976152420044,,,81.32608795166016,81.32608795166016,,,56.38167190551758,36.38167190551758,
reinforce,20.0,1,44,118.4319414028764,61,0.010393857955932617,0.6915309429168701,,,93.52360534667969,93.52360534667969,,,58.14813995361328,38.14813995361328,
reinforce,20.0,1,45,96.56515027199875,55,0.023540019989013672,0.7152309417724609,,,59.884681701660156,59.884681701660156,,,47.09285354614258,27.092851638793945,
reinforce,20.0,1,46,122.58691656288038,64,0.019997835159301758,0.7354919910430908,,,87.33206176757812,87.33206176757812,,,59.446258544921875,39.446258544921875,
reinforce,20.0,1,47,111.82920459717587,64,0.01102900505065918,0.7467119693756104,,,66.24134063720703,66.24134063720703,,,52.8946533203125,32.8946533203125,
reinforce,20.0,1,48,140.6622279275296,73,0.012521982192993164,0.7593989372253418,,,103.166748046875,103.166748046875,,,66.32101440429688,46.321014404296875,
reinforce,20.0,1,49,85.62298215349605,49,0.008383989334106445,0.767935037612915,,,39.23870849609375,39.23870849609375,,,42.875118255615234,22.8751163482666,
reinforce,20.0,1,50,162.31530091134502,78,0.013650894165039062,0.7817280292510986,,,131.08303833007812,131.08303833007812,,,75.80091094970703,55.80091094970703,
reinforce,20.0,1,51,140.38811324742238,71,0.012163877487182617,0.7940988540649414,,,99.07833099365234,99.07833099365234,,,66.81620788574219,46.81620788574219,
reinforce,20.0,1,52,140.17168711857477,77,0.013042926788330078,0.8072738647460938,,,90.21997833251953,90.21997833251953,,,64.54143524169922,44.54143524169922,
reinforce,20.0,1,53,159.9710332924883,78,0.013453006744384766,0.8208329677581787,,,125.66966247558594,125.66966247558594,,,75.30431365966797,55.30430603027344,
reinforce,20.0,1,54,145.17801312441463,72,0.012326717376708984,0.8333039283752441,,,97.46833038330078,97.46833038330078,,,69.19033813476562,49.19034194946289,
reinforce,20.0,1,55,136.60910466516103,71,0.012040853500366211,0.8455140590667725,,,93.51665496826172,93.51665496826172,,,63.89094161987305,43.89094161987305,
reinforce,20.0,1,56,144.77044719551472,72,0.012379169464111328,0.8580620288848877,,,101.62234497070312,101.62234497070312,,,68.13766479492188,48.13766098022461,
reinforce,20.0,1,57,155.26358451057382,78,0.013471126556396484,0.8716869354248047,,,107.26654815673828,107.26654815673828,,,70.6285629272461,50.628562927246094,
reinforce,20.0,1,58,138.76853453495522,73,0.012527942657470703,0.8843708038330078,,,102.8956069946289,102.8956069946289,,,65.47886657714844,45.47886276245117,
reinforce,20.0,1,59,172.89976796236272,93,0.015857934951782227,0.9003720283508301,,,128.5050811767578,128.5050811767578,,,78.11869812011719,58.11869430541992,
reinforce,20.0,1,60,165.15783926903586,84,0.014042139053344727,0.9145951271057129,112.68268602308686,0.9302549877134395,111.21006774902344,111.21006774902344,,,73.41880798339844,53.4188117980957,
reinforce,20.0,1,61,125.08424848733719,65,0.011317968368530273,0.9529619216918945,,,80.48635864257812,80.48635864257812,,,59.44441223144531,39.44441604614258,
reinforce,20.0,1,62,117.13946396638848,64,0.010961771011352539,0.9640891551971436,,,72.03692626953125,72.03692626953125,,,54.211090087890625,34.211090087890625,
reinforce,20.0,1,63,151.18356163188034,74,0.012439250946044922,0.9768261909484863,,,100.87801361083984,100.87801361083984,,,70.57256317138672,50.57256317138672,
reinforce,20.0,1,64,156.53769145161152,80,0.013736963272094727,0.9907119274139404,,,110.13502502441406,110.13502502441406,,,73.58070373535156,53.5806999206543,
reinforce,20.0,1,65,101.88269155716833,56,0.009534120559692383,1.0003981590270996,,,63.379737854003906,63.379737854003906,,,49.80850601196289,29.80850601196289,
reinforce,20.0,1,66,82.36300803756167,47,0.008186101913452148,1.0087530612945557,,,42.54377365112305,42.54377365112305,,,40.16263198852539,20.16263198852539,
reinforce,20.0,1,67,111.0659215615805,59,0.010107994079589844,1.0190000534057617,,,83.33290100097656,83.33290100097656,,,53.51356887817383,33.513572692871094,
reinforce,20.0,1,68,190.48507416521426,117,0.019922971725463867,1.0390751361846924,,,104.05253601074219,104.05253601074219,,,68.68370819091797,48.683712005615234,
reinforce,20.0,1,69,143.9518282288026,72,0.012066125869750977,1.0513200759887695,,,106.20509338378906,106.20509338378906,,,68.34112548828125,48.34112548828125,
reinforce,20.0,1,70,108.95468350152002,60,0.010354757308959961,1.0618128776550293,,,67.43309783935547,67.43309783935547,,,50.30257797241211,30.30257797241211,
reinforce,20.0,1,71,162.01440117693184,85,0.014479875564575195,1.0764389038085938,,,113.23821258544922,113.23821258544922,,,71.92208862304688,51.922088623046875,
reinforce,20.0,1,72,189.26656314860077,103,0.01740288734436035,1.0940258502960205,,,117.35538482666016,117.35538482666016,,,74.08445739746094,54.08445739746094,
reinforce,20.0,1,73,147.72273513980545,95,0.01612091064453125,1.1102981567382812,,,71.80211639404297,71.80211639404297,,,55.712059020996094,35.71205520629883,
reinforce,20.0,1,74,169.81991827801556,82,0.013956069946289062,1.1243979930877686,,,131.1104278564453,131.1104278564453,,,77.16177368164062,57.16177749633789,
reinforce,20.0,1,75,164.22330215278896,76,0.012778997421264648,1.1373260021209717,,,131.46920776367188,131.46920776367188,,,76.81608581542969,56.816078186035156,
reinforce,20.0,1,76,163.6003399750419,78,0.013396024703979492,1.150874137878418,,,99.96224212646484,99.96224212646484,,,74.49649810791016,54.49650573730469,
reinforce,20.0,1,77,151.87751803678717,73,0.012276887893676758,1.163355827331543,,,97.96720123291016,97.96720123291016,,,71.02375030517578,51.02375793457031,
reinforce,20.0,1,78,251.85557921308245,115,0.0194399356842041,1.1829519271850586,,,183.57086181640625,183.57086181640625,,,101.9212875366211,81.92127990722656,
reinforce,20.0,1,79,246.368699880456,121,0.020253896713256836,1.2033519744873047,,,156.0314483642578,156.0314483642578,,,96.14920043945312,76.14920043945312,
reinforce,20.0,1,80,188.20310354397589,87,0.014425039291381836,1.217952013015747,224.5064216471269,2.4406677906224075,121.59709167480469,121.59709167480469,,,83.53704071044922,63.53704071044922,
reinforce,20.0,1,81,152.47806544798365,74,0.012501001358032227,1.275726079940796,,,109.93521881103516,109.93521881103516,,,71.23131561279297,51.2313117980957,
reinforce,20.0,1,82,198.35679972279632,90,0.015187978744506836,1.2910590171813965,,,144.97857666015625,144.97857666015625,,,87.22821807861328,67.22821807861328,
reinforce,20.0,1,83,221.5488182156709,115,0.019481897354125977,1.3107190132141113,,,136.4092254638672,136.4092254638672,,,88.90220642089844,68.90220642089844,
reinforce,20.0,1,84,195.67442116845038,92,0.015625953674316406,1.3265080451965332,,,138.3170166015625,138.3170166015625,,,84.73345184326172,64.73345184326172,
reinforce,20.0,1,85,218.75573122905175,96,0.01645803451538086,1.343116044998169,,,143.4065704345703,143.4065704345703,,,94.54656982421875,74.54657745361328,
reinforce,20.0,1,86,217.17318413819584,130,0.02178192138671875,1.365051031112671,,,130.45263671875,130.45263671875,,,77.77943420410156,57.77943420410156,
reinforce,20.0,1,87,283.2641025977107,180,0.030164003372192383,1.3953888416290283,,,165.21006774902344,165.21006774902344,,,94.04109954833984,74.04110717773438,
reinforce,20.0,1,88,172.5102949315255,92,0.015744686126708984,1.4113028049468994,,,116.88546752929688,116.88546752929688,,,71.88850402832031,51.888511657714844,
reinforce,20.0,1,89,187.05737093677735,94,0.015772342681884766,1.4272382259368896,,,112.17982482910156,112.17982482910156,,,78.62413024902344,58.62412643432617,
reinforce,20.0,1,90,142.19768054953883,92,0.016130924224853516,1.4435479640960693,,,73.7515640258789,73.7515640258789,,,58.40334701538086,38.40334701538086,
reinforce,20.0,1,91,242.19185101930793,137,0.022896766662597656,1.4666118621826172,,,136.07945251464844,136.07945251464844,,,84.7032241821289,64.7032241821289,
reinforce,20.0,1,92,159.13615207922297,90,0.015159130096435547,1.4819450378417969,,,99.98576354980469,99.98576354980469,,,65.35376739501953,45.3537712097168,
reinforce,20.0,1,93,165.0250408875389,85,0.014703989028930664,1.4967880249023438,,,116.04369354248047,116.04369354248047,,,71.30489349365234,51.304893493652344,
reinforce,20.0,1,94,194.9919646461381,105,0.018099069595336914,1.515038013458252,,,114.33924102783203,114.33924102783203,,,76.83515930175781,56.83515930175781,
reinforce,20.0,1,95,273.7031589349211,150,0.025635957717895508,1.5408289432525635,,,156.04685974121094,156.04685974121094,,,95.86309814453125,75.86309814453125,
reinforce,20.0,1,96,189.13319305327275,118,0.020370960235595703,1.5613901615142822,,,109.32585144042969,109.32585144042969,,,70.89193725585938,50.89194107055664,
reinforce,20.0,1,97,207.41854909214294,116,0.019502878189086914,1.5810539722442627,,,120.93080139160156,120.93080139160156,,,77.19480895996094,57.19480895996094,
reinforce,20.0,1,98,185.1617719490377,103,0.01741313934326172,1.5986289978027344,,,105.17244720458984,105.17244720458984,,,74.47235870361328,54.47236251831055,
reinforce,20.0,1,99,253.08468439259977,128,0.02194690704345703,1.620755910873413,,,154.64776611328125,154.64776611328125,,,94.6510009765625,74.6510009765625,
reinforce,20.0,1,100,174.01581817318083,96,0.01680612564086914,1.6377201080322266,181.02722197078236,3.472913932674787,113.19657135009766,113.19657135009766,,,71.93315887451172,51.93315505981445,
reinforce,20.0,1,101,225.29464310211452,125,0.021448135375976562,1.7051551342010498,,,134.040283203125,134.040283203125,,,83.71515655517578,63.71515655517578,
reinforce,20.0,1,102,164.68064294644088,102,0.017729997634887695,1.7230560779571533,,,89.06471252441406,89.06471252441406,,,63.4443473815918,43.44435119628906,
reinforce,20.0,1,103,186.3092813208136,110,0.018893003463745117,1.7421119213104248,,,106.48893737792969,106.48893737792969,,,73.05438995361328,53.054386138916016,
reinforce,20.0,1,104,142.95290904594168,92,0.01556086540222168,1.7578380107879639,,,89.17028045654297,89.17028045654297,,,58.013919830322266,38.013919830322266,
reinforce,20.0,1,105,293.05352800624416,164,0.028258800506591797,1.7862589359283447,,,159.2904510498047,159.2904510498047,,,97.79668426513672,77.79668426513672,
reinforce,20.0,1,106,282.05503110169553,155,0.026374101638793945,1.8128139972686768,,,157.13551330566406,157.13551330566406,,,95.22694396972656,75.22694396972656,
reinforce,20.0,1,107,151.6435178837424,93,0.016144990921020508,1.8291430473327637,,,83.15949249267578,83.15949249267578,,,63.67064666748047,43.67064666748047,
reinforce,20.0,1,108,203.4132711359456,132,0.022650957107543945,1.8519480228424072,,,104.39010620117188,104.39010620117188,,,71.0694580078125,51.069461822509766,
reinforce,20.0,1,109,241.95929145776458,159,0.02678704261779785,1.8788959980010986,,,121.53598022460938,121.53598022460938,,,77.11748504638672,57.117488861083984,
reinforce,20.0,1,110,323.1553659873124,200,0.035058021545410156,1.9141199588775635,,,153.18133544921875,153.18133544921875,,,97.44828796386719,77.44828796386719,
reinforce,20.0,1,111,333.19538320464096,208,0.03507709503173828,1.9493811130523682,,,170.15402221679688,170.15402221679688,,,96.73063659667969,76.73062896728516,
reinforce,20.0,1,112,303.5453654516163,184,0.03126716613769531,1.980802059173584,,,160.8408966064453,160.8408966064453,,,92.59803009033203,72.59803009033203,
reinforce,20.0,1,113,316.6882949199006,195,0.03273129463195801,2.0136990547180176,,,153.35397338867188,153.35397338867188,,,95.39905548095703,75.39905548095703,
reinforce,20.0,1,114,306.69842760323496,178,0.02988910675048828,2.043769121170044,,,168.32518005371094,168.32518005371094,,,97.1520767211914,77.1520767211914,
reinforce,20.0,1,115,277.88002014978997,145,0.02358698844909668,2.067533016204834,,,169.2314453125,169.2314453125,,,96.94229888916016,76.94229888916016,
reinforce,20.0,1,116,320.42016088687967,197,0.03301715850830078,2.10076904296875,,,161.7799835205078,161.7799835205078,,,98.10311126708984,78.10311126708984,
reinforce,20.0,1,117,299.23090239999107,166,0.02839493751525879,2.129317045211792,,,179.96717834472656,179.96717834472656,,,100.36343383789062,80.36344146728516,
reinforce,20.0,1,118,273.41005705595904,159,0.026827096939086914,2.1563220024108887,,,159.46241760253906,159.46241760253906,,,92.6953353881836,72.6953353881836,
reinforce,20.0,1,119,200.36626842068947,141,0.024016857147216797,2.180508852005005,,,95.65298461914062,95.65298461914062,,,66.56768798828125,46.567691802978516,
reinforce,20.0,1,120,183.8274292429123,131,0.022574186325073242,2.2032530307769775,191.70210955593953,0.912782516551287,90.06558990478516,90.06558990478516,,,62.68839645385742,42.68839645385742,
reinforce,20.0,1,121,199.25479681011464,142,0.024617910385131836,2.2869949340820312,,,96.37997436523438,96.37997436523438,,,67.06559753417969,47.06559371948242,
reinforce,20.0,1,122,173.87954147651774,124,0.021023035049438477,2.3082029819488525,,,89.0199966430664,89.0199966430664,,,61.793087005615234,41.793087005615234,
reinforce,20.0,1,123,178.00730237569354,135,0.02302098274230957,2.3313839435577393,,,86.29337310791016,86.29337310791016,,,61.93890380859375,41.93891143798828,
reinforce,20.0,1,124,113.51383454849179,86,0.015239953994750977,2.346791982650757,,,48.41646957397461,48.41646957397461,,,45.44019317626953,25.440196990966797,
reinforce,20.0,1,125,159.2976123073277,127,0.02227306365966797,2.3692238330841064,,,72.8371810913086,72.8371810913086,,,54.10749816894531,34.10749816894531,
reinforce,20.0,1,126,103.16119372979149,82,0.014307022094726562,2.3837270736694336,,,49.271202087402344,49.271202087402344,,,41.41994094848633,21.41994285583496,
reinforce,20.0,1,127,139.54320345326136,105,0.018094301223754883,2.4019651412963867,,,61.37459182739258,61.37459182739258,,,51.13050079345703,31.130508422851562,
reinforce,20.0,1,128,121.11416319373839,102,0.017760038375854492,2.419890880584717,,,50.84733963012695,50.84733963012695,,,43.84367370605469,23.843673706054688,
reinforce,20.0,1,129,102.57817879334802,88,0.015329837799072266,2.4353830814361572,,,45.74782180786133,45.74782180786133,,,38.94752502441406,18.947526931762695,
reinforce,20.0,1,130,125.03796475624883,98,0.016729116439819336,2.4522690773010254,,,56.68029022216797,56.68029022216797,,,47.89552307128906,27.895524978637695,
reinforce,20.0,1,131,106.59707228580463,91,0.015886783599853516,2.4683289527893066,,,49.128746032714844,49.128746032714844,,,41.145729064941406,21.145729064941406,
reinforce,20.0,1,132,117.98700855888384,106,0.018406152725219727,2.486905097961426,,,41.59458923339844,41.59458923339844,,,41.768775939941406,21.768775939941406,
reinforce,20.0,1,133,89.48562218177693,79,0.013694047927856445,2.5007669925689697,,,42.3536491394043,42.3536491394043,,,36.70303726196289,16.703039169311523,
reinforce,20.0,1,134,101.48107682925698,87,0.014950990676879883,2.515880823135376,,,34.03776550292969,34.03776550292969,,,38.1689338684082,18.168933868408203,
reinforce,20.0,1,135,107.59926061251731,94,0.016208171844482422,2.5322301387786865,,,45.57402038574219,45.57402038574219,,,40.03778839111328,20.03778839111328,
reinforce,20.0,1,136,101.94144670309055,94,0.016344070434570312,2.5487401485443115,,,35.309288024902344,35.309288024902344,,,37.41152572631836,17.411527633666992,
reinforce,20.0,1,137,83.07780799465465,74,0.013153076171875,2.5620510578155518,,,28.154191970825195,28.154191970825195,,,34.30563735961914,14.305636405944824,
reinforce,20.0,1,138,80.03789747940026,68,0.011834144592285156,2.5740389823913574,,,32.57474899291992,32.57474899291992,,,33.51434326171875,13.514344215393066,
reinforce,20.0,1,139,93.91997098348881,79,0.013859033584594727,2.5880701541900635,,,38.5875244140625,38.5875244140625,,,37.7352294921875,17.735225677490234,
reinforce,20.0,1,140,81.54750951670034,67,0.01171875,2.599937915802002,80.40199739538956,0.7014556730236817,28.277494430541992,28.277494430541992,,,33.99692916870117,13.996927261352539,
reinforce,20.0,1,141,65.1006549088669,59,0.01050114631652832,2.6429359912872314,,,12.218377113342285,12.218377113342285,,,26.460744857788086,6.460744857788086,
reinforce,20.0,1,142,92.79595683712657,80,0.014105081558227539,2.6572070121765137,,,38.320556640625,38.320556640625,,,38.73237228393555,18.732372283935547,
reinforce,20.0,1,143,79.68098075212347,69,0.012508869171142578,2.6698780059814453,,,29.278871536254883,29.278871536254883,,,31.958099365234375,11.958098411560059,
reinforce,20.0,1,144,98.76221305956362,77,0.013371944427490234,2.6834049224853516,,,41.23530197143555,41.23530197143555,,,39.259246826171875,19.259244918823242,
reinforce,20.0,1,145,95.90580868083343,83,0.014451265335083008,2.698021173477173,,,40.922542572021484,40.922542572021484,,,36.00917053222656,16.009170532226562,
reinforce,20.0,1,146,95.39149898314301,81,0.014168024063110352,2.7123470306396484,,,33.887481689453125,33.887481689453125,,,37.19918441772461,17.199182510375977,
reinforce,20.0,1,147,86.76638441108251,67,0.011789798736572266,2.7242848873138428,,,31.27918815612793,31.27918815612793,,,37.24116134643555,17.241159439086914,
reinforce,20.0,1,148,87.19979325793162,71,0.012497186660766602,2.7369420528411865,,,36.49492645263672,36.49492645263672,,,34.96500015258789,14.965003967285156,
reinforce,20.0,1,149,88.30747032625442,68,0.011914968490600586,2.7489898204803467,,,39.160579681396484,39.160579681396484,,,37.15779495239258,17.157791137695312,
reinforce,20.0,1,150,99.73201917538546,76,0.013488054275512695,2.7627570629119873,,,43.740516662597656,43.740516662597656,,,40.87413787841797,20.87413787841797,
reinforce,20.0,1,151,124.45270971187871,89,0.015453815460205078,2.7784078121185303,,,60.92319869995117,60.92319869995117,,,47.983489990234375,27.983491897583008,
reinforce,20.0,1,152,96.61493451753405,77,0.013416290283203125,2.791995048522949,,,41.018638610839844,41.018638610839844,,,37.7122802734375,17.712284088134766,
reinforce,20.0,1,153,98.39675079636157,72,0.01263427734375,2.804814100265503,,,41.67041778564453,41.67041778564453,,,40.59707260131836,20.597068786621094,
reinforce,20.0,1,154,107.0202544956805,77,0.013291120529174805,2.8182761669158936,,,47.385101318359375,47.385101318359375,,,44.20062255859375,24.200620651245117,
reinforce,20.0,1,155,100.25822991458456,72,0.012485980987548828,2.830935001373291,,,49.14189147949219,49.14189147949219,,,41.10272216796875,21.10272216796875,
reinforce,20.0,1,156,95.17055821839018,61,0.010887861251831055,2.8420028686523438,,,50.49140167236328,50.49140167236328,,,42.94596862792969,22.945966720581055,
reinforce,20.0,1,157,126.73167283887913,83,0.014339208602905273,2.8565139770507812,,,72.10060119628906,72.10060119628906,,,51.54146194458008,31.541461944580078,
reinforce,20.0,1,158,102.97141688041839,66,0.011555910110473633,2.868222951889038,,,53.28695297241211,53.28695297241211,,,45.49687957763672,25.496877670288086,
reinforce,20.0,1,159,97.43407615923992,61,0.010702133178710938,2.8790841102600098,,,47.89307403564453,47.89307403564453,,,44.682186126708984,24.682180404663086,
reinforce,20.0,1,160,105.87848010588918,66,0.011645793914794922,2.890856981277466,112.34624234971166,1.0885856574394128,60.563167572021484,60.563167572021484,,,47.21377182006836,27.21377182006836,
reinforce,20.0,1,161,91.5875271650971,56,0.009935855865478516,2.931241989135742,,,50.572181701660156,50.572181701660156,,,43.56028366088867,23.560285568237305,
reinforce,20.0,1,162,120.31676139919693,69,0.012244939804077148,2.943647861480713,,,68.15835571289062,68.15835571289062,,,54.32359313964844,34.32358932495117,
reinforce,20.0,1,163,118.4203030742974,69,0.011972904205322266,2.9558019638061523,,,68.7962417602539,68.7962417602539,,,53.38679122924805,33.38678741455078,
reinforce,20.0,1,164,91.9304261382625,55,0.009595870971679688,2.9655799865722656,,,60.14902877807617,60.14902877807617,,,44.521305084228516,24.521303176879883,
reinforce,20.0,1,165,114.77490839414513,64,0.011026144027709961,2.9767510890960693,,,65.94667053222656,65.94667053222656,,,54.12042236328125,34.12042236328125,
reinforce,20.0,1,166,128.03774338683274,79,0.01369023323059082,2.9906160831451416,,,65.22544860839844,65.22544860839844,,,54.065887451171875,34.065887451171875,
reinforce,20.0,1,167,108.07347623114639,60,0.010370016098022461,3.001136064529419,,,70.06442260742188,70.06442260742188,,,52.00225067138672,32.00225067138672,
reinforce,20.0,1,168,140.29340748812845,81,0.014192819595336914,3.0155088901519775,,,96.64569854736328,96.64569854736328,,,59.763336181640625,39.76333236694336,
reinforce,20.0,1,169,152.3641653823052,77,0.013208866119384766,3.0288829803466797,,,111.87672424316406,111.87672424316406,,,69.15724182128906,49.15724563598633,
reinforce,20.0,1,170,157.67307053532912,80,0.014120817184448242,3.043149948120117,,,94.55988311767578,94.55988311767578,,,70.70968627929688,50.709693908691406,
reinforce,20.0,1,171,140.37307621886995,77,0.01317286491394043,3.056471109390259,,,80.73590850830078,80.73590850830078,,,61.92896270751953,41.92896270751953,
reinforce,20.0,1,172,133.3615139456978,69,0.011913061141967773,3.068538188934326,,,93.27359008789062,93.27359008789062,,,62.68193817138672,42.68193435668945,
reinforce,20.0,1,173,153.08770451230268,75,0.012780904769897461,3.081489086151123,,,117.72171783447266,117.72171783447266,,,70.9780502319336,50.978050231933594,
reinforce,20.0,1,174,149.19831486017299,74,0.013273239135742188,3.094905138015747,,,105.27679443359375,105.27679443359375,,,68.90773010253906,48.90773391723633,
reinforce,20.0,1,175,198.1787691571016,91,0.015564918518066406,3.110624074935913,,,123.92591094970703,123.92591094970703,,,86.70973205566406,66.70973205566406,
reinforce,20.0,1,176,206.66911859496665,93,0.01590585708618164,3.1266849040985107,,,159.0348358154297,159.0348358154297,,,90.04169464111328,70.04169464111328,
reinforce,20.0,1,177,209.7638847815416,94,0.016459941864013672,3.1433188915252686,,,149.27554321289062,149.27554321289062,,,91.28846740722656,71.28846740722656,
reinforce,20.0,1,178,205.75761953181535,91,0.015556097030639648,3.159046173095703,,,149.32904052734375,149.32904052734375,,,90.77571105957031,70.77570343017578,
reinforce,20.0,1,179,207.20515752446778,93,0.015885114669799805,3.175089120864868,,,150.401123046875,150.401123046875,,,90.16693115234375,70.16693115234375,
reinforce,20.0,1,180,211.65897489963837,93,0.015895843505859375,3.191133975982666,208.7688992751808,1.7088414542571049,162.44932556152344,162.44932556152344,,,92.76272583007812,72.7627182006836,
reinforce,20.0,1,181,209.81569582891066,93,0.015972137451171875,3.2477049827575684,,,142.3434295654297,142.3434295654297,,,91.57405090332031,71.57405090332031,
reinforce,20.0,1,182,207.13327387314288,92,0.015760183334350586,3.2636210918426514,,,166.2980194091797,166.2980194091797,,,90.27105712890625,70.27105712890625,
reinforce,20.0,1,183,220.39477347890966,101,0.01683211326599121,3.280606985092163,,,160.57786560058594,160.57786560058594,,,92.151611328125,72.15160369873047,
reinforce,20.0,1,184,218.94562570315847,98,0.017088890075683594,3.2978601455688477,,,160.79083251953125,160.79083251953125,,,93.05286407470703,73.0528564453125,
reinforce,20.0,1,185,213.56252582782665,94,0.016136884689331055,3.3141579627990723,,,168.33213806152344,168.33213806152344,,,92.81843566894531,72.81843566894531,
reinforce,20.0,1,186,226.07203661418862,101,0.01733684539794922,3.331657886505127,,,148.7598419189453,148.7598419189453,,,94.90723419189453,74.90724182128906,
reinforce,20.0,1,187,214.12067178009096,93,0.016248226165771484,3.348067045211792,,,138.3966064453125,138.3966064453125,,,94.15887451171875,74.15888214111328,
reinforce,20.0,1,188,221.54650032008934,98,0.01665210723876953,3.3648650646209717,,,165.6112823486328,165.6112823486328,,,94.45057678222656,74.45057678222656,
reinforce,20.0,1,189,224.22789135418083,100,0.017045974731445312,3.3820879459381104,,,144.41976928710938,144.41976928710938,,,94.55915832519531,74.55915832519531,
reinforce,20.0,1,190,225.22692697766936,103,0.01741313934326172,3.3996729850769043,,,147.90750122070312,147.90750122070312,,,93.29691314697266,73.29692077636719,
reinforce,20.0,1,191,221.533468883539,98,0.01676797866821289,3.416619062423706,,,178.581787109375,178.581787109375,,,94.3290023803711,74.32901000976562,
reinforce,20.0,1,192,199.73488518937214,93,0.01588726043701172,3.432676076889038,,,141.2002716064453,141.2002716064453,,,85.57920837402344,65.57920837402344,
reinforce,20.0,1,193,225.02709276389604,100,0.01667189598083496,3.4494969844818115,,,157.05816650390625,157.05816650390625,,,94.97872924804688,74.97872924804688,
reinforce,20.0,1,194,215.82370004030085,95,0.01601099967956543,3.465674877166748,,,161.60504150390625,161.60504150390625,,,93.4255142211914,73.4255142211914,
reinforce,20.0,1,195,214.84205331297915,95,0.01596689224243164,3.4817888736724854,,,151.5435791015625,151.5435791015625,,,92.71334075927734,72.71334075927734,
reinforce,20.0,1,196,214.2458016582246,94,0.016095876693725586,3.4980359077453613,,,161.5985870361328,161.5985870361328,,,92.8722915649414,72.8722915649414,
reinforce,20.0,1,197,178.5325501870987,82,0.014058113098144531,3.5122570991516113,,,131.31703186035156,131.31703186035156,,,81.0470199584961,61.04701232910156,
reinforce,20.0,1,198,162.78544368665032,76,0.013087749481201172,3.525531768798828,,,114.51676940917969,114.51676940917969,,,75.54531860351562,55.54531478881836,
reinforce,20.0,1,199,185.1155776196355,89,0.015282154083251953,3.540966033935547,,,125.44731140136719,125.44731140136719,,,80.01239013671875,60.012386322021484,
reinforce,20.0,1,200,168.36272480794648,78,0.013165950775146484,3.5543179512023926,194.83070056239166,1.310978978552941,125.86831665039062,125.86831665039062,,,77.87459564208984,57.87459945678711,
reinforce,20.0,1,201,220.52179170753263,95,0.016530752182006836,3.6093249320983887,,,165.1532440185547,165.1532440185547,,,96.43186950683594,76.43186950683594,
reinforce,20.0,1,202,170.20502217337514,79,0.013720035552978516,3.6232240200042725,,,128.8437042236328,128.8437042236328,,,78.408935546875,58.408931732177734,
reinforce,20.0,1,203,218.01126361395785,95,0.016215085983276367,3.6395890712738037,,,180.2002716064453,180.2002716064453,,,94.70777130126953,74.70777130126953,
reinforce,20.0,1,204,214.70931976759286,93,0.015479803085327148,3.655228853225708,,,151.39027404785156,151.39027404785156,,,94.15689849853516,74.15689849853516,
reinforce,20.0,1,205,220.87581785662223,97,0.016510963439941406,3.671905040740967,,,160.3357391357422,160.3357391357422,,,94.27826690673828,74.27826690673828,
reinforce,20.0,1,206,215.22779591852293,94,0.015990018844604492,3.6880550384521484,,,143.40785217285156,143.40785217285156,,,93.64904022216797,73.64903259277344,
reinforce,20.0,1,207,217.15331886973095,94,0.01637101173400879,3.704580068588257,,,163.7115020751953,163.7115020751953,,,94.86299896240234,74.86300659179688,
reinforce,20.0,1,208,214.20557250539846,93,0.015890836715698242,3.7206199169158936,,,180.5341339111328,180.5341339111328,,,93.63105010986328,73.63106536865234,
reinforce,20.0,1,209,217.13049364484652,94,0.01641082763671875,3.7371928691864014,,,150.14512634277344,150.14512634277344,,,95.0038833618164,75.00389862060547,
reinforce,20.0,1,210,216.89763989123682,94,0.0162198543548584,3.7535769939422607,,,156.25350952148438,156.25350952148438,,,94.71324157714844,74.7132339477539,
reinforce,20.0,1,211,212.9748830840742,93,0.016058921813964844,3.7697880268096924,,,146.86859130859375,146.86859130859375,,,93.4386215209961,73.4386215209961,
reinforce,20.0,1,212,212.44556357812675,92,0.015844106674194336,3.7857930660247803,,,158.58749389648438,158.58749389648438,,,93.37496948242188,73.37495422363281,
reinforce,20.0,1,213,207.60146088727694,91,0.015309810638427734,3.801257848739624,,,163.35621643066406,163.35621643066406,,,91.20692443847656,71.2069320678711,
reinforce,20.0,1,214,216.1701223772491,94,0.016035079956054688,3.8174400329589844,,,171.50303649902344,171.50303649902344,,,94.0803451538086,74.08036041259766,
reinforce,20.0,1,215,213.176597397786,93,0.01586771011352539,3.8334598541259766,,,159.20018005371094,159.20018005371094,,,93.1009750366211,73.1009750366211,
reinforce,20.0,1,216,210.54286780867506,92,0.015748977661132812,3.849364995956421,,,154.5839385986328,154.5839385986328,,,92.16227722167969,72.16227722167969,
reinforce,20.0,1,217,212.19871188686108,93,0.016048192977905273,3.8655741214752197,,,151.68467712402344,151.68467712402344,,,92.19661712646484,72.19661712646484,
reinforce,20.0,1,218,211.6288803241952,93,0.01586008071899414,3.8816020488739014,,,159.53065490722656,159.53065490722656,,,91.75399017333984,71.75399780273438,
reinforce,20.0,1,219,211.3574395101692,93,0.0157167911529541,3.897469997406006,,,170.5980682373047,170.5980682373047,,,91.88228607177734,71.88228607177734,
reinforce,20.0,1,220,212.7158371981338,93,0.016056060791015625,3.913666009902954,212.65984907549213,0.9773197150032588,170.29637145996094,170.29637145996094,,,92.65620422363281,72.65620422363281,
reinforce,20.0,1,221,210.67275910461078,93,0.01638507843017578,3.9714910984039307,,,152.9251251220703,152.9251251220703,,,91.59988403320312,71.59989166259766,
reinforce,20.0,1,222,207.2670389558813,92,0.015613079071044922,3.9872660636901855,,,152.57032775878906,152.57032775878906,,,90.46746826171875,70.46745300292969,
reinforce,20.0,1,223,212.43407691763147,94,0.016299962997436523,4.003720998764038,,,143.05877685546875,143.05877685546875,,,92.2528076171875,72.2528076171875,
reinforce,20.0,1,224,209.3516813982714,93,0.01585102081298828,4.01974081993103,,,155.8984832763672,155.8984832763672,,,91.09935760498047,71.099365234375,
reinforce,20.0,1,225,209.5736557645966,93,0.01603221893310547,4.035940170288086,,,149.99871826171875,149.99871826171875,,,90.9823989868164,70.9823989868164,
reinforce,20.0,1,226,207.05709973530298,92,0.01564311981201172,4.051750183105469,,,140.919677734375,140.919677734375,,,90.1625747680664,70.1625747680664,
reinforce,20.0,1,227,205.1191926153246,91,0.015491962432861328,4.067434072494507,,,175.3849334716797,175.3849334716797,,,89.65176391601562,69.65176391601562,
reinforce,20.0,1,228,186.63552519119494,86,0.014824867248535156,4.082412004470825,,,128.7965850830078,128.7965850830078,,,82.74820709228516,62.748207092285156,
reinforce,20.0,1,229,202.60576849833566,91,0.015416145324707031,4.097978115081787,,,142.92233276367188,142.92233276367188,,,88.3721694946289,68.37215423583984,
reinforce,20.0,1,230,197.77301999266538,89,0.015131950378417969,4.113266944885254,,,154.93936157226562,154.93936157226562,,,86.73914337158203,66.73914337158203,
reinforce,20.0,1,231,205.79629996913388,92,0.01588296890258789,4.129305124282837,,,132.39529418945312,132.39529418945312,,,89.43132019042969,69.43132019042969,
reinforce,20.0,1,232,205.4869141677544,92,0.015729904174804688,4.1452038288116455,,,159.79627990722656,159.79627990722656,,,89.31526184082031,69.31526184082031,
reinforce,20.0,1,233,177.7658858599001,83,0.014008045196533203,4.159373044967651,,,134.43995666503906,134.43995666503906,,,79.56307983398438,59.563087463378906,
reinforce,20.0,1,234,152.5863472486126,75,0.012897968292236328,4.1724090576171875,,,100.44071960449219,100.44071960449219,,,69.86114501953125,49.86114501953125,
reinforce,20.0,1,235,130.36318157573942,67,0.011667251586914062,4.184241056442261,,,95.03189086914062,95.03189086914062,,,60.7546501159668,40.7546501159668,
reinforce,20.0,1,236,184.18554057730742,85,0.014571905136108398,4.19898796081543,,,125.39643859863281,125.39643859863281,,,81.91165161132812,61.911651611328125,
reinforce,20.0,1,237,190.4211734565883,87,0.014911174774169922,4.214056015014648,,,150.68984985351562,150.68984985351562,,,84.36358642578125,64.36358642578125,
reinforce,20.0,1,238,161.70460210295514,78,0.013107061386108398,4.2274010181427,,,118.2352523803711,118.2352523803711,,,73.59934997558594,53.59934616088867,
reinforce,20.0,1,239,132.2804174405152,68,0.011622190475463867,4.239174127578735,,,87.31439208984375,87.31439208984375,,,61.65928649902344,41.65928649902344,
reinforce,20.0,1,240,155.85920398127163,76,0.01302790641784668,4.252370834350586,150.22934736817652,2.104158339246285,107.7215347290039,107.7215347290039,,,71.2941665649414,51.29416275024414,
reinforce,20.0,1,241,156.58558059905698,76,0.013200759887695312,4.298111915588379,,,108.44998931884766,108.44998931884766,,,71.62744140625,51.62744140625,
reinforce,20.0,1,242,168.47366667674956,80,0.014215230941772461,4.312518835067749,,,116.2080307006836,116.2080307006836,,,76.24174499511719,56.24174880981445,
reinforce,20.0,1,243,146.96092378018278,73,0.013376951217651367,4.32602596282959,,,96.85015869140625,96.85015869140625,,,67.7450942993164,47.74510192871094,
reinforce,20.0,1,244,140.81899727894415,71,0.012536287307739258,4.3387131690979,,,93.35198974609375,93.35198974609375,,,65.27188110351562,45.27188491821289,
reinforce,20.0,1,245,126.63167017856836,66,0.015293121337890625,4.354225158691406,,,85.42266082763672,85.42266082763672,,,59.28139114379883,39.28139114379883,
reinforce,20.0,1,246,147.89338658874215,73,0.013731002807617188,4.368170976638794,,,105.70417022705078,105.70417022705078,,,68.25647735595703,48.256473541259766,
reinforce,20.0,1,247,137.0175781623088,70,0.012791872024536133,4.381155967712402,,,84.55899810791016,84.55899810791016,,,63.47389602661133,43.47389602661133,
reinforce,20.0,1,248,171.43473999617206,81,0.014450788497924805,4.395774841308594,,,115.45477294921875,115.45477294921875,,,77.41549682617188,57.415496826171875,
reinforce,20.0,1,249,143.59466910171489,72,0.012991905212402344,4.408914804458618,,,81.12118530273438,81.12118530273438,,,66.29332733154297,46.29332733154297,
reinforce,20.0,1,250,139.5559753009196,71,0.012781858444213867,4.421865940093994,,,88.06072235107422,88.06072235107422,,,64.18223571777344,44.18223190307617,
reinforce,20.0,1,251,138.12872685678832,70,0.012763261795043945,4.434790134429932,,,111.29740905761719,111.29740905761719,,,63.93659210205078,43.93659210205078,
reinforce,20.0,1,252,114.77739391995588,62,0.011407136917114258,4.446374177932739,,,75.75955963134766,75.75955963134766,,,54.03913116455078,34.039127349853516,
reinforce,20.0,1,253,172.92078390495212,81,0.014427900314331055,4.460968017578125,,,110.85978698730469,110.85978698730469,,,77.97340393066406,57.97340393066406,
reinforce,20.0,1,254,126.91579083417297,66,0.011541128158569336,4.472667217254639,,,86.15480041503906,86.15480041503906,,,59.25812911987305,39.25812911987305,
reinforce,20.0,1,255,162.31805158911945,78,0.012819051742553711,4.485625982284546,,,111.86265563964844,111.86265563964844,,,73.72787475585938,53.72787857055664,
reinforce,20.0,1,256,171.89335849283518,81,0.013823270797729492,4.499611139297485,,,114.90853881835938,114.90853881835938,,,77.49826049804688,57.49826431274414,
reinforce,20.0,1,257,202.1708621526827,91,0.015504121780395508,4.515268087387085,,,145.33685302734375,145.33685302734375,,,88.55963134765625,68.55963897705078,
reinforce,20.0,1,258,202.70091146487545,91,0.01566600799560547,4.531090974807739,,,145.71731567382812,145.71731567382812,,,88.4397201538086,68.4397201538086,
reinforce,20.0,1,259,166.27077735983852,79,0.013269901275634766,4.544529914855957,,,120.82061004638672,120.82061004638672,,,75.26293182373047,55.262935638427734,
reinforce,20.0,1,260,202.60504584096043,91,0.01575016975402832,4.5604541301727295,196.3501639514821,5.943246338711235,134.0013885498047,134.0013885498047,,,88.71340942382812,68.71339416503906,
reinforce,20.0,1,261,205.0008658588625,92,0.015771150588989258,4.615248203277588,,,138.6549072265625,138.6549072265625,,,89.54234313964844,69.5423355102539,
reinforce,20.0,1,262,150.37297367121835,74,0.012922048568725586,4.628331899642944,,,107.08622741699219,107.08622741699219,,,69.0191650390625,49.01917266845703,
reinforce,20.0,1,263,204.34023850147926,91,0.015405893325805664,4.643908977508545,,,147.6934051513672,147.6934051513672,,,89.43497467041016,69.43497467041016,
reinforce,20.0,1,264,172.0175896021557,81,0.01419973373413086,4.658279895782471,,,137.61024475097656,137.61024475097656,,,77.97545623779297,57.975460052490234,
reinforce,20.0,1,265,203.26400089513746,91,0.015540838241577148,4.673971891403198,,,162.13360595703125,162.13360595703125,,,89.05757904052734,69.05757904052734,
reinforce,20.0,1,266,203.32793686440127,91,0.015568017959594727,4.689687967300415,,,138.40225219726562,138.40225219726562,,,89.10226440429688,69.10226440429688,
reinforce,20.0,1,267,153.5466443474984,75,0.012866973876953125,4.702709913253784,,,99.63855743408203,99.63855743408203,,,70.53765869140625,50.53765869140625,
reinforce,20.0,1,268,168.77059313188985,80,0.014018774032592773,4.716891765594482,,,111.40289306640625,111.40289306640625,,,76.57637023925781,56.57636642456055,
reinforce,20.0,1,269,155.94653147138806,76,0.016270160675048828,4.7333080768585205,,,99.16826629638672,99.16826629638672,,,71.60317993164062,51.60317611694336,
reinforce,20.0,1,270,136.39366880054834,69,0.029628276824951172,4.763217210769653,,,101.0559310913086,101.0559310913086,,,63.72298049926758,43.72297668457031,
reinforce,20.0,1,271,143.83659331683222,72,0.015022993087768555,4.778486967086792,,,89.94116973876953,89.94116973876953,,,66.83769989013672,46.837703704833984,
reinforce,20.0,1,272,95.81634999070091,54,0.009234905242919922,4.787881851196289,,,62.23124694824219,62.23124694824219,,,46.72238540649414,26.72238540649414,
reinforce,20.0,1,273,97.42873084916346,55,0.009339094161987305,4.7974021434783936,,,50.8696174621582,50.8696174621582,,,47.355220794677734,27.355220794677734,
reinforce,20.0,1,274,125.47077626678423,65,0.011448860168457031,4.809010982513428,,,81.76998138427734,81.76998138427734,,,59.63097381591797,39.630977630615234,
reinforce,20.0,1,275,90.32529343615172,52,0.00879812240600586,4.817967176437378,,,46.81637954711914,46.81637954711914,,,44.536338806152344,24.536338806152344,
reinforce,20.0,1,276,94.49950964658322,54,0.009450912475585938,4.82764196395874,,,49.01853561401367,49.01853561401367,,,46.42028045654297,26.420276641845703,
reinforce,20.0,1,277,89.91215146639726,52,0.009098052978515625,4.836909055709839,,,54.92005920410156,54.92005920410156,,,44.390968322753906,24.390968322753906,
reinforce,20.0,1,278,119.06296984602746,63,0.010648012161254883,4.847727060317993,,,79.04788208007812,79.04788208007812,,,57.32804870605469,37.32804870605469,
reinforce,20.0,1,279,82.57114230840715,49,0.008516073226928711,4.856419086456299,,,48.79488754272461,48.79488754272461,,,41.117340087890625,21.117341995239258,
reinforce,20.0,1,280,105.21836834882579,58,0.010021209716796875,4.866605043411255,115.02086766240313,3.166314904884911,72.26451110839844,72.26451110839844,,,51.170902252197266,31.17090606689453,
reinforce,20.0,1,281,95.87821634637831,55,0.009447813034057617,4.903594970703125,,,48.32782745361328,48.32782745361328,,,46.920677185058594,26.920671463012695,
reinforce,20.0,1,282,125.10527572302756,65,0.011379003524780273,4.915134906768799,,,80.78561401367188,80.78561401367188,,,59.91197967529297,39.91197967529297,
reinforce,20.0,1,283,120.82219675037507,64,0.01124715805053711,4.926629066467285,,,73.4462890625,73.4462890625,,,57.90375900268555,37.90375900268555,
reinforce,20.0,1,284,99.4987258322695,56,0.00942087173461914,4.93622899055481,,,56.39218521118164,56.39218521118164,,,48.79859161376953,28.798593521118164,
reinforce,20.0,1,285,100.54444264952242,57,0.009696006774902344,4.9460768699646,,,55.49562072753906,55.49562072753906,,,48.97421646118164,28.974214553833008,
reinforce,20.0,1,286,126.92376589060697,66,0.011719942092895508,4.957959890365601,,,90.7705078125,90.7705078125,,,60.685569763183594,40.685569763183594,
reinforce,20.0,1,287,92.92980815134914,54,0.009263992309570312,4.967425107955933,,,54.66851043701172,54.66851043701172,,,45.47489547729492,25.47489356994629,
reinforce,20.0,1,288,114.16404515249921,62,0.010601997375488281,4.978164911270142,,,70.53096771240234,70.53096771240234,,,55.07107925415039,35.07107925415039,
reinforce,20.0,1,289,97.69243016412027,56,0.009826898574829102,4.9882049560546875,,,65.0820083618164,65.0820083618164,,,47.74856185913086,27.74856185913086,
reinforce,20.0,1,290,124.13812945432105,65,0.011200904846191406,4.999552965164185,,,82.44889068603516,82.44889068603516,,,59.41829299926758,39.418296813964844,
reinforce,20.0,1,291,146.38548724725328,73,0.012789011001586914,5.012533903121948,,,87.40534973144531,87.40534973144531,,,68.60234069824219,48.60233688354492,
reinforce,20.0,1,292,204.63678195565362,91,0.015467166900634766,5.028181076049805,,,133.08612060546875,133.08612060546875,,,90.52413177490234,70.52413177490234,
reinforce,20.0,1,293,114.9343247884435,62,0.010574102401733398,5.038926124572754,,,66.2489242553711,66.2489242553711,,,55.33662033081055,35.33662414550781,
reinforce,20.0,1,294,159.66661295341441,77,0.013471126556396484,5.052569150924683,,,113.97422790527344,113.97422790527344,,,73.73779296875,53.73780059814453,
reinforce,20.0,1,295,169.15112097601147,80,0.013752222061157227,5.066476106643677,,,120.671630859375,120.671630859375,,,77.40265655517578,57.40264892578125,
reinforce,20.0,1,296,206.49837016216006,95,0.016503095626831055,5.083127021789551,,,159.52166748046875,159.52166748046875,,,88.86073303222656,68.8607406616211,
reinforce,20.0,1,297,203.02510420812592,91,0.015483856201171875,5.098763942718506,,,129.28994750976562,129.28994750976562,,,89.51344299316406,69.51344299316406,
reinforce,20.0,1,298,209.66040770424627,95,0.01656508445739746,5.115473985671997,,,151.599365234375,151.599365234375,,,90.47693634033203,70.47693634033203,
reinforce,20.0,1,299,204.47586378407215,92,0.015857934951782227,5.1314780712127686,,,153.29873657226562,153.29873657226562,,,89.89561462402344,69.89562225341797,
reinforce,20.0,1,300,207.93454585083205,95,0.015877962112426758,5.147503137588501,209.6202635708512,2.1305610303191207,151.88270568847656,151.88270568847656,,,89.4539794921875,69.4539794921875,
reinforce,20.0,1,301,209.30878202012522,94,0.01620793342590332,5.205620050430298,,,136.76040649414062,136.76040649414062,,,91.21693420410156,71.21693420410156,
reinforce,20.0,1,302,211.21595293601717,98,0.01735401153564453,5.223149061203003,,,152.43020629882812,152.43020629882812,,,89.07917022705078,69.07917785644531,
reinforce,20.0,1,303,211.11251041672173,95,0.016319990158081055,5.239657878875732,,,177.81431579589844,177.81431579589844,,,91.19493865966797,71.19493865966797,
reinforce,20.0,1,304,206.8135892747278,92,0.01581120491027832,5.255611181259155,,,145.23089599609375,145.23089599609375,,,90.75138854980469,70.75138854980469,
reinforce,20.0,1,305,213.23224750499233,97,0.016331911087036133,5.272085905075073,,,133.76217651367188,133.76217651367188,,,91.083984375,71.083984375,
reinforce,20.0,1,306,212.1375980340927,97,0.016377925872802734,5.288629055023193,,,148.96865844726562,148.96865844726562,,,90.50428771972656,70.50428771972656,
reinforce,20.0,1,307,217.01784411549983,101,0.0169980525970459,5.30580997467041,,,151.66676330566406,151.66676330566406,,,90.65501403808594,70.65501403808594,
reinforce,20.0,1,308,220.24543335664902,103,0.017566919326782227,5.323534965515137,,,137.54202270507812,137.54202270507812,,,90.71200561523438,70.71200561523438,
reinforce,20.0,1,309,218.94386405182956,101,0.017043113708496094,5.340734004974365,,,140.41534423828125,140.41534423828125,,,91.3904037475586,71.3904037475586,
reinforce,20.0,1,310,228.27446304747122,110,0.01845097541809082,5.359344005584717,,,154.42922973632812,154.42922973632812,,,90.9619140625,70.9619140625,
reinforce,20.0,1,311,218.72062101746135,103,0.017389774322509766,5.3768839836120605,,,144.71617126464844,144.71617126464844,,,89.98894500732422,69.98895263671875,
reinforce,20.0,1,312,229.3119027893588,113,0.019093990325927734,5.396145820617676,,,139.8872528076172,139.8872528076172,,,89.73704528808594,69.73704528808594,
reinforce,20.0,1,313,238.60780169913357,115,0.01910996437072754,5.415421962738037,,,159.9849090576172,159.9849090576172,,,93.10161590576172,73.10161590576172,
reinforce,20.0,1,314,256.56712863479385,140,0.023766040802001953,5.439366102218628,,,164.5931396484375,164.5931396484375,,,91.26557159423828,71.26557159423828,
reinforce,20.0,1,315,231.99497904802197,108,0.018269062042236328,5.457792043685913,,,160.49224853515625,160.49224853515625,,,93.69147491455078,73.69147491455078,
reinforce,20.0,1,316,261.4755461351195,147,0.024585962295532227,5.482525825500488,,,160.23020935058594,160.23020935058594,,,90.17899322509766,70.17899322509766,
reinforce,20.0,1,317,245.20216164624725,122,0.020421743392944336,5.503101825714111,,,159.20175170898438,159.20175170898438,,,92.93527221679688,72.93527221679688,
reinforce,20.0,1,318,203.88207967142827,127,0.021648168563842773,5.524909973144531,,,106.93070220947266,106.93070220947266,,,72.06880187988281,52.06879806518555,
reinforce,20.0,1,319,278.0489889694189,154,0.02598118782043457,5.551057815551758,,,154.39151000976562,154.39151000976562,,,93.61954498291016,73.61954498291016,
reinforce,20.0,1,320,206.72232526602687,120,0.02028799057006836,5.571498870849609,288.43682442293067,5.712529128338577,107.99728393554688,107.99728393554688,,,75.8915786743164,55.891578674316406,
reinforce,20.0,1,321,235.38794494705027,145,0.02433633804321289,5.666308164596558,,,123.99275207519531,123.99275207519531,,,79.19441223144531,59.19441604614258,
reinforce,20.0,1,322,107.85091075575596,76,0.013528108596801758,5.680001974105835,,,44.237579345703125,44.237579345703125,,,44.626041412353516,24.62604331970215,
reinforce,20.0,1,323,176.5987702538213,112,0.018962860107421875,5.699112892150879,,,84.75701141357422,84.75701141357422,,,64.34603881835938,44.34604263305664,
reinforce,20.0,1,324,163.86035436125397,110,0.0188748836517334,5.718156099319458,,,88.91180419921875,88.91180419921875,,,60.613494873046875,40.613494873046875,
reinforce,20.0,1,325,208.4091079816396,132,0.022380828857421875,5.740692853927612,,,109.8323745727539,109.8323745727539,,,72.84049987792969,52.84050369262695,
reinforce,20.0,1,326,199.38818317116352,137,0.02349114418029785,5.764336109161377,,,101.31761932373047,101.31761932373047,,,66.72224426269531,46.72224807739258,
reinforce,20.0,1,327,152.8663902213695,104,0.01751995086669922,5.782019138336182,,,73.23991394042969,73.23991394042969,,,57.74403381347656,37.74403762817383,
reinforce,20.0,1,328,160.61482831224762,110,0.018650054931640625,5.800857067108154,,,87.90455627441406,87.90455627441406,,,59.00254821777344,39.00254821777344,
reinforce,20.0,1,329,202.03039877027604,145,0.02488398551940918,5.825911045074463,,,92.65739440917969,92.65739440917969,,,66.37362670898438,46.373634338378906,
reinforce,20.0,1,330,171.99164829960253,123,0.020668983459472656,5.846755027770996,,,91.0240249633789,91.0240249633789,,,58.51874923706055,38.51875305175781,
reinforce,20.0,1,331,184.48754062867644,133,0.02252197265625,5.86943793296814,,,84.18352508544922,84.18352508544922,,,61.94880676269531,41.94880676269531,
reinforce,20.0,1,332,157.97466383674802,116,0.0200498104095459,5.88967490196228,,,76.04737854003906,76.04737854003906,,,57.182716369628906,37.182716369628906,
reinforce,20.0,1,333,187.41756291355594,136,0.022947072982788086,5.912791967391968,,,86.26773071289062,86.26773071289062,,,62.47050857543945,42.47050857543945,
reinforce,20.0,1,334,163.0038206753742,121,0.02066493034362793,5.933645963668823,,,73.98126220703125,73.98126220703125,,,57.28193664550781,37.28193664550781,
reinforce,20.0,1,335,165.5511441476461,123,0.021207094192504883,5.955018043518066,,,75.72293853759766,75.72293853759766,,,57.71088409423828,37.71088409423828,
reinforce,20.0,1,336,161.05770258528915,122,0.020852088928222656,5.976056098937988,,,68.74140930175781,68.74140930175781,,,56.969966888427734,36.969966888427734,
reinforce,20.0,1,337,148.70892155907526,113,0.019548892974853516,5.99574089050293,,,64.3510513305664,64.3510513305664,,,52.287933349609375,32.28792953491211,
reinforce,20.0,1,338,152.84064585922718,113,0.018981218338012695,6.0149030685424805,,,77.90631866455078,77.90631866455078,,,54.848690032958984,34.84869384765625,
reinforce,20.0,1,339,173.044017408182,130,0.02204108238220215,6.037115097045898,,,72.14924621582031,72.14924621582031,,,59.47932815551758,39.479331970214844,
reinforce,20.0,1,340,155.3854463020526,117,0.020066022872924805,6.057353973388672,400.85315252766156,2.504384255297301,80.14490509033203,80.14490509033203,,,54.569252014160156,34.569252014160156,
reinforce,20.0,1,341,165.98157247820023,122,0.038804054260253906,6.213675022125244,,,81.68913269042969,81.68913269042969,,,57.744144439697266,37.744140625,
reinforce,20.0,1,342,116.50053606160628,85,0.026133060455322266,6.240037202835083,,,58.883758544921875,58.883758544921875,,,45.974334716796875,25.97433853149414,
reinforce,20.0,1,343,126.13929642313379,96,0.020266056060791016,6.2605061531066895,,,51.26231002807617,51.26231002807617,,,46.787628173828125,26.787630081176758,
reinforce,20.0,1,344,148.70458010730115,109,0.022135019302368164,6.282843112945557,,,65.55818176269531,65.55818176269531,,,53.88230895996094,33.88230895996094,
reinforce,20.0,1,345,150.40529768568535,109,0.021634817123413086,6.304744005203247,,,63.7333984375,63.7333984375,,,54.414833068847656,34.41482925415039,
reinforce,20.0,1,346,168.63373931210612,121,0.024112939834594727,6.329054832458496,,,76.48136901855469,76.48136901855469,,,57.94215393066406,37.94215393066406,
reinforce,20.0,1,347,150.5877031989078,107,0.020947933197021484,6.350208044052124,,,70.9979248046875,70.9979248046875,,,55.093387603759766,35.0933952331543,
reinforce,20.0,1,348,182.364106912883,128,0.027174949645996094,6.377578020095825,,,88.36312866210938,88.36312866210938,,,63.04022979736328,43.04022979736328,
reinforce,20.0,1,349,129.95917941694657,93,0.02066779136657715,6.398442983627319,,,62.27927017211914,62.27927017211914,,,49.85665512084961,29.85665512084961,
reinforce,20.0,1,350,158.65451418446747,111,0.02251911163330078,6.421321868896484,,,68.78540802001953,68.78540802001953,,,58.52280044555664,38.52280044555664,
reinforce,20.0,1,351,136.46661134357086,95,0.01692962646484375,6.438439846038818,,,61.47116470336914,61.47116470336914,,,51.723873138427734,31.723876953125,
reinforce,20.0,1,352,131.86802444778732,90,0.015128135681152344,6.453748941421509,,,70.13533020019531,70.13533020019531,,,50.84379959106445,30.843799591064453,
reinforce,20.0,1,353,142.27645375640284,97,0.016913175582885742,6.470821142196655,,,66.30628204345703,66.30628204345703,,,54.78523635864258,34.78523254394531,
reinforce,20.0,1,354,163.44855029593302,103,0.01755213737487793,6.488592147827148,,,88.49434661865234,88.49434661865234,,,61.74728012084961,41.747283935546875,
reinforce,20.0,1,355,113.66731638563627,72,0.012796878814697266,6.5015480518341064,,,58.54561233520508,58.54561233520508,,,48.92543029785156,28.925432205200195,
reinforce,20.0,1,356,117.99337963935676,74,0.012850046157836914,6.514559984207153,,,58.679534912109375,58.679534912109375,,,50.4001350402832,30.400129318237305,
reinforce,20.0,1,357,115.36189543237174,77,0.013489007949829102,6.528188943862915,,,59.829429626464844,59.829429626464844,,,47.95995330810547,27.95994758605957,
reinforce,20.0,1,358,97.97585635526819,66,0.011422157287597656,6.5397491455078125,,,53.10038375854492,53.10038375854492,,,42.683475494384766,22.6834774017334,
reinforce,20.0,1,359,133.56224860480802,87,0.015366792678833008,6.555295944213867,,,70.47476959228516,70.47476959228516,,,53.59426498413086,33.594268798828125,
reinforce,20.0,1,360,99.6573489890515,66,0.011481046676635742,6.56692910194397,142.0479808543376,3.185643985802956,44.86964416503906,44.86964416503906,,,43.86368942260742,23.86368751525879,
reinforce,20.0,1,361,108.48072311760772,68,0.01244807243347168,6.619333028793335,,,52.343326568603516,52.343326568603516,,,47.79273223876953,27.792728424072266,
reinforce,20.0,1,362,113.97039738952176,66,0.011838912963867188,6.631309986114502,,,65.67008972167969,65.67008972167969,,,52.05860137939453,32.05860137939453,
reinforce,20.0,1,363,103.93333323549521,65,0.011833906173706055,6.643272876739502,,,58.22368240356445,58.22368240356445,,,46.58158874511719,26.581586837768555,
reinforce,20.0,1,364,95.61582711603289,58,0.010821104049682617,6.654231071472168,,,49.09751892089844,49.09751892089844,,,45.23542785644531,25.235429763793945,
reinforce,20.0,1,365,88.56969227319144,56,0.010137081146240234,6.664546966552734,,,46.94065475463867,46.94065475463867,,,41.85313034057617,21.853134155273438,
reinforce,20.0,1,366,99.37946829061643,59,0.011216878890991211,6.675923824310303,,,58.352603912353516,58.352603912353516,,,46.944271087646484,26.944271087646484,
reinforce,20.0,1,367,71.43803276374335,48,0.008749008178710938,6.68483304977417,,,34.14071273803711,34.14071273803711,,,34.367252349853516,14.367252349853516,
reinforce,20.0,1,368,98.58013799088945,60,0.01139688491821289,6.696384906768799,,,61.13245391845703,61.13245391845703,,,45.94456481933594,25.944561004638672,
reinforce,20.0,1,369,84.50525542737607,52,0.009230613708496094,6.705789804458618,,,43.33550262451172,43.33550262451172,,,41.252418518066406,21.25242042541504,
reinforce,20.0,1,370,85.35296267740507,54,0.009731769561767578,6.7156898975372314,,,49.51078796386719,49.51078796386719,,,40.58173751831055,20.581737518310547,
reinforce,20.0,1,371,79.44752526530806,50,0.008322000503540039,6.724164009094238,,,31.354473114013672,31.354473114013672,,,38.905086517333984,18.905088424682617,
reinforce,20.0,1,372,63.217117516104615,43,0.00739288330078125,6.731714963912964,,,25.530447006225586,25.530447006225586,,,31.358491897583008,11.358489990234375,
reinforce,20.0,1,373,72.6567834743398,47,0.008220195770263672,6.740079164505005,,,27.804183959960938,27.804183959960938,,,35.809688568115234,15.809687614440918,
reinforce,20.0,1,374,74.21106104401466,47,0.008435964584350586,6.748662948608398,,,26.285409927368164,26.285409927368164,,,36.896697998046875,16.896696090698242,
reinforce,20.0,1,375,83.14825732560065,51,0.008883237838745117,6.757756233215332,,,40.002174377441406,40.002174377441406,,,41.04036331176758,21.04036521911621,
reinforce,20.0,1,376,81.44295564734999,51,0.008512020111083984,6.766412973403931,,,43.712886810302734,43.712886810302734,,,39.81281661987305,19.812816619873047,
reinforce,20.0,1,377,66.26768232582687,44,0.007951974868774414,6.7745139598846436,,,24.95152473449707,24.95152473449707,,,33.235107421875,13.23510456085205,
reinforce,20.0,1,378,87.7399748732954,53,0.009543180465698242,6.7842090129852295,,,41.36114501953125,41.36114501953125,,,43.00836181640625,23.008359909057617,
reinforce,20.0,1,379,94.54170709237694,59,0.01037907600402832,6.794816970825195,,,50.65242004394531,50.65242004394531,,,43.909278869628906,23.909278869628906,
reinforce,20.0,1,380,76.5801408600801,48,0.008390188217163086,6.803375005722046,105.20055299469841,2.021516794899104,39.687286376953125,39.687286376953125,,,38.170711517333984,18.17071533203125,
reinforce,20.0,1,381,80.72660658882047,50,0.008796215057373047,6.840378046035767,,,41.295204162597656,41.295204162597656,,,39.85444641113281,19.854450225830078,
reinforce,20.0,1,382,84.62227472107868,53,0.009112119674682617,6.849642992019653,,,44.405033111572266,44.405033111572266,,,40.78541564941406,20.785411834716797,
reinforce,20.0,1,383,107.90753656905504,62,0.010970115661621094,6.8607611656188965,,,59.36143112182617,59.36143112182617,,,50.94880294799805,30.94879722595215,
reinforce,20.0,1,384,88.95007545303378,53,0.009232759475708008,6.8701958656311035,,,52.16534423828125,52.16534423828125,,,43.672183990478516,23.672183990478516,
reinforce,20.0,1,385,87.35102772003808,53,0.00919795036315918,6.8795599937438965,,,41.07429122924805,41.07429122924805,,,42.653106689453125,22.653108596801758,
reinforce,20.0,1,386,85.5136758786742,52,0.009382963180541992,6.889111042022705,,,47.504150390625,47.504150390625,,,42.018733978271484,22.018733978271484,
reinforce,20.0,1,387,123.85504179310298,70,0.012051105499267578,6.901327133178711,,,73.54361724853516,73.54361724853516,,,56.22927474975586,36.22927474975586,
reinforce,20.0,1,388,97.17872487392245,56,0.009690999984741211,6.911172151565552,,,60.35749053955078,60.35749053955078,,,47.40335464477539,27.40335464477539,
reinforce,20.0,1,389,94.37173104442336,55,0.009826183319091797,6.921164035797119,,,60.62655258178711,60.62655258178711,,,46.149539947509766,26.149538040161133,
reinforce,20.0,1,390,72.3997237084426,46,0.008292913436889648,6.929610013961792,,,33.11052703857422,33.11052703857422,,,36.14438247680664,16.14438247680664,
reinforce,20.0,1,391,112.1886788405391,62,0.010870933532714844,6.940703868865967,,,63.06974792480469,63.06974792480469,,,54.01167297363281,34.01167678833008,
reinforce,20.0,1,392,120.36800090897934,65,0.011281013488769531,6.952141046524048,,,74.9686508178711,74.9686508178711,,,57.16265869140625,37.16265869140625,
reinforce,20.0,1,393,97.4746251781059,56,0.010029792785644531,6.9623448848724365,,,58.385292053222656,58.385292053222656,,,47.40404510498047,27.404041290283203,
reinforce,20.0,1,394,119.79902363785318,64,0.01114201545715332,6.973644971847534,,,75.74325561523438,75.74325561523438,,,57.576087951660156,37.576087951660156,
reinforce,20.0,1,395,113.77091067403671,63,0.010881900787353516,6.984689950942993,,,67.18299102783203,67.18299102783203,,,54.32756805419922,34.32756805419922,
reinforce,20.0,1,396,100.16381649473705,57,0.009947061538696289,6.994796991348267,,,63.57487106323242,63.57487106323242,,,48.79146957397461,28.791467666625977,
reinforce,20.0,1,397,119.82429577696047,64,0.011173248291015625,7.006124019622803,,,76.97244262695312,76.97244262695312,,,57.51007843017578,37.510074615478516,
reinforce,20.0,1,398,120.51604383101039,65,0.011342048645019531,7.017733097076416,,,88.33352661132812,88.33352661132812,,,57.27653884887695,37.27653884887695,
reinforce,20.0,1,399,130.32847939721918,68,0.011885881423950195,7.029789924621582,,,98.28531646728516,98.28531646728516,,,61.692359924316406,41.69235610961914,
reinforce,20.0,1,400,203.63632178149956,94,0.01603388786315918,7.04598593711853,192.728595994636,7.496401751328463,157.14903259277344,157.14903259277344,,,87.97652435302734,67.97651672363281,
reinforce,20.0,1,401,179.96607735863827,87,0.014821767807006836,7.1002748012542725,,,138.28453063964844,138.28453063964844,,,79.35635375976562,59.356353759765625,
reinforce,20.0,1,402,135.8210727595773,71,0.012223958969116211,7.112646102905273,,,78.42466735839844,78.42466735839844,,,63.07516860961914,43.075164794921875,
reinforce,20.0,1,403,215.62305847211212,100,0.01715993881225586,7.129938840866089,,,144.02711486816406,144.02711486816406,,,90.23966979980469,70.23966979980469,
reinforce,20.0,1,404,215.2036569686398,102,0.017134904861450195,7.147249937057495,,,135.87994384765625,135.87994384765625,,,89.1872787475586,69.1872787475586,
reinforce,20.0,1,405,217.5552166645139,105,0.017795085906982422,7.16522216796875,,,131.98220825195312,131.98220825195312,,,88.28932189941406,68.2893295288086,
reinforce,20.0,1,406,213.60867846709576,97,0.016750097274780273,7.182129144668579,,,152.10726928710938,152.10726928710938,,,91.1205062866211,71.1205062866211,
reinforce,20.0,1,407,227.75697488748835,112,0.019048213958740234,7.201307058334351,,,146.26841735839844,146.26841735839844,,,89.60750579833984,69.60750579833984,
reinforce,20.0,1,408,224.72698325032877,104,0.017700910568237305,7.219167947769165,,,135.7095489501953,135.7095489501953,,,92.82955169677734,72.82955169677734,
reinforce,20.0,1,409,235.01358084495033,117,0.019830942153930664,7.239147901535034,,,156.02349853515625,156.02349853515625,,,91.01597595214844,71.01597595214844,
reinforce,20.0,1,410,232.63223596034618,113,0.01897287368774414,7.258267164230347,,,150.9010467529297,150.9010467529297,,,91.47637176513672,71.47637176513672,
reinforce,20.0,1,411,229.40611195993816,110,0.019002914428710938,7.277440071105957,,,154.92364501953125,154.92364501953125,,,91.3685531616211,71.36856079101562,
reinforce,20.0,1,412,227.250962668897,106,0.01776885986328125,7.295383930206299,,,148.8064422607422,148.8064422607422,,,92.83148956298828,72.83148956298828,
reinforce,20.0,1,413,240.8221872787177,114,0.019366025924682617,7.314917087554932,,,154.8012237548828,154.8012237548828,,,95.03356170654297,75.03355407714844,
reinforce,20.0,1,414,232.83511191269574,112,0.019379138946533203,7.334450960159302,,,166.3402099609375,166.3402099609375,,,92.30977630615234,72.30977630615234,
reinforce,20.0,1,415,233.1456301089847,119,0.01994919776916504,7.354555130004883,,,140.53103637695312,140.53103637695312,,,89.2024917602539,69.2024917602539,
reinforce,20.0,1,416,235.90202072137805,114,0.019316911697387695,7.374042987823486,,,133.2886962890625,133.2886962890625,,,92.51932525634766,72.51932525634766,
reinforce,20.0,1,417,237.14010588419274,116,0.01968097686767578,7.393915176391602,,,131.66455078125,131.66455078125,,,92.34762573242188,72.3476333618164,
reinforce,20.0,1,418,232.70831814469403,109,0.018513917922973633,7.412578105926514,,,145.89126586914062,145.89126586914062,,,93.55951690673828,73.55951690673828,
reinforce,20.0,1,419,230.20445407079606,111,0.018415212631225586,7.431182146072388,,,154.1366424560547,154.1366424560547,,,91.34052276611328,71.34052276611328,
reinforce,20.0,1,420,232.3448642753514,114,0.01930069923400879,7.450645923614502,231.9512980503786,0.6986505516900068,150.51840209960938,150.51840209960938,,,91.17293548583984,71.17294311523438,
reinforce,20.0,1,421,225.3886785419922,111,0.01897716522216797,7.51869797706604,,,147.17532348632812,147.17532348632812,,,89.088134765625,69.08814239501953,
reinforce,20.0,1,422,228.028923608323,108,0.018207073211669922,7.537091016769409,,,127.5418930053711,127.5418930053711,,,91.83623504638672,71.83623504638672,
reinforce,20.0,1,423,225.87901493458367,108,0.01869797706604004,7.555959939956665,,,146.55702209472656,146.55702209472656,,,91.0313949584961,71.0313949584961,
reinforce,20.0,1,424,230.9396389290726,111,0.018784046173095703,7.574923038482666,,,157.989990234375,157.989990234375,,,91.83561706542969,71.83561706542969,
reinforce,20.0,1,425,219.36724044271094,101,0.01703190803527832,7.5921630859375,,,148.5451202392578,148.5451202392578,,,91.72866821289062,71.72867584228516,
reinforce,20.0,1,426,220.65619542887495,103,0.017734050750732422,7.610048055648804,,,152.6185760498047,152.6185760498047,,,91.20489501953125,71.20491027832031,
reinforce,20.0,1,427,217.09757907606053,101,0.01699209213256836,7.627204179763794,,,138.9416046142578,138.9416046142578,,,90.67041778564453,70.67041778564453,
reinforce,20.0,1,428,221.65114489090075,106,0.017783164978027344,7.645150899887085,,,133.128173828125,133.128173828125,,,90.01615905761719,70.01615142822266,
reinforce,20.0,1,429,221.21557740714982,107,0.017891883850097656,7.6632280349731445,,,143.22206115722656,143.22206115722656,,,89.34391784667969,69.34392547607422,
reinforce,20.0,1,430,212.3240957063651,98,0.016946077346801758,7.680345058441162,,,124.8066635131836,124.8066635131836,,,89.51190185546875,69.51190948486328,
reinforce,20.0,1,431,222.73803726205395,105,0.017665863037109375,7.6981658935546875,,,130.24868774414062,130.24868774414062,,,91.03206634521484,71.03207397460938,
reinforce,20.0,1,432,217.47617059729922,98,0.016910076141357422,7.715196132659912,,,133.5167694091797,133.5167694091797,,,92.6102294921875,72.6102294921875,
reinforce,20.0,1,433,211.8994981499112,97,0.016521215438842773,7.731878042221069,,,148.81222534179688,148.81222534179688,,,90.42804718017578,70.42803955078125,
reinforce,20.0,1,434,218.37172196796087,101,0.017364025115966797,7.74938702583313,,,122.60674285888672,122.60674285888672,,,91.11888122558594,71.11888122558594,
reinforce,20.0,1,435,211.73251462379295,95,0.015997886657714844,7.7655348777771,,,143.7511444091797,143.7511444091797,,,91.4110336303711,71.4110336303711,
reinforce,20.0,1,436,207.03109300181626,93,0.015832185745239258,7.781537055969238,,,157.92987060546875,157.92987060546875,,,90.14225006103516,70.14225006103516,
reinforce,20.0,1,437,210.01180461962667,95,0.01636505126953125,7.798058986663818,,,142.94810485839844,142.94810485839844,,,90.91618347167969,70.91618347167969,
reinforce,20.0,1,438,211.83856402648465,95,0.01595020294189453,7.814160108566284,,,128.014892578125,128.014892578125,,,91.79988861083984,71.79988861083984,
reinforce,20.0,1,439,209.98908062232948,93,0.01568603515625,7.829993009567261,,,154.44554138183594,154.44554138183594,,,91.93083190917969,71.93083190917969,
reinforce,20.0,1,440,209.12144895144286,94,0.01609516143798828,7.846264123916626,208.7337203668207,0.1105193223109912,157.36407470703125,157.36407470703125,,,91.06694793701172,71.06694793701172,
reinforce,20.0,1,441,207.1441750655504,92,0.015555143356323242,7.902064085006714,,,140.17677307128906,140.17677307128906,,,91.10310363769531,71.10310363769531,
reinforce,20.0,1,442,210.17741228753582,95,0.015865802764892578,7.918086767196655,,,132.3603973388672,132.3603973388672,,,90.71576690673828,70.71577453613281,
reinforce,20.0,1,443,204.41602043428534,91,0.015625,7.933873891830444,,,147.6544647216797,147.6544647216797,,,90.04774475097656,70.04774475097656,
reinforce,20.0,1,444,206.46461995185132,92,0.015858888626098633,7.9498889446258545,,,128.73753356933594,128.73753356933594,,,90.59088134765625,70.59088134765625,
reinforce,20.0,1,445,205.1441279408703,91,0.015568971633911133,7.965634107589722,,,154.97935485839844,154.97935485839844,,,90.591064453125,70.591064453125,
reinforce,20.0,1,446,205.87328690256663,92,0.015803813934326172,7.981607913970947,,,136.28286743164062,136.28286743164062,,,90.43383026123047,70.43382263183594,
reinforce,20.0,1,447,203.84272273331848,91,0.015563011169433594,7.997328042984009,,,132.17190551757812,132.17190551757812,,,89.7001724243164,69.7001724243164,
reinforce,20.0,1,448,203.9973566823509,91,0.015442132949829102,8.012933015823364,,,137.46522521972656,137.46522521972656,,,89.4696273803711,69.4696273803711,
reinforce,20.0,1,449,207.10246029122794,92,0.015881061553955078,8.028966903686523,,,163.2338409423828,163.2338409423828,,,91.31947326660156,71.31947326660156,
reinforce,20.0,1,450,110.78271341645042,60,0.010395050048828125,8.03953504562378,,,71.82830047607422,71.82830047607422,,,53.24024200439453,33.24024200439453,
reinforce,20.0,1,451,159.4065003870962,77,0.013345718383789062,8.05305290222168,,,107.83952331542969,107.83952331542969,,,73.49095916748047,53.490962982177734,
reinforce,20.0,1,452,203.85079514503116,91,0.01563119888305664,8.068845987319946,,,134.26576232910156,134.26576232910156,,,89.7233657836914,69.7233657836914,
reinforce,20.0,1,453,139.11157803191347,70,0.012064933776855469,8.081072092056274,,,101.25981903076172,101.25981903076172,,,65.45068359375,45.45068359375,
reinforce,20.0,1,454,135.61279093825536,69,0.012127876281738281,8.093379974365234,,,96.8964614868164,96.8964614868164,,,64.18235778808594,44.18235778808594,
reinforce,20.0,1,455,132.21938053935955,68,0.011674165725708008,8.10519814491272,,,80.88738250732422,80.88738250732422,,,62.71443557739258,42.71443557739258,
reinforce,20.0,1,456,162.91198484294662,78,0.013332843780517578,8.118687868118286,,,127.24894714355469,127.24894714355469,,,75.08234405517578,55.08234405517578,
reinforce,20.0,1,457,98.92950942680176,56,0.009768962860107422,8.128607034683228,,,47.032470703125,47.032470703125,,,48.16006851196289,28.16007423400879,
reinforce,20.0,1,458,125.97431995971677,66,0.011287927627563477,8.140039920806885,,,67.6672592163086,67.6672592163086,,,59.982208251953125,39.982208251953125,
reinforce,20.0,1,459,105.79715105246747,59,0.010253190994262695,8.150438070297241,,,65.50798034667969,65.50798034667969,,,51.13082504272461,31.13082504272461,
reinforce,20.0,1,460,94.78138263411579,55,0.009606122970581055,8.160206079483032,70.94941810107798,2.7674537048310133,54.78684616088867,54.78684616088867,,,46.300777435302734,26.300779342651367,
reinforce,20.0,1,461,80.38752235759009,49,0.00831913948059082,8.189168214797974,,,38.082435607910156,38.082435607910156,,,39.923465728759766,19.923465728759766,
reinforce,20.0,1,462,118.64550730411074,64,0.01136016845703125,8.200656175613403,,,69.57826232910156,69.57826232910156,,,56.605899810791016,36.60590362548828,
reinforce,20.0,1,463,99.4606862812975,58,0.010217905044555664,8.211148023605347,,,63.423065185546875,63.423065185546875,,,47.66547775268555,27.66547966003418,
reinforce,20.0,1,464,103.11753196233374,59,0.01056528091430664,8.221871137619019,,,51.770118713378906,51.770118713378906,,,49.57974624633789,29.57975196838379,
reinforce,20.0,1,465,81.89288754485945,51,0.009169340133666992,8.2312171459198,,,35.4433479309082,35.4433479309082,,,40.12421417236328,20.12421417236328,
reinforce,20.0,1,466,60.389708065387914,41,0.007258176803588867,8.238625049591064,,,20.807174682617188,20.807174682617188,,,30.586265563964844,10.58626651763916,
reinforce,20.0,1,467,115.28771558111706,65,0.011327028274536133,8.250092029571533,,,74.40936279296875,74.40936279296875,,,53.68373489379883,33.68373489379883,
reinforce,20.0,1,468,110.20767328357641,66,0.01123499870300293,8.261492013931274,,,62.03004837036133,62.03004837036133,,,49.90705490112305,29.90705680847168,
reinforce,20.0,1,469,85.23993197465755,53,0.009313106536865234,8.270952939987183,,,35.84941864013672,35.84941864013672,,,41.31751251220703,21.317514419555664,
reinforce,20.0,1,470,73.0121268632607,47,0.008018970489501953,8.279115915298462,,,30.64764976501465,30.64764976501465,,,36.05133819580078,16.05133628845215,
reinforce,20.0,1,471,112.65231810900225,74,0.01314997673034668,8.292414903640747,,,63.48098373413086,63.48098373413086,,,47.82036209106445,27.820362091064453,
reinforce,20.0,1,472,119.22644098544365,72,0.012449979782104492,8.304992914199829,,,63.90486145019531,63.90486145019531,,,52.133419036865234,32.1334228515625,
reinforce,20.0,1,473,95.93708061806663,66,0.011332988739013672,8.316473007202148,,,46.94482421875,46.94482421875,,,41.4496955871582,21.449695587158203,
reinforce,20.0,1,474,99.18727950987747,66,0.011529922485351562,8.328171968460083,,,56.331024169921875,56.331024169921875,,,43.193695068359375,23.193695068359375,
reinforce,20.0,1,475,86.72005511999802,61,0.01051783561706543,8.338871955871582,,,35.82859802246094,35.82859802246094,,,38.11115264892578,18.11115074157715,
reinforce,20.0,1,476,92.1988095517107,63,0.010893821716308594,8.349906921386719,,,41.31523895263672,41.31523895263672,,,40.343231201171875,20.343231201171875,
reinforce,20.0,1,477,73.35180709421091,53,0.009213924407958984,8.359287023544312,,,27.816741943359375,27.816741943359375,,,33.26967239379883,13.269671440124512,
reinforce,20.0,1,478,94.63078210364344,66,0.011908769607543945,8.371355772018433,,,34.458858489990234,34.458858489990234,,,41.13490295410156,21.134904861450195,
reinforce,20.0,1,479,84.8945212612673,62,0.010779857635498047,8.382324934005737,,,34.44516372680664,34.44516372680664,,,36.92756652832031,16.92756462097168,
reinforce,20.0,1,480,85.27141891688787,62,0.010843992233276367,8.393311023712158,71.35669921928184,1.0282533746887899,29.38887596130371,29.38887596130371,,,36.578269958496094,16.578269958496094,
reinforce,20.0,1,481,74.49047429215116,56,0.00984501838684082,8.42766785621643,,,27.470590591430664,27.470590591430664,,,33.010475158691406,13.01047420501709,
reinforce,20.0,1,482,74.46138204873635,58,0.010197877883911133,8.438005924224854,,,30.741640090942383,30.741640090942383,,,32.64555740356445,12.645562171936035,
reinforce,20.0,1,483,83.25015283044587,62,0.010573148727416992,8.448742151260376,,,40.59843063354492,40.59843063354492,,,35.662418365478516,15.662413597106934,
reinforce,20.0,1,484,77.02049299362334,60,0.010789155960083008,8.459671974182129,,,25.5074462890625,25.5074462890625,,,32.90346145629883,12.903463363647461,
reinforce,20.0,1,485,90.58725692555198,68,0.012222766876220703,8.472065925598145,,,37.735477447509766,37.735477447509766,,,37.80437088012695,17.804372787475586,
reinforce,20.0,1,486,82.44931960942054,61,0.010445117950439453,8.482645988464355,,,30.134733200073242,30.134733200073242,,,35.837249755859375,15.837251663208008,
reinforce,20.0,1,487,93.15154209277948,73,0.012784957885742188,8.49559497833252,,,36.93413162231445,36.93413162231445,,,37.77805709838867,17.77805519104004,
reinforce,20.0,1,488,65.37852986218941,52,0.00908207893371582,8.504853963851929,,,18.277870178222656,18.277870178222656,,,29.339466094970703,9.33946704864502,
reinforce,20.0,1,489,98.32727427415013,74,0.013102054595947266,8.518097162246704,,,49.06595993041992,49.06595993041992,,,40.45492935180664,20.454931259155273,
reinforce,20.0,1,490,80.32133817498608,62,0.010938882827758789,8.529214859008789,,,23.68574333190918,23.68574333190918,,,34.110965728759766,14.110965728759766,
reinforce,20.0,1,491,100.84444982660129,74,0.013218164443969727,8.54259204864502,,,48.37641143798828,48.37641143798828,,,41.354454040527344,21.354454040527344,
reinforce,20.0,1,492,103.35895382078901,77,0.013202190399169922,8.555931806564331,,,42.716129302978516,42.716129302978516,,,41.21873474121094,21.218734741210938,
reinforce,20.0,1,493,101.34512292174448,78,0.01361989974975586,8.569693803787231,,,37.533573150634766,37.533573150634766,,,40.99657440185547,20.99657440185547,
reinforce,20.0,1,494,90.64116404877966,71,0.012458086013793945,8.582287073135376,,,30.87302589416504,30.87302589416504,,,37.6224250793457,17.622425079345703,
reinforce,20.0,1,495,110.40892218467984,88,0.03423595428466797,8.616704940795898,,,49.223567962646484,49.223567962646484,,,42.24177551269531,22.241775512695312,
reinforce,20.0,1,496,108.5169846963501,82,0.017462968826293945,8.634406089782715,,,48.22444152832031,48.22444152832031,,,43.00699234008789,23.006988525390625,
reinforce,20.0,1,497,85.91314153695377,64,0.012144804000854492,8.646711111068726,,,39.53545379638672,39.53545379638672,,,36.816551208496094,16.816553115844727,
reinforce,20.0,1,498,94.86028617599783,72,0.014110088348388672,8.660959005355835,,,45.884765625,45.884765625,,,39.69021987915039,19.690223693847656,
reinforce,20.0,1,499,130.1483144444878,99,0.018594741821289062,8.679731845855713,,,60.131141662597656,60.131141662597656,,,50.10527038574219,30.10527229309082,
reinforce,20.0,1,500,112.41602604226864,83,0.015205144882202148,8.695119142532349,67.07111704419204,0.25529779391149243,55.557151794433594,55.557151794433594,,,45.1717414855957,25.17173957824707,
reinforce,20.0,1,501,84.79733720615312,68,0.011658906936645508,8.730475902557373,,,25.01279640197754,25.01279640197754,,,35.1460075378418,15.14600658416748,
reinforce,20.0,1,502,117.32405586695742,89,0.015550851821899414,8.746170043945312,,,52.48018264770508,52.48018264770508,,,44.894996643066406,24.894996643066406,
reinforce,20.0,1,503,104.75489277417752,79,0.013598203659057617,8.759931087493896,,,44.921165466308594,44.921165466308594,,,41.204532623291016,21.204530715942383,
reinforce,20.0,1,504,135.34263693384128,104,0.018423080444335938,8.778506994247437,,,57.56289291381836,57.56289291381836,,,49.53847122192383,29.538469314575195,
reinforce,20.0,1,505,123.35954473179996,94,0.01640605926513672,8.795083045959473,,,57.30560302734375,57.30560302734375,,,47.07992172241211,27.079925537109375,
reinforce,20.0,1,506,141.47447797247654,103,0.017863988876342773,8.813112020492554,,,69.53253173828125,69.53253173828125,,,52.425411224365234,32.4254150390625,
reinforce,20.0,1,507,124.3046930941014,94,0.01622915267944336,8.829487085342407,,,65.05277252197266,65.05277252197266,,,47.69770050048828,27.697702407836914,
reinforce,20.0,1,508,97.97594103232993,77,0.013689041137695312,8.84331202507019,,,44.5604248046875,44.5604248046875,,,39.99955749511719,19.999555587768555,
reinforce,20.0,1,509,137.0881088640908,107,0.018419981002807617,8.86187481880188,,,60.18825149536133,60.18825149536133,,,50.60770034790039,30.60770034790039,
reinforce,20.0,1,510,132.2400906225601,101,0.01776409149169922,8.879777908325195,,,62.71493148803711,62.71493148803711,,,49.434898376464844,29.43489646911621,
reinforce,20.0,1,511,93.64981623159872,73,0.012878179550170898,8.892805099487305,,,40.59431838989258,40.59431838989258,,,39.134864807128906,19.13486671447754,
reinforce,20.0,1,512,193.61888285242622,141,0.024122953414916992,8.91707706451416,,,93.21711730957031,93.21711730957031,,,63.21067428588867,43.21067810058594,
reinforce,20.0,1,513,127.02796400028988,98,0.01694321632385254,8.934183835983276,,,59.75410079956055,59.75410079956055,,,47.32339096069336,27.323394775390625,
reinforce,20.0,1,514,168.45845052256848,124,0.020986080169677734,8.95533299446106,,,82.70411682128906,82.70411682128906,,,58.458770751953125,38.458770751953125,
reinforce,20.0,1,515,175.26716502430872,136,0.023160696029663086,8.978675842285156,,,76.60476684570312,76.60476684570312,,,59.49601745605469,39.49602127075195,
reinforce,20.0,1,516,194.94869780890863,143,0.02447509765625,9.003312110900879,,,87.01619720458984,87.01619720458984,,,63.803131103515625,43.80313491821289,
reinforce,20.0,1,517,172.79788725444587,133,0.02291083335876465,9.026357889175415,,,85.6002197265625,85.6002197265625,,,58.62688446044922,38.62688446044922,
reinforce,20.0,1,518,148.69687346401236,114,0.019550085067749023,9.046077966690063,,,67.49826049804688,67.49826049804688,,,52.90269088745117,32.90269470214844,
reinforce,20.0,1,519,108.05710626526418,87,0.01555013656616211,9.061769962310791,,,46.19662857055664,46.19662857055664,,,42.5933952331543,22.593393325805664,
reinforce,20.0,1,520,188.72734421350614,143,0.024419784545898438,9.086333990097046,73.95109142797946,1.7155676722276765,82.3771743774414,82.3771743774414,,,61.84183883666992,41.84183883666992,
reinforce,20.0,1,521,149.57228985560886,113,0.019776105880737305,9.133538007736206,,,63.4309196472168,63.4309196472168,,,54.59364700317383,34.59364700317383,
reinforce,20.0,1,522,133.57766581622377,100,0.017076969146728516,9.150763988494873,,,58.449729919433594,58.449729919433594,,,50.31206130981445,30.312061309814453,
reinforce,20.0,1,523,134.36636219402794,106,0.01861715316772461,9.169542074203491,,,62.39919662475586,62.39919662475586,,,50.37993240356445,30.37993621826172,
reinforce,20.0,1,524,164.696727951905,126,0.021464109420776367,9.191148042678833,,,79.67794799804688,79.67794799804688,,,56.78278350830078,36.78278350830078,
reinforce,20.0,1,525,133.5921852506593,103,0.01787090301513672,9.209163904190063,,,55.41102981567383,55.41102981567383,,,48.757102966308594,28.757108688354492,
reinforce,20.0,1,526,165.40920860382587,128,0.02219080924987793,9.23151683807373,,,73.53643035888672,73.53643035888672,,,57.92985534667969,37.92985534667969,
reinforce,20.0,1,527,129.80139280007418,105,0.018255949020385742,9.249912977218628,,,50.273983001708984,50.273983001708984,,,47.195377349853516,27.195377349853516,
reinforce,20.0,1,528,194.11932963571638,151,0.02595210075378418,9.276010036468506,,,98.02851867675781,98.02851867675781,,,63.56637954711914,43.566375732421875,
reinforce,20.0,1,529,124.33494361721111,99,0.01728367805480957,9.293468952178955,,,51.45008850097656,51.45008850097656,,,46.16952896118164,26.169532775878906,
reinforce,20.0,1,530,226.67226796250986,165,0.027794837951660156,9.321409940719604,,,109.38662719726562,109.38662719726562,,,69.68636322021484,49.686363220214844,
reinforce,20.0,1,531,127.44610991245942,102,0.017929792404174805,9.339479923248291,,,59.566890716552734,59.566890716552734,,,48.857269287109375,28.857271194458008,
reinforce,20.0,1,532,248.49680059725222,185,0.03493094444274902,9.3745698928833,,,103.04170227050781,103.04170227050781,,,73.4094467163086,53.40944290161133,
reinforce,20.0,1,533,321.96797469919926,230,0.03909802436828613,9.413841009140015,,,131.53778076171875,131.53778076171875,,,87.08613586425781,67.08613586425781,
reinforce,20.0,1,534,226.82258997244261,176,0.031036853790283203,9.44507098197937,,,97.9500961303711,97.9500961303711,,,66.60758209228516,46.60757827758789,
reinforce,20.0,1,535,299.50101104437346,230,0.040857791900634766,9.486090898513794,,,122.77771759033203,122.77771759033203,,,79.55095672607422,59.550960540771484,
reinforce,20.0,1,536,159.12945947773355,122,0.022259235382080078,9.508496046066284,,,74.18592834472656,74.18592834472656,,,55.98102951049805,35.98103713989258,
reinforce,20.0,1,537,423.0201149918828,285,0.05017995834350586,9.558863162994385,,,175.5847930908203,175.5847930908203,,,104.36858367919922,84.36858367919922,
reinforce,20.0,1,538,263.22294725920705,196,0.03414583206176758,9.593191862106323,,,109.77622985839844,109.77622985839844,,,75.3381576538086,55.33815383911133,
reinforce,20.0,1,539,379.0987958625505,242,0.039734840393066406,9.633108854293823,,,173.68502807617188,173.68502807617188,,,101.45258331298828,81.45257568359375,
reinforce,20.0,1,540,230.42656600977426,173,0.031554222106933594,9.664826154708862,72.71950653071468,1.1971233529580416,94.05162048339844,94.05162048339844,,,71.49829864501953,51.4983024597168,
reinforce,20.0,1,541,244.36126097014196,185,0.03184103965759277,9.724451065063477,,,101.51638793945312,101.51638793945312,,,71.2376708984375,51.237674713134766,
reinforce,20.0,1,542,395.0573084475191,260,0.04479408264160156,9.769359111785889,,,165.81024169921875,165.81024169921875,,,102.488037109375,82.48802947998047,
reinforce,20.0,1,543,387.9659609850192,254,0.044653892517089844,9.8141930103302,,,162.28114318847656,162.28114318847656,,,101.88162994384766,81.88162994384766,
reinforce,20.0,1,544,188.19965321073568,145,0.02581191062927246,9.840183973312378,,,84.63777923583984,84.63777923583984,,,62.43977737426758,42.43977355957031,
reinforce,20.0,1,545,190.27840308125732,145,0.025706052780151367,9.866064071655273,,,91.85808563232422,91.85808563232422,,,63.556949615478516,43.55695343017578,
reinforce,20.0,1,546,400.06847691476645,269,0.04674220085144043,9.912981033325195,,,164.14097595214844,164.14097595214844,,,100.98384094238281,80.98384094238281,
reinforce,20.0,1,547,369.2914152172593,230,0.03975391387939453,9.952919006347656,,,167.5873565673828,167.5873565673828,,,102.45780181884766,82.45780181884766,
reinforce,20.0,1,548,170.12565055893603,130,0.021477937698364258,9.974514961242676,,,80.61532592773438,80.61532592773438,,,58.70888137817383,38.70888137817383,
reinforce,20.0,1,549,193.48396210873727,149,0.02572011947631836,10.000405073165894,,,83.30550384521484,83.30550384521484,,,64.01006317138672,44.01005935668945,
reinforce,20.0,1,550,131.63048911417496,102,0.017951250076293945,10.018545150756836,,,67.7342758178711,67.7342758178711,,,49.145057678222656,29.14505958557129,
reinforce,20.0,1,551,229.66610426427883,173,0.029122114181518555,10.047838926315308,,,104.32151794433594,104.32151794433594,,,69.56904602050781,49.56903839111328,
reinforce,20.0,1,552,370.39150962215103,232,0.03893470764160156,10.086950778961182,,,175.72364807128906,175.72364807128906,,,102.40975952148438,82.40975952148438,
reinforce,20.0,1,553,124.19193491313003,101,0.017279863357543945,10.104404926300049,,,58.46033477783203,58.46033477783203,,,47.284088134765625,27.284088134765625,
reinforce,20.0,1,554,199.92136393094407,154,0.026309967041015625,10.130887985229492,,,89.33629608154297,89.33629608154297,,,64.00706481933594,44.00706481933594,
reinforce,20.0,1,555,213.97729574382308,163,0.02754688262939453,10.158601999282837,,,93.72277069091797,93.72277069091797,,,66.16557312011719,46.16556930541992,
reinforce,20.0,1,556,195.03319877888958,152,0.026257991790771484,10.18503189086914,,,75.4007339477539,75.4007339477539,,,61.48149490356445,41.48149871826172,
reinforce,20.0,1,557,263.6981288084409,196,0.03304290771484375,10.218240022659302,,,107.79609680175781,107.79609680175781,,,74.49385070800781,54.493858337402344,
reinforce,20.0,1,558,153.89896686559536,121,0.021010875701904297,10.239434003829956,,,66.80348205566406,66.80348205566406,,,53.98930358886719,33.98930740356445,
reinforce,20.0,1,559,184.346031456261,144,0.024409055709838867,10.264013051986694,,,87.96182250976562,87.96182250976562,,,60.42638397216797,40.4263916015625,
reinforce,20.0,1,560,250.0958144698025,193,0.03195810317993164,10.296156883239746,63.021929324018934,1.6697095594201716,115.76728820800781,115.76728820800781,,,72.90087890625,52.90087127685547,
reinforce,20.0,1,561,164.90097457804328,127,0.022024869918823242,10.342149019241333,,,69.94915008544922,69.94915008544922,,,57.60844421386719,37.60844421386719,
reinforce,20.0,1,562,295.6342435041414,229,0.03868699073791504,10.380938053131104,,,118.30363464355469,118.30363464355469,,,78.82775115966797,58.82775115966797,
reinforce,20.0,1,563,260.2959328269452,206,0.03491401672363281,10.416018009185791,,,108.12420654296875,108.12420654296875,,,73.02799987792969,53.02799606323242,
reinforce,20.0,1,564,135.43108484025146,107,0.018766164779663086,10.434967041015625,,,62.55912780761719,62.55912780761719,,,49.415348052978516,29.41534996032715,
reinforce,20.0,1,565,169.69353151428004,136,0.023153066635131836,10.45828914642334,,,70.42094421386719,70.42094421386719,,,56.48499298095703,36.4849967956543,
reinforce,20.0,1,566,143.41812256750916,113,0.01950836181640625,10.477979898452759,,,57.22566223144531,57.22566223144531,,,51.36628341674805,31.36628532409668,
reinforce,20.0,1,567,227.04749849765943,181,0.030418872833251953,10.508553981781006,,,95.65755462646484,95.65755462646484,,,67.54557037353516,47.545562744140625,
reinforce,20.0,1,568,129.20466544921777,110,0.018855810165405273,10.527593851089478,,,53.70164108276367,53.70164108276367,,,46.422855377197266,26.422855377197266,
reinforce,20.0,1,569,221.15518231175716,179,0.03017711639404297,10.557950019836426,,,93.23693084716797,93.23693084716797,,,65.28533172607422,45.285335540771484,
reinforce,20.0,1,570,135.54291928317855,109,0.018318891525268555,10.576436996459961,,,60.09955596923828,60.09955596923828,,,49.68376922607422,29.68376922607422,
reinforce,20.0,1,571,138.42769024376173,116,0.019893169403076172,10.596487998962402,,,60.77195739746094,60.77195739746094,,,49.92156219482422,29.921558380126953,
reinforce,20.0,1,572,259.7236266751449,212,0.035804033279418945,10.632441997528076,,,110.9373550415039,110.9373550415039,,,71.63856506347656,51.63856887817383,
reinforce,20.0,1,573,159.23600134579172,134,0.02312779426574707,10.655718803405762,,,72.51358032226562,72.51358032226562,,,52.88540267944336,32.88540267944336,
reinforce,20.0,1,574,150.08752910075285,123,0.021300077438354492,10.677178144454956,,,70.788330078125,70.788330078125,,,53.17557907104492,33.17557907104492,
reinforce,20.0,1,575,189.29351540963387,156,0.026462078094482422,10.703815937042236,,,85.7603988647461,85.7603988647461,,,60.675048828125,40.675052642822266,
reinforce,20.0,1,576,158.72934555660595,135,0.022945165634155273,10.726932048797607,,,64.97737884521484,64.97737884521484,,,52.863929748535156,32.863929748535156,
reinforce,20.0,1,577,166.42524287618147,139,0.02408599853515625,10.751178979873657,,,63.47435760498047,63.47435760498047,,,56.62705993652344,36.62705993652344,
reinforce,20.0,1,578,334.094532675009,288,0.04868292808532715,10.80004596710205,,,107.577880859375,107.577880859375,,,78.04020690917969,58.04020309448242,
reinforce,20.0,1,579,171.97396654030706,151,0.025909900665283203,10.826128005981445,,,69.40096282958984,69.40096282958984,,,55.96372985839844,35.96372985839844,
reinforce,20.0,1,580,429.9400471758698,377,0.0650320053100586,10.891326904296875,200.12838585189894,8.283736494504355,139.1075897216797,139.1075897216797,,,83.63579559326172,63.63579559326172,
reinforce,20.0,1,581,174.36719766595857,155,0.029249906539916992,10.999484062194824,,,67.22146606445312,67.22146606445312,,,55.64979934692383,35.6497917175293,
reinforce,20.0,1,582,128.02192197986915,118,0.021277904510498047,11.02094316482544,,,47.35264587402344,47.35264587402344,,,45.09273147583008,25.09273338317871,
reinforce,20.0,1,583,215.9378713679392,196,0.03493523597717285,11.056020021438599,,,87.8741455078125,87.8741455078125,,,62.03927230834961,42.03927230834961,
reinforce,20.0,1,584,158.1416618027405,146,0.02609992027282715,11.082287073135376,,,68.6626205444336,68.6626205444336,,,52.08224868774414,32.082252502441406,
reinforce,20.0,1,585,217.92155589969627,198,0.034235239028930664,11.116667032241821,,,90.35509490966797,90.35509490966797,,,62.41025924682617,42.41025924682617,
reinforce,20.0,1,586,432.79588908122537,398,0.0662078857421875,11.183007955551147,,,122.24031066894531,122.24031066894531,,,80.98841857910156,60.98842239379883,
reinforce,20.0,1,587,178.45844073704723,169,0.028950929641723633,11.212127923965454,,,70.33940887451172,70.33940887451172,,,56.21602249145508,36.21601867675781,
reinforce,20.0,1,588,201.5143483139012,190,0.03201723098754883,11.244302034378052,,,78.42698669433594,78.42698669433594,,,58.55955123901367,38.55955123901367,
reinforce,20.0,1,589,234.20791525725213,225,0.0383000373840332,11.282747030258179,,,86.84426879882812,86.84426879882812,,,62.82913589477539,42.82913589477539,
reinforce,20.0,1,590,191.4059452256371,186,0.03145337104797363,11.314374208450317,,,72.47889709472656,72.47889709472656,,,55.873226165771484,35.873226165771484,
reinforce,20.0,1,591,164.17130799642254,164,0.02747797966003418,11.342020988464355,,,62.729408264160156,62.729408264160156,,,51.01252746582031,31.012529373168945,
reinforce,20.0,1,592,399.89787311217026,376,0.06321406364440918,11.405400037765503,,,124.40467834472656,124.40467834472656,,,78.35648345947266,58.35648727416992,
reinforce,20.0,1,593,538.3045556615651,515,0.09173083305358887,11.497309923171997,,,128.69384765625,128.69384765625,,,83.96382904052734,63.963836669921875,
reinforce,20.0,1,594,460.07408755632196,444,0.07547998428344727,11.572997093200684,,,124.32971954345703,124.32971954345703,,,80.12747955322266,60.127479553222656,
reinforce,20.0,1,595,479.72997225970977,455,0.07798194885253906,11.651166915893555,,,127.3565444946289,127.3565444946289,,,81.97036743164062,61.97036361694336,
reinforce,20.0,1,596,216.39128797305958,213,0.03751087188720703,11.688872814178467,,,81.87657928466797,81.87657928466797,,,60.332489013671875,40.33249282836914,
reinforce,20.0,1,597,728.7855602634128,709,0.12677812576293945,11.815803050994873,,,136.62648010253906,136.62648010253906,,,88.02144622802734,68.02144622802734,
reinforce,20.0,1,598,206.3692119088471,198,0.03376626968383789,11.849743127822876,,,78.75687408447266,78.75687408447266,,,59.2687873840332,39.2687873840332,
reinforce,20.0,1,599,324.0328610891631,316,0.0529022216796875,11.902820110321045,,,111.68265533447266,111.68265533447266,,,72.38230895996094,52.38230514526367,
reinforce,20.0,1,600,735.3963143946709,713,0.12069416046142578,12.02368688583374,156.00179426929833,90.55542335521892,135.30519104003906,135.30519104003906,,,88.26276397705078,68.26277923583984,
reinforce,20.0,1,601,608.8162148865773,564,0.09479284286499023,12.183854103088379,,,139.79983520507812,139.79983520507812,,,89.19635009765625,69.19635009765625,
reinforce,20.0,1,602,610.4431553902458,588,0.10022878646850586,12.284273862838745,,,138.8314666748047,138.8314666748047,,,86.54779052734375,66.54779052734375,
reinforce,20.0,1,603,1043.1056432410207,1000,0.17242884635925293,12.456892013549805,,,154.9014129638672,154.9014129638672,,,93.30662536621094,73.30662536621094,
reinforce,20.0,1,604,1048.8943507234553,1000,0.16776180267333984,12.624863862991333,,,148.58705139160156,148.58705139160156,,,93.72004699707031,73.72004699707031,
reinforce,20.0,1,605,660.2469221221671,606,0.10279583930969238,12.727840900421143,,,142.04534912109375,142.04534912109375,,,91.06698608398438,71.06698608398438,
reinforce,20.0,1,606,965.7133128340536,904,0.1521768569946289,12.880209922790527,,,153.1600341796875,153.1600341796875,,,94.60010528564453,74.60010528564453,
reinforce,20.0,1,607,1060.845986656416,1000,0.16783380508422852,13.048244953155518,,,156.418701171875,156.418701171875,,,95.23179626464844,75.23179626464844,
reinforce,20.0,1,608,524.4862252930843,471,0.07973241806030273,13.128166198730469,,,136.36436462402344,136.36436462402344,,,88.21669006347656,68.21669006347656,
reinforce,20.0,1,609,296.51411616865124,256,0.043646812438964844,13.171991109848022,,,110.72529602050781,110.72529602050781,,,74.05371856689453,54.05371856689453,
reinforce,20.0,1,610,319.11493675833975,269,0.04570603370666504,13.217827081680298,,,122.1875991821289,122.1875991821289,,,77.9501953125,57.95020294189453,
reinforce,20.0,1,611,757.684802224127,626,0.10953760147094727,13.327537775039673,,,174.25347900390625,174.25347900390625,,,103.14248657226562,83.14248657226562,
reinforce,20.0,1,612,536.7435527186874,476,0.08199214935302734,13.409691095352173,,,142.59970092773438,142.59970092773438,,,89.61714935302734,69.61714935302734,
reinforce,20.0,1,613,281.5861630383796,239,0.042756080627441406,13.452645063400269,,,115.94367980957031,115.94367980957031,,,74.28617095947266,54.286170959472656,
reinforce,20.0,1,614,465.20435383454895,401,0.07048892974853516,13.523326873779297,,,138.0714111328125,138.0714111328125,,,87.21156311035156,67.21156311035156,
reinforce,20.0,1,615,404.34526691656356,347,0.09418916702270508,13.617701053619385,,,125.84644317626953,125.84644317626953,,,84.5368881225586,64.5368881225586,
reinforce,20.0,1,616,683.1121779544571,597,0.09970688819885254,13.717590093612671,,,156.8441619873047,156.8441619873047,,,95.94281005859375,75.94281005859375,
reinforce,20.0,1,617,615.0368308300763,524,0.08866477012634277,13.806428909301758,,,157.35264587402344,157.35264587402344,,,96.12106323242188,76.12106323242188,
reinforce,20.0,1,618,639.7897209546953,551,0.09304189682006836,13.899672031402588,,,169.09603881835938,169.09603881835938,,,96.194091796875,76.194091796875,
reinforce,20.0,1,619,732.8826536201399,650,0.10887503623962402,14.008742809295654,,,156.60475158691406,156.60475158691406,,,95.25476837158203,75.2547607421875,
reinforce,20.0,1,620,462.4434818638217,397,0.06740212440490723,14.076290130615234,145.66083806258797,27.27536827930804,141.24191284179688,141.24191284179688,,,87.72974395751953,67.72974395751953,
reinforce,20.0,1,621,351.3885440597349,306,0.05230998992919922,14.187100887298584,,,119.84281921386719,119.84281921386719,,,79.97618103027344,59.97618103027344,
reinforce,20.0,1,622,853.9951642940449,718,0.12581396102905273,14.31309199333191,,,170.04617309570312,170.04617309570312,,,103.22000885009766,83.22000885009766,
reinforce,20.0,1,623,844.3665600076921,724,0.13991212844848633,14.453158140182495,,,162.8081817626953,162.8081817626953,,,101.13533020019531,81.13533020019531,
reinforce,20.0,1,624,1007.0071933436078,850,0.14450597763061523,14.597856998443604,,,170.54705810546875,170.54705810546875,,,105.03099822998047,85.03101348876953,
reinforce,20.0,1,625,940.3392804840531,797,0.13586091995239258,14.733896970748901,,,176.0625,176.0625,,,103.9789810180664,83.9789810180664,
reinforce,20.0,1,626,835.2363685866272,677,0.11738014221191406,14.851440191268921,,,175.14212036132812,175.14212036132812,,,106.58856964111328,86.58856964111328,
reinforce,20.0,1,627,1011.3122428473914,860,0.1551806926727295,15.006801843643188,,,177.93759155273438,177.93759155273438,,,104.62622833251953,84.626220703125,
reinforce,20.0,1,628,990.8566777820828,832,0.14438605308532715,15.151386022567749,,,171.49583435058594,171.49583435058594,,,105.47743225097656,85.47742462158203,
reinforce,20.0,1,629,880.348473659631,723,0.12257599830627441,15.27413296699524,,,179.64193725585938,179.64193725585938,,,106.03853607177734,86.03853607177734,
reinforce,20.0,1,630,854.7445446194522,699,0.12056088447570801,15.394870042800903,,,173.44834899902344,173.44834899902344,,,105.80812072753906,85.80811309814453,
reinforce,20.0,1,631,809.818762202655,656,0.11059403419494629,15.50564193725586,,,181.5092315673828,181.5092315673828,,,106.59954071044922,86.59954071044922,
reinforce,20.0,1,632,827.7871651360061,671,0.13630318641662598,15.642126083374023,,,178.94960021972656,178.94960021972656,,,105.94068908691406,85.94068145751953,
reinforce,20.0,1,633,688.7872504308634,632,0.10775494575500488,15.750065803527832,,,146.38821411132812,146.38821411132812,,,90.71036529541016,70.71037292480469,
reinforce,20.0,1,634,342.4471331889626,310,0.05335879325866699,15.80361294746399,,,107.38907623291016,107.38907623291016,,,76.0159683227539,56.01596450805664,
reinforce,20.0,1,635,754.028452156998,600,0.1041419506072998,15.907938957214355,,,181.87176513671875,181.87176513671875,,,106.61494445800781,86.61493682861328,
reinforce,20.0,1,636,591.6723155748748,537,0.0951070785522461,16.00325298309326,,,144.77462768554688,144.77462768554688,,,89.47974395751953,69.47974395751953,
reinforce,20.0,1,637,629.2513848723781,579,0.09802699089050293,16.10145401954651,,,142.75379943847656,142.75379943847656,,,89.212646484375,69.212646484375,
reinforce,20.0,1,638,309.8808514535889,275,0.04739212989807129,16.149018049240112,,,101.82611846923828,101.82611846923828,,,73.89915466308594,53.89915466308594,
reinforce,20.0,1,639,859.4601024501102,709,0.11935591697692871,16.268523931503296,,,181.39013671875,181.39013671875,,,105.4377670288086,85.4377670288086,
reinforce,20.0,1,640,852.5861180986328,701,0.11935210227966309,16.388038158416748,260.23277580671623,166.4617714486,172.25320434570312,172.25320434570312,,,105.30135345458984,85.30135345458984,
reinforce,20.0,1,641,772.5702207951061,621,0.10884618759155273,16.602862119674683,,,174.84796142578125,174.84796142578125,,,105.68840789794922,85.68840026855469,
reinforce,20.0,1,642,687.982677685223,632,0.11074280738830566,16.713799953460693,,,141.15261840820312,141.15261840820312,,,90.5041275024414,70.5041275024414,
reinforce,20.0,1,643,729.5373663716321,577,0.09760904312133789,16.81157898902893,,,181.05519104003906,181.05519104003906,,,106.78843688964844,86.78843688964844,
reinforce,20.0,1,644,637.5552446250609,483,0.08173894882202148,16.893500089645386,,,179.68911743164062,179.68911743164062,,,107.8189926147461,87.8189926147461,
reinforce,20.0,1,645,409.55330516246676,367,0.061625003814697266,16.95532202720642,,,126.0125503540039,126.0125503540039,,,81.7604751586914,61.760467529296875,
reinforce,20.0,1,646,730.018571404444,583,0.10070395469665527,17.056204080581665,,,172.75076293945312,172.75076293945312,,,105.25752258300781,85.25752258300781,
reinforce,20.0,1,647,621.6748415062207,471,0.0817420482635498,17.138123989105225,,,175.35694885253906,175.35694885253906,,,106.66798400878906,86.66798400878906,
reinforce,20.0,1,648,654.3142981484166,504,0.08725190162658691,17.225544929504395,,,181.15878295898438,181.15878295898438,,,106.7722396850586,86.7722396850586,
reinforce,20.0,1,649,647.4363167847503,499,0.08754992485046387,17.31325888633728,,,178.18963623046875,178.18963623046875,,,106.24105834960938,86.2410659790039,
reinforce,20.0,1,650,508.03465579302815,376,0.06424880027770996,17.377694845199585,,,164.181884765625,164.181884765625,,,102.75141143798828,82.75141143798828,
reinforce,20.0,1,651,528.7408008899856,386,0.06494402885437012,17.44282102584839,,,177.10775756835938,177.10775756835938,,,105.50492095947266,85.50492095947266,
reinforce,20.0,1,652,523.5101329966672,376,0.06324219703674316,17.50624418258667,,,177.53973388671875,177.53973388671875,,,107.02085876464844,87.02085876464844,
reinforce,20.0,1,653,436.1676144375642,307,0.05382204055786133,17.560248136520386,,,180.56178283691406,180.56178283691406,,,100.66239929199219,80.66239929199219,
reinforce,20.0,1,654,393.95896039760817,277,0.04871511459350586,17.609146118164062,,,157.416259765625,157.416259765625,,,97.50897979736328,77.50897979736328,
reinforce,20.0,1,655,448.9268439708234,304,0.05313301086425781,17.66245698928833,,,169.8985595703125,169.8985595703125,,,105.80267333984375,85.80268096923828,
reinforce,20.0,1,656,440.75362848415705,301,0.05289101600646973,17.715528964996338,,,178.1460723876953,178.1460723876953,,,105.5843734741211,85.5843734741211,
reinforce,20.0,1,657,431.8626297842166,289,0.04796004295349121,17.763662099838257,,,179.32948303222656,179.32948303222656,,,105.13878631591797,85.1387939453125,
reinforce,20.0,1,658,425.9563879128649,287,0.048560142517089844,17.81240701675415,,,164.78616333007812,164.78616333007812,,,103.67562103271484,83.67562103271484,
reinforce,20.0,1,659,445.32627784812314,303,0.05108785629272461,17.863677978515625,,,172.96971130371094,172.96971130371094,,,105.46875,85.46875,
reinforce,20.0,1,660,454.82991365274796,315,0.05345606803894043,17.917304039001465,279.27531625036625,106.30787915240467,175.25616455078125,175.25616455078125,,,104.30268096923828,84.30267333984375,
reinforce,20.0,1,661,439.6947102781069,300,0.050744056701660156,18.060319900512695,,,183.3762969970703,183.3762969970703,,,104.04096984863281,84.04096984863281,
reinforce,20.0,1,662,431.90092847567985,292,0.04919600486755371,18.109705924987793,,,180.88121032714844,180.88121032714844,,,104.26117706298828,84.26116943359375,
reinforce,20.0,1,663,427.27296480013104,289,0.04870414733886719,18.15858507156372,,,168.2555694580078,168.2555694580078,,,103.81421661376953,83.81421661376953,
reinforce,20.0,1,664,409.51555863870436,268,0.04559588432312012,18.20431089401245,,,187.01992797851562,187.01992797851562,,,104.6087417602539,84.6087417602539,
reinforce,20.0,1,665,416.52584668631164,276,0.04703998565673828,18.251544952392578,,,168.94126892089844,168.94126892089844,,,105.62734985351562,85.62734985351562,
reinforce,20.0,1,666,401.143320485331,270,0.04597020149230957,18.297903060913086,,,167.31053161621094,167.31053161621094,,,100.57100677490234,80.57101440429688,
reinforce,20.0,1,667,386.51923267537234,252,0.042304039001464844,18.3403799533844,,,166.56224060058594,166.56224060058594,,,102.05143737792969,82.05142974853516,
reinforce,20.0,1,668,429.0827107865659,294,0.07407402992248535,18.41464114189148,,,183.2344207763672,183.2344207763672,,,103.39995574951172,83.39995574951172,
reinforce,20.0,1,669,393.24576138148177,261,0.04442310333251953,18.45924997329712,,,160.6324005126953,160.6324005126953,,,101.35403442382812,81.35403442382812,
reinforce,20.0,1,670,380.9632795039549,242,0.04168510437011719,18.501115083694458,,,158.1394805908203,158.1394805908203,,,102.77557373046875,82.77556610107422,
reinforce,20.0,1,671,401.61952386835964,265,0.045311927795410156,18.54661512374878,,,180.54615783691406,180.54615783691406,,,102.63877868652344,82.63877868652344,
reinforce,20.0,1,672,389.91215027856316,255,0.04482722282409668,18.59163212776184,,,161.69627380371094,161.69627380371094,,,102.77568817138672,82.77568817138672,
reinforce,20.0,1,673,428.9883800632965,301,0.05341291427612305,18.645194053649902,,,159.25772094726562,159.25772094726562,,,101.27333068847656,81.27333068847656,
reinforce,20.0,1,674,381.6263416980112,247,0.044561147689819336,18.689944982528687,,,160.5513458251953,160.5513458251953,,,102.36455535888672,82.36455535888672,
reinforce,20.0,1,675,429.72441270945416,292,0.05121421813964844,18.741360187530518,,,171.03733825683594,171.03733825683594,,,103.82378387451172,83.82378387451172,
reinforce,20.0,1,676,421.90344188331557,284,0.047354698181152344,18.788949012756348,,,173.89332580566406,173.89332580566406,,,103.7272720336914,83.7272720336914,
reinforce,20.0,1,677,500.9096018121623,367,0.06207084655761719,18.851197004318237,,,174.29251098632812,174.29251098632812,,,103.72723388671875,83.72724151611328,
reinforce,20.0,1,678,460.1957442387198,316,0.053734779357910156,18.905115842819214,,,170.65118408203125,170.65118408203125,,,105.57649230957031,85.57649230957031,
reinforce,20.0,1,679,520.3653025538171,383,0.06445789337158203,18.969759941101074,,,181.16441345214844,181.16441345214844,,,105.09735870361328,85.09735870361328,
reinforce,20.0,1,680,519.1234590681012,378,0.06379914283752441,19.033761978149414,251.0984352789419,94.65301295318991,172.0989227294922,172.0989227294922,,,105.5985107421875,85.59851837158203,
reinforce,20.0,1,681,566.2109429257664,424,0.07159781455993652,19.195379972457886,,,182.40089416503906,182.40089416503906,,,105.2119140625,85.21192169189453,
reinforce,20.0,1,682,572.7309443769573,425,0.07207608222961426,19.26762104034424,,,178.914794921875,178.914794921875,,,107.29744720458984,87.29744720458984,
reinforce,20.0,1,683,599.9412862359229,452,0.08078908920288086,19.348560094833374,,,180.1167755126953,180.1167755126953,,,106.05369567871094,86.05367279052734,
reinforce,20.0,1,684,636.1838479075465,484,0.08533287048339844,19.434084177017212,,,179.46096801757812,179.46096801757812,,,107.51141357421875,87.51142120361328,
reinforce,20.0,1,685,641.3384100928533,496,0.08348417282104492,19.51774501800537,,,184.32125854492188,184.32125854492188,,,106.4360580444336,86.4360580444336,
reinforce,20.0,1,686,437.03336785136975,383,0.0642240047454834,19.5821590423584,,,131.28326416015625,131.28326416015625,,,85.01021575927734,65.01021575927734,
reinforce,20.0,1,687,501.21161914642795,437,0.07351398468017578,19.655858993530273,,,141.1265411376953,141.1265411376953,,,87.75931549072266,67.75931549072266,
reinforce,20.0,1,688,399.0687303895268,350,0.05927085876464844,19.71529793739319,,,129.10728454589844,129.10728454589844,,,81.92134857177734,61.92134475708008,
reinforce,20.0,1,689,384.24648457940174,333,0.058537960052490234,19.774025917053223,,,125.01162719726562,125.01162719726562,,,82.42990112304688,62.42990493774414,
reinforce,20.0,1,690,630.7804014069944,481,0.08278799057006836,19.85702085494995,,,177.62893676757812,177.62893676757812,,,106.99781036376953,86.99781036376953,
reinforce,20.0,1,691,660.8641761526976,516,0.0902411937713623,19.947450160980225,,,169.03726196289062,169.03726196289062,,,105.52525329589844,85.52525329589844,
reinforce,20.0,1,692,616.1528753757322,469,0.08193397521972656,20.029587984085083,,,168.0757598876953,168.0757598876953,,,107.33921813964844,87.33921813964844,
reinforce,20.0,1,693,636.9678409840219,491,0.08150887489318848,20.11120891571045,,,182.8660125732422,182.8660125732422,,,106.0891342163086,86.0891342163086,
reinforce,20.0,1,694,609.638483079682,469,0.07805204391479492,20.18944501876831,,,173.1435089111328,173.1435089111328,,,104.85454559326172,84.85455322265625,
reinforce,20.0,1,695,569.191572448695,427,0.07114124298095703,20.260780096054077,,,174.66964721679688,174.66964721679688,,,105.9737777709961,85.9737777709961,
reinforce,20.0,1,696,574.1838611282193,429,0.07165741920471191,20.332624197006226,,,176.89186096191406,176.89186096191406,,,106.2567367553711,86.25672912597656,
reinforce,20.0,1,697,611.7716770922964,471,0.07993721961975098,20.41276216506958,,,165.00265502929688,165.00265502929688,,,105.18025207519531,85.18025207519531,
reinforce,20.0,1,698,434.312900527585,372,0.06278491020202637,20.47569704055786,,,133.9737548828125,133.9737548828125,,,86.58142852783203,66.58142852783203,
reinforce,20.0,1,699,327.8806020326631,286,0.0488591194152832,20.524731159210205,,,116.26641845703125,116.26641845703125,,,75.92449951171875,55.924495697021484,
reinforce,20.0,1,700,349.4055866813325,305,0.05169391632080078,20.5766179561615,179.5258429890135,94.1586372244554,124.5610122680664,124.5610122680664,,,78.87594604492188,58.875946044921875,
reinforce,20.0,1,701,607.4983659292591,461,0.07827019691467285,20.72401785850525,,,180.51129150390625,180.51129150390625,,,107.15428924560547,87.15428924560547,
reinforce,20.0,1,702,354.0467405312549,301,0.05134177207946777,20.7755389213562,,,126.64906311035156,126.64906311035156,,,81.1793212890625,61.179325103759766,
reinforce,20.0,1,703,306.74661257042686,267,0.045503854751586914,20.821218967437744,,,115.14960479736328,115.14960479736328,,,75.65152740478516,55.651519775390625,
reinforce,20.0,1,704,293.8660473508108,261,0.044450998306274414,20.865848064422607,,,100.00215148925781,100.00215148925781,,,73.2072525024414,53.20724868774414,
reinforce,20.0,1,705,400.70983429979697,362,0.06106114387512207,20.92706608772278,,,122.83831024169922,122.83831024169922,,,81.17899322509766,61.178985595703125,
reinforce,20.0,1,706,215.90705435339248,190,0.0345311164855957,20.961771965026855,,,94.94657897949219,94.94657897949219,,,63.20926284790039,43.20926284790039,
reinforce,20.0,1,707,500.10552866502127,444,0.07524728775024414,21.037200212478638,,,140.99024963378906,140.99024963378906,,,87.19452667236328,67.19452667236328,
reinforce,20.0,1,708,698.2025168343791,547,0.09193015098571777,21.129313945770264,,,176.36460876464844,176.36460876464844,,,106.83088684082031,86.83088684082031,
reinforce,20.0,1,709,361.9911770490454,325,0.05632376670837402,21.18581199645996,,,118.0858154296875,118.0858154296875,,,79.27388763427734,59.27388381958008,
reinforce,20.0,1,710,250.75953315262356,226,0.04065728187561035,21.226617097854614,,,96.8752212524414,96.8752212524414,,,67.75389862060547,47.753902435302734,
reinforce,20.0,1,711,502.3661033953255,457,0.07991409301757812,21.306689977645874,,,138.68959045410156,138.68959045410156,,,86.3088150024414,66.3088150024414,
reinforce,20.0,1,712,380.881827326195,334,0.05612611770629883,21.363004207611084,,,120.79940032958984,120.79940032958984,,,80.5572280883789,60.55723190307617,
reinforce,20.0,1,713,651.1395147515949,494,0.08290410041809082,21.44609785079956,,,180.065185546875,180.065185546875,,,108.65784454345703,88.65784454345703,
reinforce,20.0,1,714,283.250172439471,254,0.04350590705871582,21.48975682258606,,,108.4033432006836,108.4033432006836,,,71.78350067138672,51.78350830078125,
reinforce,20.0,1,715,735.2267013475764,588,0.09880900382995605,21.58874201774597,,,178.62596130371094,178.62596130371094,,,106.26197052001953,86.26197052001953,
reinforce,20.0,1,716,654.2584183041832,512,0.08576512336730957,21.674703121185303,,,168.54397583007812,168.54397583007812,,,106.207275390625,86.207275390625,
reinforce,20.0,1,717,619.7896501361537,471,0.0793771743774414,21.754256010055542,,,183.70066833496094,183.70066833496094,,,107.85161590576172,87.85161590576172,
reinforce,20.0,1,718,615.5360361024102,469,0.0796198844909668,21.83405590057373,,,173.77273559570312,173.77273559570312,,,106.87057495117188,86.87057495117188,
reinforce,20.0,1,719,595.8328011856383,453,0.0787961483001709,21.913029193878174,,,177.11520385742188,177.11520385742188,,,106.79422760009766,86.79421997070312,
reinforce,20.0,1,720,564.0358103689451,419,0.07335591316223145,21.986598014831543,143.7852427012948,9.36428135211251,177.41761779785156,177.41761779785156,,,106.01546478271484,86.01546478271484,
reinforce,20.0,1,721,480.2149221486993,338,0.05908799171447754,22.103764057159424,,,178.04478454589844,178.04478454589844,,,106.32073974609375,86.32073974609375,
reinforce,20.0,1,722,516.7038771671574,379,0.06356000900268555,22.16750693321228,,,177.15206909179688,177.15206909179688,,,104.87564086914062,84.8756332397461,
reinforce,20.0,1,723,482.0483791706455,345,0.05825495719909668,22.22590684890747,,,175.09249877929688,175.09249877929688,,,104.58396911621094,84.5839614868164,
reinforce,20.0,1,724,462.5075372005287,320,0.0584259033203125,22.284509897232056,,,168.69662475585938,168.69662475585938,,,105.78636169433594,85.78636169433594,
reinforce,20.0,1,725,408.1251006848323,290,0.06365418434143066,22.34833788871765,,,160.5972442626953,160.5972442626953,,,98.74883270263672,78.74883270263672,
reinforce,20.0,1,726,367.6877589373774,263,0.06828474998474121,22.417018175125122,,,145.39468383789062,145.39468383789062,,,93.87235260009766,73.87235260009766,
reinforce,20.0,1,727,388.8722673871774,265,0.05320596694946289,22.47042202949524,,,166.9854736328125,166.9854736328125,,,99.1492919921875,79.1492919921875,
reinforce,20.0,1,728,350.36826353907145,238,0.04187798500061035,22.512561798095703,,,158.23800659179688,158.23800659179688,,,93.8104019165039,73.81039428710938,
reinforce,20.0,1,729,372.527559218298,258,0.045610904693603516,22.558363914489746,,,169.77857971191406,169.77857971191406,,,97.3314437866211,77.3314437866211,
reinforce,20.0,1,730,385.74366316132085,250,0.04374980926513672,22.602290868759155,,,168.4495086669922,168.4495086669922,,,102.67621612548828,82.67621612548828,
reinforce,20.0,1,731,376.7366523661656,249,0.041728973388671875,22.644224882125854,,,162.8068084716797,162.8068084716797,,,99.6905288696289,79.6905288696289,
reinforce,20.0,1,732,281.353817424428,181,0.030527830123901367,22.67492699623108,,,131.20372009277344,131.20372009277344,,,87.70166015625,67.70166015625,
reinforce,20.0,1,733,299.25229038548326,184,0.030809879302978516,22.70589590072632,,,156.1328125,156.1328125,,,92.88716125488281,72.88716125488281,
reinforce,20.0,1,734,316.4224242548047,203,0.0339658260345459,22.740051984786987,,,152.71958923339844,152.71958923339844,,,93.31905364990234,73.31905364990234,
reinforce,20.0,1,735,253.11087348117377,158,0.026486873626708984,22.766711950302124,,,140.91946411132812,140.91946411132812,,,84.24504089355469,64.24504089355469,
reinforce,20.0,1,736,265.2928077318889,165,0.027642011642456055,22.794523000717163,,,132.36155700683594,132.36155700683594,,,85.03652954101562,65.0365219116211,
reinforce,20.0,1,737,266.0576774350922,158,0.026671171188354492,22.82137107849121,,,151.53958129882812,151.53958129882812,,,89.3004379272461,69.3004379272461,
reinforce,20.0,1,738,248.22252412920747,157,0.026498079299926758,22.848042964935303,,,119.75724029541016,119.75724029541016,,,80.74152374267578,60.74152755737305,
reinforce,20.0,1,739,264.4162775585738,161,0.027135133743286133,22.8753399848938,,,147.9496612548828,147.9496612548828,,,88.18050384521484,68.18051147460938,
reinforce,20.0,1,740,240.8527967615075,139,0.023538827896118164,22.8990478515625,264.9422464858984,9.883630184799635,152.0518798828125,152.0518798828125,,,85.03543853759766,65.03543853759766,
reinforce,20.0,1,741,243.14225371103234,141,0.024133920669555664,22.99175500869751,,,142.6381378173828,142.6381378173828,,,85.1983871459961,65.1983871459961,
reinforce,20.0,1,742,242.6724940004458,145,0.02443695068359375,23.016347885131836,,,118.28297424316406,118.28297424316406,,,82.36241912841797,62.36241149902344,
reinforce,20.0,1,743,246.39022635408932,151,0.02585291862487793,23.04236102104187,,,126.86009979248047,126.86009979248047,,,82.50273895263672,62.502742767333984,
reinforce,20.0,1,744,206.63901110987197,122,0.020560026168823242,23.063082933425903,,,119.91123962402344,119.91123962402344,,,75.76148223876953,55.76148223876953,
reinforce,20.0,1,745,179.40715204732697,109,0.018476009368896484,23.08170795440674,,,93.43775177001953,93.43775177001953,,,67.78868865966797,47.7886848449707,
reinforce,20.0,1,746,192.18338852815216,105,0.01769280433654785,23.099562883377075,,,106.98542785644531,106.98542785644531,,,75.19462585449219,55.19462585449219,
reinforce,20.0,1,747,211.8856572114252,133,0.022550106048583984,23.12225890159607,,,113.45038604736328,113.45038604736328,,,75.43759155273438,55.43758773803711,
reinforce,20.0,1,748,163.19959660686547,89,0.015262126922607422,23.137675046920776,,,96.95973205566406,96.95973205566406,,,68.13124084472656,48.13124465942383,
reinforce,20.0,1,749,182.25880429727275,106,0.018203020095825195,23.15605401992798,,,99.59597778320312,99.59597778320312,,,70.5798110961914,50.579811096191406,
reinforce,20.0,1,750,171.6290318629979,104,0.017655134201049805,23.1738600730896,,,87.91902923583984,87.91902923583984,,,65.76959991455078,45.769596099853516,
reinforce,20.0,1,751,146.52510575151945,81,0.013754844665527344,23.18775701522827,,,91.45584869384766,91.45584869384766,,,62.772159576416016,42.772159576416016,
reinforce,20.0,1,752,140.60477668331572,78,0.013437271118164062,23.201329231262207,,,90.50324249267578,90.50324249267578,,,61.22265625,41.22264862060547,
reinforce,20.0,1,753,141.28556001471966,79,0.013592004776000977,23.215054988861084,,,89.29887390136719,89.29887390136719,,,61.11888122558594,41.11888122558594,
reinforce,20.0,1,754,109.38300035675616,60,0.010467767715454102,23.22567391395569,,,59.84940719604492,59.84940719604492,,,52.55198669433594,32.55198669433594,
reinforce,20.0,1,755,129.11475571496993,71,0.012487173080444336,23.23828911781311,,,64.28636932373047,64.28636932373047,,,58.38288879394531,38.38289260864258,
reinforce,20.0,1,756,103.96640585699363,57,0.009724855422973633,23.248141050338745,,,55.70124435424805,55.70124435424805,,,50.91459274291992,30.914592742919922,
reinforce,20.0,1,757,114.1617808477478,61,0.010838031768798828,23.259083032608032,,,87.6636962890625,87.6636962890625,,,55.240013122558594,35.240013122558594,
reinforce,20.0,1,758,101.44583053622856,56,0.009467124938964844,23.268709182739258,,,66.33516693115234,66.33516693115234,,,49.7762451171875,29.776248931884766,
reinforce,20.0,1,759,112.66927770266244,61,0.010747909545898438,23.279606103897095,,,78.5428237915039,78.5428237915039,,,54.1645393371582,34.16454315185547,
reinforce,20.0,1,760,102.52048987166607,56,0.00946807861328125,23.289226055145264,119.09493233625881,4.300402893763377,56.47673797607422,56.47673797607422,,,50.30537796020508,30.305376052856445,
reinforce,20.0,1,761,122.1249570165978,64,0.011104106903076172,23.328479051589966,,,83.1136703491211,83.1136703491211,,,58.7303466796875,38.7303466796875,
reinforce,20.0,1,762,117.59026148961338,62,0.010895013809204102,23.339531898498535,,,77.41617584228516,77.41617584228516,,,56.72948455810547,36.72948455810547,
reinforce,20.0,1,763,125.56435953052747,65,0.011146068572998047,23.350844144821167,,,76.18626403808594,76.18626403808594,,,60.01693344116211,40.016937255859375,
reinforce,20.0,1,764,123.37871057129303,64,0.01133584976196289,23.362349033355713,,,85.69894409179688,85.69894409179688,,,59.24311828613281,39.24311828613281,
reinforce,20.0,1,765,120.3270234484467,63,0.010817766189575195,23.373340845108032,,,82.38078308105469,82.38078308105469,,,57.96152114868164,37.961524963378906,
reinforce,20.0,1,766,113.86170905794869,60,0.010423898696899414,23.383911848068237,,,70.73673248291016,70.73673248291016,,,55.57661819458008,35.576622009277344,
reinforce,20.0,1,767,137.29273548495487,69,0.01203012466430664,23.39611315727234,,,88.96385955810547,88.96385955810547,,,65.2094497680664,45.209449768066406,
reinforce,20.0,1,768,137.52694531339483,68,0.011631250381469727,23.40795111656189,,,104.47320556640625,104.47320556640625,,,65.4846420288086,45.484642028808594,
reinforce,20.0,1,769,122.48164850010656,63,0.010771036148071289,23.418904066085815,,,95.1139907836914,95.1139907836914,,,59.03251647949219,39.03251266479492,
reinforce,20.0,1,770,153.6087750704943,74,0.012842893600463867,23.43190288543701,,,117.89704132080078,117.89704132080078,,,72.1117935180664,52.11179733276367,
reinforce,20.0,1,771,131.2957384418782,66,0.011566877365112305,23.443603992462158,,,93.18077087402344,93.18077087402344,,,62.908409118652344,42.908409118652344,
reinforce,20.0,1,772,134.42956212488988,67,0.011523962020874023,23.45530605316162,,,85.95603942871094,85.95603942871094,,,64.086669921875,44.086666107177734,
reinforce,20.0,1,773,183.30956767396125,83,0.01402902603149414,23.469499111175537,,,133.6932373046875,133.6932373046875,,,83.8204574584961,63.82046127319336,
reinforce,20.0,1,774,171.5553825399133,79,0.013379812240600586,23.483038902282715,,,115.75466918945312,115.75466918945312,,,79.34993743896484,59.349937438964844,
reinforce,20.0,1,775,187.1712138154792,84,0.014379739761352539,23.49751091003418,,,133.53952026367188,133.53952026367188,,,84.91836547851562,64.91836547851562,
reinforce,20.0,1,776,188.61977591616082,84,0.014655113220214844,23.512303113937378,,,128.4732208251953,128.4732208251953,,,85.99928283691406,65.99928283691406,
reinforce,20.0,1,777,197.5178019264035,87,0.015310049057006836,23.527782201766968,,,137.1819610595703,137.1819610595703,,,88.69666290283203,68.69666290283203,
reinforce,20.0,1,778,209.41047544417287,91,0.01595473289489746,23.54389977455139,,,158.03732299804688,158.03732299804688,,,92.93548583984375,72.93548583984375,
reinforce,20.0,1,779,214.37443024206857,93,0.016257047653198242,23.560316801071167,,,156.83518981933594,156.83518981933594,,,94.13987731933594,74.13987731933594,
reinforce,20.0,1,780,214.41673986387215,93,0.016206026077270508,23.57667303085327,213.43134244662383,1.1364346155609295,165.55821228027344,165.55821228027344,,,94.14575958251953,74.14575958251953,
reinforce,20.0,1,781,213.84084952074969,93,0.0172579288482666,23.63530206680298,,,159.29437255859375,159.29437255859375,,,94.02123260498047,74.021240234375,
reinforce,20.0,1,782,208.38105876559928,91,0.01561594009399414,23.6510808467865,,,146.1781768798828,146.1781768798828,,,91.73786163330078,71.73786926269531,
reinforce,20.0,1,783,210.14403282043955,92,0.015511035919189453,23.666733980178833,,,146.03622436523438,146.03622436523438,,,92.46210479736328,72.46210479736328,
reinforce,20.0,1,784,212.0274736699236,93,0.016127347946166992,23.683025121688843,,,158.8334197998047,158.8334197998047,,,93.00271606445312,73.00271606445312,
reinforce,20.0,1,785,206.80899235528832,91,0.015673160552978516,23.69884991645813,,,152.08526611328125,152.08526611328125,,,91.04816436767578,71.04816436767578,
reinforce,20.0,1,786,206.3667095296308,91,0.01576709747314453,23.714766025543213,,,144.6046600341797,144.6046600341797,,,91.10147857666016,71.10147857666016,
reinforce,20.0,1,787,110.7042218382911,60,0.010479211807250977,23.725393056869507,,,68.43965911865234,68.43965911865234,,,53.12327575683594,33.12327575683594,
reinforce,20.0,1,788,88.09896495055332,51,0.008836746215820312,23.734400987625122,,,39.60434341430664,39.60434341430664,,,43.53411102294922,23.53411293029785,
reinforce,20.0,1,789,73.84317773406671,45,0.007972002029418945,23.742583990097046,,,38.48660659790039,38.48660659790039,,,37.075218200683594,17.075220108032227,
reinforce,20.0,1,790,123.9562491512428,65,0.011085987091064453,23.75381898880005,,,88.63076782226562,88.63076782226562,,,58.355377197265625,38.35537338256836,
reinforce,20.0,1,791,80.85373605670054,48,0.008427143096923828,23.7624089717865,,,47.18632888793945,47.18632888793945,,,40.26584243774414,20.26584243774414,
reinforce,20.0,1,792,64.00527546250582,40,0.007261037826538086,23.769824981689453,,,15.835309982299805,15.835309982299805,,,32.97052764892578,12.970525741577148,
reinforce,20.0,1,793,64.57816906162708,41,0.007128238677978516,23.77711009979248,,,24.57879638671875,24.57879638671875,,,32.81451416015625,12.81451416015625,
reinforce,20.0,1,794,71.33145188841326,44,0.007752895355224609,23.785017013549805,,,31.10869789123535,31.10869789123535,,,35.954288482666016,15.954291343688965,
reinforce,20.0,1,795,71.10773247690138,44,0.007616996765136719,23.792778968811035,,,31.271324157714844,31.271324157714844,,,35.72517013549805,15.725171089172363,
reinforce,20.0,1,796,60.72258693519197,39,0.0068509578704833984,23.79978108406067,,,21.573326110839844,21.573326110839844,,,31.002685546875,11.002683639526367,
reinforce,20.0,1,797,78.8989614767792,47,0.008219242095947266,23.80813217163086,,,34.01136016845703,34.01136016845703,,,39.535675048828125,19.535675048828125,
reinforce,20.0,1,798,68.13176091472907,43,0.007773160934448242,23.81606912612915,,,23.62033462524414,23.62033462524414,,,34.29676818847656,14.296767234802246,
reinforce,20.0,1,799,85.01524782469754,50,0.008693933486938477,23.82493305206299,,,40.75587463378906,40.75587463378906,,,42.28677749633789,22.286771774291992,
reinforce,20.0,1,800,72.98169034583806,45,0.008126258850097656,23.833211183547974,205.15239384883256,0.911884092432428,34.59827423095703,34.59827423095703,,,36.908973693847656,16.908973693847656,
reinforce,20.0,1,801,204.7651661836771,91,0.015471935272216797,23.88828992843628,,,156.2090301513672,156.2090301513672,,,90.36162567138672,70.36162567138672,
reinforce,20.0,1,802,93.5658983274984,54,0.009150981903076172,23.897605180740356,,,55.70388412475586,55.70388412475586,,,46.04591751098633,26.045915603637695,
reinforce,20.0,1,803,104.60205987952557,58,0.00977468490600586,23.9075288772583,,,69.17811584472656,69.17811584472656,,,50.961483001708984,30.961484909057617,
reinforce,20.0,1,804,99.45495020490222,56,0.009721040725708008,23.917400121688843,,,59.84791946411133,59.84791946411133,,,48.8328857421875,28.8328857421875,
reinforce,20.0,1,805,122.4244421666709,64,0.010865926742553711,23.928436994552612,,,72.55003356933594,72.55003356933594,,,58.822120666503906,38.822120666503906,
reinforce,20.0,1,806,206.36337443069502,92,0.01606607437133789,23.944656133651733,,,148.18824768066406,148.18824768066406,,,91.15568542480469,71.15570068359375,
reinforce,20.0,1,807,206.81414332984397,92,0.015917062759399414,23.96072793006897,,,137.20693969726562,137.20693969726562,,,91.35595703125,71.35594940185547,
reinforce,20.0,1,808,204.88244098037222,90,0.014796018600463867,23.975718021392822,,,138.5833282470703,138.5833282470703,,,91.76048278808594,71.76048278808594,
reinforce,20.0,1,809,210.40522800144637,93,0.015398025512695312,23.991245985031128,,,152.5738983154297,152.5738983154297,,,92.66282653808594,72.66282653808594,
reinforce,20.0,1,810,206.36732788331892,91,0.014955997467041016,24.00633692741394,,,149.0216827392578,149.0216827392578,,,91.73688507080078,71.73689270019531,
reinforce,20.0,1,811,206.66636952601058,91,0.014785051345825195,24.02125096321106,,,152.6759796142578,152.6759796142578,,,91.7191390991211,71.7191390991211,
reinforce,20.0,1,812,208.4171156945082,92,0.015064001083374023,24.03645420074463,,,154.14724731445312,154.14724731445312,,,92.1388168334961,72.1388168334961,
reinforce,20.0,1,813,213.16047847008,95,0.02766895294189453,24.06424593925476,,,160.72254943847656,160.72254943847656,,,92.8722152709961,72.87222290039062,
reinforce,20.0,1,814,209.61112537551134,93,0.023282766342163086,24.087810039520264,,,142.0972137451172,142.0972137451172,,,91.97959899902344,71.97959899902344,
reinforce,20.0,1,815,207.3395268883315,92,0.017315149307250977,24.105302095413208,,,144.75450134277344,144.75450134277344,,,91.28033447265625,71.28033447265625,
reinforce,20.0,1,816,208.65857472571918,93,0.015381336212158203,24.120817184448242,,,149.7624969482422,149.7624969482422,,,91.79704284667969,71.79705047607422,
reinforce,20.0,1,817,210.9811037833129,94,0.015496015548706055,24.136435985565186,,,150.3863067626953,150.3863067626953,,,91.99380493164062,71.99380493164062,
reinforce,20.0,1,818,209.61874319245632,94,0.016070127487182617,24.152634143829346,,,151.24826049804688,151.24826049804688,,,91.11044311523438,71.11044311523438,
reinforce,20.0,1,819,209.15514811470484,93,0.015629053115844727,24.16839909553528,,,142.1044921875,142.1044921875,,,91.43865203857422,71.43865966796875,
reinforce,20.0,1,820,215.66143546696713,101,0.01697993278503418,24.185504913330078,212.6692402072676,0.4757066372563478,152.70118713378906,152.70118713378906,,,90.08499145507812,70.08499145507812,
reinforce,20.0,1,821,132.7509439986561,71,0.012830018997192383,24.240565061569214,,,89.95755004882812,89.95755004882812,,,61.261898040771484,41.26189422607422,
reinforce,20.0,1,822,218.99168294215315,106,0.01828598976135254,24.258976936340332,,,135.59730529785156,135.59730529785156,,,88.96976470947266,68.96976470947266,
reinforce,20.0,1,823,111.057305640241,61,0.010904073715209961,24.270036935806274,,,64.87606811523438,64.87606811523438,,,53.955562591552734,33.955562591552734,
reinforce,20.0,1,824,116.24870917593034,63,0.011237859725952148,24.28144097328186,,,76.5167236328125,76.5167236328125,,,56.15823745727539,36.15823745727539,
reinforce,20.0,1,825,91.25640765934979,54,0.009704828262329102,24.291312217712402,,,52.46574783325195,52.46574783325195,,,45.168277740478516,25.16827392578125,
reinforce,20.0,1,826,79.9610812311814,49,0.008590936660766602,24.300050973892212,,,50.158084869384766,50.158084869384766,,,40.037994384765625,20.037994384765625,
reinforce,20.0,1,827,96.65606770135943,56,0.009961128234863281,24.3101749420166,,,57.62017059326172,57.62017059326172,,,47.36221694946289,27.36221694946289,
reinforce,20.0,1,828,82.18337473438312,50,0.010029077529907227,24.320366144180298,,,41.501800537109375,41.501800537109375,,,40.96913528442383,20.969135284423828,
reinforce,20.0,1,829,84.3999991998981,51,0.009873151779174805,24.330361127853394,,,47.39732360839844,47.39732360839844,,,41.82691955566406,21.826919555664062,
reinforce,20.0,1,830,50.322804278420804,36,0.007197141647338867,24.337690114974976,,,10.804012298583984,10.804012298583984,,,25.889652252197266,5.889651775360107,
reinforce,20.0,1,831,60.928939966869876,41,0.008611917495727539,24.346451997756958,,,21.871965408325195,21.871965408325195,,,30.981117248535156,10.981118202209473,
reinforce,20.0,1,832,69.53576040582409,47,0.009501934051513672,24.35617995262146,,,25.668256759643555,25.668256759643555,,,33.90687942504883,13.906878471374512,
reinforce,20.0,1,833,41.0708723144438,31,0.006762981414794922,24.36328911781311,,,0.9665405750274658,0.9665405750274658,,,21.473281860351562,1.473284363746643,
reinforce,20.0,1,834,70.18145385865347,45,0.009176969528198242,24.372650861740112,,,34.7078971862793,34.7078971862793,,,35.44693374633789,15.446930885314941,
reinforce,20.0,1,835,50.590083208789125,36,0.006989002227783203,24.379812002182007,,,8.755180358886719,8.755180358886719,,,26.054901123046875,6.054897785186768,
reinforce,20.0,1,836,50.58236553888356,36,0.0071599483489990234,24.387126922607422,,,10.693102836608887,10.693102836608887,,,26.13869285583496,6.138692378997803,
reinforce,20.0,1,837,42.57103686529901,32,0.006182193756103516,24.393550157546997,,,3.6976938247680664,3.6976938247680664,,,22.19892120361328,2.198920726776123,
reinforce,20.0,1,838,58.66259975379339,40,0.007545948028564453,24.401257038116455,,,19.582292556762695,19.582292556762695,,,29.80596351623535,9.805963516235352,
reinforce,20.0,1,839,51.49805278839781,37,0.00751495361328125,24.40893316268921,,,14.242385864257812,14.242385864257812,,,26.412355422973633,6.412355899810791,
reinforce,20.0,1,840,40.71075869370047,31,0.0056111812591552734,24.414703130722046,47.76366724923523,0.8429100952427149,3.0437092781066895,3.0437092781066895,,,21.155344009399414,1.1553428173065186,
reinforce,20.0,1,841,48.099828202789034,35,0.0064160823822021484,24.438523054122925,,,11.70639705657959,11.70639705657959,,,25.010282516479492,5.010280132293701,
reinforce,20.0,1,842,41.0395698551435,31,0.006125688552856445,24.444830894470215,,,-0.7907269597053528,-0.7907269597053528,,,21.51732635498047,1.5173261165618896,
reinforce,20.0,1,843,50.44213789764868,37,0.006948947906494141,24.451974868774414,,,11.653677940368652,11.653677940368652,,,25.592180252075195,5.592177867889404,
reinforce,20.0,1,844,40.26925997422448,31,0.005879878997802734,24.45798897743225,,,-3.242283582687378,-3.242283582687378,,,20.98567008972168,0.9856704473495483,
reinforce,20.0,1,845,53.95583911780028,38,0.007141828536987305,24.465288877487183,,,15.5800199508667,15.5800199508667,,,27.43174934387207,7.431748390197754,
reinforce,20.0,1,846,64.16603442097296,43,0.007864952087402344,24.47333598136902,,,27.875507354736328,27.875507354736328,,,32.31182098388672,12.311821937561035,
reinforce,20.0,1,847,53.85214758258266,41,0.008043050765991211,24.48151397705078,,,10.311179161071777,10.311179161071777,,,26.438934326171875,6.438935279846191,
reinforce,20.0,1,848,54.30460752455526,38,0.0071408748626708984,24.48883891105652,,,12.934133529663086,12.934133529663086,,,27.988370895385742,7.988368988037109,
reinforce,20.0,1,849,56.03485552023177,40,0.007441997528076172,24.49644899368286,,,21.19498062133789,21.19498062133789,,,27.955434799194336,7.955436706542969,
reinforce,20.0,1,850,57.04186683939464,40,0.007417917251586914,24.504021883010864,,,13.8284330368042,13.8284330368042,,,28.744388580322266,8.74438762664795,
reinforce,20.0,1,851,88.96983536975303,56,0.010204792022705078,24.514380931854248,,,46.35505294799805,46.35505294799805,,,42.15669631958008,22.15669059753418,
reinforce,20.0,1,852,65.14762484002111,47,0.008081197738647461,24.522630214691162,,,22.333127975463867,22.333127975463867,,,30.920534133911133,10.920533180236816,
reinforce,20.0,1,853,93.53817028629851,62,0.010282039642333984,24.533066987991333,,,48.776451110839844,48.776451110839844,,,42.079498291015625,22.079504013061523,
reinforce,20.0,1,854,100.76587454120275,66,0.011480093002319336,24.544718027114868,,,49.43212127685547,49.43212127685547,,,44.37187576293945,24.371871948242188,
reinforce,20.0,1,855,112.86689479102411,74,0.013108015060424805,24.558006048202515,,,54.05809783935547,54.05809783935547,,,47.51509475708008,27.515094757080078,
reinforce,20.0,1,856,157.99552558905035,95,0.016742944717407227,24.57490301132202,,,95.6495132446289,95.6495132446289,,,63.35554504394531,43.35554504394531,
reinforce,20.0,1,857,185.25239468047076,113,0.01945805549621582,24.594552040100098,,,93.33185577392578,93.33185577392578,,,69.37554168701172,49.37554168701172,
reinforce,20.0,1,858,115.41120183233609,74,0.013018131256103516,24.607736110687256,,,63.24509048461914,63.24509048461914,,,49.94816589355469,29.948162078857422,
reinforce,20.0,1,859,262.1191544005757,146,0.02444314956665039,24.632327795028687,,,129.2773895263672,129.2773895263672,,,90.966064453125,70.966064453125,
reinforce,20.0,1,860,262.4009782387033,147,0.025135040283203125,24.6576189994812,271.4843295455398,1.7377152508830132,134.0254364013672,134.0254364013672,,,91.16468048095703,71.16468048095703,
reinforce,20.0,1,861,259.9452911033207,142,0.02427506446838379,24.748481035232544,,,151.53814697265625,151.53814697265625,,,91.4367904663086,71.4367904663086,
reinforce,20.0,1,862,262.69021547249287,137,0.022949934005737305,24.771605014801025,,,149.46055603027344,149.46055603027344,,,94.21286010742188,74.2128677368164,
reinforce,20.0,1,863,274.4871608680098,156,0.026498079299926758,24.798288106918335,,,165.2932891845703,165.2932891845703,,,93.1314697265625,73.1314697265625,
reinforce,20.0,1,864,282.2777187042343,164,0.02748394012451172,24.825921058654785,,,148.37286376953125,148.37286376953125,,,92.9792709350586,72.9792709350586,
reinforce,20.0,1,865,277.52269970010167,159,0.02669501304626465,24.8527889251709,,,132.45602416992188,132.45602416992188,,,92.02815246582031,72.02815246582031,
reinforce,20.0,1,866,291.3857873143737,172,0.02915787696838379,24.882088899612427,,,151.88861083984375,151.88861083984375,,,95.0211181640625,75.0211181640625,
reinforce,20.0,1,867,296.95022100148714,178,0.029888153076171875,24.912134170532227,,,150.67552185058594,150.67552185058594,,,93.51429748535156,73.51429748535156,
reinforce,20.0,1,868,287.2747940238447,163,0.027598142623901367,24.939908027648926,,,152.9410400390625,152.9410400390625,,,96.45662689208984,76.45662689208984,
reinforce,20.0,1,869,299.7923162561965,177,0.029500722885131836,24.96957802772522,,,155.8035888671875,155.8035888671875,,,93.90887451171875,73.90887451171875,
reinforce,20.0,1,870,298.9866390686775,168,0.028957128524780273,24.998697996139526,,,158.8495635986328,158.8495635986328,,,99.30259704589844,79.30259704589844,
reinforce,20.0,1,871,310.02645207861616,184,0.03112196922302246,25.029979944229126,,,154.51577758789062,154.51577758789062,,,96.41067504882812,76.41067504882812,
reinforce,20.0,1,872,334.36221078851315,205,0.034765005111694336,25.06491994857788,,,161.97152709960938,161.97152709960938,,,98.46832275390625,78.46832275390625,
reinforce,20.0,1,873,323.1113462044618,199,0.033464670181274414,25.098536014556885,,,166.11964416503906,166.11964416503906,,,97.93138885498047,77.9313735961914,
reinforce,20.0,1,874,335.35135922394005,211,0.03500080108642578,25.133662939071655,,,153.37637329101562,153.37637329101562,,,98.5107650756836,78.5107650756836,
reinforce,20.0,1,875,334.2250036432547,209,0.03487682342529297,25.16869592666626,,,163.63595581054688,163.63595581054688,,,97.32612609863281,77.32612609863281,
reinforce,20.0,1,876,354.129513457145,229,0.038229942321777344,25.20707392692566,,,163.61781311035156,163.61781311035156,,,99.66043853759766,79.66043853759766,
reinforce,20.0,1,877,358.92294841106184,232,0.03972506523132324,25.24696111679077,,,152.51441955566406,152.51441955566406,,,98.80371856689453,78.80371856689453,
reinforce,20.0,1,878,334.9841773130039,208,0.0375819206237793,25.28472399711609,,,164.23519897460938,164.23519897460938,,,97.93382263183594,77.93382263183594,
reinforce,20.0,1,879,344.62046387191987,212,0.03688192367553711,25.321769952774048,,,154.27374267578125,154.27374267578125,,,101.51319122314453,81.51319122314453,
reinforce,20.0,1,880,346.89983115791875,217,0.03784012794494629,25.359798908233643,331.9052511125486,3.492864344860886,170.41795349121094,170.41795349121094,,,100.1474380493164,80.1474380493164,
reinforce,20.0,1,881,329.2474422392652,204,0.03594708442687988,25.48841118812561,,,161.81549072265625,161.81549072265625,,,97.77235412597656,77.77234649658203,
reinforce,20.0,1,882,349.9432727887174,218,0.03813004493713379,25.526726961135864,,,170.1090850830078,170.1090850830078,,,101.21229553222656,81.21228790283203,
reinforce,20.0,1,883,348.31698713589356,215,0.03725695610046387,25.564162015914917,,,164.68101501464844,164.68101501464844,,,101.15209197998047,81.152099609375,
reinforce,20.0,1,884,349.0721675179671,221,0.0388331413269043,25.603185892105103,,,157.2930145263672,157.2930145263672,,,99.86863708496094,79.8686294555664,
reinforce,20.0,1,885,338.365286685318,214,0.037515878677368164,25.640881061553955,,,145.67588806152344,145.67588806152344,,,97.32859802246094,77.32859802246094,
reinforce,20.0,1,886,336.82416500334296,211,0.034353017807006836,25.67538809776306,,,161.5023651123047,161.5023651123047,,,97.75877380371094,77.75878143310547,
reinforce,20.0,1,887,329.5122044156521,203,0.03413105010986328,25.709662914276123,,,156.0443572998047,156.0443572998047,,,97.87902069091797,77.87902069091797,
reinforce,20.0,1,888,311.44793250131823,185,0.03125786781311035,25.741107940673828,,,134.30624389648438,134.30624389648438,,,96.6374282836914,76.6374282836914,
reinforce,20.0,1,889,308.4165440273761,184,0.030958890914916992,25.772220849990845,,,144.99713134765625,144.99713134765625,,,96.25331115722656,76.25331115722656,
reinforce,20.0,1,890,313.4182901366469,189,0.03193998336791992,25.8043429851532,,,164.64791870117188,164.64791870117188,,,97.2372055053711,77.23719787597656,
reinforce,20.0,1,891,297.9803959353118,178,0.02982497215270996,25.834332942962646,,,166.59971618652344,166.59971618652344,,,94.37019348144531,74.37019348144531,
reinforce,20.0,1,892,298.34694366537843,173,0.029152631759643555,25.863654851913452,,,163.1182098388672,163.1182098388672,,,96.62774658203125,76.62774658203125,
reinforce,20.0,1,893,296.74697785327055,172,0.028995037078857422,25.892830848693848,,,149.94154357910156,149.94154357910156,,,95.8412094116211,75.8412094116211,
reinforce,20.0,1,894,299.58696786051246,177,0.02963995933532715,25.922636032104492,,,154.5583038330078,154.5583038330078,,,95.18584442138672,75.18585205078125,
reinforce,20.0,1,895,256.07229645732997,133,0.022404909133911133,25.945235013961792,,,147.82310485839844,147.82310485839844,,,92.82351684570312,72.8235092163086,
reinforce,20.0,1,896,279.3082356713407,154,0.025830984115600586,25.971245050430298,,,153.72921752929688,153.72921752929688,,,94.21726989746094,74.21726989746094,
reinforce,20.0,1,897,291.26899688533496,168,0.028306007385253906,25.999730825424194,,,155.58975219726562,155.58975219726562,,,94.94576263427734,74.94576263427734,
reinforce,20.0,1,898,284.24446285473346,159,0.02679300308227539,26.02669596672058,,,143.30938720703125,143.30938720703125,,,95.95028686523438,75.95028686523438,
reinforce,20.0,1,899,276.8291431915503,150,0.025140047073364258,26.052025079727173,,,146.658203125,146.658203125,,,94.8935546875,74.8935546875,
reinforce,20.0,1,900,278.06056900556973,157,0.02627730369567871,26.07847023010254,267.3094793921624,0.34587425398347743,146.08164978027344,146.08164978027344,,,93.77392578125,73.77392578125,
reinforce,20.0,1,901,264.5574861756112,140,0.02376389503479004,26.165403842926025,,,148.633544921875,148.633544921875,,,93.61862182617188,73.61862182617188,
reinforce,20.0,1,902,262.06152552250984,141,0.023714065551757812,26.189316034317017,,,146.21888732910156,146.21888732910156,,,92.8056640625,72.80565643310547,
reinforce,20.0,1,903,258.49814122873346,138,0.023273944854736328,26.212753772735596,,,154.24205017089844,154.24205017089844,,,91.91764068603516,71.91763305664062,
reinforce,20.0,1,904,261.3912644639365,137,0.02321481704711914,26.23613691329956,,,147.41622924804688,147.41622924804688,,,93.48580932617188,73.4858169555664,
reinforce,20.0,1,905,255.00734940305557,135,0.023141145706176758,26.259430170059204,,,151.18426513671875,151.18426513671875,,,91.89434051513672,71.89434051513672,
reinforce,20.0,1,906,252.88299532578975,127,0.02184605598449707,26.28144097328186,,,145.96229553222656,145.96229553222656,,,94.1904067993164,74.1904067993164,
reinforce,20.0,1,907,265.8809906802518,146,0.024678945541381836,26.306273937225342,,,161.41842651367188,161.41842651367188,,,92.87857055664062,72.87857055664062,
reinforce,20.0,1,908,250.57515753220966,123,0.020885705947875977,26.32732391357422,,,169.0318603515625,169.0318603515625,,,95.30784606933594,75.30784606933594,
reinforce,20.0,1,909,255.3246092021615,136,0.023048877716064453,26.35054588317871,,,143.1496124267578,143.1496124267578,,,91.43037414550781,71.43037414550781,
reinforce,20.0,1,910,257.4119257152583,136,0.023084163665771484,26.37379503250122,,,141.5135040283203,141.5135040283203,,,92.3748779296875,72.3748779296875,
reinforce,20.0,1,911,253.33209013038314,134,0.02270197868347168,26.396652936935425,,,146.5184783935547,146.5184783935547,,,91.34860229492188,71.3486099243164,
reinforce,20.0,1,912,252.94458756421173,134,0.023250102996826172,26.42006802558899,,,149.21026611328125,149.21026611328125,,,91.15763092041016,71.15763092041016,
reinforce,20.0,1,913,249.89641072487152,124,0.021023988723754883,26.4412579536438,,,129.48712158203125,129.48712158203125,,,94.3919906616211,74.3919906616211,
reinforce,20.0,1,914,270.90239006147965,152,0.025661945343017578,26.46709394454956,,,137.15721130371094,137.15721130371094,,,92.0259017944336,72.0259017944336,
reinforce,20.0,1,915,260.9138911354098,141,0.023998022079467773,26.491241931915283,,,132.2283935546875,132.2283935546875,,,92.70468139648438,72.70468139648438,
reinforce,20.0,1,916,259.1890604677435,140,0.0236208438873291,26.51503586769104,,,144.7598876953125,144.7598876953125,,,91.24906158447266,71.24906158447266,
reinforce,20.0,1,917,269.8186259382105,144,0.024383068084716797,26.53957509994507,,,150.07980346679688,150.07980346679688,,,94.30734252929688,74.30734252929688,
reinforce,20.0,1,918,281.89995785134266,162,0.027252197265625,26.56700301170349,,,152.34478759765625,152.34478759765625,,,92.58354187011719,72.58354949951172,
reinforce,20.0,1,919,269.2814411169105,148,0.024912118911743164,26.592101097106934,,,142.47314453125,142.47314453125,,,92.56965637207031,72.56965637207031,
reinforce,20.0,1,920,284.19506499695535,160,0.026936054229736328,26.619206190109253,285.4883021339836,0.8311126959557606,159.1561737060547,159.1561737060547,,,94.9595718383789,74.9595718383789,
reinforce,20.0,1,921,279.0184158176021,153,0.025640010833740234,26.71611499786377,,,154.13925170898438,154.13925170898438,,,94.6120834350586,74.6120834350586,
reinforce,20.0,1,922,283.2281229322609,165,0.027957916259765625,26.74422287940979,,,161.0694122314453,161.0694122314453,,,92.78724670410156,72.78724670410156,
reinforce,20.0,1,923,282.54185051257565,160,0.027217864990234375,26.771601915359497,,,152.91824340820312,152.91824340820312,,,94.43041229248047,74.43041229248047,
reinforce,20.0,1,924,286.22718944513844,169,0.0283660888671875,26.80160617828369,,,132.84910583496094,132.84910583496094,,,91.41152954101562,71.41152954101562,
reinforce,20.0,1,925,283.23214523360065,163,0.027712106704711914,26.829479932785034,,,145.22756958007812,145.22756958007812,,,93.74828338623047,73.74828338623047,
reinforce,20.0,1,926,270.14852843096656,146,0.024676084518432617,26.854339122772217,,,140.0233612060547,140.0233612060547,,,93.74998474121094,73.74998474121094,
reinforce,20.0,1,927,173.51866976457754,106,0.018028974533081055,26.872545957565308,,,99.56570434570312,99.56570434570312,,,65.98465728759766,45.984657287597656,
reinforce,20.0,1,928,268.88129987788545,153,0.025895357131958008,26.898608207702637,,,145.60276794433594,145.60276794433594,,,91.27147674560547,71.27146911621094,
reinforce,20.0,1,929,197.53429852471822,111,0.01881098747253418,26.917601108551025,,,107.01409149169922,107.01409149169922,,,75.48062896728516,55.480628967285156,
reinforce,20.0,1,930,141.8119972491604,85,0.014510869979858398,26.93227481842041,,,77.4067153930664,77.4067153930664,,,58.99287033081055,38.99287033081055,
reinforce,20.0,1,931,128.24413239869574,81,0.013966083526611328,26.946388959884644,,,68.57610321044922,68.57610321044922,,,53.54427719116211,33.54427719116211,
reinforce,20.0,1,932,163.02329755761016,91,0.015675783157348633,26.962209939956665,,,94.31636047363281,94.31636047363281,,,67.35594177246094,47.35594177246094,
reinforce,20.0,1,933,135.9539470731284,80,0.013589143753051758,26.975959062576294,,,76.0059585571289,76.0059585571289,,,57.838523864746094,37.838523864746094,
reinforce,20.0,1,934,158.08119685053356,89,0.015452146530151367,26.991557121276855,,,106.63531494140625,106.63531494140625,,,65.55912017822266,45.55912399291992,
reinforce,20.0,1,935,213.10563062224776,107,0.018278837203979492,27.009994983673096,,,120.17559051513672,120.17559051513672,,,85.41964721679688,65.41963958740234,
reinforce,20.0,1,936,248.96830307511541,124,0.020844221115112305,27.030997037887573,,,145.3041534423828,145.3041534423828,,,94.09664916992188,74.09664916992188,
reinforce,20.0,1,937,116.70282676680708,76,0.01312112808227539,27.04428005218506,,,65.7245101928711,65.7245101928711,,,49.43241500854492,29.432418823242188,
reinforce,20.0,1,938,244.76870128155778,117,0.019700050354003906,27.064131021499634,,,159.33224487304688,159.33224487304688,,,95.69727325439453,75.69728088378906,
reinforce,20.0,1,939,247.6424426548186,129,0.021836042404174805,27.086125135421753,,,142.00473022460938,142.00473022460938,,,91.08995819091797,71.08995056152344,
reinforce,20.0,1,940,146.9384977441153,83,0.01411128044128418,27.100401163101196,137.43970680630272,10.57943576722784,84.92961120605469,84.92961120605469,,,62.69495391845703,42.69495391845703,
reinforce,20.0,1,941,185.3448457243155,103,0.01815319061279297,27.15583610534668,,,99.7767562866211,99.7767562866211,,,73.25626373291016,53.25626754760742,
reinforce,20.0,1,942,247.83519378556306,128,0.022799015045166016,27.178781986236572,,,146.809814453125,146.809814453125,,,91.68901824951172,71.68902587890625,
reinforce,20.0,1,943,239.53616419288622,121,0.021384000778198242,27.20030903816223,,,137.45663452148438,137.45663452148438,,,91.12488555908203,71.12488555908203,
reinforce,20.0,1,944,246.75492299863885,129,0.022233009338378906,27.222702026367188,,,149.33726501464844,149.33726501464844,,,90.59132385253906,70.59132385253906,
reinforce,20.0,1,945,239.9815353649934,115,0.0191800594329834,27.242006063461304,,,168.43118286132812,168.43118286132812,,,94.31075286865234,74.3107681274414,
reinforce,20.0,1,946,238.66950550217183,114,0.019042015075683594,27.26118493080139,,,162.8920440673828,162.8920440673828,,,94.39398193359375,74.39398193359375,
reinforce,20.0,1,947,239.6234711581966,117,0.020045995712280273,27.281389951705933,,,143.86474609375,143.86474609375,,,93.00825500488281,73.00824737548828,
reinforce,20.0,1,948,244.86027986233915,125,0.02130293846130371,27.30285406112671,,,142.55233764648438,142.55233764648438,,,91.59707641601562,71.59707641601562,
reinforce,20.0,1,949,242.61083290855882,120,0.020466089248657227,27.323482036590576,,,155.33828735351562,155.33828735351562,,,92.96980285644531,72.96980285644531,
reinforce,20.0,1,950,239.54180172991957,115,0.019392013549804688,27.343035221099854,,,130.1420135498047,130.1420135498047,,,94.08810424804688,74.08809661865234,
reinforce,20.0,1,951,245.8329522971877,121,0.020627975463867188,27.363828897476196,,,165.43612670898438,165.43612670898438,,,93.94287872314453,73.94288635253906,
reinforce,20.0,1,952,242.9310236191996,117,0.019840002059936523,27.383837938308716,,,159.8430633544922,159.8430633544922,,,94.50558471679688,74.50557708740234,
reinforce,20.0,1,953,246.21672243539393,122,0.020721912384033203,27.404721975326538,,,128.1575469970703,128.1575469970703,,,93.77978515625,73.77977752685547,
reinforce,20.0,1,954,244.23506008779043,122,0.020537853240966797,27.42542791366577,,,124.8385238647461,124.8385238647461,,,92.76227569580078,72.76227569580078,
reinforce,20.0,1,955,254.05890569034838,135,0.02302384376525879,27.44861888885498,,,136.644775390625,136.644775390625,,,91.43335723876953,71.43335723876953,
reinforce,20.0,1,956,259.17575757271135,135,0.022753000259399414,27.471553087234497,,,144.5334014892578,144.5334014892578,,,93.64579010009766,73.64579010009766,
reinforce,20.0,1,957,246.08777761458134,120,0.020305871963500977,27.49202299118042,,,156.33392333984375,156.33392333984375,,,94.63569641113281,74.63569641113281,
reinforce,20.0,1,958,251.55325880005225,121,0.020579814910888672,27.512765884399414,,,158.3510284423828,158.3510284423828,,,96.49456787109375,76.49456024169922,
reinforce,20.0,1,959,254.78390743654595,128,0.021592140197753906,27.534534215927124,,,152.88832092285156,152.88832092285156,,,94.59614562988281,74.59614562988281,
reinforce,20.0,1,960,257.7567700491593,123,0.021001815795898438,27.5556960105896,255.86620890973003,1.1497893562137778,161.56065368652344,161.56065368652344,,,98.506103515625,78.50611114501953,
reinforce,20.0,1,961,264.21801205648427,136,0.022858142852783203,27.636574029922485,,,150.6753692626953,150.6753692626953,,,95.5364990234375,75.53650665283203,
reinforce,20.0,1,962,259.94988848507313,139,0.023338794708251953,27.660082817077637,,,140.44700622558594,140.44700622558594,,,92.1710433959961,72.1710433959961,
reinforce,20.0,1,963,253.37358411010968,126,0.02175164222717285,27.68200182914734,,,137.35023498535156,137.35023498535156,,,95.1229019165039,75.12290954589844,
reinforce,20.0,1,964,252.2523553010782,122,0.021240949630737305,27.70341396331787,,,143.4639129638672,143.4639129638672,,,96.60800170898438,76.60800170898438,
reinforce,20.0,1,965,250.08834947832625,122,0.020376920700073242,27.72396492958069,,,138.1195526123047,138.1195526123047,,,95.34957885742188,75.34957885742188,
reinforce,20.0,1,966,246.844957421333,117,0.020009994506835938,27.744132041931152,,,145.1977996826172,145.1977996826172,,,96.5546646118164,76.55467224121094,
reinforce,20.0,1,967,243.42451933059314,111,0.019131898880004883,27.763444900512695,,,177.86062622070312,177.86062622070312,,,98.00430297851562,78.0042953491211,
reinforce,20.0,1,968,249.52701205123944,118,0.020116090774536133,27.783724069595337,,,147.86138916015625,147.86138916015625,,,97.12532806396484,77.12532806396484,
reinforce,20.0,1,969,247.27809966520013,114,0.019524097442626953,27.803416967391968,,,152.7240753173828,152.7240753173828,,,98.28743743896484,78.28743743896484,
reinforce,20.0,1,970,234.26034709245266,109,0.01865863800048828,27.82224678993225,,,167.36227416992188,167.36227416992188,,,94.58172607421875,74.58173370361328,
reinforce,20.0,1,971,236.33712552367894,107,0.01804518699645996,27.840451955795288,,,153.10980224609375,153.10980224609375,,,96.50428771972656,76.50428771972656,
reinforce,20.0,1,972,238.1032650099027,111,0.019079923629760742,27.859694004058838,,,162.76922607421875,162.76922607421875,,,95.17219543457031,75.17218017578125,
reinforce,20.0,1,973,231.83035700765535,102,0.01726508140563965,27.877126216888428,,,168.8867645263672,168.8867645263672,,,97.39446258544922,77.39447021484375,
reinforce,20.0,1,974,231.31403352445028,106,0.01823902130126953,27.895526885986328,,,149.00257873535156,149.00257873535156,,,94.59464263916016,74.59464263916016,
reinforce,20.0,1,975,233.4691418761893,106,0.01804208755493164,27.91373300552368,,,146.7455291748047,146.7455291748047,,,95.7274398803711,75.7274398803711,
reinforce,20.0,1,976,227.4008359199288,99,0.01683974266052246,27.930731058120728,,,167.08258056640625,167.08258056640625,,,97.26992797851562,77.26992797851562,
reinforce,20.0,1,977,227.21730088568313,99,0.016733169555664062,27.947631120681763,,,178.22189331054688,178.22189331054688,,,97.10702514648438,77.10702514648438,
reinforce,20.0,1,978,228.4544990224494,102,0.017616748809814453,27.965396881103516,,,144.47459411621094,144.47459411621094,,,95.72599792480469,75.72599792480469,
reinforce,20.0,1,979,227.26707204903698,99,0.016916990280151367,27.98247003555298,,,128.8422088623047,128.8422088623047,,,96.84628295898438,76.84628295898438,
reinforce,20.0,1,980,221.6121999890115,97,0.016280174255371094,27.998927116394043,208.96510944938808,2.468473656310635,137.37069702148438,137.37069702148438,,,95.44790649414062,75.4478988647461,
reinforce,20.0,1,981,224.23763930402112,98,0.016904830932617188,28.055723905563354,,,140.94557189941406,140.94557189941406,,,96.27691650390625,76.27691650390625,
reinforce,20.0,1,982,216.00308760114393,94,0.0158388614654541,28.071725130081177,,,152.04302978515625,152.04302978515625,,,94.2731704711914,74.2731704711914,
reinforce,20.0,1,983,215.8301343947772,94,0.016319990158081055,28.088202953338623,,,147.47793579101562,147.47793579101562,,,94.43551635742188,74.43550872802734,
reinforce,20.0,1,984,216.45399747419108,94,0.016324281692504883,28.10468816757202,,,156.15155029296875,156.15155029296875,,,94.80410766601562,74.80410766601562,
reinforce,20.0,1,985,212.34903131481883,93,0.01601886749267578,28.120863914489746,,,133.80006408691406,133.80006408691406,,,93.32776641845703,73.3277587890625,
reinforce,20.0,1,986,215.5733937708693,93,0.015828847885131836,28.1368408203125,,,152.3783416748047,152.3783416748047,,,94.75310516357422,74.75312042236328,
reinforce,20.0,1,987,208.31787152668727,91,0.015720844268798828,28.152719020843506,,,126.40704345703125,126.40704345703125,,,92.53816223144531,72.53814697265625,
reinforce,20.0,1,988,210.46933248100936,91,0.015329599380493164,28.16820979118347,,,143.64125061035156,143.64125061035156,,,93.02458953857422,73.02458190917969,
reinforce,20.0,1,989,200.3241887420199,88,0.015382051467895508,28.183706045150757,,,150.08834838867188,150.08834838867188,,,89.83549499511719,69.83549499511719,
reinforce,20.0,1,990,212.3510239717205,92,0.015882015228271484,28.199764013290405,,,151.5986328125,151.5986328125,,,93.58832550048828,73.58832550048828,
reinforce,20.0,1,991,191.16575487917152,85,0.014709949493408203,28.214693069458008,,,129.42422485351562,129.42422485351562,,,86.43548583984375,66.43548583984375,
reinforce,20.0,1,992,199.75351945671665,88,0.01501607894897461,28.229862928390503,,,173.15692138671875,173.15692138671875,,,89.41057586669922,69.41057586669922,
reinforce,20.0,1,993,203.90394814621624,89,0.015449762344360352,28.24546194076538,,,129.2073974609375,129.2073974609375,,,90.83274841308594,70.8327407836914,
reinforce,20.0,1,994,215.24902209833596,93,0.01606607437133789,28.261686086654663,,,148.7147216796875,148.7147216796875,,,94.61682891845703,74.61682891845703,
reinforce,20.0,1,995,207.96207204341042,91,0.015722990036010742,28.277588844299316,,,153.87603759765625,153.87603759765625,,,92.22666931152344,72.2266616821289,
reinforce,20.0,1,996,208.8695815874362,91,0.015638113021850586,28.293385982513428,,,116.12602996826172,116.12602996826172,,,92.2373275756836,72.2373275756836,
reinforce,20.0,1,997,207.70002128743747,90,0.015273809432983398,28.308804988861084,,,145.483154296875,145.483154296875,,,92.31584167480469,72.31584930419922,
reinforce,20.0,1,998,206.15275017101672,90,0.015563726425170898,28.32451891899109,,,144.38693237304688,144.38693237304688,,,91.64018249511719,71.64018249511719,
reinforce,20.0,1,999,199.97869785987524,88,0.015035867691040039,28.339730978012085,,,144.41729736328125,144.41729736328125,,,89.34317016601562,69.34317016601562,
reinforce,20.0,1,1000,199.82080012016536,88,0.015033960342407227,28.354930877685547,152.457340474663,0.6534687440380731,131.32081604003906,131.32081604003906,,,89.25720977783203,69.25720977783203,
