algo,baseline,seed,episode,episode_return,episode_steps,episode_time_sec,elapsed_time_sec,eval_mean_return,eval_std_return,loss,policy_loss,value_loss,entropy,mean_return,mean_advantage,advantage
reinforce,0.0,0,1,62.30948772976065,38,0.037558794021606445,0.037561893463134766,,,77.32551574707031,77.32551574707031,,,31.979774475097656,31.979774475097656,
reinforce,0.0,0,2,63.37033712394447,39,0.006779909133911133,0.04447793960571289,,,91.90093994140625,91.90093994140625,,,32.427696228027344,32.427696228027344,
reinforce,0.0,0,3,6.9229115504304595,11,0.0028650760650634766,0.047467947006225586,,,7.3700852394104,7.3700852394104,,,2.7330482006073,2.7330482006073,
reinforce,0.0,0,4,6.8632103174904735,10,0.0018320083618164062,0.0494229793548584,,,8.55887508392334,8.55887508392334,,,3.001859426498413,3.001859426498413,
reinforce,0.0,0,5,68.58567587985854,48,0.008712053298950195,0.05825996398925781,,,52.45088577270508,52.45088577270508,,,30.461244583129883,30.461244583129883,
reinforce,0.0,0,6,22.127509100845458,22,0.004151105880737305,0.06253910064697266,,,22.57154655456543,22.57154655456543,,,10.238123893737793,10.238123893737793,
reinforce,0.0,0,7,5.881961662187374,9,0.0016367435455322266,0.06432890892028809,,,4.86520528793335,4.86520528793335,,,2.4725239276885986,2.4725239276885986,
reinforce,0.0,0,8,4.630563151272485,8,0.0016591548919677734,0.06607198715209961,,,6.08784818649292,6.08784818649292,,,1.832397699356079,1.832397699356079,
reinforce,0.0,0,9,13.879340043890862,17,0.003607034683227539,0.06980609893798828,,,8.849403381347656,8.849403381347656,,,5.660690784454346,5.660690784454346,
reinforce,0.0,0,10,7.818050334422779,12,0.0021789073944091797,0.07209086418151855,,,4.875686168670654,4.875686168670654,,,2.9872548580169678,2.9872548580169678,
reinforce,0.0,0,11,3.610009802762335,7,0.0014190673828125,0.0736079216003418,,,3.548609972000122,3.548609972000122,,,1.3371294736862183,1.3371294736862183,
reinforce,0.0,0,12,13.399195914779787,16,0.0033631324768066406,0.07711386680603027,,,14.602083206176758,14.602083206176758,,,5.77725887298584,5.77725887298584,
reinforce,0.0,0,13,10.185518821591062,15,0.0026760101318359375,0.07993388175964355,,,6.136453151702881,6.136453151702881,,,3.425135850906372,3.425135850906372,
reinforce,0.0,0,14,13.680089546301003,18,0.00413203239440918,0.08416986465454102,,,11.550251007080078,11.550251007080078,,,5.115423679351807,5.115423679351807,
reinforce,0.0,0,15,6.117302912438414,10,0.0018529891967773438,0.08615994453430176,,,3.7819950580596924,3.7819950580596924,,,2.1495628356933594,2.1495628356933594,
reinforce,0.0,0,16,6.931655858805435,11,0.002384185791015625,0.0886540412902832,,,5.187481880187988,5.187481880187988,,,2.393496036529541,2.393496036529541,
reinforce,0.0,0,17,3.714352210655994,7,0.0018849372863769531,0.0906519889831543,,,3.5959761142730713,3.5959761142730713,,,1.4263769388198853,1.4263769388198853,
reinforce,0.0,0,18,4.519048509390644,8,0.0014777183532714844,0.09223389625549316,,,2.673177719116211,2.673177719116211,,,1.7621592283248901,1.7621592283248901,
reinforce,0.0,0,19,4.303303360505924,9,0.0017490386962890625,0.09409904479980469,,,2.0740435123443604,2.0740435123443604,,,1.1470515727996826,1.1470515727996826,
reinforce,0.0,0,20,6.702685392242275,10,0.001949310302734375,0.09616208076477051,5.067357121454455,0.03837932109978221,5.829401969909668,5.829401969909668,,,2.6304609775543213,2.6304609775543213,
reinforce,0.0,0,21,4.552919639128959,8,0.0018339157104492188,0.10646295547485352,,,3.921193838119507,3.921193838119507,,,1.6778435707092285,1.6778435707092285,
reinforce,0.0,0,22,6.543364597442229,11,0.0022039413452148438,0.10875701904296875,,,4.806103229522705,4.806103229522705,,,2.2187881469726562,2.2187881469726562,
reinforce,0.0,0,23,5.332034824399857,10,0.0023419857025146484,0.1112070083618164,,,2.737332344055176,2.737332344055176,,,1.635920524597168,1.635920524597168,
reinforce,0.0,0,24,3.0243487974741203,7,0.0013823509216308594,0.1127171516418457,,,2.0966074466705322,2.0966074466705322,,,0.9074011445045471,0.9074011445045471,
reinforce,0.0,0,25,3.9890047650730165,7,0.001361846923828125,0.11415386199951172,,,5.7558393478393555,5.7558393478393555,,,1.6818104982376099,1.6818104982376099,
reinforce,0.0,0,26,4.233367784903053,7,0.0014829635620117188,0.11573195457458496,,,5.87765645980835,5.87765645980835,,,1.811338186264038,1.811338186264038,
reinforce,0.0,0,27,4.109126229918979,7,0.001344919204711914,0.11718893051147461,,,1.984126091003418,1.984126091003418,,,1.6741241216659546,1.6741241216659546,
reinforce,0.0,0,28,7.71966666307546,12,0.002499818801879883,0.11975979804992676,,,4.577664375305176,4.577664375305176,,,2.6607425212860107,2.6607425212860107,
reinforce,0.0,0,29,5.126646458307573,10,0.0020170211791992188,0.1219179630279541,,,2.3337016105651855,2.3337016105651855,,,1.4284346103668213,1.4284346103668213,
reinforce,0.0,0,30,3.9471533751353878,8,0.0016489028930664062,0.12369585037231445,,,2.4889678955078125,2.4889678955078125,,,1.2331329584121704,1.2331329584121704,
reinforce,0.0,0,31,5.4093359916010275,8,0.0018219947814941406,0.1256089210510254,,,5.020646095275879,5.020646095275879,,,2.4005377292633057,2.4005377292633057,
reinforce,0.0,0,32,4.1949551817199415,9,0.0017180442810058594,0.1274271011352539,,,1.8481996059417725,1.8481996059417725,,,1.0406115055084229,1.0406115055084229,
reinforce,0.0,0,33,3.111465280403463,7,0.0014820098876953125,0.12900400161743164,,,1.5984792709350586,1.5984792709350586,,,0.9282883405685425,0.9282883405685425,
reinforce,0.0,0,34,6.45100686234497,10,0.002001047134399414,0.13108205795288086,,,6.206096649169922,6.206096649169922,,,2.43343448638916,2.43343448638916,
reinforce,0.0,0,35,4.358330101746958,8,0.0016679763793945312,0.13285183906555176,,,3.4696266651153564,3.4696266651153564,,,1.5352144241333008,1.5352144241333008,
reinforce,0.0,0,36,4.181292679392068,8,0.0014810562133789062,0.13443684577941895,,,2.425809860229492,2.425809860229492,,,1.4801559448242188,1.4801559448242188,
reinforce,0.0,0,37,3.5343271975735315,7,0.0013530254364013672,0.13586688041687012,,,1.861976981163025,1.861976981163025,,,1.2775628566741943,1.2775628566741943,
reinforce,0.0,0,38,7.539898007972191,11,0.0021431446075439453,0.1381230354309082,,,5.717333793640137,5.717333793640137,,,3.028014898300171,3.028014898300171,
reinforce,0.0,0,39,7.7764968258754745,12,0.0022819042205810547,0.14051508903503418,,,5.189413070678711,5.189413070678711,,,2.7130157947540283,2.7130157947540283,
reinforce,0.0,0,40,4.006208105015513,8,0.0014929771423339844,0.14208579063415527,5.538110093831242,0.39783544696401696,3.6282825469970703,3.6282825469970703,,,1.281544804573059,1.281544804573059,
reinforce,0.0,0,41,10.215879968788384,16,0.002972126007080078,0.15128707885742188,,,4.8328351974487305,4.8328351974487305,,,3.4004931449890137,3.4004931449890137,
reinforce,0.0,0,42,5.385175359915809,9,0.0020210742950439453,0.15345096588134766,,,3.7383012771606445,3.7383012771606445,,,2.0300121307373047,2.0300121307373047,
reinforce,0.0,0,43,4.283113688247021,8,0.0014421939849853516,0.15500497817993164,,,3.140986919403076,3.140986919403076,,,1.6061419248580933,1.6061419248580933,
reinforce,0.0,0,44,6.766895767093748,10,0.0018451213836669922,0.1569211483001709,,,7.049388885498047,7.049388885498047,,,2.6963553428649902,2.6963553428649902,
reinforce,0.0,0,45,5.457864522177716,10,0.002074003219604492,0.15907001495361328,,,2.8723905086517334,2.8723905086517334,,,1.7478936910629272,1.7478936910629272,
reinforce,0.0,0,46,9.269023812692758,13,0.0033600330352783203,0.16259407997131348,,,5.882857322692871,5.882857322692871,,,3.663074493408203,3.663074493408203,
reinforce,0.0,0,47,8.230713101632547,12,0.002323150634765625,0.16506075859069824,,,6.534379482269287,6.534379482269287,,,3.165325403213501,3.165325403213501,
reinforce,0.0,0,48,6.557924823587603,10,0.002006053924560547,0.1671769618988037,,,3.722856044769287,3.722856044769287,,,2.668503999710083,2.668503999710083,
reinforce,0.0,0,49,4.076546665033704,8,0.0014982223510742188,0.16881203651428223,,,4.593307018280029,4.593307018280029,,,1.4332761764526367,1.4332761764526367,
reinforce,0.0,0,50,5.623221322813746,9,0.0016980171203613281,0.1705930233001709,,,4.893076419830322,4.893076419830322,,,2.256653070449829,2.256653070449829,
reinforce,0.0,0,51,12.011148972395628,17,0.0031099319458007812,0.17382097244262695,,,11.57931900024414,11.57931900024414,,,4.4493327140808105,4.4493327140808105,
reinforce,0.0,0,52,6.350280463724098,11,0.0020668506622314453,0.17601680755615234,,,4.597655773162842,4.597655773162842,,,2.0913279056549072,2.0913279056549072,
reinforce,0.0,0,53,8.996313006373178,13,0.0023071765899658203,0.17844104766845703,,,8.328836441040039,8.328836441040039,,,3.452489137649536,3.452489137649536,
reinforce,0.0,0,54,6.719970344828437,10,0.0021610260009765625,0.1806960105895996,,,5.019137382507324,5.019137382507324,,,2.772578477859497,2.772578477859497,
reinforce,0.0,0,55,8.659661308119261,12,0.0021800994873046875,0.18298792839050293,,,7.032423496246338,7.032423496246338,,,3.3947360515594482,3.3947360515594482,
reinforce,0.0,0,56,4.6274047366084625,8,0.0015177726745605469,0.18460392951965332,,,2.720125198364258,2.720125198364258,,,1.87093985080719,1.87093985080719,
reinforce,0.0,0,57,8.545036468820474,13,0.002500772476196289,0.1871957778930664,,,9.034250259399414,9.034250259399414,,,3.26082181930542,3.26082181930542,
reinforce,0.0,0,58,8.411158584880484,13,0.0024530887603759766,0.18974900245666504,,,6.77470064163208,6.77470064163208,,,3.208472728729248,3.208472728729248,
reinforce,0.0,0,59,5.880668497448344,9,0.0017428398132324219,0.19157981872558594,,,5.4148077964782715,5.4148077964782715,,,2.492033004760742,2.492033004760742,
reinforce,0.0,0,60,5.597054697857303,10,0.0019850730895996094,0.19366812705993652,178.07398134511882,80.82766482320146,3.718195676803589,3.718195676803589,,,1.9266960620880127,1.9266960620880127,
reinforce,0.0,0,61,8.557370819719239,13,0.0024290084838867188,0.2659189701080322,,,7.1707563400268555,7.1707563400268555,,,3.183983087539673,3.183983087539673,
reinforce,0.0,0,62,9.39595219123841,13,0.002438068389892578,0.26844000816345215,,,7.4972453117370605,7.4972453117370605,,,3.734081506729126,3.734081506729126,
reinforce,0.0,0,63,9.479988052640607,14,0.002668142318725586,0.27123403549194336,,,8.732034683227539,8.732034683227539,,,3.3991854190826416,3.3991854190826416,
reinforce,0.0,0,64,7.515484472128305,11,0.002080202102661133,0.27341294288635254,,,6.58810567855835,6.58810567855835,,,3.1108078956604004,3.1108078956604004,
reinforce,0.0,0,65,31.75351248448136,32,0.005752086639404297,0.27924513816833496,,,28.35757827758789,28.35757827758789,,,13.755578994750977,13.755578994750977,
reinforce,0.0,0,66,10.129928767504566,15,0.002662181854248047,0.28204894065856934,,,8.412946701049805,8.412946701049805,,,3.6266884803771973,3.6266884803771973,
reinforce,0.0,0,67,10.743352257683593,16,0.003155231475830078,0.2853279113769531,,,5.4088921546936035,5.4088921546936035,,,3.6637449264526367,3.6637449264526367,
reinforce,0.0,0,68,9.163001099898821,13,0.0023031234741210938,0.2877509593963623,,,8.946813583374023,8.946813583374023,,,3.803114891052246,3.803114891052246,
reinforce,0.0,0,69,9.49047387531634,13,0.002277851104736328,0.29012084007263184,,,9.247488975524902,9.247488975524902,,,3.8307130336761475,3.8307130336761475,
reinforce,0.0,0,70,13.12653099148065,19,0.0035500526428222656,0.29388904571533203,,,8.668441772460938,8.668441772460938,,,4.585653781890869,4.585653781890869,
reinforce,0.0,0,71,16.212003589117423,23,0.004294872283935547,0.2982978820800781,,,15.381314277648926,15.381314277648926,,,5.820920944213867,5.820920944213867,
reinforce,0.0,0,72,11.93500501132637,18,0.0033690929412841797,0.30179405212402344,,,5.407449722290039,5.407449722290039,,,4.010749816894531,4.010749816894531,
reinforce,0.0,0,73,21.95742386825694,28,0.0049550533294677734,0.3068709373474121,,,19.395090103149414,19.395090103149414,,,8.501730918884277,8.501730918884277,
reinforce,0.0,0,74,40.73971632047284,45,0.0078008174896240234,0.31482386589050293,,,29.425153732299805,29.425153732299805,,,16.410749435424805,16.410749435424805,
reinforce,0.0,0,75,10.349310658401786,18,0.0034339427947998047,0.3184220790863037,,,5.724119663238525,5.724119663238525,,,3.3873450756073,3.3873450756073,
reinforce,0.0,0,76,86.71163060050101,84,0.014369010925292969,0.33292484283447266,,,77.40887451171875,77.40887451171875,,,34.9249382019043,34.9249382019043,
reinforce,0.0,0,77,43.080765793624046,41,0.007081031799316406,0.3401679992675781,,,38.42744064331055,38.42744064331055,,,18.26845359802246,18.26845359802246,
reinforce,0.0,0,78,153.62441428449148,121,0.020678043365478516,0.3609950542449951,,,126.812255859375,126.812255859375,,,56.53969955444336,56.53969955444336,
reinforce,0.0,0,79,114.05921200301019,85,0.014567852020263672,0.37574195861816406,,,96.52479553222656,96.52479553222656,,,48.8004150390625,48.8004150390625,
reinforce,0.0,0,80,113.36251448008139,86,0.01492619514465332,0.3908250331878662,97.79908774875227,2.577345731499832,94.56694793701172,94.56694793701172,,,48.779293060302734,48.779293060302734,
reinforce,0.0,0,81,111.18489307609438,84,0.014624834060668945,0.4369058609008789,,,93.41763305664062,93.41763305664062,,,46.39051818847656,46.39051818847656,
reinforce,0.0,0,82,114.2421626119575,87,0.014979839324951172,0.45204877853393555,,,100.46437072753906,100.46437072753906,,,47.91310119628906,47.91310119628906,
reinforce,0.0,0,83,123.02440191409421,94,0.016028881072998047,0.4682350158691406,,,104.63908386230469,104.63908386230469,,,50.140419006347656,50.140419006347656,
reinforce,0.0,0,84,105.27689935197718,73,0.012768030166625977,0.4811899662017822,,,98.40907287597656,98.40907287597656,,,45.205692291259766,45.205692291259766,
reinforce,0.0,0,85,98.22274877500166,69,0.01185297966003418,0.493196964263916,,,92.04381561279297,92.04381561279297,,,44.831809997558594,44.831809997558594,
reinforce,0.0,0,86,126.5178085447714,98,0.01871633529663086,0.5121080875396729,,,113.36194610595703,113.36194610595703,,,51.38701629638672,51.38701629638672,
reinforce,0.0,0,87,90.03073269962115,62,0.014904022216796875,0.5271890163421631,,,98.05789947509766,98.05789947509766,,,41.575889587402344,41.575889587402344,
reinforce,0.0,0,88,95.57110558785857,67,0.014693021774291992,0.5421161651611328,,,86.53438568115234,86.53438568115234,,,42.5357666015625,42.5357666015625,
reinforce,0.0,0,89,93.83218160040965,65,0.013735771179199219,0.5560319423675537,,,84.66361236572266,84.66361236572266,,,41.45219802856445,41.45219802856445,
reinforce,0.0,0,90,99.13258462657106,70,0.014518022537231445,0.5707798004150391,,,88.04271697998047,88.04271697998047,,,43.86838912963867,43.86838912963867,
reinforce,0.0,0,91,91.95349696421599,62,0.012653827667236328,0.5837090015411377,,,90.34474182128906,90.34474182128906,,,43.18379211425781,43.18379211425781,
reinforce,0.0,0,92,109.32487716224735,81,0.01688385009765625,0.6007778644561768,,,110.32293701171875,110.32293701171875,,,45.98101043701172,45.98101043701172,
reinforce,0.0,0,93,90.5105270209301,59,0.017095088958740234,0.6182000637054443,,,91.59530639648438,91.59530639648438,,,42.220882415771484,42.220882415771484,
reinforce,0.0,0,94,91.74864057492839,63,0.013225317001342773,0.6316311359405518,,,90.79784393310547,90.79784393310547,,,41.530250549316406,41.530250549316406,
reinforce,0.0,0,95,88.6264520074256,60,0.01066899299621582,0.6424949169158936,,,83.04823303222656,83.04823303222656,,,40.15629577636719,40.15629577636719,
reinforce,0.0,0,96,80.11365123106629,52,0.010910987854003906,0.6536529064178467,,,85.35612487792969,85.35612487792969,,,38.72043228149414,38.72043228149414,
reinforce,0.0,0,97,77.79612348042106,49,0.009217023849487305,0.6630871295928955,,,76.0944595336914,76.0944595336914,,,38.44755172729492,38.44755172729492,
reinforce,0.0,0,98,82.69327676680405,54,0.013721227645874023,0.6770660877227783,,,70.34186553955078,70.34186553955078,,,39.28339385986328,39.28339385986328,
reinforce,0.0,0,99,82.822751261388,52,0.0856180191040039,0.7630190849304199,,,75.6080322265625,75.6080322265625,,,40.157432556152344,40.157432556152344,
reinforce,0.0,0,100,73.15031491704673,45,0.008898019790649414,0.7721221446990967,72.70025811641375,1.5770139240977683,69.94590759277344,69.94590759277344,,,36.88644027709961,36.88644027709961,
reinforce,0.0,0,101,76.75424498912867,47,0.010255098342895508,0.8045010566711426,,,76.56085968017578,76.56085968017578,,,38.344871520996094,38.344871520996094,
reinforce,0.0,0,102,74.85940410462301,46,0.012936830520629883,0.8177299499511719,,,82.26976776123047,82.26976776123047,,,37.78082275390625,37.78082275390625,
reinforce,0.0,0,103,83.3260495772555,54,0.01161813735961914,0.829524040222168,,,91.73068237304688,91.73068237304688,,,40.614749908447266,40.614749908447266,
reinforce,0.0,0,104,76.70210146133192,47,0.010085344314575195,0.839914083480835,,,91.13680267333984,91.13680267333984,,,38.438140869140625,38.438140869140625,
reinforce,0.0,0,105,84.57682875706062,56,0.011713027954101562,0.851830005645752,,,84.98416900634766,84.98416900634766,,,40.02804183959961,40.02804183959961,
reinforce,0.0,0,106,87.25877291854083,57,0.010730981826782227,0.8628039360046387,,,93.85833740234375,93.85833740234375,,,41.501869201660156,41.501869201660156,
reinforce,0.0,0,107,84.17643727696021,52,0.009643793106079102,0.8726129531860352,,,79.13202667236328,79.13202667236328,,,41.224430084228516,41.224430084228516,
reinforce,0.0,0,108,76.03262965184207,47,0.008629083633422852,0.8815789222717285,,,79.25747680664062,79.25747680664062,,,38.02385330200195,38.02385330200195,
reinforce,0.0,0,109,74.58123092286581,46,0.008433103561401367,0.8901729583740234,,,70.04608154296875,70.04608154296875,,,37.535282135009766,37.535282135009766,
reinforce,0.0,0,110,79.90600585977892,49,0.008888006210327148,0.8992419242858887,,,90.29320526123047,90.29320526123047,,,39.31500244140625,39.31500244140625,
reinforce,0.0,0,111,81.71351926613349,53,0.009638786315917969,0.9090428352355957,,,82.5657730102539,82.5657730102539,,,39.90618896484375,39.90618896484375,
reinforce,0.0,0,112,85.41879054244947,57,0.010608911514282227,0.9198060035705566,,,84.61347961425781,84.61347961425781,,,41.137962341308594,41.137962341308594,
reinforce,0.0,0,113,78.2554492154056,49,0.008882284164428711,0.9288561344146729,,,80.67373657226562,80.67373657226562,,,38.7096061706543,38.7096061706543,
reinforce,0.0,0,114,83.73077981908213,52,0.009428024291992188,0.9384708404541016,,,82.37785339355469,82.37785339355469,,,40.81837463378906,40.81837463378906,
reinforce,0.0,0,115,88.91713801195104,59,0.010462045669555664,0.9490959644317627,,,77.99602508544922,77.99602508544922,,,41.75987243652344,41.75987243652344,
reinforce,0.0,0,116,93.93780747593347,62,0.011157989501953125,0.9604339599609375,,,111.2352066040039,111.2352066040039,,,44.33266067504883,44.33266067504883,
reinforce,0.0,0,117,106.8020858272363,75,0.013475894927978516,0.974064826965332,,,96.05701446533203,96.05701446533203,,,45.32272720336914,45.32272720336914,
reinforce,0.0,0,118,82.5256407450187,54,0.009922027587890625,0.9841389656066895,,,81.53639221191406,81.53639221191406,,,39.63108444213867,39.63108444213867,
reinforce,0.0,0,119,91.63833602079347,62,0.011012077331542969,0.9953110218048096,,,98.09647369384766,98.09647369384766,,,43.050010681152344,43.050010681152344,
reinforce,0.0,0,120,115.56531281683863,82,0.014443159103393555,1.0099101066589355,104.01239907465208,1.7077395203605419,92.87753295898438,92.87753295898438,,,47.313785552978516,47.313785552978516,
reinforce,0.0,0,121,103.76734297714839,75,0.013065814971923828,1.0551819801330566,,,102.09111022949219,102.09111022949219,,,44.9256706237793,44.9256706237793,
reinforce,0.0,0,122,104.14379390535099,74,0.012989997863769531,1.0683178901672363,,,98.70346069335938,98.70346069335938,,,45.782840728759766,45.782840728759766,
reinforce,0.0,0,123,105.3009040410674,72,0.012784242630004883,1.0812480449676514,,,107.42650604248047,107.42650604248047,,,46.91800308227539,46.91800308227539,
reinforce,0.0,0,124,114.03357031089283,84,0.014760017395019531,1.0961480140686035,,,94.93701171875,94.93701171875,,,46.557979583740234,46.557979583740234,
reinforce,0.0,0,125,119.3079151791433,89,0.01570892333984375,1.1120188236236572,,,98.69579315185547,98.69579315185547,,,46.909793853759766,46.909793853759766,
reinforce,0.0,0,126,104.6325076741036,75,0.012965917587280273,1.1251280307769775,,,97.7372055053711,97.7372055053711,,,44.20011901855469,44.20011901855469,
reinforce,0.0,0,127,111.63993351350521,83,0.014146804809570312,1.1394407749176025,,,93.14535522460938,93.14535522460938,,,46.463279724121094,46.463279724121094,
reinforce,0.0,0,128,103.9266968610208,72,0.012406110763549805,1.1520168781280518,,,114.81012725830078,114.81012725830078,,,46.06928253173828,46.06928253173828,
reinforce,0.0,0,129,111.50410844464339,81,0.013810157775878906,1.1659350395202637,,,94.53571319580078,94.53571319580078,,,46.14834976196289,46.14834976196289,
reinforce,0.0,0,130,99.79828777238191,70,0.012021064758300781,1.1780989170074463,,,94.38651275634766,94.38651275634766,,,43.78710174560547,43.78710174560547,
reinforce,0.0,0,131,111.23239499532426,83,0.014705896377563477,1.1929538249969482,,,104.15068817138672,104.15068817138672,,,46.89670944213867,46.89670944213867,
reinforce,0.0,0,132,95.11010901483623,67,0.011755943298339844,1.2048540115356445,,,87.44278717041016,87.44278717041016,,,42.199039459228516,42.199039459228516,
reinforce,0.0,0,133,100.42073408019439,73,0.012715816497802734,1.2177248001098633,,,87.28433990478516,87.28433990478516,,,44.0765266418457,44.0765266418457,
reinforce,0.0,0,134,97.68426322240134,70,0.012689828872680664,1.2305588722229004,,,86.51761627197266,86.51761627197266,,,42.40021896362305,42.40021896362305,
reinforce,0.0,0,135,108.46319571635254,81,0.014420032501220703,1.2451248168945312,,,90.84564208984375,90.84564208984375,,,47.408973693847656,47.408973693847656,
reinforce,0.0,0,136,87.79726912674214,60,0.010411977767944336,1.2556910514831543,,,78.69064331054688,78.69064331054688,,,40.8206787109375,40.8206787109375,
reinforce,0.0,0,137,92.6795648378351,65,0.011255979537963867,1.267103910446167,,,92.66053009033203,92.66053009033203,,,42.03667068481445,42.03667068481445,
reinforce,0.0,0,138,95.7905432991018,68,0.012053966522216797,1.2793169021606445,,,77.87403106689453,77.87403106689453,,,42.43739700317383,42.43739700317383,
reinforce,0.0,0,139,119.23476535586369,91,0.015445709228515625,1.2949059009552002,,,101.9778060913086,101.9778060913086,,,48.136749267578125,48.136749267578125,
reinforce,0.0,0,140,103.57173600007827,75,0.013284921646118164,1.308337926864624,96.40432926605506,1.028210006328155,118.39167022705078,118.39167022705078,,,45.35581588745117,45.35581588745117,
reinforce,0.0,0,141,93.86227815039065,65,0.011463165283203125,1.3502860069274902,,,102.67411041259766,102.67411041259766,,,41.862831115722656,41.862831115722656,
reinforce,0.0,0,142,114.56419506597939,86,0.015275001525878906,1.3656959533691406,,,110.07151794433594,110.07151794433594,,,47.455745697021484,47.455745697021484,
reinforce,0.0,0,143,108.98891376535492,79,0.013870000839233398,1.3797218799591064,,,105.69093322753906,105.69093322753906,,,46.35175323486328,46.35175323486328,
reinforce,0.0,0,144,141.38112625587328,114,0.019434213638305664,1.3993110656738281,,,115.51026153564453,115.51026153564453,,,52.58223342895508,52.58223342895508,
reinforce,0.0,0,145,141.7291871584984,113,0.01942276954650879,1.4188709259033203,,,105.6791000366211,105.6791000366211,,,52.99055099487305,52.99055099487305,
reinforce,0.0,0,146,94.38481570081093,67,0.01191091537475586,1.4309208393096924,,,84.44720458984375,84.44720458984375,,,41.56604766845703,41.56604766845703,
reinforce,0.0,0,147,123.77833943444816,95,0.016591787338256836,1.4476468563079834,,,101.36058807373047,101.36058807373047,,,48.16382598876953,48.16382598876953,
reinforce,0.0,0,148,163.06453451480684,135,0.023350954055786133,1.4711389541625977,,,112.81253814697266,112.81253814697266,,,56.84734344482422,56.84734344482422,
reinforce,0.0,0,149,118.87600685672217,91,0.015929698944091797,1.4872398376464844,,,102.3643569946289,102.3643569946289,,,49.83631134033203,49.83631134033203,
reinforce,0.0,0,150,159.48272288722026,131,0.022787809371948242,1.5101709365844727,,,123.42334747314453,123.42334747314453,,,56.341880798339844,56.341880798339844,
reinforce,0.0,0,151,187.11770142708417,160,0.027320146560668945,1.5376551151275635,,,128.80889892578125,128.80889892578125,,,59.49407196044922,59.49407196044922,
reinforce,0.0,0,152,165.14801782158384,137,0.02372121810913086,1.5615291595458984,,,117.07618713378906,117.07618713378906,,,58.329158782958984,58.329158782958984,
reinforce,0.0,0,153,180.4515457496865,153,0.026395797729492188,1.5880749225616455,,,122.0769271850586,122.0769271850586,,,59.44175720214844,59.44175720214844,
reinforce,0.0,0,154,214.69376946846018,187,0.03186798095703125,1.6201128959655762,,,132.47390747070312,132.47390747070312,,,63.22810745239258,63.22810745239258,
reinforce,0.0,0,155,181.85039341977557,154,0.026681184768676758,1.6469781398773193,,,122.06623840332031,122.06623840332031,,,60.42241287231445,60.42241287231445,
reinforce,0.0,0,156,214.4012401929699,187,0.03179788589477539,1.6789429187774658,,,138.6653289794922,138.6653289794922,,,64.35688018798828,64.35688018798828,
reinforce,0.0,0,157,260.84091693565955,233,0.04146599769592285,1.7205839157104492,,,139.0367889404297,139.0367889404297,,,70.59664154052734,70.59664154052734,
reinforce,0.0,0,158,310.2746971903259,282,0.04873800277709961,1.7694909572601318,,,149.98692321777344,149.98692321777344,,,74.30278778076172,74.30278778076172,
reinforce,0.0,0,159,224.81659833359785,196,0.0334782600402832,1.803105115890503,,,141.51431274414062,141.51431274414062,,,66.05489349365234,66.05489349365234,
reinforce,0.0,0,160,630.4669849886056,603,0.1020669937133789,1.9053449630737305,434.1371390702053,7.502840760955785,177.85891723632812,177.85891723632812,,,88.54583740234375,88.54583740234375,
reinforce,0.0,0,161,415.1911092663631,388,0.06668615341186523,2.151474952697754,,,169.64076232910156,169.64076232910156,,,80.2347412109375,80.2347412109375,
reinforce,0.0,0,162,330.25565489226653,302,0.051393985748291016,2.2030889987945557,,,163.46714782714844,163.46714782714844,,,77.73030090332031,77.73030090332031,
reinforce,0.0,0,163,1017.29471066182,1000,0.1713860034942627,2.3746371269226074,,,193.45578002929688,193.45578002929688,,,92.4731674194336,92.4731674194336,
reinforce,0.0,0,164,976.8237531175065,1000,0.16979384422302246,2.5446348190307617,,,185.84425354003906,185.84425354003906,,,88.6566162109375,88.6566162109375,
reinforce,0.0,0,165,428.94166116189325,459,0.07644796371459961,2.6212449073791504,,,161.3975372314453,161.3975372314453,,,74.56208038330078,74.56208038330078,
reinforce,0.0,0,166,279.622914051632,310,0.051699161529541016,2.6731441020965576,,,139.4709930419922,139.4709930419922,,,62.06912612915039,62.06912612915039,
reinforce,0.0,0,167,122.52638896638008,153,0.026356935501098633,2.6996889114379883,,,82.87999725341797,82.87999725341797,,,39.055458068847656,39.055458068847656,
reinforce,0.0,0,168,123.6076723054186,152,0.02587580680847168,2.725731134414673,,,85.59590911865234,85.59590911865234,,,39.140228271484375,39.140228271484375,
reinforce,0.0,0,169,81.13875269327275,111,0.018732786178588867,2.7446467876434326,,,68.03791809082031,68.03791809082031,,,31.55506706237793,31.55506706237793,
reinforce,0.0,0,170,71.26820830678093,100,0.01751422882080078,2.7623300552368164,,,50.3588981628418,50.3588981628418,,,25.205699920654297,25.205699920654297,
reinforce,0.0,0,171,34.436898198561984,64,0.011059999465942383,2.7735769748687744,,,26.173782348632812,26.173782348632812,,,11.784490585327148,11.784490585327148,
reinforce,0.0,0,172,81.24942273475759,110,0.01891016960144043,2.7926650047302246,,,57.40184783935547,57.40184783935547,,,29.157087326049805,29.157087326049805,
reinforce,0.0,0,173,41.540363192846826,67,0.01177215576171875,2.8045990467071533,,,31.739830017089844,31.739830017089844,,,15.894913673400879,15.894913673400879,
reinforce,0.0,0,174,53.53030597652694,84,0.014518976211547852,2.819288969039917,,,40.79082489013672,40.79082489013672,,,19.851516723632812,19.851516723632812,
reinforce,0.0,0,175,69.8352613686981,101,0.017400741577148438,2.8368499279022217,,,55.47245407104492,55.47245407104492,,,24.719493865966797,24.719493865966797,
reinforce,0.0,0,176,57.48159384775912,86,0.014863252639770508,2.851886034011841,,,48.82355880737305,48.82355880737305,,,22.276283264160156,22.276283264160156,
reinforce,0.0,0,177,63.57203974907176,93,0.01583099365234375,2.8678719997406006,,,46.52187728881836,46.52187728881836,,,22.700672149658203,22.700672149658203,
reinforce,0.0,0,178,53.30045800125498,81,0.013957023620605469,2.882025957107544,,,43.078182220458984,43.078182220458984,,,20.631380081176758,20.631380081176758,
reinforce,0.0,0,179,59.000241030842396,89,0.015291929244995117,2.8974709510803223,,,47.0538215637207,47.0538215637207,,,22.34679412841797,22.34679412841797,
reinforce,0.0,0,180,40.70286041337695,71,0.012295722961425781,2.9099178314208984,73.13028573606755,1.6193352340708775,30.231613159179688,30.231613159179688,,,15.530434608459473,15.530434608459473,
reinforce,0.0,0,181,52.363357405424686,82,0.014330863952636719,2.969748020172119,,,40.80113983154297,40.80113983154297,,,18.695775985717773,18.695775985717773,
reinforce,0.0,0,182,43.04629746151401,68,0.011521100997924805,2.9814510345458984,,,36.338905334472656,36.338905334472656,,,17.06496238708496,17.06496238708496,
reinforce,0.0,0,183,67.1320685293963,92,0.015992164611816406,2.997603178024292,,,57.57992935180664,57.57992935180664,,,25.39983558654785,25.39983558654785,
reinforce,0.0,0,184,59.311888500205946,88,0.01553201675415039,3.0132811069488525,,,41.509010314941406,41.509010314941406,,,20.58333969116211,20.58333969116211,
reinforce,0.0,0,185,64.52813161187458,88,0.014837026596069336,3.0282790660858154,,,56.305843353271484,56.305843353271484,,,23.87140655517578,23.87140655517578,
reinforce,0.0,0,186,86.25058613656384,115,0.019633054733276367,3.0480477809906006,,,72.89881896972656,72.89881896972656,,,32.8785514831543,32.8785514831543,
reinforce,0.0,0,187,86.50694346211289,113,0.019344806671142578,3.067591905593872,,,67.8107681274414,67.8107681274414,,,31.060546875,31.060546875,
reinforce,0.0,0,188,118.14174250448505,148,0.02534770965576172,3.0931169986724854,,,76.98957824707031,76.98957824707031,,,38.35630416870117,38.35630416870117,
reinforce,0.0,0,189,59.906197882997695,88,0.015135049819946289,3.108438014984131,,,57.07731628417969,57.07731628417969,,,23.297182083129883,23.297182083129883,
reinforce,0.0,0,190,223.14824713800823,252,0.04256701469421387,3.15116286277771,,,121.98362731933594,121.98362731933594,,,56.0953254699707,56.0953254699707,
reinforce,0.0,0,191,131.66290128331673,161,0.027201175689697266,3.1785380840301514,,,91.53834533691406,91.53834533691406,,,42.43082809448242,42.43082809448242,
reinforce,0.0,0,192,140.89539801889225,169,0.0285799503326416,3.207304000854492,,,89.95355224609375,89.95355224609375,,,43.674232482910156,43.674232482910156,
reinforce,0.0,0,193,176.69249156461572,205,0.03464007377624512,3.242115020751953,,,102.1719970703125,102.1719970703125,,,50.09983444213867,50.09983444213867,
reinforce,0.0,0,194,258.5894482499092,288,0.04863691329956055,3.290916919708252,,,121.67515563964844,121.67515563964844,,,60.39601135253906,60.39601135253906,
reinforce,0.0,0,195,275.7714672598319,305,0.051389217376708984,3.342468023300171,,,140.48178100585938,140.48178100585938,,,63.93626403808594,63.93626403808594,
reinforce,0.0,0,196,277.85408165802,307,0.05218791961669922,3.3948559761047363,,,138.32029724121094,138.32029724121094,,,63.20682907104492,63.20682907104492,
reinforce,0.0,0,197,269.7384369451515,298,0.04957079887390137,3.4446048736572266,,,130.9202423095703,130.9202423095703,,,62.16346740722656,62.16346740722656,
reinforce,0.0,0,198,222.89145024759767,251,0.0422821044921875,3.4870409965515137,,,115.83686828613281,115.83686828613281,,,57.27738952636719,57.27738952636719,
reinforce,0.0,0,199,266.7242220374083,295,0.04978203773498535,3.5369930267333984,,,133.44483947753906,133.44483947753906,,,62.042877197265625,62.042877197265625,
reinforce,0.0,0,200,269.68098062927794,294,0.04955697059631348,3.5867159366607666,310.8349774599935,335.3821564522845,136.89256286621094,136.89256286621094,,,63.1927604675293,63.1927604675293,
reinforce,0.0,0,201,562.6538153947732,589,0.09950804710388184,3.833523988723755,,,165.53045654296875,165.53045654296875,,,78.84514617919922,78.84514617919922,
reinforce,0.0,0,202,345.8934001258532,376,0.06303882598876953,3.896749973297119,,,140.1006317138672,140.1006317138672,,,68.85599517822266,68.85599517822266,
reinforce,0.0,0,203,725.0679781078595,755,0.12717914581298828,4.024154901504517,,,170.4361114501953,170.4361114501953,,,83.69275665283203,83.69275665283203,
reinforce,0.0,0,204,973.2419364703691,1000,0.16882109642028809,4.193182945251465,,,191.85198974609375,191.85198974609375,,,87.80587768554688,87.80587768554688,
reinforce,0.0,0,205,996.2916343546642,1000,0.1690990924835205,4.36246395111084,,,192.49258422851562,192.49258422851562,,,89.98133087158203,89.98133087158203,
reinforce,0.0,0,206,993.7616994448084,1000,0.1685020923614502,4.531167984008789,,,190.9374237060547,190.9374237060547,,,90.00447082519531,90.00447082519531,
reinforce,0.0,0,207,1012.8793006210291,1000,0.16834306716918945,4.699718952178955,,,191.06546020507812,191.06546020507812,,,91.39692687988281,91.39692687988281,
reinforce,0.0,0,208,1011.3836197480462,1000,0.16931986808776855,4.869167804718018,,,189.8794708251953,189.8794708251953,,,91.3736572265625,91.3736572265625,
reinforce,0.0,0,209,864.79194419527,838,0.14205002784729004,5.011425018310547,,,193.57264709472656,193.57264709472656,,,91.31938171386719,91.31938171386719,
reinforce,0.0,0,210,907.0013818752279,882,0.148054838180542,5.159648895263672,,,191.8098602294922,191.8098602294922,,,91.95128631591797,91.95128631591797,
reinforce,0.0,0,211,924.6077163310271,898,0.15222692489624023,5.312067031860352,,,191.19932556152344,191.19932556152344,,,91.7787094116211,91.7787094116211,
reinforce,0.0,0,212,797.5959242006613,772,0.16555333137512207,5.477826118469238,,,191.2840576171875,191.2840576171875,,,90.25027465820312,90.25027465820312,
reinforce,0.0,0,213,522.3521452489945,495,0.08322572708129883,5.561246871948242,,,173.90286254882812,173.90286254882812,,,84.7071304321289,84.7071304321289,
reinforce,0.0,0,214,890.7176075431023,865,0.14641833305358887,5.707832098007202,,,192.10809326171875,192.10809326171875,,,91.43641662597656,91.43641662597656,
reinforce,0.0,0,215,811.7264452361154,784,0.1327040195465088,5.840728998184204,,,189.10501098632812,189.10501098632812,,,90.33336639404297,90.33336639404297,
reinforce,0.0,0,216,816.5827966590911,790,0.13398408889770508,5.974913120269775,,,188.29747009277344,188.29747009277344,,,90.4378890991211,90.4378890991211,
reinforce,0.0,0,217,1022.9242709166705,1000,0.17020010948181152,6.145292043685913,,,189.43280029296875,189.43280029296875,,,92.34270477294922,92.34270477294922,
reinforce,0.0,0,218,1022.1168981073531,1000,0.1695549488067627,6.315042018890381,,,193.32794189453125,193.32794189453125,,,91.92268371582031,91.92268371582031,
reinforce,0.0,0,219,772.715161024016,746,0.12770581245422363,6.442937850952148,,,185.8294219970703,185.8294219970703,,,90.0635986328125,90.0635986328125,
reinforce,0.0,0,220,1015.0074705965316,1000,0.16902709007263184,6.61216402053833,1011.7236415257682,0.3130243383959737,195.70220947265625,195.70220947265625,,,91.66531372070312,91.66531372070312,
reinforce,0.0,0,221,1011.4556990870145,1000,0.16945505142211914,7.211731910705566,,,196.606689453125,196.606689453125,,,91.041748046875,91.041748046875,
reinforce,0.0,0,222,1015.6579473178449,1000,0.18137001991271973,7.393305063247681,,,193.07949829101562,193.07949829101562,,,91.36824035644531,91.36824035644531,
reinforce,0.0,0,223,1019.3748643566588,1000,0.1690068244934082,7.562480926513672,,,198.43634033203125,198.43634033203125,,,92.13665771484375,92.13665771484375,
reinforce,0.0,0,224,1014.8062867255532,1000,0.1691150665283203,7.731757164001465,,,189.8004913330078,189.8004913330078,,,91.19498443603516,91.19498443603516,
reinforce,0.0,0,225,1015.2029316041894,1000,0.17049908638000488,7.902456998825073,,,195.23489379882812,195.23489379882812,,,91.44268035888672,91.44268035888672,
reinforce,0.0,0,226,1018.3353943691573,1000,0.16793513298034668,8.070604085922241,,,190.53709411621094,190.53709411621094,,,91.7004165649414,91.7004165649414,
reinforce,0.0,0,227,1011.1401868177882,1000,0.1687788963317871,8.239578008651733,,,187.1973419189453,187.1973419189453,,,90.84379577636719,90.84379577636719,
reinforce,0.0,0,228,1015.3974713197026,1000,0.16893887519836426,8.408753871917725,,,195.69970703125,195.69970703125,,,91.64368438720703,91.64368438720703,
reinforce,0.0,0,229,1014.4239807342466,1000,0.16820693016052246,8.577173948287964,,,190.69004821777344,190.69004821777344,,,91.47232055664062,91.47232055664062,
reinforce,0.0,0,230,736.5164093328743,709,0.14173197746276855,8.719105005264282,,,185.45693969726562,185.45693969726562,,,89.14349365234375,89.14349365234375,
reinforce,0.0,0,231,1022.9029916133578,1000,0.16913294792175293,8.888346910476685,,,191.05218505859375,191.05218505859375,,,92.39651489257812,92.39651489257812,
reinforce,0.0,0,232,594.2784573156142,567,0.09635782241821289,8.984916925430298,,,186.4060516357422,186.4060516357422,,,86.30870056152344,86.30870056152344,
reinforce,0.0,0,233,574.0589385106481,548,0.0928490161895752,9.07796597480774,,,181.29925537109375,181.29925537109375,,,86.48123931884766,86.48123931884766,
reinforce,0.0,0,234,464.9675873827623,437,0.07418084144592285,9.152328968048096,,,165.72023010253906,165.72023010253906,,,82.32868957519531,82.32868957519531,
reinforce,0.0,0,235,405.0956352053112,378,0.06393289566040039,9.216454982757568,,,168.0685577392578,168.0685577392578,,,79.65435791015625,79.65435791015625,
reinforce,0.0,0,236,342.03611980892924,315,0.053594112396240234,9.270231008529663,,,151.32713317871094,151.32713317871094,,,76.00521087646484,76.00521087646484,
reinforce,0.0,0,237,348.9114172530718,321,0.05536508560180664,9.325782060623169,,,166.97767639160156,166.97767639160156,,,76.29930877685547,76.29930877685547,
reinforce,0.0,0,238,350.8716070957199,325,0.05506587028503418,9.38103985786438,,,155.91952514648438,155.91952514648438,,,76.24279022216797,76.24279022216797,
reinforce,0.0,0,239,264.7410373435533,237,0.04078388214111328,9.422001838684082,,,138.340087890625,138.340087890625,,,69.65904998779297,69.65904998779297,
reinforce,0.0,0,240,290.79835683238696,265,0.04509782791137695,9.46725082397461,294.1572964369869,3.372191524044791,154.21499633789062,154.21499633789062,,,70.49852752685547,70.49852752685547,
reinforce,0.0,0,241,264.205716020437,237,0.03999805450439453,9.623049974441528,,,141.2307891845703,141.2307891845703,,,69.32976531982422,69.32976531982422,
reinforce,0.0,0,242,279.04446126540876,252,0.04296398162841797,9.66621994972229,,,156.5960693359375,156.5960693359375,,,71.05082702636719,71.05082702636719,
reinforce,0.0,0,243,318.3889758377493,290,0.04926276206970215,9.715644836425781,,,147.34304809570312,147.34304809570312,,,74.46971893310547,74.46971893310547,
reinforce,0.0,0,244,229.42942911634637,202,0.03440690040588379,9.750230073928833,,,133.12472534179688,133.12472534179688,,,65.49341583251953,65.49341583251953,
reinforce,0.0,0,245,267.25514433973154,239,0.0404658317565918,9.79089093208313,,,144.7263946533203,144.7263946533203,,,70.30076599121094,70.30076599121094,
reinforce,0.0,0,246,302.77259911872045,275,0.04655289649963379,9.837615966796875,,,149.64096069335938,149.64096069335938,,,72.81676483154297,72.81676483154297,
reinforce,0.0,0,247,304.03095505605415,276,0.046534061431884766,9.884337902069092,,,162.33522033691406,162.33522033691406,,,74.10542297363281,74.10542297363281,
reinforce,0.0,0,248,291.7006143803696,264,0.045041799545288086,9.929557085037231,,,153.7094268798828,153.7094268798828,,,72.27083587646484,72.27083587646484,
reinforce,0.0,0,249,375.80560934160235,349,0.05960226058959961,9.989346027374268,,,166.7104949951172,166.7104949951172,,,78.11511993408203,78.11511993408203,
reinforce,0.0,0,250,445.067648192851,417,0.07062196731567383,10.060149908065796,,,176.0963592529297,176.0963592529297,,,81.60491943359375,81.60491943359375,
reinforce,0.0,0,251,592.8035307584155,566,0.09481525421142578,10.15517282485962,,,179.95025634765625,179.95025634765625,,,85.71143341064453,85.71143341064453,
reinforce,0.0,0,252,487.082437455998,460,0.07820987701416016,10.233593940734863,,,174.44305419921875,174.44305419921875,,,83.56318664550781,83.56318664550781,
reinforce,0.0,0,253,547.156113456363,519,0.08824586868286133,10.322044849395752,,,175.82533264160156,175.82533264160156,,,85.39027404785156,85.39027404785156,
reinforce,0.0,0,254,653.2868195357049,627,0.10605502128601074,10.428344964981079,,,178.91111755371094,178.91111755371094,,,87.68418884277344,87.68418884277344,
reinforce,0.0,0,255,406.58262814604717,379,0.06432318687438965,10.492851972579956,,,174.15740966796875,174.15740966796875,,,80.52874755859375,80.52874755859375,
reinforce,0.0,0,256,1020.3956965861092,1000,0.16857600212097168,10.661623001098633,,,197.83692932128906,197.83692932128906,,,91.55166625976562,91.55166625976562,
reinforce,0.0,0,257,1017.4795114710081,1000,0.16964006423950195,10.831462860107422,,,192.4418487548828,192.4418487548828,,,91.53382873535156,91.53382873535156,
reinforce,0.0,0,258,1010.3898169624866,1000,0.16885805130004883,11.00049090385437,,,186.22923278808594,186.22923278808594,,,90.75218963623047,90.75218963623047,
reinforce,0.0,0,259,1006.5623503297473,1000,0.1690378189086914,11.169680833816528,,,193.2968292236328,193.2968292236328,,,90.6025390625,90.6025390625,
reinforce,0.0,0,260,1000.6505154281382,1000,0.1700301170349121,11.339895009994507,999.6353898835956,0.5208214663218996,187.56689453125,187.56689453125,,,90.15174865722656,90.15174865722656,
reinforce,0.0,0,261,1003.5417920480339,1000,0.16834616661071777,11.935029983520508,,,189.1940155029297,189.1940155029297,,,90.3109130859375,90.3109130859375,
reinforce,0.0,0,262,993.7261147410193,1000,0.16902399063110352,12.104248046875,,,187.03028869628906,187.03028869628906,,,89.72362518310547,89.72362518310547,
reinforce,0.0,0,263,1000.1368712615847,1000,0.16919493675231934,12.273628950119019,,,193.94384765625,193.94384765625,,,90.39264678955078,90.39264678955078,
reinforce,0.0,0,264,993.1080857020678,1000,0.16933107376098633,12.443171977996826,,,185.62738037109375,185.62738037109375,,,89.69252014160156,89.69252014160156,
reinforce,0.0,0,265,789.2298159070255,805,0.13628196716308594,12.579644918441772,,,185.01797485351562,185.01797485351562,,,86.32656860351562,86.32656860351562,
reinforce,0.0,0,266,137.7353107693036,144,0.024946928024291992,12.604842901229858,,,93.57876586914062,93.57876586914062,,,44.97399139404297,44.97399139404297,
reinforce,0.0,0,267,20.913922588561473,28,0.0050601959228515625,12.61008095741272,,,17.661394119262695,17.661394119262695,,,8.795622825622559,8.795622825622559,
reinforce,0.0,0,268,1029.3340402720983,1000,0.1677398681640625,12.777981996536255,,,195.05972290039062,195.05972290039062,,,93.03797149658203,93.03797149658203,
reinforce,0.0,0,269,141.43516830232133,150,0.02576899528503418,12.803952932357788,,,104.504638671875,104.504638671875,,,45.86982727050781,45.86982727050781,
reinforce,0.0,0,270,32.1244131499739,44,0.0077440738677978516,12.811886072158813,,,25.195751190185547,25.195751190185547,,,13.202279090881348,13.202279090881348,
reinforce,0.0,0,271,81.89904611067556,87,0.015294790267944336,12.82732892036438,,,70.01829528808594,70.01829528808594,,,33.40066146850586,33.40066146850586,
reinforce,0.0,0,272,26.515520886782394,34,0.0060749053955078125,12.833593130111694,,,24.070579528808594,24.070579528808594,,,11.334623336791992,11.334623336791992,
reinforce,0.0,0,273,16.84058590822615,23,0.004134178161621094,12.83788013458252,,,15.9409818649292,15.9409818649292,,,6.8155059814453125,6.8155059814453125,
reinforce,0.0,0,274,21.0832309707454,30,0.005191802978515625,12.843220949172974,,,15.761533737182617,15.761533737182617,,,8.264342308044434,8.264342308044434,
reinforce,0.0,0,275,17.84160256176035,24,0.004503011703491211,12.847879886627197,,,18.882492065429688,18.882492065429688,,,7.272852420806885,7.272852420806885,
reinforce,0.0,0,276,22.76238274942354,32,0.0054779052734375,12.853503942489624,,,21.98289680480957,21.98289680480957,,,9.31285285949707,9.31285285949707,
reinforce,0.0,0,277,19.95303772440697,28,0.005009889602661133,12.858642816543579,,,16.239727020263672,16.239727020263672,,,8.129850387573242,8.129850387573242,
reinforce,0.0,0,278,23.593226402619436,34,0.005764007568359375,12.864542007446289,,,21.75992774963379,21.75992774963379,,,9.690185546875,9.690185546875,
reinforce,0.0,0,279,16.194477971366428,22,0.004488945007324219,12.869237899780273,,,13.402231216430664,13.402231216430664,,,6.714282512664795,6.714282512664795,
reinforce,0.0,0,280,23.59410563553225,35,0.005880117416381836,12.875272035598755,17.572130772395592,0.4416840116135417,21.394134521484375,21.394134521484375,,,9.710797309875488,9.710797309875488,
reinforce,0.0,0,281,33.2633802157681,44,0.007770061492919922,12.896249771118164,,,29.22337532043457,29.22337532043457,,,14.385016441345215,14.385016441345215,
reinforce,0.0,0,282,16.044462728616473,24,0.004297971725463867,12.900684118270874,,,13.171122550964355,13.171122550964355,,,6.028661251068115,6.028661251068115,
reinforce,0.0,0,283,14.518238124428153,20,0.0037009716033935547,12.90449595451355,,,14.295656204223633,14.295656204223633,,,6.075284481048584,6.075284481048584,
reinforce,0.0,0,284,26.59459713962873,35,0.006415843963623047,12.911046981811523,,,23.188783645629883,23.188783645629883,,,11.163996696472168,11.163996696472168,
reinforce,0.0,0,285,14.195631481990908,23,0.004352092742919922,12.915557861328125,,,12.09581470489502,12.09581470489502,,,5.126018047332764,5.126018047332764,
reinforce,0.0,0,286,14.668072866627108,24,0.004248857498168945,12.919942855834961,,,9.741547584533691,9.741547584533691,,,5.140868663787842,5.140868663787842,
reinforce,0.0,0,287,23.555773283162807,33,0.0059392452239990234,12.926007986068726,,,17.661163330078125,17.661163330078125,,,9.784313201904297,9.784313201904297,
reinforce,0.0,0,288,20.54088370217087,33,0.006009817123413086,12.932209968566895,,,14.419716835021973,14.419716835021973,,,7.659448146820068,7.659448146820068,
reinforce,0.0,0,289,16.83192068186513,27,0.004869699478149414,12.937247037887573,,,17.009265899658203,17.009265899658203,,,6.128211498260498,6.128211498260498,
reinforce,0.0,0,290,13.837129860883403,20,0.003538846969604492,12.940907955169678,,,12.66175365447998,12.66175365447998,,,5.3816609382629395,5.3816609382629395,
reinforce,0.0,0,291,19.568480174273233,29,0.005021333694458008,12.946020126342773,,,15.668581008911133,15.668581008911133,,,7.468102931976318,7.468102931976318,
reinforce,0.0,0,292,13.460248462733086,21,0.003879070281982422,12.95005202293396,,,10.23639965057373,10.23639965057373,,,4.907912731170654,4.907912731170654,
reinforce,0.0,0,293,14.822376217953604,24,0.0041310787200927734,12.95428204536438,,,10.322640419006348,10.322640419006348,,,5.390003204345703,5.390003204345703,
reinforce,0.0,0,294,22.730566765437146,37,0.006602048873901367,12.960982084274292,,,21.690624237060547,21.690624237060547,,,8.527384757995605,8.527384757995605,
reinforce,0.0,0,295,16.94613323045775,29,0.005282878875732422,12.966362953186035,,,12.169670104980469,12.169670104980469,,,5.9707441329956055,5.9707441329956055,
reinforce,0.0,0,296,14.933148626050514,24,0.0045261383056640625,12.971076011657715,,,10.321980476379395,10.321980476379395,,,5.351369857788086,5.351369857788086,
reinforce,0.0,0,297,15.271582702350344,32,0.0055501461029052734,12.976768970489502,,,11.617802619934082,11.617802619934082,,,4.567043781280518,4.567043781280518,
reinforce,0.0,0,298,13.981951296650879,25,0.004271030426025391,12.981184959411621,,,7.700306415557861,7.700306415557861,,,4.677913665771484,4.677913665771484,
reinforce,0.0,0,299,14.679867764520461,26,0.004686832427978516,12.985979795455933,,,11.034261703491211,11.034261703491211,,,4.752101898193359,4.752101898193359,
reinforce,0.0,0,300,15.314000358147618,28,0.00479888916015625,12.990921020507812,13.664587814692343,0.13755253476994012,11.561614036560059,11.561614036560059,,,4.987632751464844,4.987632751464844,
reinforce,0.0,0,301,14.571858654805045,26,0.004628181457519531,13.00837779045105,,,13.522125244140625,13.522125244140625,,,4.66086483001709,4.66086483001709,
reinforce,0.0,0,302,15.271980321193118,32,0.006143808364868164,13.014616966247559,,,6.9237565994262695,6.9237565994262695,,,4.105279922485352,4.105279922485352,
reinforce,0.0,0,303,13.023872610790882,25,0.004350900650024414,13.019170999526978,,,7.084668159484863,7.084668159484863,,,3.881232976913452,3.881232976913452,
reinforce,0.0,0,304,13.749965030471149,31,0.005522966384887695,13.024834156036377,,,6.326539039611816,6.326539039611816,,,3.6596951484680176,3.6596951484680176,
reinforce,0.0,0,305,13.748806744411416,30,0.005077838897705078,13.030025959014893,,,5.966351509094238,5.966351509094238,,,3.380419969558716,3.380419969558716,
reinforce,0.0,0,306,12.637637545137409,26,0.0046520233154296875,13.03481912612915,,,8.374390602111816,8.374390602111816,,,3.52955961227417,3.52955961227417,
reinforce,0.0,0,307,13.620886134445309,27,0.004992008209228516,13.039944887161255,,,7.428287982940674,7.428287982940674,,,3.9469070434570312,3.9469070434570312,
reinforce,0.0,0,308,12.22160493383264,25,0.0044705867767333984,13.044548749923706,,,5.774570465087891,5.774570465087891,,,3.4405517578125,3.4405517578125,
reinforce,0.0,0,309,12.339640783570527,25,0.00450897216796875,13.049156904220581,,,8.223145484924316,8.223145484924316,,,3.8017661571502686,3.8017661571502686,
reinforce,0.0,0,310,12.34991319705308,30,0.0053250789642333984,13.054625988006592,,,5.585567951202393,5.585567951202393,,,2.4741740226745605,2.4741740226745605,
reinforce,0.0,0,311,12.61147684782744,26,0.004410743713378906,13.059218883514404,,,7.413078784942627,7.413078784942627,,,3.595783233642578,3.595783233642578,
reinforce,0.0,0,312,11.850005903334088,29,0.0052030086517333984,13.064615964889526,,,4.413220405578613,4.413220405578613,,,2.5141804218292236,2.5141804218292236,
reinforce,0.0,0,313,12.274088286749102,25,0.00447392463684082,13.069201946258545,,,5.674158096313477,5.674158096313477,,,3.5152554512023926,3.5152554512023926,
reinforce,0.0,0,314,12.164689411482009,23,0.003932952880859375,13.07328987121582,,,8.238412857055664,8.238412857055664,,,3.6182503700256348,3.6182503700256348,
reinforce,0.0,0,315,11.987797918970706,25,0.0044667720794677734,13.077878952026367,,,6.494466781616211,6.494466781616211,,,3.3856289386749268,3.3856289386749268,
reinforce,0.0,0,316,12.107927182376942,21,0.0037729740142822266,13.081831932067871,,,9.337381362915039,9.337381362915039,,,4.170909881591797,4.170909881591797,
reinforce,0.0,0,317,11.390915253809705,26,0.004575967788696289,13.086519002914429,,,4.583691596984863,4.583691596984863,,,2.6923139095306396,2.6923139095306396,
reinforce,0.0,0,318,12.108183011144746,24,0.004373073577880859,13.09098196029663,,,7.463720321655273,7.463720321655273,,,3.6009883880615234,3.6009883880615234,
reinforce,0.0,0,319,12.456281558717512,30,0.005444765090942383,13.096552848815918,,,5.72800350189209,5.72800350189209,,,2.768115282058716,2.768115282058716,
reinforce,0.0,0,320,11.418618776901084,20,0.003604888916015625,13.100291013717651,11.845145470974472,0.16901680289646473,5.866543769836426,5.866543769836426,,,3.7330574989318848,3.7330574989318848,
reinforce,0.0,0,321,12.123101925219572,30,0.005457878112792969,13.117224931716919,,,4.509703636169434,4.509703636169434,,,2.688154458999634,2.688154458999634,
reinforce,0.0,0,322,11.379967070501575,21,0.003715038299560547,13.121094942092896,,,6.746501445770264,6.746501445770264,,,3.614621162414551,3.614621162414551,
reinforce,0.0,0,323,13.081771058504602,27,0.005160808563232422,13.126369953155518,,,9.568007469177246,9.568007469177246,,,3.737166166305542,3.737166166305542,
reinforce,0.0,0,324,12.932885619757744,24,0.004530191421508789,13.131042003631592,,,7.003425121307373,7.003425121307373,,,4.029343605041504,4.029343605041504,
reinforce,0.0,0,325,12.98317934684145,26,0.004539966583251953,13.135739803314209,,,6.809178829193115,6.809178829193115,,,3.661115884780884,3.661115884780884,
reinforce,0.0,0,326,12.890118729163074,27,0.004902839660644531,13.140799045562744,,,6.485374927520752,6.485374927520752,,,3.3231563568115234,3.3231563568115234,
reinforce,0.0,0,327,12.604894313876573,30,0.005384206771850586,13.146351099014282,,,5.9886088371276855,5.9886088371276855,,,2.841890573501587,2.841890573501587,
reinforce,0.0,0,328,13.491272646982715,25,0.004317045211791992,13.150804996490479,,,6.030203342437744,6.030203342437744,,,4.053236484527588,4.053236484527588,
reinforce,0.0,0,329,16.985392300311524,32,0.005467891693115234,13.156432867050171,,,11.483682632446289,11.483682632446289,,,5.183833599090576,5.183833599090576,
reinforce,0.0,0,330,19.241374628913743,36,0.006498098373413086,13.163079977035522,,,11.662553787231445,11.662553787231445,,,6.451526641845703,6.451526641845703,
reinforce,0.0,0,331,13.81191711834711,30,0.005573749542236328,13.168754816055298,,,6.694220542907715,6.694220542907715,,,3.487018346786499,3.487018346786499,
reinforce,0.0,0,332,18.802733894899337,35,0.0062448978424072266,13.175151824951172,,,10.935956954956055,10.935956954956055,,,6.405244827270508,6.405244827270508,
reinforce,0.0,0,333,16.472693308637353,33,0.005959987640380859,13.18126392364502,,,10.280651092529297,10.280651092529297,,,5.10385799407959,5.10385799407959,
reinforce,0.0,0,334,24.003450904563632,38,0.006670236587524414,13.188064098358154,,,24.469581604003906,24.469581604003906,,,9.143681526184082,9.143681526184082,
reinforce,0.0,0,335,16.911043082112776,33,0.005875110626220703,13.19406795501709,,,12.104438781738281,12.104438781738281,,,5.4333624839782715,5.4333624839782715,
reinforce,0.0,0,336,31.32375327117268,50,0.008749008178710938,13.202937126159668,,,25.487388610839844,25.487388610839844,,,12.324886322021484,12.324886322021484,
reinforce,0.0,0,337,17.3554088069812,29,0.0053141117095947266,13.208391904830933,,,17.52877426147461,17.52877426147461,,,6.401677131652832,6.401677131652832,
reinforce,0.0,0,338,49.22603397431714,69,0.012104988098144531,13.220645904541016,,,48.470680236816406,48.470680236816406,,,20.968799591064453,20.968799591064453,
reinforce,0.0,0,339,33.08952892092156,48,0.008379936218261719,13.229190826416016,,,28.2030086517334,28.2030086517334,,,13.54328441619873,13.54328441619873,
reinforce,0.0,0,340,22.9481361353846,39,0.006768941879272461,13.236104965209961,32.94246774610835,3.204085904366773,17.230545043945312,17.230545043945312,,,8.690930366516113,8.690930366516113,
reinforce,0.0,0,341,31.00533298493374,43,0.007554054260253906,13.265598058700562,,,30.064821243286133,30.064821243286133,,,13.065618515014648,13.065618515014648,
reinforce,0.0,0,342,30.37512266410284,48,0.008400917053222656,13.274152994155884,,,23.76224708557129,23.76224708557129,,,12.56966495513916,12.56966495513916,
reinforce,0.0,0,343,24.75642710335167,36,0.006337881088256836,13.280633926391602,,,22.54108428955078,22.54108428955078,,,9.9794921875,9.9794921875,
reinforce,0.0,0,344,35.53294970896757,49,0.008851289749145508,13.28965711593628,,,31.337133407592773,31.337133407592773,,,15.001213073730469,15.001213073730469,
reinforce,0.0,0,345,18.454241855974313,38,0.006754159927368164,13.29656195640564,,,16.30076026916504,16.30076026916504,,,6.0637946128845215,6.0637946128845215,
reinforce,0.0,0,346,29.352067401925652,46,0.007808208465576172,13.304511070251465,,,24.740148544311523,24.740148544311523,,,11.73480224609375,11.73480224609375,
reinforce,0.0,0,347,31.630131498611078,45,0.007989883422851562,13.312657833099365,,,30.184814453125,30.184814453125,,,13.209671020507812,13.209671020507812,
reinforce,0.0,0,348,33.73195275004007,47,0.008023977279663086,13.32080888748169,,,30.018495559692383,30.018495559692383,,,14.001895904541016,14.001895904541016,
reinforce,0.0,0,349,19.239823501710063,36,0.006448030471801758,13.327394008636475,,,11.915168762207031,11.915168762207031,,,6.653336048126221,6.653336048126221,
reinforce,0.0,0,350,23.31232388012882,41,0.007116079330444336,13.334651947021484,,,16.21792221069336,16.21792221069336,,,8.716796875,8.716796875,
reinforce,0.0,0,351,25.30000078172345,42,0.0074901580810546875,13.342276811599731,,,23.822284698486328,23.822284698486328,,,10.039693832397461,10.039693832397461,
reinforce,0.0,0,352,50.227447238023345,67,0.011561870574951172,13.353993892669678,,,45.02473831176758,45.02473831176758,,,20.829771041870117,20.829771041870117,
reinforce,0.0,0,353,38.92750775448737,53,0.009263038635253906,13.363411903381348,,,33.68361282348633,33.68361282348633,,,16.026487350463867,16.026487350463867,
reinforce,0.0,0,354,42.01076268694904,57,0.010298013687133789,13.373878955841064,,,31.867942810058594,31.867942810058594,,,16.987913131713867,16.987913131713867,
reinforce,0.0,0,355,57.03881718541446,74,0.012948036193847656,13.386992931365967,,,50.5729866027832,50.5729866027832,,,23.776512145996094,23.776512145996094,
reinforce,0.0,0,356,77.05788092770227,87,0.01493978500366211,13.402085781097412,,,70.73130798339844,70.73130798339844,,,31.68775177001953,31.68775177001953,
reinforce,0.0,0,357,109.10700116326618,118,0.020218849182128906,13.422448873519897,,,85.52344512939453,85.52344512939453,,,39.71687316894531,39.71687316894531,
reinforce,0.0,0,358,122.8856895110654,134,0.02290201187133789,13.445488929748535,,,87.95319366455078,87.95319366455078,,,41.46802520751953,41.46802520751953,
reinforce,0.0,0,359,100.31822642099343,116,0.01958918571472168,13.46523118019104,,,73.90082550048828,73.90082550048828,,,36.556373596191406,36.556373596191406,
reinforce,0.0,0,360,130.4925531869386,144,0.024451255798339844,13.489834070205688,1046.8751240442073,0.34112123177373177,92.00820922851562,92.00820922851562,,,44.07374572753906,44.07374572753906,
reinforce,0.0,0,361,138.36612080607281,156,0.026461124420166016,13.943197011947632,,,91.0548095703125,91.0548095703125,,,44.98958969116211,44.98958969116211,
reinforce,0.0,0,362,313.2448459567488,321,0.05365490913391113,13.997025966644287,,,146.610595703125,146.610595703125,,,69.42767333984375,69.42767333984375,
reinforce,0.0,0,363,1032.0060169224953,1000,0.1994309425354004,14.19664192199707,,,193.6332244873047,193.6332244873047,,,93.7227783203125,93.7227783203125,
reinforce,0.0,0,364,1029.896784713806,1000,0.1671290397644043,14.363981008529663,,,198.04161071777344,198.04161071777344,,,93.38629913330078,93.38629913330078,
reinforce,0.0,0,365,1034.9457179313938,1000,0.2033982276916504,14.567577123641968,,,196.12791442871094,196.12791442871094,,,93.39935302734375,93.39935302734375,
reinforce,0.0,0,366,1034.9973491588041,1000,0.18106508255004883,14.748872995376587,,,192.71646118164062,192.71646118164062,,,93.83977508544922,93.83977508544922,
reinforce,0.0,0,367,1036.7514027770721,1000,0.16832613945007324,14.917411088943481,,,196.92645263671875,196.92645263671875,,,93.75592041015625,93.75592041015625,
reinforce,0.0,0,368,1055.9079297552155,1000,0.16693997383117676,15.084539890289307,,,203.3365020751953,203.3365020751953,,,95.86656188964844,95.86656188964844,
reinforce,0.0,0,369,1051.254430429485,1000,0.16508889198303223,15.249785900115967,,,196.97303771972656,196.97303771972656,,,95.22310638427734,95.22310638427734,
reinforce,0.0,0,370,1067.0034958358108,1000,0.1650559902191162,15.41502594947815,,,206.3358612060547,206.3358612060547,,,96.27506256103516,96.27506256103516,
reinforce,0.0,0,371,1041.326150323924,967,0.15946102142333984,15.574660062789917,,,204.0206298828125,204.0206298828125,,,96.81153106689453,96.81153106689453,
reinforce,0.0,0,372,829.7707366973088,763,0.12602901458740234,15.700865030288696,,,193.5866241455078,193.5866241455078,,,95.44479370117188,95.44479370117188,
reinforce,0.0,0,373,764.153746288211,691,0.1147298812866211,15.815788984298706,,,196.351806640625,196.351806640625,,,95.14720153808594,95.14720153808594,
reinforce,0.0,0,374,779.2972063057994,707,0.11688590049743652,15.932857751846313,,,208.14297485351562,208.14297485351562,,,95.06765747070312,95.06765747070312,
reinforce,0.0,0,375,468.78628427595515,411,0.06713485717773438,16.00021195411682,,,188.7530975341797,188.7530975341797,,,87.98231506347656,87.98231506347656,
reinforce,0.0,0,376,656.9516250193981,590,0.09723711013793945,16.097633123397827,,,195.0666046142578,195.0666046142578,,,94.01973724365234,94.01973724365234,
reinforce,0.0,0,377,610.6948127300998,537,0.08921384811401367,16.187058925628662,,,212.97518920898438,212.97518920898438,,,93.20398712158203,93.20398712158203,
reinforce,0.0,0,378,463.07439578209136,406,0.0666968822479248,16.253952026367188,,,178.2787628173828,178.2787628173828,,,87.59900665283203,87.59900665283203,
reinforce,0.0,0,379,461.7286205796843,389,0.06377696990966797,16.31789803504944,,,198.31739807128906,198.31739807128906,,,91.38538360595703,91.38538360595703,
reinforce,0.0,0,380,779.7635340415551,610,0.10040092468261719,16.418489933013916,647.3428085357139,64.27095035681666,222.7407989501953,222.7407989501953,,,109.44667053222656,109.44667053222656,
reinforce,0.0,0,381,538.7232303397602,452,0.07396626472473145,16.721988201141357,,,200.6471405029297,200.6471405029297,,,95.23640441894531,95.23640441894531,
reinforce,0.0,0,382,475.4666118373173,404,0.06622791290283203,16.78840184211731,,,198.6309356689453,198.6309356689453,,,90.4842300415039,90.4842300415039,
reinforce,0.0,0,383,517.6986566656007,441,0.07302403450012207,16.861613988876343,,,189.2104034423828,189.2104034423828,,,92.13313293457031,92.13313293457031,
reinforce,0.0,0,384,627.6260871389503,461,0.09695196151733398,16.958725929260254,,,226.3896484375,226.3896484375,,,111.91128540039062,111.91128540039062,
reinforce,0.0,0,385,443.5206425231429,374,0.06191587448120117,17.02080798149109,,,178.21347045898438,178.21347045898438,,,89.31529998779297,89.31529998779297,
reinforce,0.0,0,386,658.7482904945329,499,0.08199882507324219,17.102994918823242,,,219.94639587402344,219.94639587402344,,,109.53279876708984,109.53279876708984,
reinforce,0.0,0,387,472.767280342544,397,0.06566190719604492,17.168864965438843,,,184.1024932861328,184.1024932861328,,,90.13304901123047,90.13304901123047,
reinforce,0.0,0,388,515.5450533653536,406,0.06716275215148926,17.236220836639404,,,205.587646484375,205.587646484375,,,98.12023162841797,98.12023162841797,
reinforce,0.0,0,389,394.3235300743862,326,0.0542759895324707,17.29069495201111,,,172.46841430664062,172.46841430664062,,,86.21385192871094,86.21385192871094,
reinforce,0.0,0,390,516.1213066105679,414,0.06874418258666992,17.359631061553955,,,204.98448181152344,204.98448181152344,,,96.66313934326172,96.66313934326172,
reinforce,0.0,0,391,617.3051283909351,451,0.07457518577575684,17.434380054473877,,,224.32591247558594,224.32591247558594,,,110.50531768798828,110.50531768798828,
reinforce,0.0,0,392,348.8721346081198,288,0.04822397232055664,17.482774019241333,,,175.18006896972656,175.18006896972656,,,82.89041900634766,82.89041900634766,
reinforce,0.0,0,393,267.9788898470154,219,0.03682899475097656,17.519792795181274,,,152.1924591064453,152.1924591064453,,,75.1760025024414,75.1760025024414,
reinforce,0.0,0,394,269.9816727592946,223,0.03721117973327637,17.557165145874023,,,163.26400756835938,163.26400756835938,,,74.81452941894531,74.81452941894531,
reinforce,0.0,0,395,271.3618345737952,218,0.03622174263000488,17.59353280067444,,,153.5011444091797,153.5011444091797,,,74.47734069824219,74.47734069824219,
reinforce,0.0,0,396,314.3615177700163,255,0.04277610778808594,17.636492013931274,,,177.09178161621094,177.09178161621094,,,80.46367645263672,80.46367645263672,
reinforce,0.0,0,397,249.8437757323739,204,0.033663034439086914,17.67034602165222,,,149.33993530273438,149.33993530273438,,,71.69681549072266,71.69681549072266,
reinforce,0.0,0,398,255.63097028994426,206,0.03374218940734863,17.704263925552368,,,143.2220458984375,143.2220458984375,,,73.21576690673828,73.21576690673828,
reinforce,0.0,0,399,348.91871890370817,281,0.04628300666809082,17.750728845596313,,,189.71636962890625,189.71636962890625,,,84.40849304199219,84.40849304199219,
reinforce,0.0,0,400,387.2932262352201,317,0.0523838996887207,17.803290843963623,278.9344836565442,15.029205140741142,178.48947143554688,178.48947143554688,,,86.3547592163086,86.3547592163086,
reinforce,0.0,0,401,398.23749170461855,324,0.05349898338317871,17.951494932174683,,,188.10874938964844,188.10874938964844,,,87.83526611328125,87.83526611328125,
reinforce,0.0,0,402,193.1247197492465,154,0.026246070861816406,17.977869033813477,,,124.80062866210938,124.80062866210938,,,63.87514114379883,63.87514114379883,
reinforce,0.0,0,403,401.43191242189107,328,0.05403304100036621,18.032078981399536,,,198.8755645751953,198.8755645751953,,,88.53646850585938,88.53646850585938,
reinforce,0.0,0,404,350.4568052396257,285,0.04716205596923828,18.07941699028015,,,166.8507080078125,166.8507080078125,,,83.11315155029297,83.11315155029297,
reinforce,0.0,0,405,523.5561435411737,373,0.061163902282714844,18.14079785346985,,,240.6241455078125,240.6241455078125,,,109.35782623291016,109.35782623291016,
reinforce,0.0,0,406,602.7237074984733,455,0.07406306266784668,18.215044021606445,,,231.4104766845703,231.4104766845703,,,107.92314910888672,107.92314910888672,
reinforce,0.0,0,407,332.3128862842975,267,0.044103145599365234,18.25934100151062,,,171.3643035888672,171.3643035888672,,,82.63668060302734,82.63668060302734,
reinforce,0.0,0,408,542.2886757737637,398,0.06543111801147461,18.32496404647827,,,221.5148162841797,221.5148162841797,,,106.64241027832031,106.64241027832031,
reinforce,0.0,0,409,566.2510641986909,423,0.06926798820495605,18.394421100616455,,,227.8192901611328,227.8192901611328,,,106.46783447265625,106.46783447265625,
reinforce,0.0,0,410,540.218305279848,401,0.06521868705749512,18.45983600616455,,,230.3323211669922,230.3323211669922,,,106.4990234375,106.4990234375,
reinforce,0.0,0,411,572.4986273704968,429,0.07044196128845215,18.53039002418518,,,223.94296264648438,223.94296264648438,,,106.78911590576172,106.78911590576172,
reinforce,0.0,0,412,569.4230183808452,429,0.07016682624816895,18.600741863250732,,,227.94252014160156,227.94252014160156,,,106.26020050048828,106.26020050048828,
reinforce,0.0,0,413,557.8009054730268,417,0.06837296485900879,18.6693058013916,,,213.43179321289062,213.43179321289062,,,105.83183288574219,105.83183288574219,
reinforce,0.0,0,414,609.827985486934,470,0.0765838623046875,18.74609088897705,,,217.55113220214844,217.55113220214844,,,106.55126190185547,106.55126190185547,
reinforce,0.0,0,415,621.3496672038066,483,0.07967281341552734,18.825949907302856,,,213.87869262695312,213.87869262695312,,,105.31840515136719,105.31840515136719,
reinforce,0.0,0,416,190.26851911773244,170,0.0285489559173584,18.85468602180481,,,130.2823944091797,130.2823944091797,,,59.18476486206055,59.18476486206055,
reinforce,0.0,0,417,626.2647050663132,488,0.08004498481750488,18.93492603302002,,,237.5043182373047,237.5043182373047,,,106.21197509765625,106.21197509765625,
reinforce,0.0,0,418,222.39879920353377,198,0.033143043518066406,18.968266010284424,,,131.85914611816406,131.85914611816406,,,63.6817626953125,63.6817626953125,
reinforce,0.0,0,419,91.25052828047068,88,0.014904975891113281,18.98334002494812,,,73.89940643310547,73.89940643310547,,,35.44088363647461,35.44088363647461,
reinforce,0.0,0,420,384.22671220986825,341,0.05526113510131836,19.03873109817505,85.53557473057738,15.004199518873776,165.33421325683594,165.33421325683594,,,82.01773071289062,82.01773071289062,
reinforce,0.0,0,421,301.49721088631696,268,0.04456305503845215,19.118242979049683,,,138.04525756835938,138.04525756835938,,,73.84660339355469,73.84660339355469,
reinforce,0.0,0,422,75.20907405092964,79,0.013257980346679688,19.131687879562378,,,73.86843872070312,73.86843872070312,,,32.754337310791016,32.754337310791016,
reinforce,0.0,0,423,174.53773214850565,158,0.026142120361328125,19.15796208381653,,,119.60759735107422,119.60759735107422,,,56.76535415649414,56.76535415649414,
reinforce,0.0,0,424,141.82470497389923,133,0.02237987518310547,19.180498838424683,,,109.68614196777344,109.68614196777344,,,48.44699478149414,48.44699478149414,
reinforce,0.0,0,425,132.1082271082564,126,0.021060943603515625,19.201722860336304,,,97.88163757324219,97.88163757324219,,,45.44715881347656,45.44715881347656,
reinforce,0.0,0,426,93.0957612609507,92,0.015251874923706055,19.21713089942932,,,71.73928833007812,71.73928833007812,,,36.057029724121094,36.057029724121094,
reinforce,0.0,0,427,225.35618624379669,203,0.0338137149810791,19.25111985206604,,,134.61366271972656,134.61366271972656,,,65.15193939208984,65.15193939208984,
reinforce,0.0,0,428,180.86409682123434,169,0.028064966201782227,19.279358863830566,,,114.39085388183594,114.39085388183594,,,55.87395477294922,55.87395477294922,
reinforce,0.0,0,429,239.12998329044575,216,0.03579592704772949,19.315330982208252,,,144.52517700195312,144.52517700195312,,,65.5738296508789,65.5738296508789,
reinforce,0.0,0,430,296.2351613908712,268,0.04465484619140625,19.360145807266235,,,158.7348175048828,158.7348175048828,,,71.73638153076172,71.73638153076172,
reinforce,0.0,0,431,407.9143060459654,360,0.059777021408081055,19.42013907432556,,,164.9137420654297,164.9137420654297,,,83.36800384521484,83.36800384521484,
reinforce,0.0,0,432,461.6764415215364,401,0.06627726554870605,19.486581087112427,,,187.80076599121094,187.80076599121094,,,88.21417236328125,88.21417236328125,
reinforce,0.0,0,433,645.2162731161568,506,0.08260798454284668,19.56935715675354,,,221.75494384765625,221.75494384765625,,,105.46761322021484,105.46761322021484,
reinforce,0.0,0,434,605.6625204401382,461,0.0756978988647461,19.645226001739502,,,222.6802978515625,222.6802978515625,,,107.25309753417969,107.25309753417969,
reinforce,0.0,0,435,644.8679889293328,487,0.08005499839782715,19.72546100616455,,,222.2141876220703,222.2141876220703,,,108.3581314086914,108.3581314086914,
reinforce,0.0,0,436,641.0463758520574,486,0.0798349380493164,19.805500984191895,,,235.05125427246094,235.05125427246094,,,108.7829360961914,108.7829360961914,
reinforce,0.0,0,437,590.0215470610947,432,0.07057690620422363,19.876283884048462,,,229.64161682128906,229.64161682128906,,,109.54421997070312,109.54421997070312,
reinforce,0.0,0,438,585.5462053054712,422,0.06923913955688477,19.94572401046753,,,230.25140380859375,230.25140380859375,,,111.29300689697266,111.29300689697266,
reinforce,0.0,0,439,584.559106566278,422,0.06885385513305664,20.01477599143982,,,227.42657470703125,227.42657470703125,,,110.31180572509766,110.31180572509766,
reinforce,0.0,0,440,682.3731690215283,520,0.08524680137634277,20.10020613670349,514.8091668286362,12.473319555742954,232.56332397460938,232.56332397460938,,,109.27507781982422,109.27507781982422,
reinforce,0.0,0,441,458.82793934398916,359,0.05910778045654297,20.31437587738037,,,202.7530975341797,202.7530975341797,,,96.83882904052734,96.83882904052734,
reinforce,0.0,0,442,631.3080179720994,470,0.07776379585266113,20.392337799072266,,,229.2449493408203,229.2449493408203,,,110.0724868774414,110.0724868774414,
reinforce,0.0,0,443,570.5263060092768,410,0.06704211235046387,20.4595730304718,,,224.8302764892578,224.8302764892578,,,110.85408020019531,110.85408020019531,
reinforce,0.0,0,444,421.0581177500154,350,0.05869007110595703,20.518457174301147,,,180.6439666748047,180.6439666748047,,,87.49121856689453,87.49121856689453,
reinforce,0.0,0,445,598.0163385838064,432,0.07131314277648926,20.58996605873108,,,229.4055938720703,229.4055938720703,,,111.24429321289062,111.24429321289062,
reinforce,0.0,0,446,629.1850418078618,467,0.07709431648254395,20.667245149612427,,,234.56011962890625,234.56011962890625,,,110.28971862792969,110.28971862792969,
reinforce,0.0,0,447,379.1566783891849,312,0.05242109298706055,20.719860076904297,,,181.3147430419922,181.3147430419922,,,85.0215835571289,85.0215835571289,
reinforce,0.0,0,448,493.80007555310243,425,0.07090473175048828,20.790960788726807,,,178.40187072753906,178.40187072753906,,,89.90215301513672,89.90215301513672,
reinforce,0.0,0,449,545.7858528223092,439,0.0722801685333252,20.86343502998352,,,206.98800659179688,206.98800659179688,,,98.00254821777344,98.00254821777344,
reinforce,0.0,0,450,719.3156338334624,554,0.09237194061279297,20.956000089645386,,,236.59152221679688,236.59152221679688,,,109.59547424316406,109.59547424316406,
reinforce,0.0,0,451,360.9622709527222,302,0.050864219665527344,21.00705313682556,,,171.82069396972656,171.82069396972656,,,83.79053497314453,83.79053497314453,
reinforce,0.0,0,452,443.3974010441595,379,0.06345415115356445,21.070666074752808,,,179.57408142089844,179.57408142089844,,,87.9232177734375,87.9232177734375,
reinforce,0.0,0,453,388.2810724383829,327,0.05446815490722656,21.125336170196533,,,176.63014221191406,176.63014221191406,,,84.92723846435547,84.92723846435547,
reinforce,0.0,0,454,525.8377119771885,436,0.07220292091369629,21.197717905044556,,,191.53396606445312,191.53396606445312,,,95.13843536376953,95.13843536376953,
reinforce,0.0,0,455,387.82921498882257,321,0.053587913513183594,21.251495838165283,,,181.438232421875,181.438232421875,,,86.36624145507812,86.36624145507812,
reinforce,0.0,0,456,320.19289845983303,268,0.04544210433959961,21.297110080718994,,,157.30812072753906,157.30812072753906,,,79.1993408203125,79.1993408203125,
reinforce,0.0,0,457,494.6204552144034,416,0.06960725784301758,21.366892099380493,,,191.78050231933594,191.78050231933594,,,91.49134063720703,91.49134063720703,
reinforce,0.0,0,458,477.41595713469917,383,0.06297969818115234,21.430065870285034,,,198.76431274414062,198.76431274414062,,,94.06105041503906,94.06105041503906,
reinforce,0.0,0,459,594.5236848412825,436,0.07201910018920898,21.50225591659546,,,236.46713256835938,236.46713256835938,,,109.13553619384766,109.13553619384766,
reinforce,0.0,0,460,449.2110784351133,368,0.06132984161376953,21.56374192237854,302.8050473523332,76.7310593396806,183.8177032470703,183.8177032470703,,,90.74134826660156,90.74134826660156,
reinforce,0.0,0,461,318.84149357653104,262,0.044197797775268555,21.71234893798828,,,179.4590606689453,179.4590606689453,,,80.04373168945312,80.04373168945312,
reinforce,0.0,0,462,344.6006726628583,283,0.04694986343383789,21.759478092193604,,,168.64878845214844,168.64878845214844,,,82.47482299804688,82.47482299804688,
reinforce,0.0,0,463,573.4048667913946,421,0.06890702247619629,21.828577041625977,,,235.85665893554688,235.85665893554688,,,108.23278045654297,108.23278045654297,
reinforce,0.0,0,464,334.11826024109615,272,0.045330047607421875,21.874106884002686,,,170.65774536132812,170.65774536132812,,,82.8062973022461,82.8062973022461,
reinforce,0.0,0,465,542.9456889876811,394,0.0649259090423584,21.93921995162964,,,234.28469848632812,234.28469848632812,,,108.26750946044922,108.26750946044922,
reinforce,0.0,0,466,547.067355908635,396,0.06551480293273926,22.004933834075928,,,226.00425720214844,226.00425720214844,,,107.89447021484375,107.89447021484375,
reinforce,0.0,0,467,396.8218137224388,315,0.052320003509521484,22.0574049949646,,,189.07411193847656,189.07411193847656,,,89.31737518310547,89.31737518310547,
reinforce,0.0,0,468,545.9848566163785,396,0.0656280517578125,22.123229026794434,,,232.30511474609375,232.30511474609375,,,107.66402435302734,107.66402435302734,
reinforce,0.0,0,469,561.8535886451845,415,0.06860733032226562,22.192004203796387,,,210.43124389648438,210.43124389648438,,,106.9420166015625,106.9420166015625,
reinforce,0.0,0,470,542.773700098594,396,0.06604480743408203,22.258240938186646,,,220.2670440673828,220.2670440673828,,,106.9499282836914,106.9499282836914,
reinforce,0.0,0,471,536.9394303412361,389,0.06444501876831055,22.322829961776733,,,218.82086181640625,218.82086181640625,,,107.57829284667969,107.57829284667969,
reinforce,0.0,0,472,342.86629821533455,278,0.04722476005554199,22.37026882171631,,,162.90713500976562,162.90713500976562,,,82.90225982666016,82.90225982666016,
reinforce,0.0,0,473,547.4556704118622,396,0.06695199012756348,22.437403917312622,,,207.90431213378906,207.90431213378906,,,107.83240509033203,107.83240509033203,
reinforce,0.0,0,474,578.3010571715946,427,0.07208609580993652,22.50971293449402,,,224.16720581054688,224.16720581054688,,,107.39691925048828,107.39691925048828,
reinforce,0.0,0,475,574.7009492813489,424,0.07214617729187012,22.5820631980896,,,241.180908203125,241.180908203125,,,108.63076782226562,108.63076782226562,
reinforce,0.0,0,476,374.28707474674576,308,0.0556330680847168,22.637892961502075,,,179.0090789794922,179.0090789794922,,,84.34068298339844,84.34068298339844,
reinforce,0.0,0,477,545.7717526583726,468,0.07974505424499512,22.717829942703247,,,191.6412811279297,191.6412811279297,,,92.02207946777344,92.02207946777344,
reinforce,0.0,0,478,671.5731629603473,517,0.08802461624145508,22.806065797805786,,,229.02670288085938,229.02670288085938,,,107.20140838623047,107.20140838623047,
reinforce,0.0,0,479,621.8346317596679,469,0.07752299308776855,22.88380002975464,,,216.40008544921875,216.40008544921875,,,107.88434600830078,107.88434600830078,
reinforce,0.0,0,480,655.0295699131441,510,0.0841817855834961,22.968175888061523,300.81556003205543,7.713991611586817,216.61126708984375,216.61126708984375,,,106.11803436279297,106.11803436279297,
reinforce,0.0,0,481,668.7954387107137,521,0.10406804084777832,23.179744958877563,,,214.7098388671875,214.7098388671875,,,106.35939025878906,106.35939025878906,
reinforce,0.0,0,482,725.1793756372828,582,0.09487700462341309,23.274837970733643,,,222.44207763671875,222.44207763671875,,,105.4471664428711,105.4471664428711,
reinforce,0.0,0,483,754.740975449759,615,0.10124492645263672,23.37625503540039,,,216.389404296875,216.389404296875,,,104.52549743652344,104.52549743652344,
reinforce,0.0,0,484,712.814628428877,563,0.09223437309265137,23.468655109405518,,,225.75294494628906,225.75294494628906,,,106.32594299316406,106.32594299316406,
reinforce,0.0,0,485,1110.5297215703724,969,0.1594839096069336,23.628337860107422,,,211.55862426757812,211.55862426757812,,,103.29550170898438,103.29550170898438,
reinforce,0.0,0,486,805.2535790596532,671,0.11044979095458984,23.739001750946045,,,215.5947265625,215.5947265625,,,103.33155059814453,103.33155059814453,
reinforce,0.0,0,487,659.3437565655179,524,0.0857689380645752,23.82500982284546,,,224.8071746826172,224.8071746826172,,,104.54450225830078,104.54450225830078,
reinforce,0.0,0,488,883.3932579836744,757,0.13576602935791016,23.96097993850708,,,210.25765991210938,210.25765991210938,,,102.2529296875,102.2529296875,
reinforce,0.0,0,489,1051.6498765400934,1000,0.17372584342956543,24.135072946548462,,,190.19775390625,190.19775390625,,,94.16792297363281,94.16792297363281,
reinforce,0.0,0,490,1047.0017676630252,1000,0.16480398178100586,24.300132036209106,,,195.09640502929688,195.09640502929688,,,93.64800262451172,93.64800262451172,
reinforce,0.0,0,491,1035.3411105779412,1000,0.16416120529174805,24.46450901031494,,,185.26780700683594,185.26780700683594,,,92.58109283447266,92.58109283447266,
reinforce,0.0,0,492,495.43195479064457,465,0.07670378684997559,24.541427850723267,,,173.98422241210938,173.98422241210938,,,83.0224609375,83.0224609375,
reinforce,0.0,0,493,378.4630163513541,355,0.060935258865356445,24.602532148361206,,,160.8154296875,160.8154296875,,,77.1761703491211,77.1761703491211,
reinforce,0.0,0,494,469.13995530596156,439,0.07776904106140137,24.680521965026855,,,171.7465057373047,171.7465057373047,,,81.99726104736328,81.99726104736328,
reinforce,0.0,0,495,194.39819163313612,181,0.03240799903869629,24.713138818740845,,,128.6572723388672,128.6572723388672,,,57.46996307373047,57.46996307373047,
reinforce,0.0,0,496,307.413056812756,283,0.05008268356323242,24.763409852981567,,,146.1492462158203,146.1492462158203,,,72.65751647949219,72.65751647949219,
reinforce,0.0,0,497,329.8362638717568,304,0.0541071891784668,24.817711114883423,,,152.76454162597656,152.76454162597656,,,74.6238784790039,74.6238784790039,
reinforce,0.0,0,498,429.66678799613527,402,0.06916308403015137,24.8870689868927,,,162.94667053222656,162.94667053222656,,,80.78124237060547,80.78124237060547,
reinforce,0.0,0,499,305.93852848684844,279,0.04745984077453613,24.934717893600464,,,149.581787109375,149.581787109375,,,71.72218322753906,71.72218322753906,
reinforce,0.0,0,500,525.2524934409888,496,0.08229613304138184,25.017204999923706,141.50437704158497,6.928309009716014,174.07765197753906,174.07765197753906,,,83.43603515625,83.43603515625,
reinforce,0.0,0,501,238.99381875717756,213,0.03546285629272461,25.10458278656006,,,133.0738525390625,133.0738525390625,,,66.10150146484375,66.10150146484375,
reinforce,0.0,0,502,371.4469001689984,344,0.05897998809814453,25.163738012313843,,,164.41366577148438,164.41366577148438,,,77.23621368408203,77.23621368408203,
reinforce,0.0,0,503,256.4478547671421,230,0.03937697410583496,25.203290939331055,,,144.7132110595703,144.7132110595703,,,68.10263061523438,68.10263061523438,
reinforce,0.0,0,504,428.3445449528125,399,0.06868267059326172,25.272165775299072,,,160.75485229492188,160.75485229492188,,,79.35908508300781,79.35908508300781,
reinforce,0.0,0,505,444.65391764326534,414,0.07146120071411133,25.343830108642578,,,172.84652709960938,172.84652709960938,,,80.30538940429688,80.30538940429688,
reinforce,0.0,0,506,281.68710467884824,251,0.0423579216003418,25.386364936828613,,,148.00341796875,148.00341796875,,,70.91234588623047,70.91234588623047,
reinforce,0.0,0,507,293.6531759419232,265,0.0439000129699707,25.430443048477173,,,140.44606018066406,140.44606018066406,,,69.84498596191406,69.84498596191406,
reinforce,0.0,0,508,284.1597985689215,254,0.04223990440368652,25.472839832305908,,,132.25320434570312,132.25320434570312,,,70.29312896728516,70.29312896728516,
reinforce,0.0,0,509,234.03101974433173,204,0.03413677215576172,25.5071439743042,,,137.2177734375,137.2177734375,,,64.3901596069336,64.3901596069336,
reinforce,0.0,0,510,320.82072988887995,292,0.04839301109313965,25.55569100379944,,,161.04261779785156,161.04261779785156,,,72.73190307617188,72.73190307617188,
reinforce,0.0,0,511,354.6223819531038,327,0.05487799644470215,25.610724925994873,,,156.19691467285156,156.19691467285156,,,75.3246841430664,75.3246841430664,
reinforce,0.0,0,512,390.2484562209711,362,0.060701847076416016,25.671621799468994,,,160.23452758789062,160.23452758789062,,,77.40906524658203,77.40906524658203,
reinforce,0.0,0,513,280.00731350476775,251,0.041890621185302734,25.713700771331787,,,136.90447998046875,136.90447998046875,,,69.09708404541016,69.09708404541016,
reinforce,0.0,0,514,333.52970645051096,305,0.05087995529174805,25.764763832092285,,,149.2539520263672,149.2539520263672,,,73.03482818603516,73.03482818603516,
reinforce,0.0,0,515,346.12952563186656,316,0.052256107330322266,25.817200899124146,,,150.14657592773438,150.14657592773438,,,73.16656494140625,73.16656494140625,
reinforce,0.0,0,516,392.33300201521024,363,0.0605010986328125,25.87787389755249,,,152.30523681640625,152.30523681640625,,,76.9893569946289,76.9893569946289,
reinforce,0.0,0,517,284.6761192056582,256,0.04273414611816406,25.920809030532837,,,140.3417510986328,140.3417510986328,,,68.96654510498047,68.96654510498047,
reinforce,0.0,0,518,616.4102861993799,589,0.09749388694763184,26.018485069274902,,,176.59881591796875,176.59881591796875,,,84.42159271240234,84.42159271240234,
reinforce,0.0,0,519,428.85742114324836,320,0.053594112396240234,26.07226800918579,,,196.85394287109375,196.85394287109375,,,97.35693359375,97.35693359375,
reinforce,0.0,0,520,347.5359841638595,318,0.05290699005126953,26.125349760055542,412.2124969202164,5.840857489339753,149.3153533935547,149.3153533935547,,,73.8057861328125,73.8057861328125,
reinforce,0.0,0,521,467.8044435772155,356,0.058702707290649414,26.31306505203247,,,203.46749877929688,203.46749877929688,,,97.9003677368164,97.9003677368164,
reinforce,0.0,0,522,611.6797331889943,582,0.09600996971130371,26.409265995025635,,,177.71083068847656,177.71083068847656,,,84.4874496459961,84.4874496459961,
reinforce,0.0,0,523,458.4794734723527,346,0.05777907371520996,26.467247009277344,,,202.5140838623047,202.5140838623047,,,97.86572265625,97.86572265625,
reinforce,0.0,0,524,443.0198071829395,328,0.05461716651916504,26.522027015686035,,,204.156982421875,204.156982421875,,,98.74708557128906,98.74708557128906,
reinforce,0.0,0,525,371.4459193058476,253,0.04255986213684082,26.564769983291626,,,210.40504455566406,210.40504455566406,,,98.99508666992188,98.99508666992188,
reinforce,0.0,0,526,395.11594503239235,281,0.04676389694213867,26.611716747283936,,,197.93276977539062,197.93276977539062,,,97.48048400878906,97.48048400878906,
reinforce,0.0,0,527,388.5536041237422,270,0.04514479637145996,26.657050848007202,,,199.97265625,199.97265625,,,97.4288330078125,97.4288330078125,
reinforce,0.0,0,528,374.0651712336641,250,0.041829824447631836,26.69904589653015,,,200.8508758544922,200.8508758544922,,,100.28115844726562,100.28115844726562,
reinforce,0.0,0,529,365.9286693642944,246,0.04804682731628418,26.747262001037598,,,209.40863037109375,209.40863037109375,,,97.51445007324219,97.51445007324219,
reinforce,0.0,0,530,359.0485450755466,239,0.04169797897338867,26.78909683227539,,,183.94215393066406,183.94215393066406,,,98.46163940429688,98.46163940429688,
reinforce,0.0,0,531,371.28527045397254,252,0.04161691665649414,26.830899953842163,,,198.7897491455078,198.7897491455078,,,96.6830062866211,96.6830062866211,
reinforce,0.0,0,532,343.35553467447824,223,0.03764796257019043,26.868737936019897,,,204.74624633789062,204.74624633789062,,,98.4096450805664,98.4096450805664,
reinforce,0.0,0,533,360.0573961170473,243,0.040281057357788086,26.90921401977539,,,190.0393524169922,190.0393524169922,,,97.90003204345703,97.90003204345703,
reinforce,0.0,0,534,345.9378829983704,230,0.03727889060974121,26.946674823760986,,,199.2952423095703,199.2952423095703,,,97.71737670898438,97.71737670898438,
reinforce,0.0,0,535,331.7917281594652,215,0.035607099533081055,26.982447147369385,,,210.1058349609375,210.1058349609375,,,96.82942962646484,96.82942962646484,
reinforce,0.0,0,536,328.48117151132675,210,0.03481578826904297,27.017457962036133,,,202.0205535888672,202.0205535888672,,,95.12710571289062,95.12710571289062,
reinforce,0.0,0,537,329.4143207713848,218,0.03594017028808594,27.05357789993286,,,207.6421661376953,207.6421661376953,,,95.33688354492188,95.33688354492188,
reinforce,0.0,0,538,214.6600623772529,153,0.025577306747436523,27.079310178756714,,,136.73074340820312,136.73074340820312,,,71.5013427734375,71.5013427734375,
reinforce,0.0,0,539,309.4191996666995,194,0.032373905181884766,27.111865043640137,,,196.1400146484375,196.1400146484375,,,95.96240997314453,95.96240997314453,
reinforce,0.0,0,540,309.06247968014577,195,0.032073020935058594,27.144114017486572,114.70439347342696,1.4591925901744602,199.82061767578125,199.82061767578125,,,94.3895263671875,94.3895263671875,
reinforce,0.0,0,541,113.00210932719618,83,0.014238834381103516,27.193454027175903,,,81.66224670410156,81.66224670410156,,,47.75563430786133,47.75563430786133,
reinforce,0.0,0,542,158.53588442807467,113,0.01936483383178711,27.213011980056763,,,118.33247375488281,118.33247375488281,,,59.1501579284668,59.1501579284668,
reinforce,0.0,0,543,154.83749121619365,110,0.018512964248657227,27.23167896270752,,,121.5641860961914,121.5641860961914,,,59.005104064941406,59.005104064941406,
reinforce,0.0,0,544,287.3779164235467,173,0.028647899627685547,27.26050305366516,,,201.90846252441406,201.90846252441406,,,93.42168426513672,93.42168426513672,
reinforce,0.0,0,545,204.47987102540387,140,0.023469924926757812,27.284164905548096,,,148.3638916015625,148.3638916015625,,,71.51447296142578,71.51447296142578,
reinforce,0.0,0,546,286.94268826813504,172,0.028781890869140625,27.313117027282715,,,199.2613983154297,199.2613983154297,,,94.66829681396484,94.66829681396484,
reinforce,0.0,0,547,301.468140397653,187,0.030870914459228516,27.34415888786316,,,200.40908813476562,200.40908813476562,,,95.11444854736328,95.11444854736328,
reinforce,0.0,0,548,280.3979226029495,164,0.027510881423950195,27.371855974197388,,,200.42169189453125,200.42169189453125,,,95.5257568359375,95.5257568359375,
reinforce,0.0,0,549,292.88519043601104,176,0.02883291244506836,27.400836944580078,,,203.22015380859375,203.22015380859375,,,95.76187133789062,95.76187133789062,
reinforce,0.0,0,550,307.92260890972847,189,0.03171586990356445,27.432698965072632,,,193.91488647460938,193.91488647460938,,,95.73213195800781,95.73213195800781,
reinforce,0.0,0,551,285.3000386113369,167,0.02778911590576172,27.460628032684326,,,187.756103515625,187.756103515625,,,96.27134704589844,96.27134704589844,
reinforce,0.0,0,552,286.88656043812375,163,0.02708888053894043,27.48785901069641,,,184.01492309570312,184.01492309570312,,,96.8963623046875,96.8963623046875,
reinforce,0.0,0,553,280.46410156402027,162,0.026870012283325195,27.51489782333374,,,192.69786071777344,192.69786071777344,,,94.60406494140625,94.60406494140625,
reinforce,0.0,0,554,295.3844495410751,175,0.028883934020996094,27.543926000595093,,,195.7024383544922,195.7024383544922,,,96.82044982910156,96.82044982910156,
reinforce,0.0,0,555,288.83445039194373,168,0.027863740921020508,27.571942806243896,,,198.2452850341797,198.2452850341797,,,95.57743835449219,95.57743835449219,
reinforce,0.0,0,556,290.1271114615192,168,0.02830195426940918,27.600416898727417,,,197.78204345703125,197.78204345703125,,,96.48854064941406,96.48854064941406,
reinforce,0.0,0,557,290.368589477089,167,0.028818845748901367,27.629435777664185,,,197.87193298339844,197.87193298339844,,,97.11976623535156,97.11976623535156,
reinforce,0.0,0,558,279.68374052760015,154,0.025732755661010742,27.65533685684204,,,202.05783081054688,202.05783081054688,,,97.21798706054688,97.21798706054688,
reinforce,0.0,0,559,304.15535915607876,181,0.030100107192993164,27.68563199043274,,,205.351806640625,205.351806640625,,,97.05455017089844,97.05455017089844,
reinforce,0.0,0,560,285.33579748326156,161,0.026578187942504883,27.712399005889893,288.52386585722604,0.7613025967600102,200.8077392578125,200.8077392578125,,,95.85965728759766,95.85965728759766,
reinforce,0.0,0,561,269.77574211820684,145,0.02415299415588379,27.806488037109375,,,208.0022430419922,208.0022430419922,,,95.56795501708984,95.56795501708984,
reinforce,0.0,0,562,283.4798608025746,158,0.026237964630126953,27.83290386199951,,,222.88002014160156,222.88002014160156,,,97.22720336914062,97.22720336914062,
reinforce,0.0,0,563,291.83378033689576,166,0.027608871459960938,27.860683917999268,,,192.39588928222656,192.39588928222656,,,97.25882720947266,97.25882720947266,
reinforce,0.0,0,564,265.467726909935,143,0.023916006088256836,27.887046813964844,,,197.33053588867188,197.33053588867188,,,94.97805786132812,94.97805786132812,
reinforce,0.0,0,565,255.78301791994383,141,0.0234529972076416,27.910671949386597,,,194.04869079589844,194.04869079589844,,,92.10150909423828,92.10150909423828,
reinforce,0.0,0,566,236.2540513915117,129,0.021683216094970703,27.932537078857422,,,182.1809844970703,182.1809844970703,,,89.31096649169922,89.31096649169922,
reinforce,0.0,0,567,270.0816229297324,158,0.02662181854248047,27.959327936172485,,,194.1685028076172,194.1685028076172,,,92.81298828125,92.81298828125,
reinforce,0.0,0,568,222.52700921759947,121,0.019836902618408203,27.979338884353638,,,172.70095825195312,172.70095825195312,,,83.75248718261719,83.75248718261719,
reinforce,0.0,0,569,239.96444366852228,138,0.02276611328125,28.002259016036987,,,165.20445251464844,165.20445251464844,,,84.03057861328125,84.03057861328125,
reinforce,0.0,0,570,208.0438502240164,117,0.020038366317749023,28.02247714996338,,,159.85948181152344,159.85948181152344,,,79.37979125976562,79.37979125976562,
reinforce,0.0,0,571,211.31598846365463,116,0.01949596405029297,28.042140007019043,,,178.64784240722656,178.64784240722656,,,81.28500366210938,81.28500366210938,
reinforce,0.0,0,572,185.47105212259103,109,0.018260955810546875,28.060610055923462,,,160.1173858642578,160.1173858642578,,,71.92764282226562,71.92764282226562,
reinforce,0.0,0,573,198.32708597148286,118,0.019912004470825195,28.080682039260864,,,162.41799926757812,162.41799926757812,,,74.3286361694336,74.3286361694336,
reinforce,0.0,0,574,195.08731777928762,108,0.01781296730041504,28.098665952682495,,,150.39662170410156,150.39662170410156,,,76.02694702148438,76.02694702148438,
reinforce,0.0,0,575,212.83722734219478,124,0.021042823791503906,28.119874000549316,,,174.71566772460938,174.71566772460938,,,78.72187042236328,78.72187042236328,
reinforce,0.0,0,576,210.82049825522859,125,0.02098703384399414,28.141026973724365,,,158.4964599609375,158.4964599609375,,,79.12364959716797,79.12364959716797,
reinforce,0.0,0,577,212.982625711727,126,0.02107691764831543,28.162312984466553,,,152.37989807128906,152.37989807128906,,,77.61176300048828,77.61176300048828,
reinforce,0.0,0,578,236.1188905167523,138,0.02325296401977539,28.18575096130371,,,173.95928955078125,173.95928955078125,,,85.8755874633789,85.8755874633789,
reinforce,0.0,0,579,224.97546232394464,128,0.021881103515625,28.20779800415039,,,154.8207550048828,154.8207550048828,,,83.8543701171875,83.8543701171875,
reinforce,0.0,0,580,230.85016752429584,127,0.021164894104003906,28.229140043258667,261.9032220348037,1.8040271560218144,190.13870239257812,190.13870239257812,,,87.46660614013672,87.46660614013672,
reinforce,0.0,0,581,223.09928449929083,125,0.02079486846923828,28.311813831329346,,,176.00045776367188,176.00045776367188,,,82.4931869506836,82.4931869506836,
reinforce,0.0,0,582,263.6395912272672,147,0.024283170700073242,28.336271047592163,,,192.9955596923828,192.9955596923828,,,92.12152099609375,92.12152099609375,
reinforce,0.0,0,583,283.9922821048699,160,0.02686285972595215,28.363311767578125,,,201.86105346679688,201.86105346679688,,,95.46778869628906,95.46778869628906,
reinforce,0.0,0,584,268.90249394594707,146,0.024703025817871094,28.38820505142212,,,197.15231323242188,197.15231323242188,,,96.00397491455078,96.00397491455078,
reinforce,0.0,0,585,255.02953349072243,135,0.022875070571899414,28.411257028579712,,,187.50296020507812,187.50296020507812,,,94.0643081665039,94.0643081665039,
reinforce,0.0,0,586,259.0966320314224,139,0.024496078491210938,28.435930013656616,,,199.4086151123047,199.4086151123047,,,95.44987487792969,95.44987487792969,
reinforce,0.0,0,587,262.28653708725824,142,0.024579286575317383,28.460676908493042,,,190.43801879882812,190.43801879882812,,,93.1830062866211,93.1830062866211,
reinforce,0.0,0,588,259.0187347741142,141,0.023711204528808594,28.48457098007202,,,178.89503479003906,178.89503479003906,,,92.88805389404297,92.88805389404297,
reinforce,0.0,0,589,259.58778113940116,141,0.023621082305908203,28.5083749294281,,,187.48202514648438,187.48202514648438,,,93.17977142333984,93.17977142333984,
reinforce,0.0,0,590,261.8370452960419,143,0.023916006088256836,28.53247308731079,,,184.12179565429688,184.12179565429688,,,92.74332427978516,92.74332427978516,
reinforce,0.0,0,591,231.84993978669596,114,0.01982903480529785,28.552484035491943,,,194.701416015625,194.701416015625,,,91.9237289428711,91.9237289428711,
reinforce,0.0,0,592,239.86281402472477,125,0.021023988723754883,28.573726892471313,,,183.7683563232422,183.7683563232422,,,90.9656753540039,90.9656753540039,
reinforce,0.0,0,593,218.3587808822664,103,0.017174720764160156,28.59108877182007,,,195.8548583984375,195.8548583984375,,,91.15007019042969,91.15007019042969,
reinforce,0.0,0,594,229.97685199863747,115,0.018989086151123047,28.61025094985962,,,183.50552368164062,183.50552368164062,,,90.76837921142578,90.76837921142578,
reinforce,0.0,0,595,213.9649322562306,102,0.01664590835571289,28.62705683708191,,,186.06097412109375,186.06097412109375,,,89.15570068359375,89.15570068359375,
reinforce,0.0,0,596,214.68643430272095,106,0.017445087432861328,28.644654035568237,,,167.12164306640625,167.12164306640625,,,87.4736328125,87.4736328125,
reinforce,0.0,0,597,221.2898743131403,108,0.018100976943969727,28.66293716430664,,,182.40383911132812,182.40383911132812,,,89.23490142822266,89.23490142822266,
reinforce,0.0,0,598,217.83154580090945,105,0.017607927322387695,28.680710792541504,,,182.95179748535156,182.95179748535156,,,89.03311157226562,89.03311157226562,
reinforce,0.0,0,599,219.3799717154921,110,0.01832103729248047,28.699187994003296,,,164.57119750976562,164.57119750976562,,,87.3329849243164,87.3329849243164,
reinforce,0.0,0,600,215.00166515079812,107,0.01728987693786621,28.716642141342163,217.56473644240742,1.080183235274782,165.47984313964844,165.47984313964844,,,86.96696472167969,86.96696472167969,
reinforce,0.0,0,601,217.89800931347838,107,0.018424034118652344,28.77954411506653,,,191.7350311279297,191.7350311279297,,,88.54444885253906,88.54444885253906,
reinforce,0.0,0,602,216.84232867232527,106,0.018133163452148438,28.797790050506592,,,192.65377807617188,192.65377807617188,,,88.13553619384766,88.13553619384766,
reinforce,0.0,0,603,77.42986738248285,49,0.008391857147216797,28.80635380744934,,,84.25856018066406,84.25856018066406,,,38.40248489379883,38.40248489379883,
reinforce,0.0,0,604,217.49865952559446,107,0.018047332763671875,28.824559211730957,,,187.75636291503906,187.75636291503906,,,87.94727325439453,87.94727325439453,
reinforce,0.0,0,605,214.65064239567135,105,0.017803192138671875,28.84253215789795,,,180.03875732421875,180.03875732421875,,,87.6333236694336,87.6333236694336,
reinforce,0.0,0,606,77.42203364268292,49,0.008472919464111328,28.851173877716064,,,82.99254608154297,82.99254608154297,,,37.70551681518555,37.70551681518555,
reinforce,0.0,0,607,214.03112650035345,106,0.0176389217376709,28.86896586418152,,,192.4377899169922,192.4377899169922,,,87.1976318359375,87.1976318359375,
reinforce,0.0,0,608,214.23513415008543,105,0.017839908599853516,28.886982917785645,,,167.15945434570312,167.15945434570312,,,87.62076568603516,87.62076568603516,
reinforce,0.0,0,609,94.31339620349061,57,0.00952005386352539,28.896674156188965,,,79.85531616210938,79.85531616210938,,,44.90614700317383,44.90614700317383,
reinforce,0.0,0,610,209.6966140915908,103,0.01706981658935547,28.91386389732361,,,193.62635803222656,193.62635803222656,,,86.20680236816406,86.20680236816406,
reinforce,0.0,0,611,214.70342745810703,104,0.01827096939086914,28.932292938232422,,,173.86129760742188,173.86129760742188,,,88.55215454101562,88.55215454101562,
reinforce,0.0,0,612,54.53033563176028,37,0.0068438053131103516,28.939311742782593,,,58.23359680175781,58.23359680175781,,,28.078550338745117,28.078550338745117,
reinforce,0.0,0,613,209.68033811687508,102,0.0186460018157959,28.958119869232178,,,172.58245849609375,172.58245849609375,,,86.57362365722656,86.57362365722656,
reinforce,0.0,0,614,205.39592149018085,102,0.0189969539642334,28.977295875549316,,,188.18650817871094,188.18650817871094,,,84.30777740478516,84.30777740478516,
reinforce,0.0,0,615,63.18001990327403,42,0.007592201232910156,28.985114097595215,,,59.8803596496582,59.8803596496582,,,31.4052677154541,31.4052677154541,
reinforce,0.0,0,616,30.325417423846368,24,0.004273176193237305,28.989540815353394,,,37.738338470458984,37.738338470458984,,,16.43071746826172,16.43071746826172,
reinforce,0.0,0,617,202.64462906329214,101,0.019192934036254883,29.0088849067688,,,176.89039611816406,176.89039611816406,,,83.40339660644531,83.40339660644531,
reinforce,0.0,0,618,66.97850810800126,44,0.00818014144897461,29.01724100112915,,,82.49531555175781,82.49531555175781,,,32.944149017333984,32.944149017333984,
reinforce,0.0,0,619,203.32858856023935,102,0.018370866775512695,29.035781860351562,,,179.79725646972656,179.79725646972656,,,83.28914642333984,83.28914642333984,
reinforce,0.0,0,620,75.18910727606945,48,0.008388042449951172,29.04434299468994,70.06482805617,1.3933584969954487,77.34293365478516,77.34293365478516,,,36.22360610961914,36.22360610961914,
reinforce,0.0,0,621,72.26267833632905,47,0.007891178131103516,29.072376012802124,,,67.40396118164062,67.40396118164062,,,34.63039016723633,34.63039016723633,
reinforce,0.0,0,622,78.22203921412871,50,0.008829832077026367,29.081363916397095,,,77.00448608398438,77.00448608398438,,,36.90980911254883,36.90980911254883,
reinforce,0.0,0,623,59.43529035299503,40,0.011265039443969727,29.09278893470764,,,55.65687942504883,55.65687942504883,,,29.422353744506836,29.422353744506836,
reinforce,0.0,0,624,30.66424764259551,24,0.013355016708374023,29.106434106826782,,,30.166826248168945,30.166826248168945,,,16.488723754882812,16.488723754882812,
reinforce,0.0,0,625,23.309678989986864,19,0.00616765022277832,29.11277484893799,,,22.846410751342773,22.846410751342773,,,12.894172668457031,12.894172668457031,
reinforce,0.0,0,626,64.38532139848368,42,0.009054899215698242,29.121984004974365,,,55.06755065917969,55.06755065917969,,,31.549509048461914,31.549509048461914,
reinforce,0.0,0,627,85.80687232313932,53,0.009656906127929688,29.13184690475464,,,93.16716003417969,93.16716003417969,,,40.03627014160156,40.03627014160156,
reinforce,0.0,0,628,23.520830163555043,19,0.0042591094970703125,29.136291027069092,,,22.929378509521484,22.929378509521484,,,13.035210609436035,13.035210609436035,
reinforce,0.0,0,629,62.66089401788239,41,0.007760286331176758,29.14421820640564,,,61.96699905395508,61.96699905395508,,,31.056339263916016,31.056339263916016,
reinforce,0.0,0,630,78.84790340513061,50,0.02809596061706543,29.17261004447937,,,77.9138412475586,77.9138412475586,,,37.13407897949219,37.13407897949219,
reinforce,0.0,0,631,23.044779862353487,19,0.006002902984619141,29.178854942321777,,,22.448022842407227,22.448022842407227,,,12.807851791381836,12.807851791381836,
reinforce,0.0,0,632,23.33778426753343,19,0.006092071533203125,29.185145139694214,,,28.18864631652832,28.18864631652832,,,13.007200241088867,13.007200241088867,
reinforce,0.0,0,633,77.19333167946597,49,0.010760068893432617,29.196141004562378,,,79.90848541259766,79.90848541259766,,,36.511390686035156,36.511390686035156,
reinforce,0.0,0,634,25.434177180378846,20,0.003951072692871094,29.200254917144775,,,25.336444854736328,25.336444854736328,,,14.04826831817627,14.04826831817627,
reinforce,0.0,0,635,57.01170570557121,38,0.006644010543823242,29.20704197883606,,,59.799747467041016,59.799747467041016,,,28.59576988220215,28.59576988220215,
reinforce,0.0,0,636,29.034353108344295,23,0.004172086715698242,29.211380004882812,,,43.00771713256836,43.00771713256836,,,15.731475830078125,15.731475830078125,
reinforce,0.0,0,637,72.35342547908303,47,0.007814884185791016,29.219347953796387,,,73.8117904663086,73.8117904663086,,,34.38290023803711,34.38290023803711,
reinforce,0.0,0,638,33.18588557842073,25,0.004395961761474609,29.223957061767578,,,35.6135368347168,35.6135368347168,,,17.975839614868164,17.975839614868164,
reinforce,0.0,0,639,47.98580518392626,33,0.0059659481048583984,29.230103015899658,,,46.88964080810547,46.88964080810547,,,24.608346939086914,24.608346939086914,
reinforce,0.0,0,640,84.8538658472976,52,0.00887918472290039,29.23917007446289,63.56706800214738,1.689407892469069,89.28072357177734,89.28072357177734,,,40.7232666015625,40.7232666015625,
reinforce,0.0,0,641,88.89990110907986,54,0.009288787841796875,29.266815900802612,,,79.29291534423828,79.29291534423828,,,42.24115753173828,42.24115753173828,
reinforce,0.0,0,642,85.33477309619919,52,0.008993864059448242,29.275962829589844,,,91.42694854736328,91.42694854736328,,,40.43007278442383,40.43007278442383,
reinforce,0.0,0,643,90.25084208492457,54,0.00911402702331543,29.28524398803711,,,95.56038665771484,95.56038665771484,,,42.93293380737305,42.93293380737305,
reinforce,0.0,0,644,89.58105247982539,54,0.009279012680053711,29.294677019119263,,,89.26129150390625,89.26129150390625,,,42.51139450073242,42.51139450073242,
reinforce,0.0,0,645,90.62014850608911,54,0.009981870651245117,29.304832935333252,,,88.64414978027344,88.64414978027344,,,43.41413497924805,43.41413497924805,
reinforce,0.0,0,646,115.02202577351169,64,0.010789155960083008,29.315798044204712,,,109.29084777832031,109.29084777832031,,,53.49762725830078,53.49762725830078,
reinforce,0.0,0,647,205.83377703473872,97,0.01762676239013672,29.33368492126465,,,179.8059539794922,179.8059539794922,,,87.00469207763672,87.00469207763672,
reinforce,0.0,0,648,105.51427140743532,60,0.01044774055480957,29.344318866729736,,,108.77595520019531,108.77595520019531,,,49.48561096191406,49.48561096191406,
reinforce,0.0,0,649,206.5052966528058,97,0.016941070556640625,29.36143207550049,,,168.6046600341797,168.6046600341797,,,87.18296813964844,87.18296813964844,
reinforce,0.0,0,650,215.76920147499297,100,0.017395973205566406,29.379002809524536,,,203.10009765625,203.10009765625,,,90.23584747314453,90.23584747314453,
reinforce,0.0,0,651,124.2397999498113,67,0.011403083801269531,29.39060091972351,,,117.5725326538086,117.5725326538086,,,57.812477111816406,57.812477111816406,
reinforce,0.0,0,652,207.5062463816604,96,0.016692399978637695,29.407471179962158,,,173.4460906982422,173.4460906982422,,,87.83682250976562,87.83682250976562,
reinforce,0.0,0,653,202.94691328997598,95,0.016170978546142578,29.423780918121338,,,153.24069213867188,153.24069213867188,,,86.38410949707031,86.38410949707031,
reinforce,0.0,0,654,210.82002330661402,97,0.016604900360107422,29.440542936325073,,,194.95835876464844,194.95835876464844,,,89.28018951416016,89.28018951416016,
reinforce,0.0,0,655,202.84797184936184,96,0.01620316505432129,29.45689606666565,,,185.36341857910156,185.36341857910156,,,85.584716796875,85.584716796875,
reinforce,0.0,0,656,215.4376138655853,99,0.01674199104309082,29.473790884017944,,,184.59523010253906,184.59523010253906,,,90.62220001220703,90.62220001220703,
reinforce,0.0,0,657,79.12174390503948,48,0.008260965347290039,29.48221492767334,,,78.5824203491211,78.5824203491211,,,38.06502151489258,38.06502151489258,
reinforce,0.0,0,658,205.93051112510966,95,0.016834735870361328,29.49918484687805,,,169.797119140625,169.797119140625,,,87.94965362548828,87.94965362548828,
reinforce,0.0,0,659,203.68071639701995,94,0.01618790626525879,29.515514850616455,,,207.8407440185547,207.8407440185547,,,87.11434173583984,87.11434173583984,
reinforce,0.0,0,660,206.2434628464575,94,0.016052961349487305,29.531713008880615,199.12002044506139,1.1891629706835827,181.88919067382812,181.88919067382812,,,88.44766235351562,88.44766235351562,
reinforce,0.0,0,661,202.2636828751718,93,0.015743017196655273,29.58679699897766,,,186.64083862304688,186.64083862304688,,,86.9174575805664,86.9174575805664,
reinforce,0.0,0,662,200.40935142243745,92,0.015871047973632812,29.60283398628235,,,190.392578125,190.392578125,,,86.6478500366211,86.6478500366211,
reinforce,0.0,0,663,212.84631481409338,96,0.01614212989807129,29.619143962860107,,,175.6193084716797,175.6193084716797,,,90.88289642333984,90.88289642333984,
reinforce,0.0,0,664,213.83671513562538,96,0.016855716705322266,29.636197805404663,,,174.5777130126953,174.5777130126953,,,91.12564849853516,91.12564849853516,
reinforce,0.0,0,665,199.7599996420319,94,0.016353130340576172,29.652724027633667,,,188.50730895996094,188.50730895996094,,,84.97684478759766,84.97684478759766,
reinforce,0.0,0,666,197.9159212069534,90,0.015141963958740234,29.668035984039307,,,175.14808654785156,175.14808654785156,,,86.31312561035156,86.31312561035156,
reinforce,0.0,0,667,208.13731028425786,93,0.01611804962158203,29.684306859970093,,,182.6248321533203,182.6248321533203,,,90.2519760131836,90.2519760131836,
reinforce,0.0,0,668,199.04938860059963,90,0.01570892333984375,29.700230836868286,,,176.09815979003906,176.09815979003906,,,86.64146423339844,86.64146423339844,
reinforce,0.0,0,669,206.22912515598276,92,0.01564192771911621,29.716026782989502,,,173.31202697753906,173.31202697753906,,,89.57196807861328,89.57196807861328,
reinforce,0.0,0,670,206.87527841392023,92,0.01573491096496582,29.731950044631958,,,174.12368774414062,174.12368774414062,,,89.93651580810547,89.93651580810547,
reinforce,0.0,0,671,194.83725220930904,92,0.015511035919189453,29.747626066207886,,,187.3154754638672,187.3154754638672,,,83.09539794921875,83.09539794921875,
reinforce,0.0,0,672,207.72187499715602,92,0.015182256698608398,29.762970209121704,,,173.78343200683594,173.78343200683594,,,90.59867858886719,90.59867858886719,
reinforce,0.0,0,673,208.34470838810995,92,0.015478134155273438,29.778620958328247,,,181.56712341308594,181.56712341308594,,,90.86909484863281,90.86909484863281,
reinforce,0.0,0,674,209.7480048490105,92,0.01577281951904297,29.794577836990356,,,200.59646606445312,200.59646606445312,,,91.92843627929688,91.92843627929688,
reinforce,0.0,0,675,201.11843645836615,89,0.015838146209716797,29.810617923736572,,,197.87388610839844,197.87388610839844,,,88.73326873779297,88.73326873779297,
reinforce,0.0,0,676,208.63443188155352,92,0.01559305191040039,29.82637596130371,,,179.35540771484375,179.35540771484375,,,90.73011779785156,90.73011779785156,
reinforce,0.0,0,677,198.7019227211873,88,0.01520991325378418,29.841758012771606,,,182.98362731933594,182.98362731933594,,,88.28765106201172,88.28765106201172,
reinforce,0.0,0,678,199.17146519885839,88,0.015332698822021484,29.857253789901733,,,172.8474578857422,172.8474578857422,,,88.44231414794922,88.44231414794922,
reinforce,0.0,0,679,193.05722204813625,86,0.015056848526000977,29.872464895248413,,,176.3607635498047,176.3607635498047,,,86.41732025146484,86.41732025146484,
reinforce,0.0,0,680,199.89683050860958,88,0.015343189239501953,29.8879611492157,186.16838860718013,2.928701662028675,168.70697021484375,168.70697021484375,,,88.37274932861328,88.37274932861328,
reinforce,0.0,0,681,201.2481335631249,89,0.015505790710449219,29.939466953277588,,,170.44776916503906,170.44776916503906,,,89.13951873779297,89.13951873779297,
reinforce,0.0,0,682,180.82307606492574,82,0.013913869857788086,29.953552961349487,,,173.25376892089844,173.25376892089844,,,82.3274917602539,82.3274917602539,
reinforce,0.0,0,683,192.75699569800608,86,0.01498103141784668,29.968724966049194,,,164.59596252441406,164.59596252441406,,,86.2878646850586,86.2878646850586,
reinforce,0.0,0,684,198.57221023499105,88,0.014968156814575195,29.98385000228882,,,185.6539306640625,185.6539306640625,,,88.54558563232422,88.54558563232422,
reinforce,0.0,0,685,184.3812954648542,83,0.014259099960327148,29.998255968093872,,,178.37159729003906,178.37159729003906,,,83.29650115966797,83.29650115966797,
reinforce,0.0,0,686,186.0532034069732,85,0.014642953872680664,30.01305079460144,,,169.4097137451172,169.4097137451172,,,83.2203140258789,83.2203140258789,
reinforce,0.0,0,687,198.6220340184924,88,0.01515507698059082,30.028393030166626,,,196.42042541503906,196.42042541503906,,,88.60771179199219,88.60771179199219,
reinforce,0.0,0,688,194.1034527135876,86,0.014333963394165039,30.042919874191284,,,191.02357482910156,191.02357482910156,,,87.17485046386719,87.17485046386719,
reinforce,0.0,0,689,197.16156344595905,87,0.015211105346679688,30.05827307701111,,,196.76290893554688,196.76290893554688,,,88.21256256103516,88.21256256103516,
reinforce,0.0,0,690,194.3357902253426,86,0.014633893966674805,30.073084831237793,,,177.78948974609375,177.78948974609375,,,87.23516082763672,87.23516082763672,
reinforce,0.0,0,691,205.4874630342549,90,0.015623092651367188,30.08886408805847,,,198.61065673828125,198.61065673828125,,,91.17506408691406,91.17506408691406,
reinforce,0.0,0,692,202.47752013746455,89,0.02104496955871582,30.110049962997437,,,197.85926818847656,197.85926818847656,,,90.02872467041016,90.02872467041016,
reinforce,0.0,0,693,208.81147422118545,91,0.03776097297668457,30.14808201789856,,,188.0365447998047,188.0365447998047,,,92.010498046875,92.010498046875,
reinforce,0.0,0,694,205.8845571999697,90,0.015372991561889648,30.163639068603516,,,193.03736877441406,193.03736877441406,,,91.44746398925781,91.44746398925781,
reinforce,0.0,0,695,204.85398828024955,90,0.015413045883178711,30.179222106933594,,,178.5757598876953,178.5757598876953,,,91.17940521240234,91.17940521240234,
reinforce,0.0,0,696,205.89614277849404,90,0.015748977661132812,30.195143938064575,,,200.10769653320312,200.10769653320312,,,91.6006088256836,91.6006088256836,
reinforce,0.0,0,697,199.99179473519533,88,0.015195846557617188,30.21055579185486,,,208.03199768066406,208.03199768066406,,,89.50835418701172,89.50835418701172,
reinforce,0.0,0,698,202.43615333773587,91,0.01649308204650879,30.22722601890564,,,187.35743713378906,187.35743713378906,,,90.0843276977539,90.0843276977539,
reinforce,0.0,0,699,205.73813659489255,90,0.015496969223022461,30.24289107322693,,,198.27491760253906,198.27491760253906,,,91.56193542480469,91.56193542480469,
reinforce,0.0,0,700,203.70479932206365,89,0.015478134155273438,30.258554935455322,201.21374762533415,2.959049207629959,191.08900451660156,191.08900451660156,,,90.99556732177734,90.99556732177734,
reinforce,0.0,0,701,208.1158167506648,91,0.015407800674438477,30.312049865722656,,,188.72999572753906,188.72999572753906,,,92.38941955566406,92.38941955566406,
reinforce,0.0,0,702,188.14377696767326,84,0.014317989349365234,30.326526880264282,,,184.28526306152344,184.28526306152344,,,85.4695816040039,85.4695816040039,
reinforce,0.0,0,703,202.38367477293394,89,0.015252351760864258,30.3419451713562,,,186.0592498779297,186.0592498779297,,,90.38507080078125,90.38507080078125,
reinforce,0.0,0,704,206.30626654198966,90,0.015360116958618164,30.357456922531128,,,205.47755432128906,205.47755432128906,,,91.92145538330078,91.92145538330078,
reinforce,0.0,0,705,196.77508894362768,88,0.014739036560058594,30.37236499786377,,,177.73797607421875,177.73797607421875,,,88.33110809326172,88.33110809326172,
reinforce,0.0,0,706,208.51629687260322,91,0.015917062759399414,30.38844585418701,,,220.62889099121094,220.62889099121094,,,92.77803039550781,92.77803039550781,
reinforce,0.0,0,707,187.22716390954892,87,0.0146942138671875,30.40332007408142,,,166.9733428955078,166.9733428955078,,,84.7828598022461,84.7828598022461,
reinforce,0.0,0,708,210.99601792770406,99,0.016597986221313477,30.420071840286255,,,188.62030029296875,188.62030029296875,,,92.93673706054688,92.93673706054688,
reinforce,0.0,0,709,195.60772678767552,87,0.014785051345825195,30.43505883216858,,,156.73426818847656,156.73426818847656,,,88.03414916992188,88.03414916992188,
reinforce,0.0,0,710,191.2509166666898,86,0.014717817306518555,30.44993782043457,,,191.3132781982422,191.3132781982422,,,86.48816680908203,86.48816680908203,
reinforce,0.0,0,711,197.40910263952478,87,0.015074729919433594,30.465167760849,,,193.74609375,193.74609375,,,88.99349212646484,88.99349212646484,
reinforce,0.0,0,712,191.04108138341093,86,0.014663934707641602,30.47999382019043,,,156.16839599609375,156.16839599609375,,,86.3027114868164,86.3027114868164,
reinforce,0.0,0,713,188.24292336613624,84,0.014085769653320312,30.494224786758423,,,163.62095642089844,163.62095642089844,,,85.61241149902344,85.61241149902344,
reinforce,0.0,0,714,197.04238788227,90,0.015230894088745117,30.509610891342163,,,177.43038940429688,177.43038940429688,,,88.5250244140625,88.5250244140625,
reinforce,0.0,0,715,193.84628519364404,86,0.01631617546081543,30.52605104446411,,,205.08998107910156,205.08998107910156,,,87.6988525390625,87.6988525390625,
reinforce,0.0,0,716,185.49865197239995,84,0.016908884048461914,30.543253898620605,,,188.1783905029297,188.1783905029297,,,84.29759216308594,84.29759216308594,
reinforce,0.0,0,717,219.34000936857092,108,0.020645856857299805,30.56414794921875,,,201.31199645996094,201.31199645996094,,,95.35364532470703,95.35364532470703,
reinforce,0.0,0,718,192.86291719102724,86,0.019276142120361328,30.583621978759766,,,161.44375610351562,161.44375610351562,,,87.33032989501953,87.33032989501953,
reinforce,0.0,0,719,201.47833011156933,98,0.021113872528076172,30.604922771453857,,,182.2611541748047,182.2611541748047,,,89.27113342285156,89.27113342285156,
reinforce,0.0,0,720,194.48805929258992,88,0.02850794792175293,30.63364887237549,192.0607761759122,1.7031695346286302,182.38185119628906,182.38185119628906,,,87.79458618164062,87.79458618164062,
reinforce,0.0,0,721,188.06821172587297,85,0.01636791229248047,30.702044010162354,,,161.19113159179688,161.19113159179688,,,85.5211181640625,85.5211181640625,
reinforce,0.0,0,722,192.8220798638504,86,0.018869876861572266,30.72109889984131,,,158.68701171875,158.68701171875,,,87.13856506347656,87.13856506347656,
reinforce,0.0,0,723,201.23865151595865,96,0.021166086196899414,30.742454051971436,,,173.46563720703125,173.46563720703125,,,89.74942779541016,89.74942779541016,
reinforce,0.0,0,724,193.11514674977778,87,0.01606011390686035,30.758713006973267,,,169.0635528564453,169.0635528564453,,,87.46113586425781,87.46113586425781,
reinforce,0.0,0,725,205.85350768727199,93,0.016761064529418945,30.775652170181274,,,203.82110595703125,203.82110595703125,,,91.79541778564453,91.79541778564453,
reinforce,0.0,0,726,190.68342909059308,90,0.01577615737915039,30.79160499572754,,,180.45945739746094,180.45945739746094,,,85.56222534179688,85.56222534179688,
reinforce,0.0,0,727,190.46106661646206,88,0.016461849212646484,30.80822992324829,,,175.75262451171875,175.75262451171875,,,86.04578399658203,86.04578399658203,
reinforce,0.0,0,728,196.1268942686123,87,0.016261816024780273,30.824681043624878,,,174.54908752441406,174.54908752441406,,,88.65753173828125,88.65753173828125,
reinforce,0.0,0,729,198.76817069336974,95,0.01672506332397461,30.841578006744385,,,169.16162109375,169.16162109375,,,88.84247589111328,88.84247589111328,
reinforce,0.0,0,730,208.37110229462874,100,0.017132043838500977,30.858887910842896,,,192.8818817138672,192.8818817138672,,,91.89554595947266,91.89554595947266,
reinforce,0.0,0,731,198.76256400935742,93,0.015068292617797852,30.87412405014038,,,193.09408569335938,193.09408569335938,,,88.89469909667969,88.89469909667969,
reinforce,0.0,0,732,187.98946173145345,84,0.014615774154663086,30.888900756835938,,,192.56100463867188,192.56100463867188,,,85.61738586425781,85.61738586425781,
reinforce,0.0,0,733,201.79666688586192,93,0.01628398895263672,30.905361890792847,,,181.12643432617188,181.12643432617188,,,90.2435073852539,90.2435073852539,
reinforce,0.0,0,734,218.19802811199963,113,0.01910090446472168,30.924608945846558,,,185.1107940673828,185.1107940673828,,,93.84962463378906,93.84962463378906,
reinforce,0.0,0,735,203.13512202180564,91,0.01551198959350586,30.94026803970337,,,190.65261840820312,190.65261840820312,,,90.86686706542969,90.86686706542969,
reinforce,0.0,0,736,187.97423253574638,84,0.014187097549438477,30.954632997512817,,,180.36770629882812,180.36770629882812,,,85.51300811767578,85.51300811767578,
reinforce,0.0,0,737,199.16060985147823,89,0.01507711410522461,30.96990203857422,,,175.47747802734375,175.47747802734375,,,89.65454864501953,89.65454864501953,
reinforce,0.0,0,738,195.74263906915527,87,0.014838695526123047,30.98488974571228,,,187.78895568847656,187.78895568847656,,,88.42372131347656,88.42372131347656,
reinforce,0.0,0,739,196.87355932716346,87,0.014770984649658203,30.999823808670044,,,168.39010620117188,168.39010620117188,,,88.8941879272461,88.8941879272461,
reinforce,0.0,0,740,199.68246590898892,90,0.015244007110595703,31.015216827392578,201.27285508077767,1.7944112099600331,179.571044921875,179.571044921875,,,89.50743103027344,89.50743103027344,
reinforce,0.0,0,741,210.88754096149282,98,0.016448020935058594,31.071208953857422,,,186.4282989501953,186.4282989501953,,,93.07051086425781,93.07051086425781,
reinforce,0.0,0,742,212.54514545066348,98,0.01708817481994629,31.0884690284729,,,180.7645721435547,180.7645721435547,,,93.72833251953125,93.72833251953125,
reinforce,0.0,0,743,209.2566774646305,97,0.016570091247558594,31.10519504547119,,,184.0193328857422,184.0193328857422,,,92.57392883300781,92.57392883300781,
reinforce,0.0,0,744,215.05060832067713,99,0.01659107208251953,31.12194800376892,,,188.8646697998047,188.8646697998047,,,94.22187805175781,94.22187805175781,
reinforce,0.0,0,745,229.10500078020712,109,0.018254995346069336,31.14036774635315,,,206.45535278320312,206.45535278320312,,,98.67717742919922,98.67717742919922,
reinforce,0.0,0,746,101.02485578803548,78,0.013310909271240234,31.153843879699707,,,91.54586791992188,91.54586791992188,,,47.1846923828125,47.1846923828125,
reinforce,0.0,0,747,110.61285471175015,81,0.013674020767211914,31.167666912078857,,,105.77350616455078,105.77350616455078,,,51.25482177734375,51.25482177734375,
reinforce,0.0,0,748,87.74405657052156,72,0.01265406608581543,31.180428981781006,,,85.55380249023438,85.55380249023438,,,40.875511169433594,40.875511169433594,
reinforce,0.0,0,749,101.16315549135521,69,0.011966943740844727,31.19253706932068,,,94.96290588378906,94.96290588378906,,,48.18214416503906,48.18214416503906,
reinforce,0.0,0,750,119.54207667159548,82,0.014178037643432617,31.206874132156372,,,113.62396240234375,113.62396240234375,,,55.62396240234375,55.62396240234375,
reinforce,0.0,0,751,64.04816608065512,54,0.009183883666992188,31.216213941574097,,,71.35623931884766,71.35623931884766,,,30.69742774963379,30.69742774963379,
reinforce,0.0,0,752,76.97087266917691,68,0.011851072311401367,31.228217124938965,,,75.85274505615234,75.85274505615234,,,35.57847595214844,35.57847595214844,
reinforce,0.0,0,753,16.86539496182746,39,0.006846904754638672,31.235241889953613,,,10.179287910461426,10.179287910461426,,,4.521883487701416,4.521883487701416,
reinforce,0.0,0,754,77.67418947154943,72,0.012346029281616211,31.24771499633789,,,67.65668487548828,67.65668487548828,,,34.77024459838867,34.77024459838867,
reinforce,0.0,0,755,25.343617187047904,32,0.005686044692993164,31.253553867340088,,,23.640018463134766,23.640018463134766,,,11.114824295043945,11.114824295043945,
reinforce,0.0,0,756,75.31509482769061,70,0.012309074401855469,31.266105890274048,,,81.98173522949219,81.98173522949219,,,34.07947540283203,34.07947540283203,
reinforce,0.0,0,757,82.54696631100774,58,0.009949922561645508,31.276229858398438,,,81.5340805053711,81.5340805053711,,,39.86652374267578,39.86652374267578,
reinforce,0.0,0,758,225.98293037263497,109,0.018393993377685547,31.294790983200073,,,182.87347412109375,182.87347412109375,,,97.84075164794922,97.84075164794922,
reinforce,0.0,0,759,32.30749078405239,44,0.007707118988037109,31.302682161331177,,,26.206457138061523,26.206457138061523,,,12.750449180603027,12.750449180603027,
reinforce,0.0,0,760,62.92887925223738,63,0.010778188705444336,31.313694953918457,55.986154084542775,8.129766439909176,58.36542892456055,58.36542892456055,,,28.62437629699707,28.62437629699707,
reinforce,0.0,0,761,73.51061467728863,65,0.011236906051635742,31.34828495979309,,,60.63045120239258,60.63045120239258,,,34.298095703125,34.298095703125,
reinforce,0.0,0,762,66.31874596064,59,0.010692834854125977,31.359166860580444,,,66.50210571289062,66.50210571289062,,,31.355812072753906,31.355812072753906,
reinforce,0.0,0,763,47.120486658871414,42,0.007275819778442383,31.366609811782837,,,45.1019172668457,45.1019172668457,,,22.999401092529297,22.999401092529297,
reinforce,0.0,0,764,63.252213180934945,45,0.007820844650268555,31.37457585334778,,,68.38265228271484,68.38265228271484,,,31.62996482849121,31.62996482849121,
reinforce,0.0,0,765,67.07768193191494,54,0.009251117706298828,31.383960008621216,,,63.09574890136719,63.09574890136719,,,32.20124435424805,32.20124435424805,
reinforce,0.0,0,766,54.32535947985781,43,0.007714986801147461,31.39182209968567,,,57.45078659057617,57.45078659057617,,,26.885929107666016,26.885929107666016,
reinforce,0.0,0,767,54.52825656190427,42,0.007489919662475586,31.399457931518555,,,45.86023712158203,45.86023712158203,,,27.199628829956055,27.199628829956055,
reinforce,0.0,0,768,76.13769954906294,50,0.008968830108642578,31.408581972122192,,,65.38700866699219,65.38700866699219,,,37.8316535949707,37.8316535949707,
reinforce,0.0,0,769,62.370049534020374,42,0.007614850997924805,31.416346788406372,,,61.77310562133789,61.77310562133789,,,31.74728012084961,31.74728012084961,
reinforce,0.0,0,770,84.28907064520028,55,0.009585857391357422,31.426065921783447,,,93.76712799072266,93.76712799072266,,,41.068214416503906,41.068214416503906,
reinforce,0.0,0,771,58.1121068482078,40,0.007117033004760742,31.433342933654785,,,52.778099060058594,52.778099060058594,,,29.739105224609375,29.739105224609375,
reinforce,0.0,0,772,80.35587434337252,50,0.008783102035522461,31.44226098060608,,,88.05949401855469,88.05949401855469,,,40.30929183959961,40.30929183959961,
reinforce,0.0,0,773,63.667213462694505,44,0.0074040889739990234,31.449825048446655,,,66.07902526855469,66.07902526855469,,,32.139408111572266,32.139408111572266,
reinforce,0.0,0,774,56.03659898130623,41,0.006644010543823242,31.456598043441772,,,64.34786224365234,64.34786224365234,,,28.259416580200195,28.259416580200195,
reinforce,0.0,0,775,64.45485660442536,44,0.007280111312866211,31.4639790058136,,,61.790199279785156,61.790199279785156,,,32.572391510009766,32.572391510009766,
reinforce,0.0,0,776,96.5529727012595,55,0.009227991104125977,31.473310947418213,,,106.22061157226562,106.22061157226562,,,47.9382209777832,47.9382209777832,
reinforce,0.0,0,777,44.765942450288385,37,0.006262063980102539,31.47972297668457,,,46.8452262878418,46.8452262878418,,,22.33353614807129,22.33353614807129,
reinforce,0.0,0,778,71.07894629068973,48,0.007938146591186523,31.487776041030884,,,76.52650451660156,76.52650451660156,,,35.445709228515625,35.445709228515625,
reinforce,0.0,0,779,62.1093200554196,41,0.0068662166595458984,31.494746923446655,,,65.18338775634766,65.18338775634766,,,31.954633712768555,31.954633712768555,
reinforce,0.0,0,780,61.72463056538757,42,0.006960153579711914,31.501823902130127,84.866338999437,13.21691031171716,73.63221740722656,73.63221740722656,,,31.478914260864258,31.478914260864258,
reinforce,0.0,0,781,88.02699755419692,58,0.009642839431762695,31.53413701057434,,,85.83209991455078,85.83209991455078,,,42.923702239990234,42.923702239990234,
reinforce,0.0,0,782,66.6837389970976,44,0.0074350833892822266,31.541675090789795,,,66.53375244140625,66.53375244140625,,,33.83912658691406,33.83912658691406,
reinforce,0.0,0,783,94.16236184355849,55,0.009118080139160156,31.550895929336548,,,91.69036102294922,91.69036102294922,,,46.68134689331055,46.68134689331055,
reinforce,0.0,0,784,67.65757141666288,46,0.0078887939453125,31.558899879455566,,,56.127193450927734,56.127193450927734,,,33.95123291015625,33.95123291015625,
reinforce,0.0,0,785,60.72548961639462,44,0.007248878479003906,31.566314935684204,,,55.8934326171875,55.8934326171875,,,30.2449893951416,30.2449893951416,
reinforce,0.0,0,786,64.44996505415105,47,0.007866859436035156,31.574291944503784,,,64.27533721923828,64.27533721923828,,,31.85907554626465,31.85907554626465,
reinforce,0.0,0,787,57.46516872796293,42,0.00681304931640625,31.581220865249634,,,63.533992767333984,63.533992767333984,,,28.827131271362305,28.827131271362305,
reinforce,0.0,0,788,73.25720158390203,54,0.008762121200561523,31.590067863464355,,,71.55213165283203,71.55213165283203,,,34.68749237060547,34.68749237060547,
reinforce,0.0,0,789,63.97525673859678,45,0.0073468685150146484,31.597517013549805,,,58.21748733520508,58.21748733520508,,,32.18307113647461,32.18307113647461,
reinforce,0.0,0,790,71.49347787261031,54,0.009174823760986328,31.606831789016724,,,64.169677734375,64.169677734375,,,33.186397552490234,33.186397552490234,
reinforce,0.0,0,791,44.028172011747145,40,0.006753683090209961,31.613691806793213,,,54.09154510498047,54.09154510498047,,,21.295846939086914,21.295846939086914,
reinforce,0.0,0,792,44.39091754376122,44,0.007230043411254883,31.62102699279785,,,42.39857482910156,42.39857482910156,,,20.77228546142578,20.77228546142578,
reinforce,0.0,0,793,64.8581430744287,50,0.008289098739624023,31.629431009292603,,,52.4124641418457,52.4124641418457,,,31.223535537719727,31.223535537719727,
reinforce,0.0,0,794,71.2464422783961,53,0.008604049682617188,31.638159036636353,,,70.87417602539062,70.87417602539062,,,34.07264709472656,34.07264709472656,
reinforce,0.0,0,795,35.12372357816515,39,0.0064792633056640625,31.644737005233765,,,31.009565353393555,31.009565353393555,,,15.731882095336914,15.731882095336914,
reinforce,0.0,0,796,41.578719449841486,38,0.006390094757080078,31.651225090026855,,,41.858116149902344,41.858116149902344,,,20.176685333251953,20.176685333251953,
reinforce,0.0,0,797,40.36337801063411,39,0.006584882736206055,31.657915830612183,,,40.58523178100586,40.58523178100586,,,18.877532958984375,18.877532958984375,
reinforce,0.0,0,798,49.103244824425104,43,0.007161140441894531,31.66516089439392,,,48.06760025024414,48.06760025024414,,,23.72907257080078,23.72907257080078,
reinforce,0.0,0,799,38.57021529799016,40,0.006591081619262695,31.671842098236084,,,35.83295440673828,35.83295440673828,,,17.71977424621582,17.71977424621582,
reinforce,0.0,0,800,41.31174455777186,38,0.006427764892578125,31.678356885910034,50.39967634259144,7.1174244952150865,41.460174560546875,41.460174560546875,,,19.873756408691406,19.873756408691406,
reinforce,0.0,0,801,45.47024661214139,44,0.007234811782836914,31.70664095878601,,,45.36347961425781,45.36347961425781,,,21.37135887145996,21.37135887145996,
reinforce,0.0,0,802,55.31883835496546,53,0.008629322052001953,31.715375185012817,,,52.976078033447266,52.976078033447266,,,25.133182525634766,25.133182525634766,
reinforce,0.0,0,803,40.60185989876062,43,0.007139921188354492,31.722620010375977,,,47.74030303955078,47.74030303955078,,,18.93341064453125,18.93341064453125,
reinforce,0.0,0,804,62.417982537127486,59,0.00968790054321289,31.73243284225464,,,55.90435791015625,55.90435791015625,,,28.071565628051758,28.071565628051758,
reinforce,0.0,0,805,62.44704405343277,61,0.010230064392089844,31.742816925048828,,,59.96146011352539,59.96146011352539,,,28.284727096557617,28.284727096557617,
reinforce,0.0,0,806,72.77872570080325,64,0.010400772094726562,31.753360986709595,,,58.47863006591797,58.47863006591797,,,32.71317672729492,32.71317672729492,
reinforce,0.0,0,807,51.264655186475416,55,0.00905609130859375,31.762519121170044,,,49.99312973022461,49.99312973022461,,,23.51390266418457,23.51390266418457,
reinforce,0.0,0,808,38.59284028226496,42,0.0069963932037353516,31.769636154174805,,,44.74332046508789,44.74332046508789,,,17.38998031616211,17.38998031616211,
reinforce,0.0,0,809,46.75370202667657,50,0.00813603401184082,31.777867078781128,,,41.07221603393555,41.07221603393555,,,20.012929916381836,20.012929916381836,
reinforce,0.0,0,810,39.84310298400243,51,0.008533000946044922,31.78651189804077,,,26.972637176513672,26.972637176513672,,,16.346529006958008,16.346529006958008,
reinforce,0.0,0,811,56.34799907481829,56,0.009567975997924805,31.796194076538086,,,50.884361267089844,50.884361267089844,,,24.95230484008789,24.95230484008789,
reinforce,0.0,0,812,60.32820925126105,63,0.010524988174438477,31.8068528175354,,,49.65097427368164,49.65097427368164,,,26.3436279296875,26.3436279296875,
reinforce,0.0,0,813,27.975535566670345,42,0.007281064987182617,31.81427502632141,,,21.0676212310791,21.0676212310791,,,11.048870086669922,11.048870086669922,
reinforce,0.0,0,814,44.66798002464544,59,0.009863853454589844,31.82426691055298,,,38.35248947143555,38.35248947143555,,,17.84176254272461,17.84176254272461,
reinforce,0.0,0,815,36.12118145160609,42,0.006957054138183594,31.8313729763031,,,35.31984329223633,35.31984329223633,,,15.914430618286133,15.914430618286133,
reinforce,0.0,0,816,29.96765049476723,46,0.007953166961669922,31.839417934417725,,,24.60974884033203,24.60974884033203,,,12.000495910644531,12.000495910644531,
reinforce,0.0,0,817,49.952217226315106,58,0.010267019271850586,31.849801063537598,,,44.16213607788086,44.16213607788086,,,21.525619506835938,21.525619506835938,
reinforce,0.0,0,818,61.42748607066081,72,0.012560129165649414,31.862530946731567,,,44.88113021850586,44.88113021850586,,,25.107847213745117,25.107847213745117,
reinforce,0.0,0,819,47.59760055906375,58,0.010081768035888672,31.87275195121765,,,41.5934944152832,41.5934944152832,,,19.103591918945312,19.103591918945312,
reinforce,0.0,0,820,42.906210172465826,58,0.010088920593261719,31.882974863052368,31.231211404745515,6.341450230767773,36.83201599121094,36.83201599121094,,,17.96757698059082,17.96757698059082,
reinforce,0.0,0,821,34.90048564471262,48,0.008301973342895508,31.91168212890625,,,27.583938598632812,27.583938598632812,,,13.919825553894043,13.919825553894043,
reinforce,0.0,0,822,48.73608630042117,58,0.010553121566772461,31.922381162643433,,,38.357383728027344,38.357383728027344,,,20.139379501342773,20.139379501342773,
reinforce,0.0,0,823,51.946861369558874,62,0.010668754577636719,31.93316888809204,,,39.19187545776367,39.19187545776367,,,21.661977767944336,21.661977767944336,
reinforce,0.0,0,824,35.95256746735038,51,0.009293079376220703,31.94261407852173,,,27.380842208862305,27.380842208862305,,,14.268906593322754,14.268906593322754,
reinforce,0.0,0,825,27.69232280416035,40,0.007235050201416016,31.95000910758972,,,23.331974029541016,23.331974029541016,,,11.073477745056152,11.073477745056152,
reinforce,0.0,0,826,30.810936385813736,40,0.007203817367553711,31.95737385749817,,,30.25857925415039,30.25857925415039,,,12.50019359588623,12.50019359588623,
reinforce,0.0,0,827,27.124927638968447,35,0.006350040435791016,31.96386408805847,,,21.424341201782227,21.424341201782227,,,11.588094711303711,11.588094711303711,
reinforce,0.0,0,828,47.701083503179824,63,0.011068105697631836,31.975075006484985,,,40.101680755615234,40.101680755615234,,,20.49396324157715,20.49396324157715,
reinforce,0.0,0,829,77.53265699801922,78,0.013713836669921875,31.98894691467285,,,71.94219207763672,71.94219207763672,,,33.11301803588867,33.11301803588867,
reinforce,0.0,0,830,59.72041126975473,62,0.011106729507446289,32.000197887420654,,,53.039756774902344,53.039756774902344,,,26.392234802246094,26.392234802246094,
reinforce,0.0,0,831,36.8775071742055,44,0.007591962814331055,32.00797700881958,,,35.46047592163086,35.46047592163086,,,16.15160369873047,16.15160369873047,
reinforce,0.0,0,832,51.94096598712341,57,0.010242938995361328,32.01834487915039,,,42.054569244384766,42.054569244384766,,,21.72047233581543,21.72047233581543,
reinforce,0.0,0,833,44.672285445636554,51,0.009025096893310547,32.02754998207092,,,38.629737854003906,38.629737854003906,,,19.476490020751953,19.476490020751953,
reinforce,0.0,0,834,45.51197476866083,46,0.008001089096069336,32.03569793701172,,,42.17876052856445,42.17876052856445,,,20.405725479125977,20.405725479125977,
reinforce,0.0,0,835,38.754167679190864,43,0.0075910091400146484,32.04344987869263,,,41.668296813964844,41.668296813964844,,,17.26921272277832,17.26921272277832,
reinforce,0.0,0,836,35.246484350107394,39,0.007042884826660156,32.05068397521973,,,26.542734146118164,26.542734146118164,,,16.106651306152344,16.106651306152344,
reinforce,0.0,0,837,37.48763888560069,48,0.008496999740600586,32.05934000015259,,,35.365570068359375,35.365570068359375,,,15.81445598602295,15.81445598602295,
reinforce,0.0,0,838,41.494260875647015,46,0.008205175399780273,32.06772208213806,,,39.59500503540039,39.59500503540039,,,18.0761661529541,18.0761661529541,
reinforce,0.0,0,839,51.924201390821786,52,0.008841991424560547,32.07673096656799,,,51.27566909790039,51.27566909790039,,,23.90517234802246,23.90517234802246,
reinforce,0.0,0,840,40.247574207732136,44,0.007867813110351562,32.08476686477661,41.498676377461564,1.9221944300356084,37.272056579589844,37.272056579589844,,,17.70092010498047,17.70092010498047,
reinforce,0.0,0,841,46.302135172336946,48,0.008313179016113281,32.11430597305298,,,49.64980697631836,49.64980697631836,,,21.41056251525879,21.41056251525879,
reinforce,0.0,0,842,58.62832987637734,55,0.00948023796081543,32.12391710281372,,,56.07176971435547,56.07176971435547,,,26.205249786376953,26.205249786376953,
reinforce,0.0,0,843,62.621579048313606,56,0.009690046310424805,32.13377404212952,,,57.04214096069336,57.04214096069336,,,29.261629104614258,29.261629104614258,
reinforce,0.0,0,844,47.519247696196935,50,0.009131193161010742,32.143062114715576,,,44.52992248535156,44.52992248535156,,,21.237194061279297,21.237194061279297,
reinforce,0.0,0,845,37.894635382062766,44,0.007814884185791016,32.15104699134827,,,32.206241607666016,32.206241607666016,,,17.018409729003906,17.018409729003906,
reinforce,0.0,0,846,36.72672270383576,41,0.00727081298828125,32.15848088264465,,,38.5832405090332,38.5832405090332,,,16.42084312438965,16.42084312438965,
reinforce,0.0,0,847,45.87192850849576,49,0.008580923080444336,32.16720700263977,,,39.29623794555664,39.29623794555664,,,21.143020629882812,21.143020629882812,
reinforce,0.0,0,848,66.43053131513396,59,0.010169029235839844,32.17752814292908,,,57.000091552734375,57.000091552734375,,,30.084619522094727,30.084619522094727,
reinforce,0.0,0,849,74.65224710869225,65,0.011573076248168945,32.189332008361816,,,69.73405456542969,69.73405456542969,,,33.77283477783203,33.77283477783203,
reinforce,0.0,0,850,77.11153903781536,62,0.010781049728393555,32.200268030166626,,,66.72796630859375,66.72796630859375,,,34.400753021240234,34.400753021240234,
reinforce,0.0,0,851,71.48122312240032,58,0.009901046752929688,32.21034598350525,,,77.68219757080078,77.68219757080078,,,33.396968841552734,33.396968841552734,
reinforce,0.0,0,852,74.62192635351445,59,0.010343790054321289,32.22086191177368,,,66.30097198486328,66.30097198486328,,,33.81757736206055,33.81757736206055,
reinforce,0.0,0,853,80.82758397278839,64,0.011119842529296875,32.23215889930725,,,74.23635864257812,74.23635864257812,,,35.416908264160156,35.416908264160156,
reinforce,0.0,0,854,69.87954906584808,59,0.010146617889404297,32.242469787597656,,,70.28716278076172,70.28716278076172,,,31.596755981445312,31.596755981445312,
reinforce,0.0,0,855,95.68204594411257,72,0.015930891036987305,32.25857591629028,,,79.00729370117188,79.00729370117188,,,42.3187255859375,42.3187255859375,
reinforce,0.0,0,856,115.01624020229569,78,0.02939319610595703,32.28824710845947,,,111.17416381835938,111.17416381835938,,,48.59986114501953,48.59986114501953,
reinforce,0.0,0,857,102.80365907055608,70,0.016202926635742188,32.304659843444824,,,89.85144805908203,89.85144805908203,,,46.40487289428711,46.40487289428711,
reinforce,0.0,0,858,75.4218156802789,58,0.010131120681762695,32.314964056015015,,,65.38655853271484,65.38655853271484,,,35.037899017333984,35.037899017333984,
reinforce,0.0,0,859,119.40082057752177,78,0.013445854187011719,32.328553915023804,,,102.68128967285156,102.68128967285156,,,51.91278839111328,51.91278839111328,
reinforce,0.0,0,860,136.87174960729556,88,0.015287160873413086,32.343997955322266,122.71678123077018,66.51205091543719,130.67271423339844,130.67271423339844,,,57.582096099853516,57.582096099853516,
reinforce,0.0,0,861,85.95874951190918,60,0.010504007339477539,32.38867783546448,,,77.2040023803711,77.2040023803711,,,40.445579528808594,40.445579528808594,
reinforce,0.0,0,862,108.07931400888586,72,0.012865066528320312,32.40171504020691,,,86.1524429321289,86.1524429321289,,,47.48918914794922,47.48918914794922,
reinforce,0.0,0,863,81.84438552180548,60,0.010551214218139648,32.412405014038086,,,68.83702850341797,68.83702850341797,,,37.76041793823242,37.76041793823242,
reinforce,0.0,0,864,154.14250994024573,88,0.015545129776000977,32.42810797691345,,,160.66983032226562,160.66983032226562,,,65.72960662841797,65.72960662841797,
reinforce,0.0,0,865,97.34580007589308,67,0.011729001998901367,32.44000792503357,,,97.01415252685547,97.01415252685547,,,44.02658462524414,44.02658462524414,
reinforce,0.0,0,866,138.39697930770416,82,0.014185190200805664,32.45436215400696,,,132.3284912109375,132.3284912109375,,,59.89173889160156,59.89173889160156,
reinforce,0.0,0,867,246.79540525050427,129,0.02223682403564453,32.47674489021301,,,199.0788116455078,199.0788116455078,,,94.54219818115234,94.54219818115234,
reinforce,0.0,0,868,124.0482345912917,80,0.013656854629516602,32.49057698249817,,,119.5198745727539,119.5198745727539,,,54.2298583984375,54.2298583984375,
reinforce,0.0,0,869,240.84714739209565,125,0.02138686180114746,32.51209998130798,,,207.40884399414062,207.40884399414062,,,93.44312286376953,93.44312286376953,
reinforce,0.0,0,870,249.71027017698492,131,0.022562026977539062,32.5348379611969,,,174.7655487060547,174.7655487060547,,,93.71917724609375,93.71917724609375,
reinforce,0.0,0,871,144.1340577854666,85,0.014820098876953125,32.54983711242676,,,122.61282348632812,122.61282348632812,,,63.54833221435547,63.54833221435547,
reinforce,0.0,0,872,144.21404619254008,84,0.014773130416870117,32.56475496292114,,,126.28302001953125,126.28302001953125,,,61.743896484375,61.743896484375,
reinforce,0.0,0,873,188.84114824377488,108,0.01848292350769043,32.58340883255005,,,168.28851318359375,168.28851318359375,,,76.00463104248047,76.00463104248047,
reinforce,0.0,0,874,243.02654181750296,126,0.02261185646057129,32.60618591308594,,,192.58120727539062,192.58120727539062,,,93.54943084716797,93.54943084716797,
reinforce,0.0,0,875,94.7525290639151,68,0.011981010437011719,32.618335008621216,,,97.66755676269531,97.66755676269531,,,42.02906036376953,42.02906036376953,
reinforce,0.0,0,876,97.316290458331,66,0.01169586181640625,32.630194902420044,,,77.27294158935547,77.27294158935547,,,44.22539520263672,44.22539520263672,
reinforce,0.0,0,877,133.35950647340294,87,0.01517486572265625,32.64552593231201,,,117.6115493774414,117.6115493774414,,,57.41234588623047,57.41234588623047,
reinforce,0.0,0,878,105.71093623262907,72,0.0127410888671875,32.658432960510254,,,96.708740234375,96.708740234375,,,47.79612350463867,47.79612350463867,
reinforce,0.0,0,879,82.80181078263792,63,0.010432958602905273,32.669020891189575,,,90.12720489501953,90.12720489501953,,,38.684051513671875,38.684051513671875,
reinforce,0.0,0,880,106.4779204716167,76,0.013361930847167969,32.68253493309021,65.15461788926115,2.6431585371420354,104.05896759033203,104.05896759033203,,,46.53530502319336,46.53530502319336,
reinforce,0.0,0,881,71.7052154631459,55,0.009918928146362305,32.715872049331665,,,68.28624725341797,68.28624725341797,,,33.352134704589844,33.352134704589844,
reinforce,0.0,0,882,79.97912571292483,62,0.010879993438720703,32.72691988945007,,,72.94181823730469,72.94181823730469,,,36.24602508544922,36.24602508544922,
reinforce,0.0,0,883,53.36584535593799,50,0.008659839630126953,32.735755920410156,,,55.08856964111328,55.08856964111328,,,23.605690002441406,23.605690002441406,
reinforce,0.0,0,884,88.9107428289345,64,0.011017084121704102,32.7469220161438,,,79.94264221191406,79.94264221191406,,,39.56598663330078,39.56598663330078,
reinforce,0.0,0,885,72.3339684107819,59,0.010354042053222656,32.757447957992554,,,57.14291763305664,57.14291763305664,,,33.00190353393555,33.00190353393555,
reinforce,0.0,0,886,62.290121756316076,53,0.009135961532592773,32.76674795150757,,,66.01605224609375,66.01605224609375,,,29.429508209228516,29.429508209228516,
reinforce,0.0,0,887,58.83409110945982,54,0.00958395004272461,32.7765109539032,,,53.67885208129883,53.67885208129883,,,27.763402938842773,27.763402938842773,
reinforce,0.0,0,888,59.20074371317622,52,0.009002923965454102,32.78570079803467,,,57.79975891113281,57.79975891113281,,,27.32559585571289,27.32559585571289,
reinforce,0.0,0,889,54.8638462137489,47,0.008157968521118164,32.79402184486389,,,51.730751037597656,51.730751037597656,,,26.067686080932617,26.067686080932617,
reinforce,0.0,0,890,63.936917375230344,53,0.009500741958618164,32.80368089675903,,,72.57775115966797,72.57775115966797,,,29.51128578186035,29.51128578186035,
reinforce,0.0,0,891,53.09481355283617,49,0.008341073989868164,32.81219506263733,,,52.35846710205078,52.35846710205078,,,24.85610580444336,24.85610580444336,
reinforce,0.0,0,892,46.208176271837715,49,0.008473873138427734,32.820828914642334,,,41.95193862915039,41.95193862915039,,,20.806257247924805,20.806257247924805,
reinforce,0.0,0,893,52.31331097680722,44,0.007640838623046875,32.828635931015015,,,50.606422424316406,50.606422424316406,,,24.71039581298828,24.71039581298828,
reinforce,0.0,0,894,49.42627995620638,47,0.00853586196899414,32.83726096153259,,,45.06208801269531,45.06208801269531,,,23.030702590942383,23.030702590942383,
reinforce,0.0,0,895,71.95088803381262,59,0.010373830795288086,32.84787678718567,,,58.05112075805664,58.05112075805664,,,32.09263610839844,32.09263610839844,
reinforce,0.0,0,896,38.81484302876563,39,0.006762981414794922,32.85479497909546,,,40.85506057739258,40.85506057739258,,,18.211666107177734,18.211666107177734,
reinforce,0.0,0,897,49.72548211964265,46,0.007915973663330078,32.86283993721008,,,44.37487030029297,44.37487030029297,,,23.47841453552246,23.47841453552246,
reinforce,0.0,0,898,60.33532556118489,52,0.00904703140258789,32.87205100059509,,,59.741065979003906,59.741065979003906,,,27.095308303833008,27.095308303833008,
reinforce,0.0,0,899,64.7725739609612,54,0.009335041046142578,32.88165616989136,,,62.935890197753906,62.935890197753906,,,30.24267578125,30.24267578125,
reinforce,0.0,0,900,40.605199101717254,41,0.007269859313964844,32.88909292221069,48.03310094169308,2.396660065098134,40.6605224609375,40.6605224609375,,,19.286266326904297,19.286266326904297,
reinforce,0.0,0,901,61.28412784539265,52,0.008942127227783203,32.91846489906311,,,56.684326171875,56.684326171875,,,28.71430206298828,28.71430206298828,
reinforce,0.0,0,902,24.18066352886027,35,0.006220102310180664,32.92482304573059,,,23.150726318359375,23.150726318359375,,,10.072999954223633,10.072999954223633,
reinforce,0.0,0,903,65.67168431696341,54,0.009465217590332031,32.93449020385742,,,66.72106170654297,66.72106170654297,,,30.109867095947266,30.109867095947266,
reinforce,0.0,0,904,46.878823607376916,44,0.007706165313720703,32.9424250125885,,,55.744510650634766,55.744510650634766,,,22.21120834350586,22.21120834350586,
reinforce,0.0,0,905,53.11480138884766,45,0.007687091827392578,32.950258016586304,,,51.33610153198242,51.33610153198242,,,24.906370162963867,24.906370162963867,
reinforce,0.0,0,906,67.44463167990688,53,0.009025096893310547,32.95942401885986,,,55.52751541137695,55.52751541137695,,,31.891664505004883,31.891664505004883,
reinforce,0.0,0,907,69.02645816761374,57,0.010188102722167969,32.969752073287964,,,60.71035385131836,60.71035385131836,,,31.533538818359375,31.533538818359375,
reinforce,0.0,0,908,58.01758365279466,47,0.00825190544128418,32.97820281982422,,,47.559513092041016,47.559513092041016,,,27.65713882446289,27.65713882446289,
reinforce,0.0,0,909,38.17375958793526,38,0.0066606998443603516,32.98501896858215,,,33.848045349121094,33.848045349121094,,,17.820240020751953,17.820240020751953,
reinforce,0.0,0,910,60.30022922409353,48,0.008433818817138672,32.9936089515686,,,66.34949493408203,66.34949493408203,,,29.009979248046875,29.009979248046875,
reinforce,0.0,0,911,43.43287089672841,38,0.006846189498901367,33.00060296058655,,,45.739295959472656,45.739295959472656,,,20.912668228149414,20.912668228149414,
reinforce,0.0,0,912,33.308731060678305,34,0.005856037139892578,33.006587982177734,,,40.63829040527344,40.63829040527344,,,15.902606010437012,15.902606010437012,
reinforce,0.0,0,913,49.394908663742235,40,0.006974935531616211,33.013705015182495,,,51.953285217285156,51.953285217285156,,,24.192394256591797,24.192394256591797,
reinforce,0.0,0,914,36.870387303573416,34,0.006293058395385742,33.02014207839966,,,35.97360610961914,35.97360610961914,,,17.93359375,17.93359375,
reinforce,0.0,0,915,38.07067270019801,34,0.0059201717376708984,33.02619194984436,,,44.26696014404297,44.26696014404297,,,18.53261947631836,18.53261947631836,
reinforce,0.0,0,916,28.86243532656665,30,0.005165815353393555,33.031484842300415,,,29.162879943847656,29.162879943847656,,,13.753281593322754,13.753281593322754,
reinforce,0.0,0,917,30.573842306057145,27,0.004761934280395508,33.036420822143555,,,35.513946533203125,35.513946533203125,,,15.788077354431152,15.788077354431152,
reinforce,0.0,0,918,35.925101445976445,31,0.005652904510498047,33.04221796989441,,,32.418113708496094,32.418113708496094,,,18.086339950561523,18.086339950561523,
reinforce,0.0,0,919,22.128448447789516,23,0.0041239261627197266,33.04652810096741,,,24.32731819152832,24.32731819152832,,,10.977612495422363,10.977612495422363,
reinforce,0.0,0,920,30.54538428152413,31,0.0054168701171875,33.05207300186157,28.298940386994957,0.8706978713968903,29.90789222717285,29.90789222717285,,,14.540497779846191,14.540497779846191,
reinforce,0.0,0,921,29.506570962215676,29,0.005306243896484375,33.06981301307678,,,24.42671775817871,24.42671775817871,,,14.57582950592041,14.57582950592041,
reinforce,0.0,0,922,23.49651982440007,24,0.0043599605560302734,33.07432699203491,,,24.72353172302246,24.72353172302246,,,11.67261028289795,11.67261028289795,
reinforce,0.0,0,923,32.111518903705125,29,0.004910707473754883,33.079354763031006,,,31.433387756347656,31.433387756347656,,,16.222631454467773,16.222631454467773,
reinforce,0.0,0,924,27.985806964194474,27,0.004827737808227539,33.08432579040527,,,27.045103073120117,27.045103073120117,,,13.92264461517334,13.92264461517334,
reinforce,0.0,0,925,28.133881015039375,27,0.0047380924224853516,33.08922505378723,,,28.684648513793945,28.684648513793945,,,14.013635635375977,14.013635635375977,
reinforce,0.0,0,926,24.190068637837562,25,0.004238128662109375,33.0936119556427,,,28.129159927368164,28.129159927368164,,,11.960331916809082,11.960331916809082,
reinforce,0.0,0,927,28.402435134606073,28,0.004911899566650391,33.098652839660645,,,29.055255889892578,29.055255889892578,,,13.992220878601074,13.992220878601074,
reinforce,0.0,0,928,24.401184858891884,25,0.0045702457427978516,33.103424072265625,,,24.636768341064453,24.636768341064453,,,11.82620620727539,11.82620620727539,
reinforce,0.0,0,929,24.82129808538314,26,0.004673004150390625,33.10822606086731,,,26.222293853759766,26.222293853759766,,,12.103893280029297,12.103893280029297,
reinforce,0.0,0,930,24.329733132872917,26,0.004508018493652344,33.11286997795105,,,28.8858642578125,28.8858642578125,,,11.560415267944336,11.560415267944336,
reinforce,0.0,0,931,28.212514833383363,27,0.0048100948333740234,33.11778998374939,,,31.14875602722168,31.14875602722168,,,13.836235046386719,13.836235046386719,
reinforce,0.0,0,932,28.228293587898456,28,0.004868745803833008,33.122803926467896,,,32.22571563720703,32.22571563720703,,,13.754895210266113,13.754895210266113,
reinforce,0.0,0,933,21.92256938362563,26,0.004510164260864258,33.12742805480957,,,19.492769241333008,19.492769241333008,,,9.938721656799316,9.938721656799316,
reinforce,0.0,0,934,26.123343802123685,30,0.00521397590637207,33.13275599479675,,,19.695566177368164,19.695566177368164,,,11.962246894836426,11.962246894836426,
reinforce,0.0,0,935,21.59680408816693,24,0.004333972930908203,33.13720488548279,,,23.701780319213867,23.701780319213867,,,10.238799095153809,10.238799095153809,
reinforce,0.0,0,936,17.00993023696579,22,0.0038862228393554688,33.14120817184448,,,16.210739135742188,16.210739135742188,,,7.4726881980896,7.4726881980896,
reinforce,0.0,0,937,21.10573998302319,25,0.004410982131958008,33.14575695991516,,,15.92127799987793,15.92127799987793,,,9.752691268920898,9.752691268920898,
reinforce,0.0,0,938,17.69248861643111,23,0.003984928131103516,33.149888038635254,,,19.099275588989258,19.099275588989258,,,7.679901599884033,7.679901599884033,
reinforce,0.0,0,939,20.389377645613,24,0.0041887760162353516,33.15425682067871,,,16.469757080078125,16.469757080078125,,,9.468574523925781,9.468574523925781,
reinforce,0.0,0,940,23.403222796456646,25,0.004385709762573242,33.15877890586853,18.69136775033984,0.4825299460731193,22.465286254882812,22.465286254882812,,,11.187729835510254,11.187729835510254,
reinforce,0.0,0,941,19.11083597115664,24,0.004263877868652344,33.17468285560608,,,18.377824783325195,18.377824783325195,,,8.495139122009277,8.495139122009277,
reinforce,0.0,0,942,17.019275243114954,23,0.0039937496185302734,33.178812980651855,,,13.918787002563477,13.918787002563477,,,7.102972984313965,7.102972984313965,
reinforce,0.0,0,943,22.295017547271538,26,0.004687070846557617,33.18363118171692,,,22.53441619873047,22.53441619873047,,,10.197309494018555,10.197309494018555,
reinforce,0.0,0,944,17.09686453523562,22,0.0039539337158203125,33.18772101402283,,,15.094104766845703,15.094104766845703,,,7.468622207641602,7.468622207641602,
reinforce,0.0,0,945,16.20042199733629,22,0.004045963287353516,33.191890001297,,,17.047643661499023,17.047643661499023,,,6.823661804199219,6.823661804199219,
reinforce,0.0,0,946,18.39271226966906,23,0.004052162170410156,33.19605898857117,,,15.442867279052734,15.442867279052734,,,8.09223461151123,8.09223461151123,
reinforce,0.0,0,947,16.564680923469606,22,0.0042438507080078125,33.200411796569824,,,19.760828018188477,19.760828018188477,,,7.0803446769714355,7.0803446769714355,
reinforce,0.0,0,948,17.01986868015115,23,0.004078865051269531,33.20460486412048,,,20.173940658569336,20.173940658569336,,,7.2972517013549805,7.2972517013549805,
reinforce,0.0,0,949,18.237435975889944,23,0.004133939743041992,33.20889401435852,,,15.07966423034668,15.07966423034668,,,7.978989124298096,7.978989124298096,
reinforce,0.0,0,950,16.452368720518344,23,0.004160881042480469,33.213156938552856,,,13.74062442779541,13.74062442779541,,,6.951199531555176,6.951199531555176,
reinforce,0.0,0,951,14.272113709638392,20,0.003384828567504883,33.21666693687439,,,12.104059219360352,12.104059219360352,,,5.870862007141113,5.870862007141113,
reinforce,0.0,0,952,17.095274215879062,22,0.003962039947509766,33.22072386741638,,,11.776256561279297,11.776256561279297,,,7.524947643280029,7.524947643280029,
reinforce,0.0,0,953,18.150887435163497,23,0.0040740966796875,33.224895000457764,,,19.676973342895508,19.676973342895508,,,7.942642688751221,7.942642688751221,
reinforce,0.0,0,954,14.881260815086128,21,0.003772258758544922,33.228793144226074,,,10.358930587768555,10.358930587768555,,,6.2095770835876465,6.2095770835876465,
reinforce,0.0,0,955,17.457213451900827,22,0.0038771629333496094,33.23278307914734,,,14.961944580078125,14.961944580078125,,,7.759301662445068,7.759301662445068,
reinforce,0.0,0,956,16.841161101393528,22,0.003793001174926758,33.23676896095276,,,14.788199424743652,14.788199424743652,,,7.365231037139893,7.365231037139893,
reinforce,0.0,0,957,15.049701715407137,23,0.004099845886230469,33.24097800254822,,,14.929518699645996,14.929518699645996,,,5.864465236663818,5.864465236663818,
reinforce,0.0,0,958,16.63090094869934,21,0.0035429000854492188,33.244624853134155,,,15.815214157104492,15.815214157104492,,,7.422959327697754,7.422959327697754,
reinforce,0.0,0,959,16.122479500195887,22,0.0040760040283203125,33.248806953430176,,,14.644227027893066,14.644227027893066,,,6.697414875030518,6.697414875030518,
reinforce,0.0,0,960,17.34703236372309,23,0.004009246826171875,33.25292181968689,17.023694518749494,0.5488887548757363,19.399288177490234,19.399288177490234,,,7.404348850250244,7.404348850250244,
reinforce,0.0,0,961,18.71769278024038,24,0.0043027400970458984,33.268839836120605,,,18.185041427612305,18.185041427612305,,,8.08774471282959,8.08774471282959,
reinforce,0.0,0,962,17.12109390645415,21,0.0037817955017089844,33.272764921188354,,,13.953020095825195,13.953020095825195,,,7.8121018409729,7.8121018409729,
reinforce,0.0,0,963,17.07995828478318,24,0.0044171810150146484,33.27729797363281,,,15.299362182617188,15.299362182617188,,,7.206869602203369,7.206869602203369,
reinforce,0.0,0,964,21.815356941966023,26,0.0046231746673583984,33.28202700614929,,,20.840190887451172,20.840190887451172,,,9.684167861938477,9.684167861938477,
reinforce,0.0,0,965,18.88928233903104,26,0.004457950592041016,33.286640882492065,,,15.073720932006836,15.073720932006836,,,7.941016674041748,7.941016674041748,
reinforce,0.0,0,966,18.094144705251708,22,0.003920793533325195,33.29072690010071,,,19.36617088317871,19.36617088317871,,,8.223830223083496,8.223830223083496,
reinforce,0.0,0,967,18.1032570871738,23,0.004023075103759766,33.29486107826233,,,16.480527877807617,16.480527877807617,,,7.964298248291016,7.964298248291016,
reinforce,0.0,0,968,20.36369666107882,23,0.004190206527709961,33.29916214942932,,,22.781496047973633,22.781496047973633,,,9.649382591247559,9.649382591247559,
reinforce,0.0,0,969,21.551765107743872,24,0.004379987716674805,33.30364203453064,,,22.967008590698242,22.967008590698242,,,10.247269630432129,10.247269630432129,
reinforce,0.0,0,970,23.440091624302724,25,0.004273891448974609,33.30804395675659,,,24.669445037841797,24.669445037841797,,,11.144453048706055,11.144453048706055,
reinforce,0.0,0,971,20.224088555179794,24,0.004391908645629883,33.31257486343384,,,16.21356773376465,16.21356773376465,,,9.344165802001953,9.344165802001953,
reinforce,0.0,0,972,22.965874814813482,25,0.004397153854370117,33.31709003448486,,,24.735910415649414,24.735910415649414,,,10.840767860412598,10.840767860412598,
reinforce,0.0,0,973,24.36220864077815,25,0.004308938980102539,33.32151389122009,,,22.90959930419922,22.90959930419922,,,11.895203590393066,11.895203590393066,
reinforce,0.0,0,974,23.962674963653246,25,0.004579067230224609,33.326215982437134,,,28.779043197631836,28.779043197631836,,,11.755087852478027,11.755087852478027,
reinforce,0.0,0,975,21.248458019876935,22,0.0037848949432373047,33.33010292053223,,,22.81744384765625,22.81744384765625,,,10.568467140197754,10.568467140197754,
reinforce,0.0,0,976,24.555510210667933,25,0.004473209381103516,33.334676027297974,,,27.053871154785156,27.053871154785156,,,12.028355598449707,12.028355598449707,
reinforce,0.0,0,977,27.06195272476632,26,0.004670143127441406,33.339471101760864,,,29.27092170715332,29.27092170715332,,,13.444798469543457,13.444798469543457,
reinforce,0.0,0,978,24.529676044552094,23,0.004114866256713867,33.34369683265686,,,31.88494110107422,31.88494110107422,,,12.709785461425781,12.709785461425781,
reinforce,0.0,0,979,25.599543277514396,24,0.004355907440185547,33.348166942596436,,,27.710166931152344,27.710166931152344,,,13.146275520324707,13.146275520324707,
reinforce,0.0,0,980,30.032891600881218,26,0.004846096038818359,33.353139877319336,28.888369329154024,2.344543325581662,34.29102325439453,34.29102325439453,,,15.696720123291016,15.696720123291016,
reinforce,0.0,0,981,27.251236831798597,25,0.004336118698120117,33.369614124298096,,,29.872173309326172,29.872173309326172,,,13.942540168762207,13.942540168762207,
reinforce,0.0,0,982,28.418999574773743,24,0.004455089569091797,33.37417507171631,,,27.24607276916504,27.24607276916504,,,15.123353004455566,15.123353004455566,
reinforce,0.0,0,983,29.920213807259458,25,0.0042858123779296875,33.3785719871521,,,37.56713104248047,37.56713104248047,,,15.86478042602539,15.86478042602539,
reinforce,0.0,0,984,32.097079448618565,26,0.004640102386474609,33.38331389427185,,,32.564937591552734,32.564937591552734,,,17.119850158691406,17.119850158691406,
reinforce,0.0,0,985,35.78444098030159,28,0.004970073699951172,33.38840198516846,,,38.315223693847656,38.315223693847656,,,18.88766860961914,18.88766860961914,
reinforce,0.0,0,986,31.98243709972004,26,0.004524946212768555,33.39305591583252,,,29.847332000732422,29.847332000732422,,,16.998760223388672,16.998760223388672,
reinforce,0.0,0,987,44.55794367740291,33,0.005663871765136719,33.398929834365845,,,45.129425048828125,45.129425048828125,,,23.311256408691406,23.311256408691406,
reinforce,0.0,0,988,25.73124129382094,22,0.0040988922119140625,33.40313196182251,,,24.29743003845215,24.29743003845215,,,13.820635795593262,13.820635795593262,
reinforce,0.0,0,989,35.62686349176689,28,0.004948139190673828,33.40821409225464,,,42.11847686767578,42.11847686767578,,,18.920455932617188,18.920455932617188,
reinforce,0.0,0,990,37.53958670664116,29,0.004907846450805664,33.41324186325073,,,43.998931884765625,43.998931884765625,,,19.950899124145508,19.950899124145508,
reinforce,0.0,0,991,34.31822364244498,27,0.004814863204956055,33.41814875602722,,,43.043792724609375,43.043792724609375,,,18.108354568481445,18.108354568481445,
reinforce,0.0,0,992,39.84215862038407,30,0.005109071731567383,33.42338299751282,,,35.10292053222656,35.10292053222656,,,20.91216278076172,20.91216278076172,
reinforce,0.0,0,993,27.687417913467666,23,0.0039899349212646484,33.427483797073364,,,22.67173957824707,22.67173957824707,,,14.90450668334961,14.90450668334961,
reinforce,0.0,0,994,29.68091180337831,24,0.0042688846588134766,33.431854009628296,,,44.02773666381836,44.02773666381836,,,15.910168647766113,15.910168647766113,
reinforce,0.0,0,995,33.056668738543976,26,0.004700899124145508,33.436671018600464,,,42.88372802734375,42.88372802734375,,,17.49631690979004,17.49631690979004,
reinforce,0.0,0,996,36.741718993993786,28,0.004698038101196289,33.44147300720215,,,34.75269317626953,34.75269317626953,,,19.40957260131836,19.40957260131836,
reinforce,0.0,0,997,45.7497446878533,33,0.0056629180908203125,33.44737792015076,,,51.31512451171875,51.31512451171875,,,23.903079986572266,23.903079986572266,
reinforce,0.0,0,998,29.92037516815777,24,0.004450798034667969,33.451942920684814,,,36.38620376586914,36.38620376586914,,,16.0098819732666,16.0098819732666,
reinforce,0.0,0,999,45.89321395473618,33,0.005627870559692383,33.457695960998535,,,51.74846649169922,51.74846649169922,,,23.97256851196289,23.97256851196289,
reinforce,0.0,0,1000,30.0997000729581,24,0.004122734069824219,33.46192479133606,49.97888483698639,5.565270301774621,35.223018646240234,35.223018646240234,,,16.182004928588867,16.182004928588867,
