algo,baseline,seed,episode,episode_return,episode_steps,episode_time_sec,elapsed_time_sec,eval_mean_return,eval_std_return,loss,policy_loss,value_loss,entropy,mean_return,mean_advantage,advantage
actor_critic,,1,1,21.844316490463783,21,0.0255889892578125,0.02559208869934082,,,2.2635106926872615,1.567804367769332,0.9938661896047138,2.1504694507235573,,,0.8631811624481565
actor_critic,,1,2,10.891985456961892,13,0.007921934127807617,0.033670902252197266,,,2.9907048378999415,1.312109207877746,2.3979936946684925,2.143152273618258,,,0.47211252726041353
actor_critic,,1,3,22.77074275489425,21,0.013595819473266602,0.0474240779876709,,,4.414493451515834,2.123444017200243,3.272927858024126,2.140611557733445,,,0.749204817272368
actor_critic,,1,4,6.676431683755825,8,0.004945993423461914,0.05252885818481445,,,9.799068056046963,1.7283328846096992,11.529621224850416,2.13862344622612,,,-0.025717973709106445
actor_critic,,1,5,10.049070554651903,11,0.006831169128417969,0.05949115753173828,,,5.3962162137031555,-2.1742686466737227,10.814978680827402,2.1359313401308926,,,0.1605576601895419
actor_critic,,1,6,6.672051208772375,8,0.005016803741455078,0.064666748046875,,,14.591779038310051,1.164751797914505,19.18146776035428,2.1319006383419037,,,-0.2714812755584717
actor_critic,,1,7,10.763249598047826,11,0.0066680908203125,0.07149314880371094,,,11.883717255158858,0.7772013599222357,15.866451561450958,2.1290693933313545,,,0.04616741700605913
actor_critic,,1,8,10.007993745816503,10,0.006473064422607422,0.07810688018798828,,,9.628693830966949,-3.9375659227371216,19.380371367931367,2.1270413160324098,,,-0.12399826049804688
actor_critic,,1,9,13.257063039597744,12,0.007566213607788086,0.0858612060546875,,,14.792476644118628,2.1619119395812354,18.04366368552049,2.1258944074312844,,,0.03930783271789551
actor_critic,,1,10,9.912970347444592,10,0.00722503662109375,0.09324097633361816,,,15.70269329547882,-0.903057873249054,23.722502666711808,2.124566984176636,,,-0.36518707275390627
actor_critic,,1,11,7.985811769725811,9,0.005473136901855469,0.09886693954467773,,,21.008324093288845,0.615015576283137,29.13329882423083,2.123152256011963,,,-0.7031043370564779
actor_critic,,1,12,7.751285621079643,9,0.005815029144287109,0.10484099388122559,,,20.647077533933853,-1.3644760714636908,31.44507721066475,2.120465543535021,,,-0.8288144005669488
actor_critic,,1,13,7.69980161914075,9,0.0056803226470947266,0.11066913604736328,,,23.630669746134018,0.2599775923622979,33.38670313689444,2.1151220003763833,,,-0.9351091384887695
actor_critic,,1,14,11.574182968052439,12,0.0074689388275146484,0.1183018684387207,,,19.09981857969736,0.3133882530964911,26.837757138924037,2.1123741269111633,,,-0.5073810418446859
actor_critic,,1,15,10.619390852062212,11,0.006869077682495117,0.12534499168395996,,,19.21857557513497,-2.486215152523734,31.00684332238002,2.110288316553289,,,-0.7165503935380415
actor_critic,,1,16,11.438279999217192,12,0.007452964782714844,0.13293004035949707,,,20.784285679459572,-0.3286432499686877,30.16132755080859,2.1073982318242392,,,-0.6930500666300455
actor_critic,,1,17,6.94914901422656,8,0.005023002624511719,0.13810992240905762,,,33.32466974854469,-0.6696652472019196,48.56333568319678,2.103558897972107,,,-1.595719575881958
actor_critic,,1,18,9.849001110456244,10,0.006217002868652344,0.14449405670166016,,,25.57307289838791,-2.403730085492134,39.96686085760594,2.101348900794983,,,-1.1011423110961913
actor_critic,,1,19,6.583888248915489,8,0.0049591064453125,0.1495969295501709,,,37.63581492006779,-0.1369764432311058,53.961129412055016,2.09946009516716,,,-1.8108150959014893
actor_critic,,1,20,10.931576157198736,11,0.006903171539306641,0.1566331386566162,8.746743442815829,0.3541905803545755,26.451583363793112,-1.9610669992186807,40.58950080925768,2.098554936322299,,,-1.0526240955699573
actor_critic,,1,21,6.765495966586804,8,0.005588054656982422,0.17055487632751465,,,37.549480229616165,-4.517086997628212,60.09509505704045,2.0962401628494263,,,-1.9627647399902344
actor_critic,,1,22,6.735150034065444,8,0.005041837692260742,0.17577385902404785,,,39.469705663621426,-4.2324609234929085,62.43166902475059,2.094642549753189,,,-2.033367395401001
actor_critic,,1,23,8.217138144842504,9,0.005740165710449219,0.18191313743591309,,,38.75866586632199,-1.5370137890179951,57.56525309549438,2.092739952935113,,,-1.737458970811632
actor_critic,,1,24,5.5934750936029385,7,0.004619121551513672,0.18674993515014648,,,49.51362233928272,-4.100531288555691,76.59165291275296,2.0905890805380687,,,-2.6103382110595703
actor_critic,,1,25,6.567064914302734,8,0.015151262283325195,0.20204901695251465,,,48.2362789735198,-0.7953746020793915,70.04521916713566,2.0890128016471863,,,-2.2568750381469727
actor_critic,,1,26,6.464438471247167,8,0.005126237869262695,0.20736098289489746,,,43.567575730383396,-7.336809016764164,72.72054715454578,2.0868877172470093,,,-2.3319435119628906
actor_critic,,1,27,5.234965922300197,7,0.0043392181396484375,0.21187615394592285,,,57.31735910049507,-1.5975712920938219,84.16418440480318,2.084962947028024,,,-2.86785888671875
actor_critic,,1,28,5.408982533403683,7,0.004199981689453125,0.21620512008666992,,,57.95799853120531,-3.257454676287515,87.45065079416547,2.083125795636858,,,-2.8998241424560547
actor_critic,,1,29,6.409164623327995,8,0.005085945129394531,0.2214200496673584,,,47.79636235535145,-7.836885377764702,79.47607033606619,2.0798918902873993,,,-2.501650810241699
actor_critic,,1,30,5.973099006532787,8,0.004914283752441406,0.22646713256835938,,,54.973461635410786,-2.15451792627573,81.61139972414821,2.0745205879211426,,,-2.6143717765808105
actor_critic,,1,31,6.696477056353261,8,0.0051729679107666016,0.23178601264953613,,,48.17052458226681,-10.94342789053917,84.44850357808173,2.0705776810646057,,,-2.5828769207000732
actor_critic,,1,32,5.466938068191402,7,0.004300117492675781,0.23620986938476562,,,67.15857356786728,-2.2073995045253207,99.09424453335149,2.068474973951067,,,-3.148371832711356
actor_critic,,1,33,6.478137558648748,8,0.005003929138183594,0.2413499355316162,,,61.421521712094545,-1.1709818132221699,89.41786463744938,2.067193180322647,,,-2.7216298580169678
actor_critic,,1,34,5.652951466974186,7,0.004356861114501953,0.2458629608154297,,,68.38941209656852,-4.840218607868467,104.61376271503312,2.065634454999651,,,-3.2463956560407365
actor_critic,,1,35,5.80235764478466,7,0.0042989253997802734,0.2503180503845215,,,67.56310162373951,-7.6866592679704935,107.49965312651226,2.0627264295305525,,,-3.2849107469831194
actor_critic,,1,36,5.637834496584854,7,0.004281044006347656,0.2547109127044678,,,74.86435976198742,-2.3273287372929707,110.27384373758521,2.0596614565168108,,,-3.3656864166259766
actor_critic,,1,37,6.258674156517612,8,0.004971981048583984,0.2597999572753906,,,61.91517787799239,-7.880093682557344,99.70753488875926,2.0561949014663696,,,-2.9591453075408936
actor_critic,,1,38,6.422314572243236,8,0.004815816879272461,0.2647438049316406,,,68.4812570028007,-3.225548554211855,102.43829704076052,2.051619738340378,,,-2.9972033500671387
actor_critic,,1,39,5.393920486945795,7,0.004809141159057617,0.26969003677368164,,,76.60423340541976,-7.11517168368612,119.59915013292006,2.0476296629224504,,,-3.586409705025809
actor_critic,,1,40,5.623695829979249,7,0.004214048385620117,0.274014949798584,5.671249895092059,0.02917289165583482,82.18883081844875,-3.59098305446761,122.5425861882312,2.045370135988508,,,-3.6081932612827847
actor_critic,,1,41,5.598353323070273,7,0.004405975341796875,0.2829279899597168,,,83.97102771486554,-3.7319823588643755,125.29001530898469,2.0435116972242082,,,-3.6662257058279857
actor_critic,,1,42,6.2740294274474335,8,0.005028247833251953,0.28810811042785645,,,73.04640745185316,-5.849280495196581,112.70812358614057,2.042542815208435,,,-3.2147185802459717
actor_critic,,1,43,5.243995232910682,7,0.004209041595458984,0.29244494438171387,,,82.11082463605064,-9.71733888557979,131.18309857909168,2.042263780321394,,,-3.831988198416574
actor_critic,,1,44,5.3362581059526635,7,0.004472255706787109,0.2970590591430664,,,86.3895454619612,-7.5609336750847955,134.2149680310062,2.0413200174059187,,,-3.868747983660017
actor_critic,,1,45,6.233866849147487,8,0.004879951477050781,0.3020648956298828,,,73.38484658300877,-11.035602651536465,120.60064367111772,2.0399054288864136,,,-3.3648290634155273
actor_critic,,1,46,5.619222632285956,7,0.004194736480712891,0.3064079284667969,,,95.42161050864628,-2.8880519781793867,140.44238514346736,2.0385472093309676,,,-3.9416092463902066
actor_critic,,1,47,6.870340909427145,8,0.005025625228881836,0.3115379810333252,,,68.98952477052808,-18.642072565853596,125.18799236044288,2.037525773048401,,,-3.3831372261047363
actor_critic,,1,48,5.844054072812309,7,0.00425410270690918,0.3159360885620117,,,92.16791384560722,-10.213499086243766,146.25916164049082,2.0359091758728027,,,-4.023034776960101
actor_critic,,1,49,6.996012923142621,8,0.0047817230224609375,0.32085084915161133,,,81.4849296361208,-9.849191281944513,130.47732542455196,2.0339894890785217,,,-3.472282886505127
actor_critic,,1,50,5.922311497584422,7,0.004334688186645508,0.3253288269042969,,,101.59462911742074,-5.234098332268851,152.61245985116278,2.0315805843898227,,,-4.131114959716797
actor_critic,,1,51,7.126807937979013,8,0.0049381256103515625,0.33040404319763184,,,93.1391264051199,-2.0972382575273514,136.05194496177137,2.0289358496665955,,,-3.5614209175109863
actor_critic,,1,52,6.062393904331363,7,0.004153013229370117,0.33470892906188965,,,104.09587427548,-7.239264160394669,159.05019917019777,2.0260466166904996,,,-4.2303058079310825
actor_critic,,1,53,7.1531807419874855,8,0.004965066909790039,0.33981800079345703,,,88.64717791974545,-10.990039609372616,142.33888163417578,2.0236394107341766,,,-3.6639246940612793
actor_critic,,1,54,7.29591087284233,8,0.004981040954589844,0.3449668884277344,,,92.35410264879465,-9.577260818332434,145.61623300798237,2.0231773853302,,,-3.702639102935791
actor_critic,,1,55,8.281712892218007,9,0.005486011505126953,0.3505818843841553,,,86.05927457412083,-7.032269689771864,132.98792744013997,2.024156437979804,,,-3.278932359483507
actor_critic,,1,56,7.196023372729072,8,0.004827260971069336,0.35555505752563477,,,89.94531110674143,-17.435193099081516,153.40073227323592,2.0251227617263794,,,-3.839704990386963
actor_critic,,1,57,5.930260197031556,7,0.004463911056518555,0.36014389991760254,,,124.09216994047165,-1.8074171841144562,179.8565584761756,2.0242370877947127,,,-4.575194767543247
actor_critic,,1,58,7.036661072506145,8,0.004919767379760742,0.3652019500732422,,,104.7191235050559,-7.298887103796005,160.02573297731578,2.023449569940567,,,-3.966135025024414
actor_critic,,1,59,5.8643555248355295,7,0.0042231082916259766,0.36954402923583984,,,112.64494381632123,-19.004666175161088,188.0708764067718,2.021634101867676,,,-4.703296661376953
actor_critic,,1,60,7.035656700414578,8,0.005023956298828125,0.3746829032897949,7.153579944140023,0.06796413801871555,110.3477482534945,-6.189706197008491,166.48207781091332,2.0185186862945557,,,-4.068919658660889
actor_critic,,1,61,7.242286592805222,8,0.005117177963256836,0.3848450183868408,,,113.21139006316662,-6.138627424836159,170.50002647005022,2.01586052775383,,,-4.097882270812988
actor_critic,,1,62,5.859441779665011,7,0.004325151443481445,0.3893160820007324,,,132.31288974199975,-7.79895094037056,200.15978052573544,2.01433869770595,,,-4.881040845598493
actor_critic,,1,63,5.813163429327695,7,0.004396915435791016,0.3938159942626953,,,105.21272489002773,-37.52715771113123,203.91412048574006,2.013045038495745,,,-4.940214974539621
actor_critic,,1,64,6.936054428945734,8,0.005027055740356445,0.3989601135253906,,,122.36602690815926,-4.4746248498559,181.20093519985676,2.0117440223693848,,,-4.282793998718262
actor_critic,,1,65,7.194342614142066,8,0.004832029342651367,0.40392303466796875,,,108.0649494305253,-20.426521465182304,183.55924141965806,2.0105044841766357,,,-4.303655624389648
actor_critic,,1,66,6.069410347811738,7,0.004384040832519531,0.4084339141845703,,,145.33774550471986,-5.429896507944379,215.38235960581474,2.0091730526515414,,,-5.076658521379743
actor_critic,,1,67,5.988669910333543,7,0.004281044006347656,0.41287899017333984,,,151.40892867531096,-2.427722121988024,219.76665836146898,2.0074734347207204,,,-5.1391176496233255
actor_critic,,1,68,7.2447750732821525,8,0.004800081253051758,0.41782093048095703,,,129.72955195978284,-6.574904020875692,194.72064987942576,2.006758898496628,,,-4.4426445960998535
actor_critic,,1,69,7.327318455910911,8,0.005081892013549805,0.42302584648132324,,,131.60826441273093,-6.887617798522115,197.85126426257193,2.0063127279281616,,,-4.485180377960205
actor_critic,,1,70,7.107140129336536,8,0.00528407096862793,0.4284379482269287,,,138.01460426300764,-3.538472145795822,202.21868249587715,2.0034263730049133,,,-4.566015720367432
actor_critic,,1,71,9.135402277514126,9,0.005633831024169922,0.43419480323791504,,,124.29102314180798,-3.0937620798746743,181.9782761219475,2.0016267034742565,,,-3.934334648980035
actor_critic,,1,72,7.0572460524399085,8,0.004975795745849609,0.4393489360809326,,,139.24247197806835,-8.817396376281977,211.51409140601754,2.0020215809345245,,,-4.6907548904418945
actor_critic,,1,73,5.99315043241115,7,0.004441261291503906,0.44399213790893555,,,155.18060407893998,-17.846951058932714,247.18222162872553,2.0005814347948347,,,-5.505801609584263
actor_critic,,1,74,6.930894622973844,8,0.005610942840576172,0.4497652053833008,,,143.29895498603582,-10.04008673876524,219.05575784109533,1.997126117348671,,,-4.803596496582031
actor_critic,,1,75,5.8948873499757095,7,0.004376888275146484,0.45439887046813965,,,176.43418971981322,-2.6587848152433122,255.84711595411812,1.995250599724906,,,-5.626392364501953
actor_critic,,1,76,6.037074039635222,7,0.004202842712402344,0.45874619483947754,,,169.30182881866182,-12.098152697086334,259.14282423683574,1.9958197900227137,,,-5.6549208504813055
actor_critic,,1,77,6.196885363756834,7,0.004411935806274414,0.46331191062927246,,,174.85335134608405,-8.315734773874283,261.6701387709805,1.9956364631652832,,,-5.679203033447266
actor_critic,,1,78,7.1891307755884934,8,0.0050182342529296875,0.4684641361236572,,,152.38513942062855,-10.195139907300472,232.25755226239562,1.9938556104898453,,,-4.950263023376465
actor_critic,,1,79,5.83900763890512,7,0.004220008850097656,0.47281503677368164,,,178.77186478887285,-11.252684908253807,271.4636411815882,1.9923418760299683,,,-5.836843763078962
actor_critic,,1,80,5.963338653821966,7,0.004556894302368164,0.47750186920166016,6.279909191765541,0.3656996482273278,185.342550018004,-7.020813835518701,274.80479975470473,1.9908826351165771,,,-5.866815839494977
actor_critic,,1,81,7.090024437433908,8,0.004971981048583984,0.487076997756958,,,163.2942579612136,-7.204111270606518,243.56910682469606,1.9878034442663193,,,-5.095839023590088
actor_critic,,1,82,5.844652838374909,7,0.004229068756103516,0.49144792556762695,,,193.50976591450828,-5.5521679392882755,284.37419712969233,1.98556307383946,,,-5.985944475446429
actor_critic,,1,83,6.173136530310387,7,0.0043141841888427734,0.49591803550720215,,,188.91293932284628,-11.47841463131564,286.27336309637343,1.983924388885498,,,-5.984933035714286
actor_critic,,1,84,5.9418753352521065,7,0.004177093505859375,0.5002391338348389,,,192.57819727914674,-11.53952294588089,291.5967388248869,1.9811747755323137,,,-6.065206255231585
actor_critic,,1,85,7.194000935232381,8,0.00498199462890625,0.5053160190582275,,,172.52665394544601,-7.914048530161381,257.7724419152364,1.9792995899915695,,,-5.255369186401367
actor_critic,,1,86,7.0772117584133305,8,0.0047190189361572266,0.5101690292358398,,,173.5430318340659,-9.393924441188574,261.3385146744549,1.976659670472145,,,-5.318872928619385
actor_critic,,1,87,5.901299622596851,7,0.004022121429443359,0.5142920017242432,,,187.6256075501442,-25.88579693010875,305.0163195186428,1.9740568910326277,,,-6.2278273446219305
actor_critic,,1,88,8.786443966022441,9,0.005338907241821289,0.5197079181671143,,,161.98175555467606,-4.568821302718586,237.929394794835,1.972994367281596,,,-4.675645192464192
actor_critic,,1,89,7.380437069470141,8,0.004696846008300781,0.5244958400726318,,,182.6742604635656,-8.556697227060795,273.1870815940201,1.9712660610675812,,,-5.428974151611328
actor_critic,,1,90,10.469171213040273,10,0.00587916374206543,0.5305159091949463,,,146.70834718942643,-7.817325213551522,220.75096037983894,1.9678166270256043,,,-4.183765029907226
actor_critic,,1,91,5.9984256539543,7,0.003949165344238281,0.5345869064331055,,,211.80966483695167,-16.790052269186294,326.5710315895932,1.966294424874442,,,-6.463301522391183
actor_critic,,1,92,7.39525318746727,8,0.004711151123046875,0.5393531322479248,,,197.82767079025507,-3.369004223495722,287.4238440860063,1.966041922569275,,,-5.590723991394043
actor_critic,,1,93,8.570122281687048,9,0.0052068233489990234,0.5446457862854004,,,178.17884046501584,-3.462308171722624,259.4873515508241,1.9657523367140028,,,-4.945533752441406
actor_critic,,1,94,6.122969253781781,7,0.0040051937103271484,0.5487291812896729,,,218.21518133367812,-20.43115328465189,340.9233438936727,1.9657519885471888,,,-6.617774963378906
actor_critic,,1,95,9.19908839803774,9,0.005255937576293945,0.5540649890899658,,,182.16751556926303,-3.6812502907382116,265.49824737177954,1.966280460357666,,,-4.965591006808811
actor_critic,,1,96,8.854159503970369,9,0.005287885665893555,0.5594229698181152,,,185.52384949061604,-4.154085040092468,270.9684890558322,1.9667868746651544,,,-5.058892991807726
actor_critic,,1,97,7.209154047639058,8,0.00460505485534668,0.5641238689422607,,,215.9318644963205,-2.5810217149555683,312.16127353720367,1.9669975489377975,,,-5.886682987213135
actor_critic,,1,98,7.12743916870863,8,0.0045011043548583984,0.5687859058380127,,,213.37623186409473,-8.712619230151176,317.26979302149266,1.9681450873613358,,,-5.945815086364746
actor_critic,,1,99,7.45212921490163,8,0.004613161087036133,0.5734641551971436,,,210.01816284656525,-14.93804156780243,321.36599675938487,1.969036728143692,,,-5.953357219696045
actor_critic,,1,100,7.818629167732268,8,0.004555702209472656,0.5781497955322266,7.138803093011217,0.03774562748093212,224.2580901607871,-3.488926686346531,325.3528882935643,1.9676257073879242,,,-5.956589698791504
actor_critic,,1,101,7.357711911088798,8,0.004820108413696289,0.5876560211181641,,,227.93362149596214,-3.734700657427311,330.95475764386356,1.9663041085004807,,,-6.064929962158203
actor_critic,,1,102,7.128514092350191,8,0.004603147506713867,0.5923430919647217,,,226.63825895637274,-8.750341534614563,336.26943445019424,1.96623694896698,,,-6.14262056350708
actor_critic,,1,103,7.200004792231076,8,0.004620790481567383,0.5970418453216553,,,224.480679795146,-13.74025646969676,340.3156335838139,1.964419662952423,,,-6.179338455200195
actor_critic,,1,104,8.898540231702386,9,0.005184173583984375,0.6022989749908447,,,191.88719195127487,-21.34752809504668,304.6210460861524,1.961727778116862,,,-5.410336388481988
actor_critic,,1,105,10.933000867425573,10,0.005719184875488281,0.6081039905548096,,,192.3513256251812,-2.12610220015049,277.8249031484127,1.9586226344108582,,,-4.7737377166748045
actor_critic,,1,106,6.9638111659202595,8,0.004543304443359375,0.6127941608428955,,,230.1758902221918,-20.63005194440484,358.2941976413131,1.9566610157489777,,,-6.382282257080078
actor_critic,,1,107,8.855714267426139,9,0.005246877670288086,0.6181139945983887,,,197.1220465335581,-26.823375801245373,319.92201832019623,1.955237693256802,,,-5.572152031792535
actor_critic,,1,108,8.827995120571872,9,0.005175113677978516,0.623406171798706,,,222.78887110617427,-4.707436821526951,324.99473735276194,1.9509276019202337,,,-5.6262228224012585
actor_critic,,1,109,10.60646842108953,10,0.0061228275299072266,0.629612922668457,,,201.27215949892997,-6.524927914142609,296.85299729406836,1.9459226608276368,,,-4.995164108276367
actor_critic,,1,110,9.056236553837078,9,0.0051958560943603516,0.6349029541015625,,,231.1561304198371,-3.714476494325532,335.5294521368212,1.9429610040452745,,,-5.716810438368055
actor_critic,,1,111,8.948823776480294,9,0.005045890808105469,0.6400728225708008,,,214.0064693954256,-25.62797349360254,342.3349368414945,1.9407397243711684,,,-5.7823944091796875
actor_critic,,1,112,9.188773620437905,9,0.00525212287902832,0.6454000473022461,,,231.03337711758084,-11.441778909828928,346.39306017673675,1.9359928634431627,,,-5.809096442328559
actor_critic,,1,113,9.279080946408886,9,0.005300998687744141,0.6507940292358398,,,240.49193401469125,-5.877361603909069,351.95611675249205,1.9302271869447496,,,-5.8525034586588545
actor_critic,,1,114,14.883058019782544,12,0.0069081783294677734,0.6578187942504883,,,174.69651548564434,-12.004359637697538,266.71552828202647,1.9244093199570973,,,-4.124065399169922
actor_critic,,1,115,12.728593784292986,11,0.0064449310302734375,0.6643528938293457,,,197.629981295629,-11.05625220862302,298.12317251888186,1.920178922739896,,,-4.703768296675249
actor_critic,,1,116,12.560359086703286,11,0.006467103958129883,0.6709020137786865,,,204.32031479477882,-9.695896102623506,305.7374560358849,1.9174737388437444,,,-4.780330311168324
actor_critic,,1,117,12.312046825045574,11,0.006474018096923828,0.6774640083312988,,,214.17103670402005,-4.0629687905311584,311.7628687654029,1.9151161150498823,,,-4.86355244029652
actor_critic,,1,118,16.143657581612956,13,0.007442951202392578,0.6849930286407471,,,185.2197710779997,-2.557464223641616,268.2532144567141,1.915330327474154,,,-3.9748452993539662
actor_critic,,1,119,12.229692755837593,11,0.006515979766845703,0.6915919780731201,,,225.82265704599294,-2.614912978627465,326.33941283551127,1.9164410504427822,,,-5.006157268177379
actor_critic,,1,120,12.352336682875848,11,0.006319761276245117,0.6980018615722656,11.745653201457465,0.8373780863100805,228.27707268162206,-4.81406104835597,332.9873368767175,1.9171645099466497,,,-5.055584994229403
actor_critic,,1,121,14.101725149311262,12,0.00710296630859375,0.711920976638794,,,213.49115365495285,-4.2916946324209375,311.1183692204456,1.9186739524205525,,,-4.6012115478515625
actor_critic,,1,122,16.79251912690779,13,0.007463216781616211,0.7194721698760986,,,198.6640261021944,-5.952048371617611,292.3087021204141,1.916707258958083,,,-4.151683807373047
actor_critic,,1,123,10.847995684716171,10,0.005814075469970703,0.7253949642181396,,,267.18905080258844,-6.247098276019097,390.62305332794784,1.911339032649994,,,-5.862393188476562
actor_critic,,1,124,13.819280880887018,12,0.0070493221282958984,0.7325499057769775,,,229.69781117637953,-1.7897484973073006,330.6965014655143,1.9090757966041565,,,-4.801219304402669
actor_critic,,1,125,9.94332748107939,10,0.005681037902832031,0.738332986831665,,,276.83113650083544,-7.430414092540741,406.0879276901484,1.9111438632011413,,,-6.074729537963867
actor_critic,,1,126,12.915266280750506,11,0.006223201751708984,0.7446551322937012,,,256.1168070191687,-4.538557736711069,372.364823337983,1.9110038605603306,,,-5.363422393798828
actor_critic,,1,127,7.229112033317656,8,0.00462794303894043,0.7493560314178467,,,363.78510998003185,-4.874041303992271,526.6559385492001,1.9082574844360352,,,-7.889748573303223
actor_critic,,1,128,15.32633221863881,13,0.007485389709472656,0.7569332122802734,,,212.61316358584625,-14.026295130069439,323.7706674085214,1.908123337305509,,,-4.5308380126953125
actor_critic,,1,129,14.910500840995631,12,0.006880998611450195,0.7639260292053223,,,243.7329882979393,-5.03671599427859,355.3853171231846,1.9065069556236267,,,-4.944233576456706
actor_critic,,1,130,14.248696652347164,12,0.006906747817993164,0.7709329128265381,,,244.7250226661563,-9.739731756349405,363.5210969951004,1.9027484357357025,,,-5.05671501159668
actor_critic,,1,131,14.814359453072521,12,0.006822109222412109,0.7778570652008057,,,245.28658829877773,-13.760448495546976,370.06717687721056,1.9001464545726776,,,-5.065008163452148
actor_critic,,1,132,13.08465131619353,11,0.0064089298248291016,0.7843661308288574,,,272.83241807601667,-14.475849667733366,410.4404071014036,1.8973628065802834,,,-5.674332358620384
actor_critic,,1,133,13.128766359947893,12,0.006823062896728516,0.7913310527801514,,,258.29412644542754,-5.868296158810456,377.3748808961439,1.8956870039304097,,,-5.297145843505859
actor_critic,,1,134,9.243696142981037,9,0.005290031433105469,0.7967250347137451,,,347.4440169400639,-16.28387656642331,519.6113035745091,1.8946693473392062,,,-7.306994120279948
actor_critic,,1,135,9.528589543438324,9,0.00518798828125,0.8020269870758057,,,345.0888691776329,-20.16304114129808,521.7884834917883,1.894396252102322,,,-7.313997056749132
actor_critic,,1,136,10.719975321540941,10,0.005713939666748047,0.8078839778900146,,,325.88988790661097,-6.424717345833779,474.73515079915524,1.895401418209076,,,-6.574449920654297
actor_critic,,1,137,10.229475330774296,10,0.005656003952026367,0.8136739730834961,,,331.04612483009697,-5.824814137816429,481.2442005936988,1.8966256380081177,,,-6.663519287109375
actor_critic,,1,138,8.97936576030456,9,0.005196094512939453,0.8189470767974854,,,364.5541860163212,-11.30670525547531,536.944120215666,1.8969010644488864,,,-7.5012664794921875
actor_critic,,1,139,7.348150233283572,8,0.0046460628509521484,0.8236989974975586,,,405.51653930544853,-26.00150440633297,616.4543263581581,1.896403431892395,,,-8.585786819458008
actor_critic,,1,140,7.2894171440106446,8,0.004514932632446289,0.8283090591430664,7.4020484180437975,0.06982214214085208,406.6241767471656,-24.770551160909235,616.2781947164913,1.8954170048236847,,,-8.617803573608398
actor_critic,,1,141,5.301555470751466,8,0.004758119583129883,0.8375930786132812,,,416.3840781915933,-22.977366536855698,627.6592154819518,1.8960182815790176,,,-8.881362915039062
actor_critic,,1,142,7.328983154264944,8,0.0045070648193359375,0.8422110080718994,,,398.4943044889951,-36.997522125951946,622.1311830540653,1.8974366188049316,,,-8.6353120803833
actor_critic,,1,143,6.32228610142185,8,0.004591941833496094,0.8468949794769287,,,429.40590636851266,-8.152087829774246,625.0828600267123,1.8989140391349792,,,-8.771632194519043
actor_critic,,1,144,5.894274520353099,8,0.00460505485534668,0.8515980243682861,,,426.930711153429,-11.575528657529503,626.4374821737874,1.9001953154802322,,,-8.828682899475098
actor_critic,,1,145,6.6583597559765115,8,0.004552125930786133,0.8562519550323486,,,416.6208902653307,-20.26248891558498,624.1191294624878,1.9004248529672623,,,-8.734529495239258
actor_critic,,1,146,6.087611780652916,8,0.004492998123168945,0.8608241081237793,,,426.69935543229803,-12.357629063539207,627.2242567538924,1.8999067693948746,,,-8.809357643127441
actor_critic,,1,147,6.7990546156767095,9,0.0050449371337890625,0.8659429550170898,,,382.6892700240844,-8.28371164906356,558.5328544601281,1.8996718857023451,,,-7.832997639973958
actor_critic,,1,148,7.471811759648311,8,0.004613161087036133,0.8706390857696533,,,422.2856656424701,-11.976983204483986,620.3752099187113,1.9009207636117935,,,-8.641390800476074
actor_critic,,1,149,8.695288996622528,9,0.005055904388427734,0.8758020401000977,,,361.0246542439693,-24.50808038852281,550.7610446261759,1.9019095367855496,,,-7.637713962131077
actor_critic,,1,150,6.58302654305478,9,0.005352973937988281,0.8812339305877686,,,385.2575002658284,-8.035662487149239,561.8473542962327,1.9015941752327814,,,-7.885800679524739
actor_critic,,1,151,7.847765925960937,8,0.004648923873901367,0.8859848976135254,,,419.6812572591007,-20.43134892359376,628.7322923820466,1.9013198614120483,,,-8.634427070617676
actor_critic,,1,152,8.497879010546264,9,0.0052890777587890625,0.8913710117340088,,,384.77797388161224,-6.329358207682769,558.7247607364422,1.9012768930859036,,,-7.702532450358073
actor_critic,,1,153,7.956185470785312,9,0.00496983528137207,0.8964478969573975,,,382.3755368942188,-11.225276233421432,562.2868657233516,1.900999943415324,,,-7.78206549750434
actor_critic,,1,154,8.779700557985064,9,0.0052258968353271484,0.9017589092254639,,,379.94179092182054,-13.42266420688894,561.9491993303204,1.9010092284944322,,,-7.709545559353298
actor_critic,,1,155,8.779836047764146,9,0.005137920379638672,0.9069738388061523,,,391.1348379432327,-4.385986362066534,565.0297434262725,1.9019389814800687,,,-7.732282002766927
actor_critic,,1,156,9.9114829625487,10,0.005769968032836914,0.9128718376159668,,,348.43171464651823,-9.28316421508789,511.021266424004,1.9036718964576722,,,-6.943916320800781
actor_critic,,1,157,8.162830285392152,9,0.005230903625488281,0.9182028770446777,,,398.4758368167612,-5.612397195978297,577.2689350404673,1.9054497480392456,,,-7.855659484863281
actor_critic,,1,158,9.759653134931908,10,0.005643129348754883,0.9239270687103271,,,345.85964706558735,-15.546240013465285,516.2941322539002,1.9066841006278992,,,-7.005088806152344
actor_critic,,1,159,10.40992766563324,10,0.0057179927825927734,0.9298629760742188,,,355.9287454716861,-7.778827583044768,519.5822592072188,1.9080209255218505,,,-6.967683410644531
actor_critic,,1,160,10.541107259148674,10,0.005661964416503906,0.9356338977813721,10.14185313885812,0.8523960236641536,358.2211351029575,-7.888889670372009,523.0143311377615,1.9083961367607116,,,-6.985965728759766
actor_critic,,1,161,10.977571004458968,10,0.005860805511474609,0.9468019008636475,,,354.05078603923323,-17.423434203863145,530.6774871401489,1.9086965203285218,,,-6.980037689208984
actor_critic,,1,162,9.131396131062706,9,0.00507807731628418,0.9520020484924316,,,398.0127778848012,-20.893581012884777,598.4376507231759,1.9096470806333754,,,-7.919185214572483
actor_critic,,1,163,7.656739904084031,8,0.004884004592895508,0.9569699764251709,,,468.74776573013514,-7.032536348327994,679.6861842521466,1.909068912267685,,,-9.03431510925293
actor_critic,,1,164,9.90496635725368,10,0.005767822265625,0.9628548622131348,,,367.47508673593404,-15.054488254338503,546.4708100757562,1.9097445368766786,,,-7.182186889648437
actor_critic,,1,165,10.562650045680174,10,0.005769968032836914,0.9687280654907227,,,366.9635513454676,-17.731687171757223,549.5646399833262,1.9095694184303285,,,-7.150154876708984
actor_critic,,1,166,10.266361644400405,10,0.005768775939941406,0.974592924118042,,,378.33074895367025,-10.461488723754883,555.4174867635593,1.9096033453941346,,,-7.217668914794922
actor_critic,,1,167,8.734972258905644,9,0.005027055740356445,0.979727029800415,,,429.1305997404787,-7.507483621438344,623.7686796245268,1.9096799426608615,,,-8.139962090386284
actor_critic,,1,168,10.508387373660966,10,0.005815029144287109,0.9856109619140625,,,378.86193747520446,-15.04797405153513,562.7284494029358,1.9097837209701538,,,-7.255408477783203
actor_critic,,1,169,10.688223948520369,10,0.005828857421875,0.9915478229522705,,,390.05945157557727,-6.144614557176828,566.0057993926108,1.9088829159736633,,,-7.27314453125
actor_critic,,1,170,8.762632518127784,9,0.005182981491088867,0.9968340396881104,,,428.06393693635863,-17.74430414247844,636.868920186638,1.9086175362269084,,,-8.24375745985243
actor_critic,,1,171,9.170439924898982,9,0.0052149295806884766,1.0021429061889648,,,427.391748516096,-21.56488869090875,641.3666294252293,1.907586031489902,,,-8.228093465169271
actor_critic,,1,172,12.611488053306577,11,0.006352901458740234,1.0085937976837158,,,361.12069016830486,-5.021113042127002,523.0597384886986,1.9051161787726663,,,-6.59320761940696
actor_critic,,1,173,9.129890031747244,9,0.005084991455078125,1.0138299465179443,,,448.2686299598879,-8.745833650231361,652.877828169821,1.9032393164104886,,,-8.311713324652779
actor_critic,,1,174,11.081675788831207,10,0.005818843841552734,1.0197539329528809,,,402.57967694848776,-9.684370876848698,588.9486353911459,1.9032219409942628,,,-7.397919464111328
actor_critic,,1,175,9.240374908834417,9,0.005269050598144531,1.0251178741455078,,,430.4632430937555,-33.97611922687955,663.4847897589207,1.9031096299489338,,,-8.374238755967882
actor_critic,,1,176,11.931190171276604,11,0.006324052810668945,1.031580924987793,,,355.211654340679,-23.415049741213974,540.8953248314898,1.9020736867731267,,,-6.7814553000710225
actor_critic,,1,177,8.95951217173797,9,0.005049705505371094,1.0367517471313477,,,454.4408334874445,-17.4778541467256,674.1695682917618,1.9028964440027873,,,-8.475034925672743
actor_critic,,1,178,12.20184587257838,11,0.006175041198730469,1.0430488586425781,,,376.3689348090186,-7.09295354411006,547.8027194364589,1.9013988213105635,,,-6.811906987970525
actor_critic,,1,179,11.214272732574656,11,0.006257057189941406,1.049389123916626,,,381.99058347059923,-6.503964061764154,554.9922658537769,1.9012598232789473,,,-6.931396484375
actor_critic,,1,180,7.426800614450864,8,0.00469517707824707,1.0541760921478271,10.4054061665492,1.1408483320753064,518.6310814833269,-26.333106161793694,778.5202658763883,1.9023433923721313,,,-9.734251976013184
actor_critic,,1,181,9.52044427435002,10,0.005939960479736328,1.0655601024627686,,,410.0231169715524,-27.34956231378019,624.8180871129967,1.9038619637489318,,,-7.758066558837891
actor_critic,,1,182,9.471558452076554,10,0.0058040618896484375,1.07161283493042,,,415.09585004709663,-18.872692491859198,619.9551218046399,1.9050578236579896,,,-7.777744293212891
actor_critic,,1,183,8.500841771595447,9,0.005134105682373047,1.0768351554870605,,,477.0358398641563,-13.470520192550289,700.7234155851571,1.905863708919949,,,-8.678947448730469
actor_critic,,1,184,10.161858619073946,10,0.005791664123535156,1.0827038288116455,,,424.6760956138372,-11.40580934882164,622.9741521246266,1.9081599354743957,,,-7.7415214538574215
actor_critic,,1,185,10.786637956769997,10,0.005717039108276367,1.088517189025879,,,429.08781844545155,-8.011324900388718,624.4273692074232,1.90974702835083,,,-7.699988555908203
actor_critic,,1,186,8.837577508276963,9,0.005166769027709961,1.0937578678131104,,,479.9198074663679,-14.678348114920986,706.5687752858632,1.909407615661621,,,-8.707642449273003
actor_critic,,1,187,9.175312016503245,9,0.005174160003662109,1.0990359783172607,,,460.5442257954015,-35.41910149322616,708.5191000228127,1.907924281226264,,,-8.693726433648003
actor_critic,,1,188,10.294635168237692,10,0.00561213493347168,1.1047370433807373,,,440.20754378065465,-7.948778332769871,640.2233340998646,1.906888723373413,,,-7.817505645751953
actor_critic,,1,189,9.008597733080197,9,0.005198955535888672,1.1100049018859863,,,484.5461689225501,-17.31376391566462,716.9427437576879,1.9061453077528212,,,-8.765938652886284
actor_critic,,1,190,10.624344071257243,10,0.00590825080871582,1.1160268783569336,,,444.6336691103876,-7.903688530623913,646.4819591033272,1.905189621448517,,,-7.834393310546875
actor_critic,,1,191,10.553295620884288,10,0.005736827850341797,1.121877908706665,,,430.1443427957594,-21.98606894351542,645.9006113089388,1.9022643208503722,,,-7.867558288574219
actor_critic,,1,192,11.043120103470532,10,0.005691051483154297,1.1276500225067139,,,423.7702331211418,-33.04261909164488,652.5898263526149,1.8994026899337768,,,-7.845858764648438
actor_critic,,1,193,9.125432924130513,9,0.005126953125,1.1328539848327637,,,480.68572030382023,-33.51470605035623,734.5720667131245,1.8981874121559992,,,-8.869416130913628
actor_critic,,1,194,9.135491050547534,9,0.005252838134765625,1.1382038593292236,,,500.7727038330502,-16.21104946401384,738.5482558084445,1.8981896109051175,,,-8.894495646158854
actor_critic,,1,195,7.424487035995488,8,0.004623889923095703,1.1429088115692139,,,556.9095833825413,-29.318448523059487,837.4686377139951,1.897678717970848,,,-10.13851261138916
actor_critic,,1,196,10.934584744273188,10,0.005837678909301758,1.1488168239593506,,,461.2603213123977,-5.785299575701356,667.2080625397153,1.896770167350769,,,-7.944251251220703
actor_critic,,1,197,8.643601214214472,9,0.005038261413574219,1.1539530754089355,,,509.2515299051172,-16.805844696445597,751.5104881512622,1.8955958551830716,,,-9.01519521077474
actor_critic,,1,198,8.995583045966017,9,0.005154609680175781,1.1592497825622559,,,511.0013594371784,-15.625165507611301,752.3236278928816,1.8956487311257257,,,-8.99515109592014
actor_critic,,1,199,9.48385273428811,10,0.0058100223541259766,1.165168046951294,,,454.6314384689322,-23.349444022029637,682.8298312549771,1.895126223564148,,,-8.15041732788086
actor_critic,,1,200,10.525731742409471,10,0.006156206130981445,1.1714041233062744,9.353703217698781,0.8815498674306554,461.33259189501405,-16.742157474160194,682.9639298543334,1.8939098477363587,,,-8.065182495117188
actor_critic,,1,201,8.536930107464114,9,0.0051310062408447266,1.1817221641540527,,,501.5501050499992,-34.344998390724264,765.5645061482792,1.892708010143704,,,-9.114302741156685
actor_critic,,1,202,9.127386695470666,9,0.005203962326049805,1.1869890689849854,,,513.960586125652,-22.246193341082996,766.009719823901,1.8918491866853502,,,-9.067737155490452
actor_critic,,1,203,12.600233822041771,12,0.006819963455200195,1.1938939094543457,,,394.94621697984013,-5.834981574676931,572.5446107833317,1.8935808440049489,,,-6.738437016805013
actor_critic,,1,204,10.854119024223664,10,0.005872964859008789,1.1999008655548096,,,471.27036845143886,-14.510061545670032,693.9720711909001,1.8930731534957885,,,-8.119023895263672
actor_critic,,1,205,12.450584965087124,11,0.006532192230224609,1.2065379619598389,,,404.16676412425426,-40.075072071261026,634.6312127978202,1.8925509344447742,,,-7.346309315074574
actor_critic,,1,206,10.496506402419293,10,0.005810976028442383,1.2124319076538086,,,452.66768240481616,-42.58817559555173,707.5083886246663,1.8908918261528016,,,-8.22858123779297
actor_critic,,1,207,10.490844306957488,10,0.005803108215332031,1.2182998657226562,,,485.8688191704452,-12.74917305521667,712.3113887013867,1.8882545232772827,,,-8.26104965209961
actor_critic,,1,208,11.860095350063759,11,0.006367921829223633,1.2247679233551025,,,442.7592384773201,-12.090172058479352,649.7848694160665,1.8874049945311113,,,-7.491235906427557
actor_critic,,1,209,9.034925540473617,9,0.005098104476928711,1.229964017868042,,,546.5429594212522,-14.51519327569339,801.5116864362628,1.8872939613130357,,,-9.307535807291666
actor_critic,,1,210,8.705104887062689,9,0.005219936370849609,1.2352509498596191,,,517.3839168685178,-47.50700196644498,806.987065662604,1.886782897843255,,,-9.363826327853733
actor_critic,,1,211,10.474328638866337,11,0.006304025650024414,1.2416419982910156,,,455.9947611222213,-9.025085299529813,664.3140992170137,1.8852191729979082,,,-7.673839915882457
actor_critic,,1,212,10.068994631863108,10,0.029959917068481445,1.2717077732086182,,,503.78754829396496,-7.588466985337436,730.5371699139766,1.8844743371009827,,,-8.409444427490234
actor_critic,,1,213,9.607244607246283,10,0.012179851531982422,1.2841498851776123,,,508.4572214880958,-5.922399327158928,734.828071043879,1.8847474694252013,,,-8.471179962158203
actor_critic,,1,214,8.111784954235349,9,0.005287885665893555,1.289578914642334,,,562.4531887720028,-13.078016163574326,822.1874155238168,1.88543877336714,,,-9.496984693739149
actor_critic,,1,215,8.221743015470532,9,0.005291938781738281,1.2949590682983398,,,553.5619659692877,-22.279045396794874,822.6299799088544,1.8865305847591824,,,-9.491966247558594
actor_critic,,1,216,9.566881731941752,10,0.005986928939819336,1.301034927368164,,,514.0254235114902,-3.438227577134967,739.2337764815427,1.887330746650696,,,-8.498918914794922
actor_critic,,1,217,7.924179274616767,9,0.004976034164428711,1.306096076965332,,,546.4350423518982,-32.21526625090175,826.6433222229178,1.8920167022281222,,,-9.538872612847221
actor_critic,,1,218,9.29887890359755,10,0.005926370620727539,1.3120791912078857,,,511.26528392732143,-8.902315897494555,743.0965685604955,1.896413803100586,,,-8.537869262695313
actor_critic,,1,219,7.023760941610178,8,0.00473785400390625,1.3169028759002686,,,613.0577793808188,-39.05702209495939,931.5926225823714,1.8985872864723206,,,-10.74452018737793
actor_critic,,1,220,8.90651914256029,10,0.005857229232788086,1.3228340148925781,7.806268469291213,0.5125998867876492,518.7135434606113,-4.609306750074029,747.6040999561549,1.8997667908668519,,,-8.586156463623047
actor_critic,,1,221,9.156413466448956,10,0.005782127380371094,1.333554983139038,,,510.76947549749167,-12.221110558137298,747.1294223868812,1.9022161722183228,,,-8.565058135986328
actor_critic,,1,222,6.507357444311682,8,0.004561185836791992,1.3382341861724854,,,622.3976483652368,-31.89737210702151,934.707169383255,1.9046695530414581,,,-10.820303916931152
actor_critic,,1,223,7.4966506118095175,9,0.005154132843017578,1.3434700965881348,,,563.1193289814723,-18.200774936212433,830.457298578287,1.906443436940511,,,-9.599599202473959
actor_critic,,1,224,7.455598038582713,9,0.005148887634277344,1.348733901977539,,,573.6572468529145,-6.570626052303447,828.896961900121,1.9082429144117568,,,-9.595895555284288
actor_critic,,1,225,6.7079181957058465,8,0.004658937454223633,1.3534679412841797,,,609.8156561666401,-41.40505962143652,930.3153867385699,1.9101820588111877,,,-10.769658088684082
actor_critic,,1,226,7.551608350594741,9,0.0052869319915771484,1.3588659763336182,,,563.8088152342373,-13.953958302736282,825.3754622122893,1.9108711613549128,,,-9.567621019151476
actor_critic,,1,227,7.552758432853182,9,0.005168914794921875,1.3642628192901611,,,548.118600821226,-13.912984006934696,802.9022238370962,1.910720321867201,,,-9.512166341145834
actor_critic,,1,228,6.67949856202363,8,0.0044748783111572266,1.368839979171753,,,601.275234783534,-7.939449811819941,870.3067146198373,1.9111779630184174,,,-10.686750411987305
actor_critic,,1,229,7.784944231492742,9,0.0051898956298828125,1.3741099834442139,,,524.9893163690964,-13.828329559001658,769.7394690134873,1.9151430659823947,,,-9.463035583496094
actor_critic,,1,230,9.059303968340911,10,0.005794048309326172,1.3800361156463623,,,459.8192397064064,-14.12674481254071,677.0656930399651,1.919210422039032,,,-8.439905548095703
actor_critic,,1,231,8.561999420090299,10,0.0057756900787353516,1.3858978748321533,,,384.3775853857398,-21.791331040859223,580.2413140073652,1.9219933032989502,,,-8.236804962158203
actor_critic,,1,232,7.382293218457686,9,0.0053691864013671875,1.3913750648498535,,,343.69192363156213,-8.131791985697216,502.60531112944915,1.923488246070014,,,-8.812611050075954
actor_critic,,1,233,8.670607265051562,10,0.005666017532348633,1.397156000137329,,,179.32277499884367,-9.713322007656098,270.05157623030243,1.925299298763275,,,-7.54527587890625
actor_critic,,1,234,8.789694533140043,10,0.0057718753814697266,1.4030849933624268,,,83.81467989459634,-16.137328628450632,142.78858644461724,1.931376588344574,,,-7.009111404418945
actor_critic,,1,235,9.426506621640952,10,0.005645036697387695,1.408825159072876,,,35.41790611743927,-20.328048133850096,79.6370798945427,1.9369985580444335,,,-6.481580829620361
actor_critic,,1,236,7.858340783201145,9,0.005187034606933594,1.4141738414764404,,,152.16426046027078,-16.783062901761795,241.3533200191127,1.9440028534995184,,,-6.276958147684733
actor_critic,,1,237,7.6459311901057685,9,0.0051729679107666016,1.419450044631958,,,369.33118392361536,-10.242052283551958,542.2474872536129,1.9499286545647516,,,-6.48774856991238
actor_critic,,1,238,7.641379672513408,9,0.0049877166748046875,1.424522876739502,,,587.07028357726,-20.52999561569757,868.0003843982769,1.9563498232099745,,,-6.708957672119141
actor_critic,,1,239,7.411389988964697,9,0.005280017852783203,1.4298770427703857,,,567.7929062048594,-10.66447819272677,826.3677232166132,1.9606065485212538,,,-7.167942047119141
actor_critic,,1,240,8.319979012055887,10,0.005703926086425781,1.4356999397277832,7.54426641920241,0.5856835952391658,292.4848219037056,-12.112192779779434,435.1386140942574,1.963414227962494,,,-5.268190574645996
actor_critic,,1,241,8.264940854603502,10,0.005693912506103516,1.4466359615325928,,,273.50551176071167,-2.3726518869400026,394.11165602058173,1.963793396949768,,,-4.046108245849609
actor_critic,,1,242,8.138910395816579,10,0.005922794342041016,1.4526259899139404,,,552.7721425890923,-0.10541940331459046,789.825102186203,1.9667850613594056,,,-2.6806308746337892
actor_critic,,1,243,7.460618594649225,9,0.005266904830932617,1.4580280780792236,,,175.57471317715115,-0.6350423362520006,251.72822407219144,1.9679592318005033,,,-2.440564261542426
actor_critic,,1,244,6.395455305058057,8,0.004696846008300781,1.4628329277038574,,,260.47120320796967,-17.666264526546,397.3392421454191,1.9672598242759705,,,-1.5416114330291748
actor_critic,,1,245,7.742438325928486,9,0.0050470829010009766,1.467965841293335,,,126.47919401857588,3.7696394125620523,175.2993597454495,1.9653860992855496,,,0.0292915768093533
actor_critic,,1,246,9.698302278408528,11,0.006246089935302734,1.474370002746582,,,900.5883117480712,-2.0713966217907993,1289.5138817808845,1.9638017199256204,,,1.0494762767444958
actor_critic,,1,247,8.378198835688146,10,0.005814075469970703,1.4802680015563965,,,75.17329427003861,0.614878237247467,106.51202040314675,1.960671591758728,,,1.5104108810424806
actor_critic,,1,248,9.98746932250167,11,0.006318092346191406,1.486665964126587,,,59.177815014665775,2.9094487699595364,80.38338042931123,1.9573450847105547,,,2.0272688432173296
actor_critic,,1,249,8.792426602855304,10,0.005908012390136719,1.492664098739624,,,61.562147080898285,7.73973234295845,76.88917052745819,1.956089401245117,,,2.3358863830566405
actor_critic,,1,250,9.859989766956643,11,0.006308078765869141,1.4991350173950195,,,46.58756930177862,3.01172656362707,62.25120389596982,1.9582086476412686,,,2.367714275013317
actor_critic,,1,251,11.251218827411382,12,0.006882190704345703,1.5061099529266357,,,39.56012327969074,4.517681426058213,50.06063250491085,1.9573809107144673,,,2.388301134109497
actor_critic,,1,252,10.4869178208838,11,0.006209135055541992,1.5124101638793945,,,46.88782569495115,11.283545710823752,50.86325820467689,1.9553942571986804,,,2.673423420299183
actor_critic,,1,253,11.904883407706883,12,0.00697779655456543,1.5194838047027588,,,251.7609261671702,4.859086540838082,352.7168968419234,1.953399697939555,,,2.5866239865620932
actor_critic,,1,254,13.338112641635512,13,0.007436990737915039,1.5270168781280518,,,109.32238718179556,9.346424735509432,142.8228058035557,1.95248950444735,,,2.404166735135592
actor_critic,,1,255,13.730723154845371,13,0.007494926452636719,1.5345988273620605,,,44.86566767325768,2.131672006386977,61.04856773981681,1.9515385444347675,,,2.3247828850379357
actor_critic,,1,256,11.577479801073899,12,0.006886959075927734,1.5415959358215332,,,25.97774012883504,0.818857858578364,35.94126298775276,1.9459428787231445,,,2.202203909556071
actor_critic,,1,257,10.749182746918622,11,0.006255149841308594,1.5479600429534912,,,31.063818021254107,8.491391442038797,32.24632318182425,1.9379942417144775,,,2.201710440895774
actor_critic,,1,258,11.480898432166427,12,0.0068819522857666016,1.5550119876861572,,,128.03540950889388,17.296530266602833,158.1984021238362,1.9371759990851085,,,2.0727713902791343
actor_critic,,1,259,8.188089549413439,9,0.0051839351654052734,1.5603220462799072,,,27.114167372385662,4.027395149072011,32.9811029765341,1.9395604663425021,,,2.267800119188097
actor_critic,,1,260,9.187193566217719,10,0.005721092224121094,1.5661680698394775,8.298430511866512,0.5964226121361845,33.86700944751501,0.3319458819925785,47.9072349016089,1.9391425609588624,,,2.0930315017700196
actor_critic,,1,261,7.961150241556179,9,0.0051839351654052734,1.5762810707092285,,,20.6836128267977,3.75804141163826,24.179388265228933,1.9371724261177912,,,2.0002260208129883
actor_critic,,1,262,8.337787968425674,9,0.005196094512939453,1.5815749168395996,,,15.763327346907722,2.6325584517584906,18.75824157728089,1.9361970159742568,,,1.9784090254041884
actor_critic,,1,263,8.81395737375491,10,0.005657196044921875,1.58732008934021,,,13.085373485088349,1.9016586422920227,15.976736235618592,1.934796941280365,,,1.858265495300293
actor_critic,,1,264,7.936034134495376,9,0.0052721500396728516,1.5926740169525146,,,13.520839413007101,3.3497573733329773,14.530116928948296,1.9313693311479356,,,1.8864497078789606
actor_critic,,1,265,10.52446490575549,11,0.006225109100341797,1.5989911556243896,,,12.937468092549931,5.336553147570654,10.858449973292988,1.929586800661954,,,1.7440690994262695
actor_critic,,1,266,8.882970151585486,10,0.0056498050689697266,1.6047589778900146,,,10.255451864004135,2.645797011256218,10.870936328172684,1.9300000429153443,,,1.6478446006774903
actor_critic,,1,267,7.801995272092519,9,0.005254983901977539,1.6100969314575195,,,10.374775462680393,3.4863713714811535,9.840577430195278,1.9286901156107585,,,1.6206461588541667
actor_critic,,1,268,8.189558970497867,9,0.005324125289916992,1.6155378818511963,,,9.80053930150138,3.8902015686035156,8.443339431037506,1.926151196161906,,,1.6115243169996474
actor_critic,,1,269,9.833562674474226,11,0.006248950958251953,1.6218769550323486,,,22.202534540133044,2.486830649050799,28.165291085161947,1.9245535677129573,,,1.393742648037997
actor_critic,,1,270,7.798015915788725,9,0.0053598880767822266,1.627323865890503,,,10.446813500589794,6.35299445854293,5.848312339848942,1.9237041076024373,,,1.3993755446539984
actor_critic,,1,271,10.895949609761399,12,0.007154941558837891,1.6345767974853516,,,6.197337826093038,2.644122689962387,5.076022028923035,1.9212747812271118,,,1.2478405634562175
actor_critic,,1,272,8.455854839888133,10,0.0055849552154541016,1.6402509212493896,,,6.309716606140137,3.94278923869133,3.381324988603592,1.9215144634246826,,,1.1573374032974244
actor_critic,,1,273,8.493533270088143,10,0.005883216857910156,1.6462640762329102,,,3.6115918904542923,1.8970504432916642,2.4493449911475182,1.923341953754425,,,1.0737382888793945
actor_critic,,1,274,10.009946667102351,11,0.006205081939697266,1.6525700092315674,,,10.758595247160304,2.993197335438295,11.093425817787647,1.9242023337971081,,,0.863810495896773
actor_critic,,1,275,9.761930810955175,11,0.006371259689331055,1.6590111255645752,,,2.1994598426602106,1.651781133630059,0.782398210330443,1.9225847070867366,,,0.7910466519269076
actor_critic,,1,276,8.468256780082825,10,0.0056226253509521484,1.6647319793701172,,,1.7534844689071178,1.330363790690899,0.6044581102207303,1.920651376247406,,,0.6903312683105469
actor_critic,,1,277,8.706845947733903,10,0.005682945251464844,1.670496940612793,,,1.4638287810608746,1.0377923663705588,0.6086234142669127,1.9191942453384399,,,0.6427121520042419
actor_critic,,1,278,8.876696643438658,10,0.005646705627441406,1.6762428283691406,,,3.9998143196105955,1.243457019329071,3.937653398513794,1.9160768270492554,,,0.57948157787323
actor_critic,,1,279,8.682308355536266,10,0.005559206008911133,1.681885004043579,,,1.5521674871444702,0.9472496896982193,0.8641682960093021,1.91383638381958,,,0.4990906596183777
actor_critic,,1,280,8.786794290716893,10,0.005654096603393555,1.6876201629638672,7.823805088815813,0.355178640750217,1.7407871246337892,1.0019499033689498,1.0554817449301481,1.9098415613174438,,,0.4334967613220215
actor_critic,,1,281,9.14850065110793,10,0.005738019943237305,1.698462963104248,,,1.653936653584242,0.7308755427598953,1.3186587549746036,1.9056262493133544,,,0.4092481374740601
actor_critic,,1,282,9.366192617050972,10,0.005767345428466797,1.7043042182922363,,,3.028390443325043,1.2776892900466919,2.5010016798973083,1.90444473028183,,,0.3505625009536743
actor_critic,,1,283,8.146858025895327,9,0.005117893218994141,1.7095098495483398,,,0.9067759116490682,-0.5638990766472287,2.100964307785034,1.9060729212231107,,,0.19641868273417154
actor_critic,,1,284,8.258282463747182,9,0.005237102508544922,1.7148170471191406,,,2.0070167349444494,0.30516040987438625,2.431223438017898,1.9056280983818903,,,0.17497762044270834
actor_critic,,1,285,9.440497033809498,10,0.00581812858581543,1.720736026763916,,,2.9079437881708143,1.0097647577524185,2.7116843548603358,1.9060639142990112,,,0.2249007225036621
actor_critic,,1,286,7.871079746467872,9,0.005218982696533203,1.726038932800293,,,2.8332263405124345,0.2559502174456914,3.6818229731482766,1.9069086180792914,,,0.03366581598917643
actor_critic,,1,287,8.20530323477682,9,0.005094766616821289,1.7312109470367432,,,3.22405563460456,0.2505313853422801,4.247891962528229,1.9051640033721924,,,0.008893913692898221
actor_critic,,1,288,8.37022090196327,9,0.005057096481323242,1.7363760471343994,,,3.713733692963918,0.3656460709042019,4.782982531107134,1.898641241921319,,,-0.06381607055664062
actor_critic,,1,289,8.244254826193806,9,0.00529170036315918,1.7417237758636475,,,3.3939041164186268,-0.4729131923781501,5.524024777942234,1.895694865120782,,,-0.15782992045084634
actor_critic,,1,290,7.6345366776815595,9,0.005207061767578125,1.7470898628234863,,,4.281152274873522,-0.28726913531621295,6.52631607817279,1.8931574821472168,,,-0.27058770921495223
actor_critic,,1,291,8.22182243959403,9,0.005254983901977539,1.7524399757385254,,,5.356209751632479,0.4621213542090522,6.991555011934704,1.891555627187093,,,-0.2394068506028917
actor_critic,,1,292,9.457178243756509,10,0.005574226379394531,1.7581040859222412,,,3.0075712613761425,-1.9990403108298778,7.152302382607013,1.891037940979004,,,-0.14258251190185547
actor_critic,,1,293,7.957151672633588,9,0.005167961120605469,1.763381004333496,,,6.301594895828101,-0.06522383644349045,9.095455562226157,1.891396827167935,,,-0.3810533947414822
actor_critic,,1,294,8.994452661065566,10,0.0058248043060302734,1.7692949771881104,,,6.099646437168121,-0.7850213140249253,9.83523994386196,1.8911571383476258,,,-0.31843042373657227
actor_critic,,1,295,7.9339097281922015,9,0.0053408145904541016,1.7747418880462646,,,5.012499690055847,-2.6320027973916797,10.920718622704348,1.8880183431837294,,,-0.5114819208780924
actor_critic,,1,296,7.993167610881849,9,0.005219697952270508,1.7800707817077637,,,7.265330884191725,-1.249684085448583,12.16430710711413,1.8833625713984172,,,-0.5522987577650282
actor_critic,,1,297,8.099167335480974,9,0.00515294075012207,1.785356044769287,,,8.68713108698527,-0.5440456304285262,13.187395511402023,1.8803679943084717,,,-0.617025163438585
actor_critic,,1,298,7.9542509770200756,9,0.0051729679107666016,1.7906041145324707,,,9.698448528846106,-0.2177366084522671,14.165979188349512,1.8780076371298895,,,-0.6808457904391818
actor_critic,,1,299,9.671235894032794,10,0.00569915771484375,1.796396017074585,,,9.413560789823531,-0.1640468120574951,13.682296749204397,1.8752142071723938,,,-0.49695644378662107
actor_critic,,1,300,8.386332451634177,9,0.005090951919555664,1.801574945449829,8.391857267399454,0.09457637237845355,10.865708341201147,-0.6810195909606086,16.49532591841287,1.874014072948032,,,-0.7233561409844292
actor_critic,,1,301,8.134859035703386,9,0.0053560733795166016,1.8119730949401855,,,11.16384769976139,-1.2344116121530533,17.71179981977265,1.8737266063690186,,,-0.8024990293714735
actor_critic,,1,302,9.687080801553007,10,0.0059320926666259766,1.8180091381072998,,,11.592868661880493,-0.5125560194253922,17.293463859334587,1.8715585470199585,,,-0.6400375366210938
actor_critic,,1,303,9.300194268413362,10,0.0056760311126708984,1.8237910270690918,,,9.074653589725495,-3.9831236600875854,18.6539676040411,1.8690937280654907,,,-0.7468706130981445
actor_critic,,1,304,9.352907951740107,10,0.00580596923828125,1.829679012298584,,,13.214224053919315,-0.9044909372925758,20.16959237847477,1.8661877751350402,,,-0.834052848815918
actor_critic,,1,305,8.807576510681198,10,0.0057032108306884766,1.835461139678955,,,15.52892925441265,-0.5411573320627212,22.9572654992342,1.8637627720832826,,,-1.0019329071044922
actor_critic,,1,306,9.204940970792773,10,0.00564885139465332,1.8412868976593018,,,14.229520313441753,-4.0729094132781025,26.146328292484394,1.8612868547439576,,,-1.1288646697998046
actor_critic,,1,307,8.54998586424139,10,0.005628824234008789,1.8471229076385498,,,19.94427426159382,-0.7161114811897278,29.514837534260003,1.8598466634750366,,,-1.2244821548461915
actor_critic,,1,308,9.693227110656004,11,0.00626683235168457,1.8534667491912842,,,18.77228145792403,-1.1410630443556742,28.44763465536314,1.8585647669705478,,,-1.1004243330522017
actor_critic,,1,309,8.459553025057787,10,0.005785942077636719,1.8593800067901611,,,19.677913373708726,-3.717140632867813,33.42150770872831,1.853775954246521,,,-1.4014659881591798
actor_critic,,1,310,7.687110281739034,9,0.00527191162109375,1.8647658824920654,,,23.707829587989384,-3.6898014512326984,39.13947351069914,1.850155856874254,,,-1.6749937269422743
actor_critic,,1,311,20.520830264183225,20,0.011363029479980469,1.8762259483337402,,,13.680408843234181,-0.5949681326746941,20.393396718089935,1.8474449694156647,,,-0.3209512710571289
actor_critic,,1,312,39.17586864556878,29,0.017314910888671875,1.8936541080474854,,,32.072679556649305,2.131563858225428,42.773022574083555,1.8422303898581143,,,0.17958522665089574
actor_critic,,1,313,8.307358788061501,10,0.005707979202270508,1.8994829654693604,,,42.31649864464998,-1.5828355252742767,62.713338451553135,1.8410287022590637,,,-2.1009243011474608
actor_critic,,1,314,9.408689133799646,11,0.007792949676513672,1.9073779582977295,,,45.848217303102665,-1.175075428052382,67.1761330162937,1.8427168672735041,,,-1.9321954900568181
actor_critic,,1,315,8.329578098087014,10,0.005818843841552734,1.9133329391479492,,,51.405638539791106,-0.7974956065416337,74.57590576410294,1.8424154043197631,,,-2.320463180541992
actor_critic,,1,316,9.499872232461545,11,0.007625102996826172,1.9211840629577637,,,48.277276901866905,-1.9743122229860588,71.78798502721772,1.8428756106983533,,,-2.0986933274702593
actor_critic,,1,317,10.087621090959345,12,0.007488727569580078,1.9288067817687988,,,47.14728511621555,-1.4013884613911312,69.35524357606967,1.844747285048167,,,-1.9459702173868816
actor_critic,,1,318,9.256828278690534,11,0.008483171463012695,1.9374630451202393,,,53.27170270952311,-0.9513071098110892,77.46144787120548,1.846868547526273,,,-2.2314713217995386
actor_critic,,1,319,13.017587166281661,15,0.009508132934570312,1.947127103805542,,,41.61506933172544,-1.1548401912053425,61.09987295294801,1.8441093683242797,,,-1.525784683227539
actor_critic,,1,320,7.089442055492709,9,0.005213022232055664,1.9524919986724854,7.813256217551448,0.6041249924494603,65.94080592940252,-7.692253725396262,105.19008571737342,1.8415848149193659,,,-3.0749490525987415
actor_critic,,1,321,7.849913019188904,10,0.0059661865234375,1.9638969898223877,,,58.29772702381015,-15.423390960693359,105.3158832654357,1.8414680004119872,,,-2.8254486083984376
actor_critic,,1,322,8.530978541015688,11,0.006431102752685547,1.9704539775848389,,,99.3150791648606,-2.435473048890179,145.3579274274155,1.8380248221484097,,,-2.6972850452769888
actor_critic,,1,323,10.784595911912552,13,0.007608175277709961,1.9781701564788818,,,59.320305450604515,-6.2023798023852015,93.60383997134005,1.8330524701338549,,,-2.217595027043269
actor_critic,,1,324,9.219583100052176,11,0.006386995315551758,1.9846479892730713,,,80.3634984090247,-0.9949225204234774,116.22631781173749,1.8294549205086448,,,-2.795135498046875
actor_critic,,1,325,15.557059758825643,16,0.009147882461547852,1.9939467906951904,,,55.52413066988811,-3.8261441700160503,84.7861084130127,1.827668935060501,,,-1.7030818462371826
actor_critic,,1,326,9.800292659232685,12,0.006955862045288086,2.0010581016540527,,,70.90268611783783,-8.985527232289314,114.12601545251285,1.8229534029960632,,,-2.7131118774414062
actor_critic,,1,327,19.41802919635423,20,0.011560201644897461,2.0127410888671875,,,44.803606843948366,-4.758287616074085,70.8027088996023,1.8195524334907531,,,-1.4007413864135743
actor_critic,,1,328,12.007747886778999,14,0.007955074310302734,2.020832061767578,,,86.00460468339068,-3.7977557256817818,128.28908028340499,1.8188167384692602,,,-2.574629102434431
actor_critic,,1,329,44.201499259023706,33,0.018908977508544922,2.0398449897766113,,,45.94517199559645,-0.5434319248253648,66.41229433430867,1.8149871537179658,,,-0.5598457798813329
actor_critic,,1,330,10.756071639998328,13,0.007251262664794922,2.047258138656616,,,118.97120574202675,-6.103931546497804,178.67876739037456,1.8049635061850915,,,-3.4572281470665565
actor_critic,,1,331,52.780434278202264,38,0.021477937698364258,2.068840980529785,,,52.59504862247329,0.11948745246780546,74.96508948887258,1.7955867208932574,,,-0.6116539804559005
actor_critic,,1,332,116.08553749086698,145,0.07972073554992676,2.148716926574707,,,22.920552593948127,-0.4271088771778962,33.35380253121096,1.7729231628878364,,,-0.26236953735351565
actor_critic,,1,333,35.84749387838874,66,0.03712821006774902,2.1859991550445557,,,32.15172884308479,-1.0770958541243365,47.46975243715397,1.768421937118877,,,-0.9573809883811257
actor_critic,,1,334,202.1323131256205,174,0.09654521942138672,2.282682180404663,,,25.90969960343082,0.2895774123012677,36.60017426955198,1.7535316409735844,,,-0.031267253831885326
actor_critic,,1,335,148.2616578708267,120,0.06718778610229492,2.350029945373535,,,43.91700990777463,-0.06155967526137829,62.826524780193964,1.7172376990318299,,,-0.3351434707641602
actor_critic,,1,336,132.97460892050643,106,0.06329798698425293,2.4134740829467773,,,56.43533216873711,-0.948055367143649,81.97627391310338,1.6954192372987855,,,-0.5383536140873747
actor_critic,,1,337,142.25710553494682,115,0.0683438777923584,2.4819998741149902,,,59.253344701141444,0.047777844382369,84.57938548135014,1.6776103558747664,,,-0.5898246433423913
actor_critic,,1,338,142.4094492525568,115,0.0684499740600586,2.5506370067596436,,,26.722829653290304,-1.037373927656723,39.65743541573478,1.6733830358671105,,,-0.6417762424634851
actor_critic,,1,339,129.54831904294008,101,0.06046700477600098,2.611301898956299,,,78.20503910188793,-1.7039566717783707,114.15570949869044,1.662663737145981,,,-0.8451490496644879
actor_critic,,1,340,122.63569097034897,97,0.05748581886291504,2.6713578701019287,126.53162309900749,1.5332001252668108,57.8408614412219,-1.5660093583589054,84.86695960445567,1.6533707994775675,,,-0.7638363002501812
actor_critic,,1,341,148.0571450753855,120,0.07444214820861816,2.7899279594421387,,,71.70374625165714,-1.8016086797229947,105.00765012166667,1.6584004918734232,,,-0.8209484100341797
actor_critic,,1,342,148.90401982496414,121,0.0748589038848877,2.8649468421936035,,,75.30194035739675,-0.5823913292943939,108.40618165654095,1.6621328828748592,,,-0.8605446303186338
actor_critic,,1,343,157.52434004973452,130,0.07984519004821777,2.944993019104004,,,145.4075883600861,-2.3465508092911196,211.07734423239913,1.6733587191655086,,,-0.7048066065861629
actor_critic,,1,344,113.77221249577794,86,0.05301380157470703,2.9982798099517822,,,113.19182334093615,-1.117273719201601,163.29870415446456,1.6875874635785124,,,-1.2414617316667425
actor_critic,,1,345,117.91092463093035,88,0.05414581298828125,3.0526368618011475,,,113.13579314801873,-2.135691583982076,164.67354516340328,1.6877240606329658,,,-1.2385705601085315
actor_critic,,1,346,70.73009596622074,44,0.02772831916809082,3.080557107925415,,,268.66518820305777,-3.9759683911265298,389.487370092771,1.6848242499611594,,,-2.3514088717373935
actor_critic,,1,347,73.48122928355288,45,0.028136253356933594,3.108889102935791,,,236.21682873289618,-3.943850885538591,343.0866933219756,1.6723340855704414,,,-2.398450893825955
actor_critic,,1,348,74.6190621067118,46,0.028652191162109375,3.137730121612549,,,231.86325734950927,-11.440114011664106,347.5762394906905,1.6632642149925232,,,-2.418143894361413
actor_critic,,1,349,66.98331914237563,41,0.02661895751953125,3.164536952972412,,,264.90087274371126,-15.479529180632133,400.54343811541844,1.6568198989077312,,,-2.8071843589224468
actor_critic,,1,350,61.95751526086391,38,0.023650169372558594,3.188385009765625,,,303.7188724519464,-8.214953064967535,445.6197665753946,1.653037479049281,,,-3.1181134675678455
actor_critic,,1,351,65.20701543626566,40,0.024812936782836914,3.2133848667144775,,,302.1327724858653,-2.6947310225106778,435.4678964391409,1.6434237688779831,,,-3.014904022216797
actor_critic,,1,352,63.14693690533147,39,0.023653030395507812,3.2372419834136963,,,317.70719871720155,-2.2692168180186014,457.1091752845185,1.6410352205618834,,,-3.1673157520783253
actor_critic,,1,353,63.420883849640205,39,0.02471184730529785,3.2621660232543945,,,355.8543580132417,-4.0954675502502,514.2140742394453,1.6288490723340938,,,-3.1650173480694113
actor_critic,,1,354,63.754220883573495,39,0.02468395233154297,3.2870450019836426,,,329.9475969586712,-4.205429347279744,477.3614593309422,1.6237626381409473,,,-3.2630509596604567
actor_critic,,1,355,62.20040144762805,38,0.023302316665649414,3.3105971813201904,,,341.22143365163356,-8.425092192807872,499.4950277425508,1.6226864363017834,,,-3.3980186863949426
actor_critic,,1,356,63.62639588955927,39,0.02436518669128418,3.3351669311523438,,,342.72294533563155,-5.196851779444096,497.02829668961033,1.614741414021223,,,-3.3467896290314503
actor_critic,,1,357,66.07572096394831,40,0.024592161178588867,3.3599369525909424,,,340.28248115363533,-6.448495434783399,495.32996330201274,1.6048892855644226,,,-3.2993431091308594
actor_critic,,1,358,75.52716390774117,45,0.02825927734375,3.388374090194702,,,307.58156771067945,-5.046640406631761,446.61172006784216,1.5970650990804036,,,-2.9248728434244793
actor_critic,,1,359,69.83963092548737,43,0.02696394920349121,3.4155330657958984,,,327.48994888807107,-3.3705644199494706,472.65787016922,1.5960749276848727,,,-3.1529555209847384
actor_critic,,1,360,69.85828233747651,43,0.026686906814575195,3.4423978328704834,70.9883235917498,4.35794530487319,329.33196142994865,-7.155505331882904,480.6963699362187,1.5970547531926356,,,-3.184076708416606
actor_critic,,1,361,84.30412511968363,48,0.03024888038635254,3.4917948246002197,,,296.45300497186446,-11.49758851993829,439.92942217615683,1.5964274431268375,,,-2.742603302001953
actor_critic,,1,362,86.31471234689606,49,0.030640840530395508,3.5226008892059326,,,302.636762654903,-6.0269310120873305,440.94815268679713,1.595663739710438,,,-2.733264222437022
actor_critic,,1,363,99.2373735597906,55,0.03394889831542969,3.556735038757324,,,281.29749730483377,-1.3745711208067157,403.81726674896834,1.5926264849576084,,,-2.4149031205610796
actor_critic,,1,364,90.49891474908915,52,0.032475948333740234,3.589359998703003,,,304.23430915764766,-0.7410787530959799,435.6791323562547,1.5857408734468312,,,-2.6805399381197414
actor_critic,,1,365,123.19555793784379,64,0.038744211196899414,3.6282601356506348,,,250.40433316708368,-6.059428887383547,366.3768093206054,1.5774854253977537,,,-2.0094234943389893
actor_critic,,1,366,189.1908998533239,87,0.05168581008911133,3.6801018714904785,,,196.1733646762568,-4.395980247820931,286.5276397347996,1.5657596985499065,,,-1.2221411343278556
actor_critic,,1,367,129.94189642715892,66,0.0393068790435791,3.719576120376587,,,271.43968853374207,-0.8619335271474539,389.0022960061165,1.5524228377775713,,,-2.0826815980853457
actor_critic,,1,368,77.56784789612769,46,0.027607202529907227,3.747352123260498,,,391.44148817808247,-7.397060072656883,569.7693328549782,1.5512306534725686,,,-3.4672811756963315
actor_critic,,1,369,68.2765746672132,42,0.025316715240478516,3.772838830947876,,,435.213318359043,-5.694392683339261,629.8681723440753,1.5428099547113692,,,-3.875752403622582
actor_critic,,1,370,76.46354760505969,46,0.02747488021850586,3.80049204826355,,,404.2005955882449,-1.5848366132653926,579.6935103098032,1.5402289292086726,,,-3.5062932553498642
actor_critic,,1,371,72.39724790904098,44,0.026201963424682617,3.8268630504608154,,,428.1916441037743,-1.4512678399597378,613.7755997448483,1.5478008118542759,,,-3.695010098544034
actor_critic,,1,372,76.58553137673674,46,0.02774786949157715,3.8547918796539307,,,411.7170056684307,-2.813513512156256,592.1864351761811,1.5491744849992835,,,-3.5258059294327446
actor_critic,,1,373,77.28839952383676,46,0.027409076690673828,3.8823699951171875,,,418.4702214947851,-1.9590988168492913,600.6132856901917,1.5491308258927388,,,-3.5319446066151494
actor_critic,,1,374,80.67589997776814,48,0.0289309024810791,3.9114739894866943,,,404.0668889224956,-4.061028559342958,583.0399051966912,1.5413070619106293,,,-3.4048986434936523
actor_critic,,1,375,71.11381825520331,44,0.02652907371520996,3.938184976577759,,,446.4272089424458,-4.9625995611687275,644.8425845792306,1.5355742438272997,,,-3.7815406105735083
actor_critic,,1,376,73.3943858527676,45,0.026784896850585938,3.965139865875244,,,442.1830696923037,-3.7412363982448977,637.0347344125051,1.5409829484091864,,,-3.7393585205078126
actor_critic,,1,377,234.78590035113572,116,0.0686492919921875,4.033968925476074,,,186.76821307862048,0.22333248234193387,266.49270223429954,1.5234690781297355,,,-1.173669617751549
actor_critic,,1,378,134.89227103671664,71,0.042265892028808594,4.076417922973633,,,309.2323194434473,-5.483071532913707,449.59340231021554,1.5062305944066652,,,-2.3054065972986355
actor_critic,,1,379,94.21835881554664,56,0.03313899040222168,4.109754800796509,,,402.92112090311485,-0.7155226964636573,576.6237940867265,1.4932932129928045,,,-3.1789749690464566
actor_critic,,1,380,110.09101404948434,61,0.03625798225402832,4.146185874938965,92.47910580673947,0.2989717951966313,371.63024231806,-1.8357699301521309,533.5228589422672,1.4959209297524123,,,-2.741029833183914
actor_critic,,1,381,94.21718583832148,55,0.033525705337524414,4.203471899032593,,,419.3182032702321,-0.7004107698120854,600.0265886126848,1.4961946379054676,,,-3.2461300936612214
actor_critic,,1,382,70.05497805524888,46,0.0275418758392334,4.231194972991943,,,499.78300571066086,-4.507330792632116,720.4147984581776,1.4943767708280813,,,-3.9673286106275474
actor_critic,,1,383,139.6385593288261,86,0.0507199764251709,4.282092094421387,,,266.9137734931103,-2.8159191236766272,385.32813644205316,1.4952570269274157,,,-2.0587788071743276
actor_critic,,1,384,139.3781634050186,78,0.04700279235839844,4.32927680015564,,,298.21237467352347,-0.6665586249616283,426.9699042405999,1.510489732791216,,,-2.0813629932892628
actor_critic,,1,385,106.62317083596459,58,0.03443717956542969,4.363935947418213,,,397.23420221091186,-7.754365100750122,578.5550669685031,1.529603894414573,,,-2.842375393571525
actor_critic,,1,386,87.18704006378321,51,0.030163288116455078,4.394277811050415,,,460.37759638952053,-5.288717279064596,665.2376118117359,1.5236522520289701,,,-3.431301939721201
actor_critic,,1,387,86.45084040991672,50,0.029756784439086914,4.424202919006348,,,473.1757999649458,-6.375658432766795,685.0735017331177,1.5196223616600038,,,-3.5069293212890624
actor_critic,,1,388,75.57527440597218,45,0.026692867279052734,4.4510698318481445,,,534.5113111398286,-2.1582581450955733,766.6708555578616,1.521922410859002,,,-4.008656819661458
actor_critic,,1,389,65.00954629386491,40,0.023854970932006836,4.47511100769043,,,600.6030237039143,-6.764758023945615,867.6683243409789,1.5335920065641404,,,-4.526612091064453
actor_critic,,1,390,69.92199671413522,43,0.025572776794433594,4.500861883163452,,,562.498143939583,-4.905092705647613,810.5760425460838,1.5405474041783533,,,-4.14950987350109
actor_critic,,1,391,74.26716950930629,47,0.02795577049255371,4.528994083404541,,,516.8474864062972,-1.0078146725179666,739.7933270130059,1.5414672430525436,,,-3.7843303274601063
actor_critic,,1,392,86.34517204477493,59,0.03520703315734863,4.564362049102783,,,408.2498071156284,-5.3364614930509005,590.8375176917801,1.5508050837759244,,,-3.2037469896219544
actor_critic,,1,393,71.79631247536392,45,0.027177810668945312,4.591720819473267,,,540.3929784986203,-3.05389361621605,776.3526726078552,1.5554023424784342,,,-3.8721011691623266
actor_critic,,1,394,74.16035016942686,47,0.02785468101501465,4.6197509765625,,,511.57457486968093,-10.143213297339512,745.3111400614899,1.5509907463763624,,,-3.607209225918384
actor_critic,,1,395,82.85334307913578,57,0.03405618667602539,4.653978109359741,,,436.2774808295888,-1.0582580779139932,624.7653400412997,1.5431819338547557,,,-3.180720011393229
actor_critic,,1,396,67.95187936252773,42,0.02499103546142578,4.679139137268066,,,579.6739313994046,-6.3175694504752755,837.1307155080306,1.5425775476864405,,,-4.233353387741816
actor_critic,,1,397,73.50405282810513,46,0.027337074279785156,4.706648111343384,,,535.4171067005752,-0.3075726612916459,765.3209711658748,1.5439350034879602,,,-3.8751701686693276
actor_critic,,1,398,80.31095890631958,53,0.0315701961517334,4.7384021282196045,,,464.2217973542031,-1.4414470702901763,665.2332580415839,1.549492725786173,,,-3.47803396548865
actor_critic,,1,399,84.35021858147756,56,0.03325605392456055,4.771831035614014,,,437.3989884101985,-3.82222773869788,630.3160288162388,1.5530436400856291,,,-3.2942515781947543
actor_critic,,1,400,74.44181778422603,46,0.027411937713623047,4.799407005310059,70.84016737445924,0.8460344265340053,536.6605905345843,-4.48674328694039,773.0676495814494,1.5568738113278928,,,-3.7139152858568276
actor_critic,,1,401,73.81772718885843,46,0.027854204177856445,4.846893072128296,,,545.536864313054,-3.8221795022406657,784.7986047283756,1.5565961832585542,,,-3.6687887440557065
actor_critic,,1,402,75.69839874296291,49,0.029310226440429688,4.876366138458252,,,509.6035331457625,-0.12901132998569886,728.1893413697597,1.5639740034025542,,,-3.546695631377551
actor_critic,,1,403,70.63426392447383,43,0.025828123092651367,4.902369022369385,,,580.271400316391,-3.464653617680766,833.9086308478768,1.5754184112992398,,,-3.8581234244413154
actor_critic,,1,404,68.26399223512917,42,0.025083065032958984,4.927618026733398,,,590.2028190698586,-8.646211821851987,855.4986229733497,1.5796002461796714,,,-4.074042184012277
actor_critic,,1,405,65.1329603884942,40,0.023896217346191406,4.9516921043396,,,617.9464077338693,-11.309956668876112,898.9377228150203,1.5803022384643555,,,-4.3690143585205075
actor_critic,,1,406,67.54550244776561,41,0.02435469627380371,4.9762208461761475,,,604.2376633104074,-9.879230047871427,877.3098245260601,1.5783314065235416,,,-4.414783012576219
actor_critic,,1,407,68.38873993279758,42,0.025330781936645508,5.001722812652588,,,595.1292756112026,-3.3174907066637562,854.9239899131492,1.5783514408838182,,,-4.392300197056362
actor_critic,,1,408,70.04787254558569,43,0.025978803634643555,5.027881860733032,,,580.8131110832869,-3.0553331041578637,834.0977841027482,1.5778632136278374,,,-4.3114673703215844
actor_critic,,1,409,68.11149848700431,42,0.02506709098815918,5.053107976913452,,,593.4998886608075,-3.9930648592167666,853.5614212360732,1.5786137325423104,,,-4.434958321707589
actor_critic,,1,410,70.16408707255198,43,0.025437116622924805,5.078704118728638,,,580.9527522843483,-4.489211407598368,836.3457211041498,1.5824007544406624,,,-4.274098241051962
actor_critic,,1,411,70.221800893415,43,0.025623083114624023,5.104519844055176,,,566.7114300905391,-21.71521123936183,840.6094592340443,1.5769183413926946,,,-4.292633766351744
actor_critic,,1,412,69.89684240473255,43,0.02544093132019043,5.130131959915161,,,589.3933808501637,-1.8849662748100453,844.6833490740162,1.5661634345387303,,,-4.287862378497456
actor_critic,,1,413,70.22630214214426,43,0.0254819393157959,5.155773878097534,,,589.5831909542092,-5.0956317780669345,849.5411674470565,1.5624428821164509,,,-4.28864341558412
actor_critic,,1,414,68.18762294794945,42,0.024859905242919922,5.180807828903198,,,611.4049688514899,-0.42263575918262913,874.0393956033457,1.554574387414115,,,-4.447796776181176
actor_critic,,1,415,67.92073178965747,42,0.024943113327026367,5.205910921096802,,,596.5371323393913,-19.414173413467193,879.9304820852066,1.5566895660899935,,,-4.414705548967634
actor_critic,,1,416,64.89612503092394,40,0.023864030838012695,5.229949951171875,,,647.8396664955537,-2.094279451109469,928.4771235277061,1.5588895052671432,,,-4.655178070068359
actor_critic,,1,417,66.3854003913804,41,0.024531841278076172,5.254647970199585,,,634.0946580269033,-3.2121667108248646,910.4383189226444,1.5544723388625354,,,-4.601475041087081
actor_critic,,1,418,63.29824538782141,39,0.023420095443725586,5.278253078460693,,,661.6583037916466,-12.20140281625283,962.6567912387112,1.552999796011509,,,-4.831526144956931
actor_critic,,1,419,64.10629555790587,39,0.023353099822998047,5.301759958267212,,,668.277893318723,-8.575083922308226,966.9328570532708,1.5502077035414867,,,-4.7954242412860575
actor_critic,,1,420,58.91836682032812,36,0.021461009979248047,5.323395013809204,56.67631287775923,0.8663878557882435,732.7900949530626,-2.675270217936486,1050.66486018034,1.5511702597141266,,,-5.233479393853082
actor_critic,,1,421,56.09893863014914,34,0.020785808563232422,5.359953880310059,,,783.7850873876254,-0.7457988779334461,1120.758390530622,1.5505414815510021,,,-5.522429522346048
actor_critic,,1,422,51.4261776385212,31,0.018522262573242188,5.378650903701782,,,854.4895267700175,-11.065729424297329,1236.5075229290692,1.5554871751416115,,,-6.1091293827179936
actor_critic,,1,423,50.35405025806163,30,0.01807689666748047,5.396891832351685,,,885.4631191947808,-16.111527772185703,1287.9638226501022,1.5566333015759786,,,-6.349781290690104
actor_critic,,1,424,49.69220066662805,30,0.017895936965942383,5.414964914321899,,,893.3269009771213,-10.490692741920551,1291.1680375278927,1.560406239827474,,,-6.389994812011719
actor_critic,,1,425,51.21880615824231,31,0.01884317398071289,5.4339680671691895,,,872.0560118173279,-5.671067131502975,1253.8958947214207,1.5633203983306885,,,-6.234213552167339
actor_critic,,1,426,65.26263126514708,38,0.02297806739807129,5.457106828689575,,,706.4811376692409,-11.496136333793402,1025.681853043473,1.5620197591028715,,,-5.127172369706003
actor_critic,,1,427,47.02199135847516,28,0.016944169998168945,5.474224805831909,,,972.913710471384,-6.204055451588439,1398.7397098234421,1.5619612080710275,,,-6.870154244559152
actor_critic,,1,428,51.12503874208229,31,0.018586158752441406,5.492970943450928,,,884.0463599773996,-8.384908978256487,1274.9018057642745,1.5581010003243723,,,-6.341931743006552
actor_critic,,1,429,68.58049577358013,39,0.023442983627319336,5.51658296585083,,,692.5642460737413,-19.40004269587688,1017.0918656970936,1.5547772645950317,,,-5.019768348106971
actor_critic,,1,430,65.51923842336579,37,0.02193307876586914,5.538655042648315,,,753.9803905221885,-1.9840904819099485,1079.9492811404004,1.5527128206717002,,,-5.291748871674409
actor_critic,,1,431,74.24180413318228,41,0.024544954299926758,5.563349008560181,,,666.0746508428327,-20.798434162557854,981.2473178881153,1.5535726837995576,,,-4.786470366687309
actor_critic,,1,432,79.1830754952822,43,0.025470972061157227,5.588977813720703,,,648.8503439879954,-11.054003984732336,942.7205143464719,1.5558230821476426,,,-4.593767742777979
actor_critic,,1,433,67.09504598527379,37,0.022318124771118164,5.611433029174805,,,764.0588100864803,-4.749149192628023,1098.297093163238,1.5581580368248191,,,-5.338460973791174
actor_critic,,1,434,46.19727060707088,27,0.016306161880493164,5.627886056900024,,,1040.28151969816,-17.858208866100068,1511.628232118027,1.5594579025551125,,,-7.374311093930845
actor_critic,,1,435,47.337250097470715,28,0.016933917999267578,5.6449809074401855,,,1016.303502954077,-7.47996488319976,1462.547861635502,1.5592050850391388,,,-7.149928501674107
actor_critic,,1,436,47.20838028245025,28,0.017066001892089844,5.662182807922363,,,1026.684438259873,-0.6272202563871231,1467.588016562039,1.5507363379001617,,,-7.1156463623046875
actor_critic,,1,437,56.100724397765134,32,0.0194089412689209,5.681735992431641,,,904.8028702661686,-3.1989532274892554,1297.1454786812465,1.548044327646494,,,-6.241442680358887
actor_critic,,1,438,45.79103105784375,27,0.01637887954711914,5.698330879211426,,,1070.225374961246,-6.6008857153356075,1538.3232739415037,1.549331475187231,,,-7.446259675202547
actor_critic,,1,439,46.038911426263276,27,0.016451120376586914,5.714946985244751,,,1076.5135246629145,-3.703086735266778,1543.1666973525296,1.551861776245965,,,-7.49677813494647
actor_critic,,1,440,46.48173888565898,28,0.01679086685180664,5.731895923614502,50.340996154930835,2.649480462267674,1036.5576509406258,-4.611470513178834,1487.3843956860114,1.557168505021504,,,-7.2527667454310825
actor_critic,,1,441,46.996006390019744,28,0.017392873764038086,5.763035774230957,,,1045.3752413669467,-4.387497825548053,1499.6611002099733,1.5606056494372231,,,-7.206577301025391
actor_critic,,1,442,47.29074560932908,28,0.016989946365356445,5.7801830768585205,,,1028.0807801741591,-23.088163243806257,1501.6698755707475,1.5599236020020075,,,-7.274229322160993
actor_critic,,1,443,52.352801183414755,30,0.01814103126525879,5.7984960079193115,,,978.6992543850948,-2.92929368733118,1402.3265428013713,1.5637933572133382,,,-6.798042297363281
actor_critic,,1,444,64.65383204976499,36,0.02185797691345215,5.8205108642578125,,,819.9467841619626,-1.1602214467711747,1173.0100726907647,1.5728092127376132,,,-5.664613511827257
actor_critic,,1,445,51.29063354125252,30,0.018150806427001953,5.838836908340454,,,963.3032651176909,-21.93113723937422,1407.4777048717563,1.579999613761902,,,-6.7801355997721355
actor_critic,,1,446,48.789984798597374,29,0.01777505874633789,5.856781005859375,,,1003.4138294282401,-14.212142315211482,1453.7514850469306,1.5855881551216389,,,-7.02093874174973
actor_critic,,1,447,45.165308195665425,27,0.016614198684692383,5.873569965362549,,,1090.6690259360325,-3.444759958113233,1563.0197588062017,1.592050936486986,,,-7.514930442527488
actor_critic,,1,448,45.3421367612329,27,0.016282081604003906,5.89002799987793,,,1081.534877898689,-18.573770210146904,1571.5838011009016,1.591651616273103,,,-7.543289749710648
actor_critic,,1,449,50.247245956215565,30,0.018131017684936523,5.908334970474243,,,982.2446923619447,-9.067037281952798,1416.1596352836816,1.5908300717671713,,,-6.8686065673828125
actor_critic,,1,450,47.24971251443242,28,0.017052173614501953,5.925551176071167,,,1050.5934843389218,-12.597124003006943,1518.8437813229725,1.5982257340635573,,,-7.326610565185547
actor_critic,,1,451,54.246066070780515,31,0.018678903579711914,5.944393873214722,,,962.6176137648703,-1.0177454897352765,1376.6219184128868,1.6092400820024553,,,-6.6033290739982355
actor_critic,,1,452,49.39722818408871,28,0.016881942749023438,5.961441993713379,,,1059.6439374501683,-9.895305523781904,1527.913187435512,1.6170871598379952,,,-7.266692025320871
actor_critic,,1,453,41.87905472882998,24,0.014700174331665039,5.976330041885376,,,1245.312345948924,-3.6365442276000977,1784.2127264097217,1.6203983376423519,,,-8.499200185139975
actor_critic,,1,454,46.713313425486355,27,0.016342878341674805,5.9928460121154785,,,1103.3097733341986,-7.161720317271021,1586.3878697072655,1.623267897853145,,,-7.6506528501157405
actor_critic,,1,455,50.27566197319728,29,0.017531871795654297,6.010546922683716,,,1029.6362368746436,-6.035767588507513,1479.5314284859562,1.6248943723481277,,,-7.104392216123384
actor_critic,,1,456,46.55566980347843,27,0.016381263732910156,6.027086019515991,,,1088.384272101594,-28.864372251279377,1596.0694674108936,1.6275133645092998,,,-7.600547507957176
actor_critic,,1,457,45.77581444188889,27,0.01651310920715332,6.0438010692596436,,,1104.1876935828996,-12.540752527131527,1595.3263131382755,1.6303732218565765,,,-7.561790183738426
actor_critic,,1,458,46.50081333270305,28,0.017113685607910156,6.061083793640137,,,1064.3175209324274,-7.596485143194774,1531.3056871522317,1.6308523075921195,,,-7.374154227120536
actor_critic,,1,459,46.804257683180225,28,0.017012834548950195,6.078250885009766,,,1057.4220763642475,-8.59575820315097,1522.8826619318238,1.6390456983021326,,,-7.367743355887277
actor_critic,,1,460,48.20745504139214,29,0.017603158950805664,6.096061944961548,47.66493484109283,0.985171581580194,1007.6112421245539,-11.559182461929218,1455.957686569871,1.6468384471432915,,,-7.0869772023168105
actor_critic,,1,461,46.63182611913044,28,0.017313003540039062,6.126934051513672,,,829.235160960159,-10.513738994952291,1199.6412820080877,1.6483979438032423,,,-6.9996746608189175
actor_critic,,1,462,48.356659622158986,29,0.017654895782470703,6.144773006439209,,,271.95446111049887,-20.484225475325665,417.7695605613628,1.6507742610471001,,,-6.0215651413490034
actor_critic,,1,463,49.58566184178062,30,0.018221139907836914,6.163156032562256,,,181.76735893562437,-6.882295862212777,269.49950570462585,1.6591834624608357,,,-5.149609375
actor_critic,,1,464,48.12889864720117,29,0.017295122146606445,6.180601119995117,,,168.00876164487724,-2.9031809799630066,244.15992438178188,1.6697684197590268,,,-5.744807013149919
actor_critic,,1,465,48.38764796922966,29,0.017642974853515625,6.198405027389526,,,126.89425128595582,-8.950344307669278,194.06371508795638,1.6826722621917725,,,-4.543774703453327
actor_critic,,1,466,50.31628928138289,30,0.018657922744750977,6.217231035232544,,,114.21668706734975,-3.6139513462781907,168.32948173036178,1.6887966752052308,,,-3.944090716044108
actor_critic,,1,467,49.59688301773028,30,0.01838517189025879,6.235779047012329,,,140.04300510923687,-6.871062358779212,209.87724812871505,1.6853953083356221,,,-3.618376286824544
actor_critic,,1,468,54.56328231589185,33,0.02019214630126953,6.256139039993286,,,129.9918198039981,-3.712255641987378,191.00582034540164,1.6842475334803264,,,-3.1594079913515034
actor_critic,,1,469,52.535606015359384,32,0.01932978630065918,6.275633811950684,,,146.68791509857692,-6.617719064117409,219.0080518687846,1.6887216866016388,,,-3.279948592185974
actor_critic,,1,470,48.488702150187,29,0.017499923706054688,6.293298006057739,,,213.25071291124513,-2.5692439083138416,308.3142469283916,1.6865543702553059,,,-3.5918358112203665
actor_critic,,1,471,47.231648702382856,28,0.01715993881225586,6.310705900192261,,,158.6714540815779,-4.9825610385409425,233.79145603567096,1.6889936115060533,,,-3.6138841680118015
actor_critic,,1,472,44.426903456871116,26,0.015547990798950195,6.326417922973633,,,425.8662901969913,0.7182166152991928,607.3543657409609,1.6932745254956758,,,-3.8952595637394833
actor_critic,,1,473,50.18452212639896,29,0.017466068267822266,6.344048976898193,,,405.74073336633114,-6.814848120741803,589.3651169600078,1.688451232581303,,,-3.397875161006533
actor_critic,,1,474,57.666744312023305,32,0.019484996795654297,6.363693952560425,,,745.6816495872336,-1.29272998200031,1067.1062746151838,1.6814525239169598,,,-3.1750627756118774
actor_critic,,1,475,49.60718262566532,30,0.017932891845703125,6.3818018436431885,,,1526.067928300798,-13.401943791781862,2199.2427893400504,1.6771737416585286,,,-4.0113935470581055
actor_critic,,1,476,50.13110430497138,30,0.01862931251525879,6.400611162185669,,,1236.7213160430624,5.110652614881595,1759.443887327984,1.6662304997444153,,,-3.721762466430664
actor_critic,,1,477,169.93685635529266,84,0.04966306686401367,6.450439929962158,,,734.5717922600653,2.037736674460272,1046.4772340836437,1.667377464828037,,,-0.34115822542281377
actor_critic,,1,478,69.39765864238588,40,0.023853063583374023,6.4744648933410645,,,553.9555506038014,-0.2925804978236556,791.7830472240748,1.669242760539055,,,-2.612511491775513
actor_critic,,1,479,74.83844800006318,43,0.025628089904785156,6.500272989273071,,,542.1026768929563,-4.028021339240462,780.1867556146368,1.6774895052577175,,,-2.5046214170234147
actor_critic,,1,480,67.47359662123391,40,0.023953914642333984,6.5243940353393555,72.37862727622651,1.6617412523660766,498.1146278521046,2.428914696164429,708.1224827230908,1.6811308562755585,,,-2.4546958923339846
actor_critic,,1,481,90.35818322394401,53,0.03191804885864258,6.57506799697876,,,427.14903867582103,1.1333959285380706,608.5937919748974,1.6755685423904996,,,-2.0400645417987175
actor_critic,,1,482,54.12442255564217,33,0.019801855087280273,6.595048904418945,,,183.9703654797014,-4.517968065810926,269.2690518583933,1.6743634686325535,,,-3.7733249086322207
actor_critic,,1,483,173.09488731456173,82,0.07240414619445801,6.667623996734619,,,262.85630608699853,1.9670932049885756,372.6988663205837,1.6627659085320263,,,-0.9417002608136433
actor_critic,,1,484,50.79044509747226,31,0.018824100494384766,6.686634063720703,,,347.14536035253906,-6.42204042554142,505.09627208441134,1.641687843107408,,,-4.306780415196573
actor_critic,,1,485,52.545301928158,32,0.019221067428588867,6.705991983413696,,,248.7598473445396,-6.184437889838591,364.20613283156126,1.6442708186805248,,,-4.112015008926392
actor_critic,,1,486,54.13434514572917,33,0.019917011260986328,6.726111888885498,,,250.91124386924574,-8.181717162218058,370.13280378965743,1.6469612952434656,,,-4.036528385046757
actor_critic,,1,487,135.33845966981926,70,0.04186582565307617,6.768152952194214,,,362.83328061085194,-1.5491324661033494,520.5463170140981,1.6379136375018528,,,-1.585881859915597
actor_critic,,1,488,112.29649517002353,62,0.0365598201751709,6.804893970489502,,,419.452011634453,-15.55111046817394,621.4330181124162,1.630417896855262,,,-2.1425799092938824
actor_critic,,1,489,109.45538336227216,61,0.03597283363342285,6.841034889221191,,,425.3832044940992,-3.1539886036857228,612.1960048212815,1.6217559634662064,,,-2.178994475818071
actor_critic,,1,490,52.769250460633806,32,0.019193172454833984,6.860404014587402,,,302.222272579791,-4.522297972696833,438.2065473727198,1.6136752665042877,,,-4.726006746292114
actor_critic,,1,491,189.5080535724018,86,0.05137825012207031,6.91195011138916,,,340.2176439833589,-3.1106269491056717,490.46895265671816,1.5946461877157523,,,-1.245070923206418
actor_critic,,1,492,177.01993719622968,83,0.05273914337158203,6.96481990814209,,,391.6572245039293,-1.4250107673277337,561.5460618029865,1.5579568463635731,,,-1.4958107270390155
actor_critic,,1,493,173.18577259880834,83,0.04831099510192871,7.013313055038452,,,373.93008023594695,2.0306082158293353,531.2849591438271,1.5409226661705109,,,-1.6574319127094315
actor_critic,,1,494,120.61315949470125,66,0.03879404067993164,7.05228590965271,,,399.8814026779904,-2.3385402632482126,574.5999257455009,1.5473752148223645,,,-2.4988278475674717
actor_critic,,1,495,85.12801274322403,49,0.029143095016479492,7.081592082977295,,,545.1987918945343,-6.370214342272708,787.9557517125338,1.554429708694925,,,-3.447778195750957
actor_critic,,1,496,91.22382296464579,52,0.030753135681152344,7.112524032592773,,,516.1349377201852,-9.038023326581774,750.2471274534876,1.5614437117026403,,,-3.2298443134014425
actor_critic,,1,497,82.94461886773978,47,0.02737569808959961,7.140074014663696,,,607.7563810736793,-3.5871505404802715,873.3479090283496,1.5597537248692614,,,-3.623347667937583
actor_critic,,1,498,82.84940191527664,47,0.027773141860961914,7.168024063110352,,,498.3200657826036,-5.920151231334882,720.3431355873311,1.5580198460436883,,,-3.641252233626995
actor_critic,,1,499,90.6030425814173,52,0.030591964721679688,7.198790788650513,,,490.5895882404696,-2.9763876056441894,705.0942555989649,1.5624872262661273,,,-3.36692135150616
actor_critic,,1,500,87.79345145161491,50,0.029497146606445312,7.228471040725708,83.79786472519595,0.2472955307975881,465.2191764693754,-7.390479833036661,675.1566456459882,1.5745887517929078,,,-3.5179367065429688
actor_critic,,1,501,78.11847357538508,46,0.02773594856262207,7.276988983154297,,,505.1026596627806,-4.486718983591898,727.9848443388069,1.584469471288764,,,-3.9093399047851562
actor_critic,,1,502,76.19762497587152,45,0.02645277976989746,7.303614854812622,,,509.7480487128927,-2.1909990213811397,731.3415128343945,1.58954512808058,,,-3.962314181857639
actor_critic,,1,503,75.3780847008376,45,0.026428937911987305,7.330219984054565,,,500.0008063832505,-10.637430964327521,729.48318656788,1.5977866967519125,,,-3.9505615234375
actor_critic,,1,504,136.79219902229028,70,0.04071187973022461,7.371104955673218,,,325.26250290215745,-3.9367263508694514,470.2845952879504,1.6026935219764709,,,-2.327035304478237
actor_critic,,1,505,137.1740783983848,70,0.04087185859680176,7.412156820297241,,,334.895668433264,-3.704935313388705,483.71512529354743,1.5905883056776864,,,-2.3693882533482142
actor_critic,,1,506,165.27813941737756,79,0.046356916427612305,7.458674907684326,,,307.2825475974993,-3.062857451412497,443.3505919008557,1.5746625722209109,,,-2.0216949076592168
actor_critic,,1,507,52.54855687947138,32,0.019226789474487305,7.478046894073486,,,766.6231668794644,-8.126473339623772,1106.7852338231605,1.5701343193650246,,,-5.814823627471924
actor_critic,,1,508,57.83704732449016,35,0.020874977111816406,7.499063014984131,,,692.7184971112225,-19.11017303871257,1016.8981201322283,1.571289243016924,,,-5.3730621337890625
actor_critic,,1,509,55.67116473345636,34,0.02017498016357422,7.519398927688599,,,726.3912776392501,-6.382431542391286,1046.8195678768816,1.5681749231675093,,,-5.551024493049173
actor_critic,,1,510,57.53240176330651,35,0.020679950714111328,7.540219783782959,,,695.8168013078559,-16.234320965356062,1017.2159298232424,1.5676844324384416,,,-5.379759870256696
actor_critic,,1,511,55.85401488898252,34,0.020214080810546875,7.5605950355529785,,,731.6535067118375,-2.9478812663651563,1049.43057196499,1.5656386263230269,,,-5.5194190530216
actor_critic,,1,512,54.714143518400405,33,0.019603967666625977,7.580368757247925,,,738.0744783784842,-18.109952627370756,1080.2634295349108,1.5641564817139597,,,-5.710550019235322
actor_critic,,1,513,52.904861656639305,32,0.019451141357421875,7.599961996078491,,,775.446884045261,-9.71137220930541,1121.6546354477832,1.5625230260193348,,,-5.860621929168701
actor_critic,,1,514,54.00548676136186,33,0.019594907760620117,7.619690895080566,,,763.9970864571109,-2.7991523281529997,1095.423273111249,1.5601275003317632,,,-5.702914151278409
actor_critic,,1,515,56.0880282460338,34,0.02034783363342285,7.640240907669067,,,734.8134837579393,-11.623539326438571,1066.3386718701393,1.5607711532536674,,,-5.553687600528493
actor_critic,,1,516,55.57885036299263,34,0.020337820053100586,7.660742998123169,,,734.0425593254758,-13.394174144329394,1067.7667438636588,1.5640713817933027,,,-5.602526047650506
actor_critic,,1,517,127.70310860850662,67,0.03949403762817383,7.700345993041992,,,379.7644529491246,-2.619913577199427,546.2634034598586,1.565314922759782,,,-2.7494240376486707
actor_critic,,1,518,145.96741925186595,73,0.04301023483276367,7.743519067764282,,,354.47835524132387,-4.608838789445692,512.9816944123539,1.554378865516349,,,-2.4729766845703125
actor_critic,,1,519,57.22582778572876,35,0.020904064178466797,7.764603853225708,,,744.9660569802459,-13.967807683934058,1084.1912609049186,1.550411101749965,,,-5.593362862723215
actor_critic,,1,520,59.07587240729196,36,0.02136707305908203,7.786149024963379,60.38319097612807,0.16391706568301012,726.5157233354015,-12.153722030731538,1055.2420432632077,1.5546644694275327,,,-5.396867116292317
actor_critic,,1,521,65.82619585889564,40,0.02416515350341797,7.827094078063965,,,663.7147313490975,-3.5001321085728705,953.1640758278081,1.562421864271164,,,-4.876664733886718
actor_critic,,1,522,90.420740437272,61,0.03642106056213379,7.863692998886108,,,444.4783607562851,-4.940460022996928,642.0268751017284,1.5736250173850137,,,-3.392402773997823
actor_critic,,1,523,75.81880815789704,45,0.026691198348999023,7.890554189682007,,,579.9673950648556,-13.190894044190646,847.3689941756169,1.5767875962787203,,,-4.2282118055555555
actor_critic,,1,524,70.56157930920081,43,0.025400161743164062,7.916140079498291,,,621.5141763267821,-2.7248295994345533,891.7700003513384,1.5767935181772985,,,-4.4537846764852835
actor_critic,,1,525,68.3971284490786,42,0.0251767635345459,7.941489934921265,,,635.8836487601733,-3.643507529626645,913.6102450900113,1.5773101392246427,,,-4.580441429501488
actor_critic,,1,526,64.82422732030913,40,0.023730754852294922,7.96540379524231,,,663.1029682940352,-11.36814071466215,963.5301450557133,1.5787098675966262,,,-4.754873275756836
actor_critic,,1,527,68.8226322975372,42,0.024808883666992188,7.990386962890625,,,630.0769689181221,-13.947429019469945,920.0348517197639,1.58492986928849,,,-4.588954017275856
actor_critic,,1,528,63.6956330474115,39,0.02338886260986328,8.013942003250122,,,689.2293706203748,-6.752606332731935,994.2599572480345,1.5922090579301884,,,-4.958073542668269
actor_critic,,1,529,63.380303408621906,39,0.023085832595825195,8.037200927734375,,,695.400705122186,-1.2422288578863327,995.2042378582753,1.5946471843964014,,,-5.006854717548077
actor_critic,,1,530,65.25360598736219,40,0.023686885833740234,8.061057090759277,,,674.9182699186728,-2.664312405604869,967.9751254623873,1.6082176476716996,,,-4.895972442626953
actor_critic,,1,531,61.993366098444326,38,0.0224001407623291,8.083630084991455,,,710.987143679571,-2.69644305786412,1019.547966434075,1.6141668275782937,,,-5.113991586785567
actor_critic,,1,532,60.39628572971998,37,0.022107839584350586,8.105914831161499,,,724.1797275133935,-10.35828208872998,1049.3400601376527,1.6156986951828003,,,-5.23649432208087
actor_critic,,1,533,59.42184235653609,36,0.021275997161865234,8.127361059188843,,,746.7912845912506,-8.393971560678134,1078.836027178797,1.617279867331187,,,-5.412713792588976
actor_critic,,1,534,55.77938716215598,34,0.020253896713256836,8.147783994674683,,,784.3606043203789,-18.344580566894045,1146.7216870594934,1.6161792102982016,,,-5.739727693445542
actor_critic,,1,535,59.150340846094906,36,0.02170705795288086,8.169673919677734,,,719.637875455202,-41.92010517149336,1087.9399887939992,1.6189741757180955,,,-5.427829318576389
actor_critic,,1,536,57.40309057613022,35,0.021117210388183594,8.190936088562012,,,782.6786848813163,-2.0808096636618885,1121.0850227892997,1.6229130268096923,,,-5.593289620535714
actor_critic,,1,537,59.17575146114182,36,0.021677017211914062,8.212801933288574,,,757.72381844801,-5.502646942209038,1090.3235796318622,1.6288218597571056,,,-5.463800218370226
actor_critic,,1,538,56.91080092021622,35,0.020852088928222656,8.233829975128174,,,780.3295062918799,-5.278516167934452,1122.297184666938,1.6353335108075824,,,-5.610329764229911
actor_critic,,1,539,59.179686781440495,36,0.02157902717590332,8.255573987960815,,,759.3026166368379,-5.74027130804542,1092.9184566453978,1.634828554259406,,,-5.455858442518446
actor_critic,,1,540,55.92928828292052,34,0.02062082290649414,8.276371002197266,70.34190104685946,30.197590553786053,807.6731783408082,-6.90142706606318,1163.678061970133,1.6367116675657385,,,-5.785253636977252
actor_critic,,1,541,54.55005419019893,33,0.020308971405029297,8.315000057220459,,,833.0675710322279,-9.998514131783988,1204.3801650048417,1.6398266770622947,,,-5.966946688565341
actor_critic,,1,542,157.37163628512195,77,0.04564213752746582,8.360816955566406,,,365.4238593136263,-0.6656734721323887,522.9850500928293,1.6424701337690477,,,-2.4047045026506697
actor_critic,,1,543,145.73550303408174,73,0.04334712028503418,8.404346942901611,,,390.1928118395887,-1.8678593634283298,560.0866676537122,1.6416716395992121,,,-2.6345835646537887
actor_critic,,1,544,176.73994682760699,83,0.048631906509399414,8.453145980834961,,,350.1087930985861,-3.0105390997311794,504.4561954754747,1.6534890956189259,,,-2.2413605839373116
actor_critic,,1,545,198.40738716064723,88,0.05189919471740723,8.505221128463745,,,342.64740350630285,-1.2179626921953803,491.2362258953111,1.6565492275086315,,,-2.0425668196244673
actor_critic,,1,546,73.06050374869046,42,0.024853944778442383,8.530252933502197,,,733.4767361318782,-1.5952214914418401,1050.1028236175077,1.6440373829432897,,,-5.024211701892671
actor_critic,,1,547,62.73520959777902,37,0.022036075592041016,8.552468061447144,,,823.3509964932423,-9.32875991617707,1189.5425525133662,1.6493876946939003,,,-5.674571681667018
actor_critic,,1,548,54.11789832082251,33,0.019641876220703125,8.572282791137695,,,911.3581673646854,-20.61501767147671,1331.3903097852176,1.651899359442971,,,-6.3591461181640625
actor_critic,,1,549,54.06961133343963,33,0.0196077823638916,8.592069864273071,,,923.9770371442233,-5.457588179657857,1327.7637564143251,1.6512440262418804,,,-6.360113432913115
actor_critic,,1,550,53.875209893340475,33,0.019682884216308594,8.61191201210022,,,924.9170244970838,-3.980391829923698,1326.9962694030678,1.6548172668977217,,,-6.3599835020123106
actor_critic,,1,551,57.07678570833147,35,0.021088838577270508,8.633232831954956,,,860.2090865210497,-15.145069529701557,1250.5060224159554,1.6601681232452392,,,-5.997701590401785
actor_critic,,1,552,54.60537208448673,33,0.019791126251220703,8.653217077255249,,,922.391269854545,-6.751359248590289,1327.3465617418176,1.6656482833804507,,,-6.339250506776752
actor_critic,,1,553,53.9978234416647,33,0.019671201705932617,8.673050165176392,,,913.4028453178083,-13.291358005368348,1323.8488251581914,1.6717666604302146,,,-6.353261774236506
actor_critic,,1,554,53.22430968318034,32,0.019013166427612305,8.692238092422485,,,943.388004190283,-13.496294647629838,1366.9776294418552,1.6785717718303204,,,-6.521180152893066
actor_critic,,1,555,78.34214697798748,45,0.026500225067138672,8.718903064727783,,,661.480892480289,-13.26975917600923,963.9294996521229,1.680138693915473,,,-4.698139784071181
actor_critic,,1,556,74.32954515516796,43,0.025335073471069336,8.744412899017334,,,689.101250715218,-10.217282501677442,999.0264892011102,1.6891218562458836,,,-4.867835821107376
actor_critic,,1,557,201.35424246579115,89,0.05222892761230469,8.796809911727905,,,341.65487052159114,-2.744076768794421,491.9984916366998,1.700489964378014,,,-2.0293556813443643
actor_critic,,1,558,203.79467011526341,91,0.053878068923950195,8.850867986679077,,,348.47418328549634,-1.8955325464625934,500.5281490442307,1.6828447187339866,,,-2.0651481544578467
actor_critic,,1,559,55.983132055043015,34,0.020999908447265625,8.872034072875977,,,928.3856164902887,-22.362230683183846,1358.2112312752356,1.665567513774423,,,-6.326315487132353
actor_critic,,1,560,54.23607407193491,33,0.020168066024780273,8.89236307144165,55.62706211236182,0.8727379867404733,968.7137856903965,-7.723192985705806,1394.9100453720894,1.6654172485524958,,,-6.575259121981534
actor_critic,,1,561,54.219958007537734,33,0.020487070083618164,8.928472995758057,,,958.9472132439065,-12.120489972615331,1387.2395916146043,1.6702637780796399,,,-6.515836311109139
actor_critic,,1,562,128.66736820454855,67,0.03979969024658203,8.968446016311646,,,471.22316653786726,-0.8316905331700596,674.3640873941259,1.6806090483024938,,,-3.179815719376749
actor_critic,,1,563,113.93373538754473,62,0.03685402870178223,9.00547981262207,,,493.96291929010994,-11.896023250305124,722.6556392375966,1.7105623002975219,,,-3.4850975774949595
actor_critic,,1,564,110.04943254068591,61,0.0359492301940918,9.04160213470459,,,504.82123130956876,-3.1253839620068424,725.6380567601271,1.7283392089312193,,,-3.5179323290215163
actor_critic,,1,565,90.25732779479786,52,0.03066420555114746,9.072407960891724,,,581.282222235638,-9.544183478045921,844.0377507858703,1.7450798612374525,,,-4.116922231820913
actor_critic,,1,566,83.11018551220768,48,0.02846503257751465,9.101058959960938,,,614.2042845692753,-18.637083778972737,904.0591307271825,1.7663141613205273,,,-4.340730667114258
actor_critic,,1,567,165.47437590189674,86,0.05101370811462402,9.15225076675415,,,331.3546158144451,-2.907056706502687,477.516694608047,1.782629933468131,,,-2.3512903257857922
actor_critic,,1,568,134.07590780949434,74,0.04378104209899902,9.196208000183105,,,578.4797482715378,-1.0080418412548464,827.8397141562749,1.7809471133592967,,,-1.6950498916007377
actor_critic,,1,569,120.07513841295565,68,0.04025912284851074,9.236642122268677,,,108.46317149386468,-2.3368601189268863,158.2857576545725,1.7854357887716854,,,-2.548852808335248
actor_critic,,1,570,168.15014548650612,86,0.050659894943237305,9.28747296333313,,,317.0832248813267,-3.6016818557887578,458.12130194933826,1.8058502383010333,,,-2.30067656760992
actor_critic,,1,571,137.71665589162745,73,0.042978763580322266,9.330630779266357,,,372.3860920006282,-1.1780126055523956,533.663019365513,1.818617236124326,,,-2.799608204462757
actor_critic,,1,572,124.48813019210476,68,0.040318965911865234,9.371093988418579,,,389.91514659607236,-4.892883923890836,564.0115039706614,1.8475128044100368,,,-2.998251297894646
actor_critic,,1,573,106.73749251180631,58,0.034487009048461914,9.405760049819946,,,453.48942244105075,-5.329690810036043,655.4559007285861,1.8538984779653878,,,-3.433465628788389
actor_critic,,1,574,105.91016568400767,57,0.0337827205657959,9.439717769622803,,,442.41680111992787,-21.704929025582317,663.0310785611356,1.8532074836262487,,,-3.447420354475055
actor_critic,,1,575,117.27995288931864,64,0.03785300254821777,9.477720975875854,,,406.66535682056565,-4.1274980660527945,586.8469638828501,1.8556946273893118,,,-3.095978021621704
actor_critic,,1,576,92.78313661158198,51,0.030595064163208008,9.508464097976685,,,503.787836264965,-6.29871512744941,728.6950751279489,1.8595368254418467,,,-3.8307507084865198
actor_critic,,1,577,80.98226037105617,44,0.0259549617767334,9.534556865692139,,,586.962974767698,-3.0173235687173228,842.8289958501172,1.86673657189716,,,-4.433097839355469
actor_critic,,1,578,64.82711980611333,35,0.020977020263671875,9.555674076080322,,,736.9924341731339,-3.795604438387922,1058.2686066457868,1.8757274116788591,,,-5.544337681361607
actor_critic,,1,579,74.85788511195463,41,0.024527788162231445,9.580368757247925,,,626.2422760861724,-3.4671617620511026,899.5849297148028,1.8858604809133017,,,-4.7351159816834985
actor_critic,,1,580,76.51314228425781,42,0.025229215621948242,9.605743169784546,82.09531110415139,6.0333732306777925,604.9805061686175,-5.069375673530712,871.4998323447847,1.894916452112652,,,-4.617261614118304
actor_critic,,1,581,75.84060938852485,41,0.025288105010986328,9.650181770324707,,,608.5767758225045,-14.378055959213071,889.935483335523,1.8995524470399066,,,-4.6807429616044205
actor_critic,,1,582,69.39140878718527,38,0.022726058959960938,9.673048973083496,,,667.09686073099,-3.3738037245348096,957.8152148064202,1.9068896644993831,,,-5.040110537880345
actor_critic,,1,583,62.74444009378272,34,0.020674943923950195,9.693887948989868,,,745.0450624246835,-8.977354769594967,1077.174922491273,1.9138378535999971,,,-5.557548074161305
actor_critic,,1,584,53.82390003638919,30,0.017891645431518555,9.711954832077026,,,846.9396331857114,-8.919864470573764,1222.656431034448,1.9205375870068868,,,-6.398841349283854
actor_critic,,1,585,50.196853494178924,28,0.016771793365478516,9.728893995285034,,,909.8881408001928,-10.482634151354432,1314.8153230387168,1.9228564543383462,,,-6.911410195486886
actor_critic,,1,586,50.37603153335197,28,0.016981124877929688,9.746031999588013,,,916.5627789712578,-5.343269483518919,1317.0086532568178,1.9221800097397395,,,-6.899314335414341
actor_critic,,1,587,53.719839143235944,30,0.01815009117126465,9.764328956604004,,,848.2903167859554,-14.069983623114725,1231.9433168026153,1.931168266137441,,,-6.500931803385416
actor_critic,,1,588,51.70410861040042,29,0.017802000045776367,9.782284021377563,,,879.889573997561,-9.94395669819466,1271.1907656448652,1.943167727569054,,,-6.738335971174569
actor_critic,,1,589,54.590320686424285,30,0.018049001693725586,9.800509929656982,,,834.2650593348313,-22.189824015212555,1223.5070058619526,1.9472875754038492,,,-6.425628153483073
actor_critic,,1,590,56.74712160531141,31,0.018409013748168945,9.81908893585205,,,819.2963973877111,-7.381564420918303,1180.9685014040253,1.951130497840143,,,-6.2106613651398686
actor_critic,,1,591,63.96111541507167,35,0.020975112915039062,9.840240001678467,,,723.5832499908083,-6.665455023784722,1043.212393632684,1.9576132467814855,,,-5.502732631138393
actor_critic,,1,592,56.068071177209134,31,0.018628835678100586,9.859048843383789,,,811.9539999499272,-10.077774773381892,1174.3311528619454,1.9634415257361628,,,-6.189957157258065
actor_critic,,1,593,56.7183146895156,31,0.018566131591796875,9.877793073654175,,,811.4385344679805,-9.144550740839012,1172.2615646431373,1.9701081783540788,,,-6.163827219317036
actor_critic,,1,594,48.148159278574454,27,0.01643085479736328,9.894398927688599,,,931.0051381899631,-14.138486207635314,1350.2051983831227,1.9714312730012116,,,-7.033161304615162
actor_critic,,1,595,49.05381235473699,27,0.01648998260498047,9.911045789718628,,,940.431611083172,-7.4299985153807535,1354.0880978470323,1.9733070797390408,,,-7.023983425564236
actor_critic,,1,596,48.34296772636554,27,0.016321897506713867,9.927549839019775,,,943.2593699658755,-10.52839298946438,1362.5539819857675,1.9813524749543932,,,-7.149952076099537
actor_critic,,1,597,44.249603231947525,25,0.015068769454956055,9.942792892456055,,,1027.6558759814873,-4.639603708684445,1474.7078278182819,1.9854225969314576,,,-7.7475390625
actor_critic,,1,598,44.21200916614616,25,0.015292882919311523,9.958257913589478,,,1024.2678030739864,-8.389544843733312,1475.2247881249618,1.9896786260604857,,,-7.7911181640625
actor_critic,,1,599,46.30234810266924,26,0.01569080352783203,9.974117755889893,,,978.7673788639144,-13.46070576688418,1417.4688036513264,1.9927421441444984,,,-7.499948354867788
actor_critic,,1,600,52.104947908214605,29,0.017342090606689453,9.991629123687744,51.22287899270826,1.7133484613970875,880.4694629474864,-5.168604714667489,1265.1972775455035,1.9978827649149402,,,-6.659209678912985
actor_critic,,1,601,53.65940713093771,30,0.01887822151184082,10.023621082305908,,,838.647119316222,-12.600032612867654,1216.0673971142776,2.004320430755615,,,-6.451749674479166
actor_critic,,1,602,48.220714137946665,27,0.016430139541625977,10.040229082107544,,,932.2903352218198,-7.858971961463491,1343.0704543359525,2.017410490247938,,,-7.127840395326968
actor_critic,,1,603,48.418096108320846,27,0.01655435562133789,10.056944131851196,,,922.03245928198,-14.97011527646747,1338.5751265370786,2.0292501891100847,,,-7.090569955331308
actor_critic,,1,604,44.36064759898636,25,0.015133857727050781,10.072257995605469,,,1002.1731620131806,-13.15878578454256,1450.4742313756608,2.0355134296417234,,,-7.59702880859375
actor_critic,,1,605,45.10509696064163,25,0.01509404182434082,10.087528944015503,,,984.1918662071228,-35.346607528477904,1456.4835869232193,2.0411743450164797,,,-7.539724731445313
actor_critic,,1,606,48.27030899440877,27,0.015932798385620117,10.103602886199951,,,932.7914725575225,-14.246368164817492,1352.9111932678647,2.03478995958964,,,-7.0012868245442705
actor_critic,,1,607,46.93912161813284,26,0.015668153762817383,10.119439125061035,,,982.2967433409693,-4.763345658779144,1410.0858719531052,2.0297806721467238,,,-7.31236091026893
actor_critic,,1,608,44.896998006698276,25,0.014982938766479492,10.13457202911377,,,1000.7128675132803,-27.52760289311409,1468.9149382039345,2.033029327392578,,,-7.6240771484375
actor_critic,,1,609,46.46734691797614,26,0.015465974807739258,10.150194883346558,,,978.4781248445372,-10.161648124384765,1412.3425241365242,2.0403977999320397,,,-7.4149040809044475
actor_critic,,1,610,47.83323460635834,27,0.0160520076751709,10.166420936584473,,,929.177478512956,-23.879800950487454,1361.5104838525617,2.0549214857595937,,,-7.208270602756077
actor_critic,,1,611,47.899561053005186,27,0.016265869140625,10.18285584449768,,,923.5926957435009,-27.48780717307495,1358.6864120576497,2.0711664182168468,,,-7.191657172309028
actor_critic,,1,612,50.26991891247505,28,0.01667499542236328,10.199707984924316,,,891.1259398847053,-21.66404032068593,1303.9857582566826,2.076144576072693,,,-6.8885312761579245
actor_critic,,1,613,44.9237950760418,25,0.015083789825439453,10.2149498462677,,,997.7403173178434,-18.471813205629587,1451.7316907125805,2.0843577575683594,,,-7.7015533447265625
actor_critic,,1,614,48.41248495710893,27,0.016003131866455078,10.23110818862915,,,926.0850673076455,-11.977729624896138,1340.089706995421,2.0929619294625743,,,-7.112782796223958
actor_critic,,1,615,45.11126549499343,25,0.01495981216430664,10.246236801147461,,,1000.7354978001117,-9.916483563631774,1443.7885530016945,2.099198341369629,,,-7.635711059570313
actor_critic,,1,616,42.911499027366894,24,0.014494180679321289,10.260868072509766,,,1029.3185197189257,-26.31684996156643,1508.05049686811,2.1068155566851297,,,-7.9046579996744795
actor_critic,,1,617,42.46425952212223,24,0.014516115188598633,10.275552034378052,,,1041.3388111441939,-20.28274166335662,1516.602262971496,2.109307756026586,,,-7.780688603719075
actor_critic,,1,618,44.56509803504101,25,0.01565098762512207,10.291359901428223,,,1010.3924315851926,-13.276768491268157,1462.3846350204758,2.110876512527466,,,-7.3859375
actor_critic,,1,619,46.22081894704927,26,0.01592397689819336,10.307453870773315,,,980.5622339298984,-9.951982946063463,1415.0202826573425,2.1102951214863706,,,-7.150655306302584
actor_critic,,1,620,46.73904244354309,26,0.015796899795532227,10.323426008224487,46.5959215736202,0.356800769700721,957.1864419250319,-36.04742264203154,1418.905540289787,2.1119993466597338,,,-7.358587998610276
actor_critic,,1,621,45.182393740269006,25,0.01538991928100586,10.351208925247192,,,1014.6563265865855,-21.000259392261505,1479.5093792455177,2.1122251605987548,,,-7.71898193359375
actor_critic,,1,622,48.092673690312246,27,0.016501188278198242,10.367877960205078,,,919.3273281236869,-39.283138466998935,1369.4435831203937,2.114544294498585,,,-7.162685253002025
actor_critic,,1,623,44.98361588036081,25,0.01495814323425293,10.383012056350708,,,1016.2612774119153,-13.316295303925871,1470.8251363207958,2.1173660945892334,,,-7.73799072265625
actor_critic,,1,624,46.54724914128401,26,0.01561594009399414,10.398804903030396,,,967.0584593059925,-18.64558438383616,1408.1486006408231,2.1280912435971775,,,-7.43475576547476
actor_critic,,1,625,44.22486075940644,25,0.015156984329223633,10.414138078689575,,,1009.5186956680823,-11.95002573505044,1459.2411062607541,2.137667360305786,,,-7.7008905029296875
actor_critic,,1,626,43.11195314050268,24,0.014590978622436523,10.42887282371521,,,1056.7449836290132,-7.753149927128106,1520.711646616459,2.144016037384669,,,-7.9309431711832685
actor_critic,,1,627,42.84188587332837,24,0.014421701431274414,10.443418741226196,,,1055.4911284387733,-13.621831242771199,1527.304291300398,2.1463365157445273,,,-7.852802276611328
actor_critic,,1,628,45.57944573479007,26,0.0159609317779541,10.459549903869629,,,980.0392058426514,-7.7859750626465445,1411.1788801917753,2.1479713091483483,,,-7.237233675443209
actor_critic,,1,629,42.72413391040443,24,0.014596700668334961,10.474374771118164,,,1065.0075751130546,-9.495254087882737,1535.0041036925588,2.152090609073639,,,-7.850401560465495
actor_critic,,1,630,42.85532352403578,24,0.014629840850830078,10.489178895950317,,,1068.924698609005,-8.590837783180177,1539.3079111353047,2.1533849934736886,,,-7.915459950764974
actor_critic,,1,631,40.569232343315626,23,0.01391911506652832,10.503259897232056,,,1101.9156748038595,-23.25294706079623,1607.3838038907852,2.1560338476429814,,,-8.373649928880775
actor_critic,,1,632,40.737586849022726,23,0.014077901840209961,10.517500877380371,,,1106.9283127768533,-17.163055988271598,1605.8447541471915,2.160619652789572,,,-8.452844370966373
actor_critic,,1,633,42.767429056431276,24,0.014706850051879883,10.532370805740356,,,1055.2953113957144,-20.91612434682126,1537.444956543186,2.159136325120926,,,-8.12017567952474
actor_critic,,1,634,39.31851268194627,22,0.013323068618774414,10.545855045318604,,,1164.6029920459152,-7.381161834875291,1674.2630496324061,2.1557687520980835,,,-8.783733714710582
actor_critic,,1,635,42.41362724690587,24,0.014542102813720703,10.560558080673218,,,1052.2980440956114,-17.059125291804474,1527.6531005729048,2.1576341092586517,,,-8.088171005249023
actor_critic,,1,636,40.617063633027485,23,0.013904809951782227,10.574619770050049,,,1100.2570073544655,-8.90950262627524,1584.5235792417686,2.1592294858849566,,,-8.425543080205502
actor_critic,,1,637,42.46455000128621,24,0.014747142791748047,10.589527130126953,,,1030.6188544104032,-26.272107024677098,1509.8442407943755,2.163762370745341,,,-8.042135238647461
actor_critic,,1,638,42.23196444458892,24,0.01429605484008789,10.603991985321045,,,1043.142606205113,-8.349297670957943,1502.1312872492515,2.1613022883733115,,,-8.003474553426107
actor_critic,,1,639,42.79826109807956,24,0.01442098617553711,10.618575811386108,,,1039.8036492128547,-9.904959675467884,1499.5838121787529,2.156673808892568,,,-7.89906628926595
actor_critic,,1,640,41.01030838998357,23,0.01385498046875,10.632586002349854,39.979007270777664,1.214733506773609,1079.1250979453325,-22.77936535118067,1574.1493068405973,2.1612985445105513,,,-8.066362463909647
actor_critic,,1,641,40.39377785549432,23,0.014328956604003906,10.657790899276733,,,1092.4427561720265,-14.484173980905958,1581.3242022002864,2.1690839269886846,,,-8.03352754012398
actor_critic,,1,642,40.26744271731036,23,0.01394796371459961,10.671894073486328,,,1101.2324353038616,-12.017827664866395,1590.3575159284164,2.1741740081621255,,,-7.982520061990489
actor_critic,,1,643,40.19576291743583,23,0.013818740844726562,10.685861825942993,,,1106.871383826046,-11.746477337311143,1598.025530707253,2.178697803746099,,,-8.08714957859205
actor_critic,,1,644,39.20104128694402,22,0.013330936431884766,10.699355840682983,,,1159.1349789493463,-13.652132673697038,1675.4101257748077,2.1806080558083276,,,-8.554344870827414
actor_critic,,1,645,40.53377141759359,23,0.01384425163269043,10.71337080001831,,,1095.3571917289948,-27.624529875652946,1604.2596333816284,2.181243098300436,,,-8.310286148734715
actor_critic,,1,646,40.93036921083121,23,0.013789892196655273,10.72731900215149,,,1109.1550020107431,-11.424440743158693,1600.8278299614321,2.186088821162348,,,-8.3515625
actor_critic,,1,647,40.26958218240831,23,0.014156579971313477,10.741626739501953,,,1103.1109824545033,-16.35295778391478,1599.2341495440849,2.1927017958267876,,,-8.383254341457201
actor_critic,,1,648,40.80392681107227,23,0.014066934585571289,10.755846977233887,,,1103.492180266458,-14.001450549973095,1596.4194517487701,2.2068782992984937,,,-8.357522715692935
actor_critic,,1,649,39.03033681773829,22,0.013157844543457031,10.769161939620972,,,1137.817958627912,-33.13727184520526,1672.793146780491,2.2123723355206577,,,-8.744992342862217
actor_critic,,1,650,43.031734508552795,24,0.014434099197387695,10.783735036849976,,,1049.6216268592204,-29.6206071684137,1541.7746869224065,2.217134932676951,,,-8.082931518554688
actor_critic,,1,651,40.9263897363487,23,0.013893842697143555,10.797770023345947,,,1099.2785545598472,-28.69308519088056,1611.3880545612344,2.2176699327385943,,,-8.469756416652514
actor_critic,,1,652,44.118587854395656,25,0.0150604248046875,10.81297516822815,,,1029.2449385571572,-6.675965194404125,1479.8869705470092,2.219353532791138,,,-7.846005249023437
actor_critic,,1,653,43.923896007690516,25,0.01491689682006836,10.828058958053589,,,1016.8637250459939,-17.527181570753456,1477.7013143609372,2.2266582298278808,,,-7.87229736328125
actor_critic,,1,654,42.7214494042744,24,0.014678955078125,10.842943906784058,,,1060.23438660653,-16.593275124051917,1538.325239825858,2.2349468966325126,,,-8.171504338582357
actor_critic,,1,655,42.46716303414989,24,0.014644861221313477,10.85776686668396,,,1043.057574312513,-30.513294036810596,1533.6727039561472,2.24320059021314,,,-8.143850962320963
actor_critic,,1,656,41.27971769408411,23,0.01415109634399414,10.872087001800537,,,1106.2141106157846,-9.513910714374935,1593.8972047886143,2.2492312141086743,,,-8.375857809315557
actor_critic,,1,657,41.04221690016026,23,0.013957977294921875,10.886190176010132,,,1091.0790319851722,-19.132170080166794,1586.016044287092,2.2570069458173667,,,-8.413051439368207
actor_critic,,1,658,41.10723513315555,23,0.013913869857788086,10.900264978408813,,,1089.845732210791,-15.084007190621417,1578.471104437141,2.264875028444373,,,-8.375084918478262
actor_critic,,1,659,42.64158970960018,24,0.014600038528442383,10.91502594947815,,,1038.9989930440981,-15.990815679853162,1507.1283592170803,2.276089072227478,,,-7.997932434082031
actor_critic,,1,660,46.54761013065482,26,0.015492916107177734,10.930665969848633,45.86598934984773,1.2154799008169954,958.6747972905063,-15.573598013474392,1391.7834366175364,2.28796753516564,,,-7.327707143930288
actor_critic,,1,661,50.472079537651176,28,0.017065048217773438,10.959820032119751,,,890.3421346591869,-20.735241652200266,1301.5390984198643,2.2982799410820007,,,-6.68798828125
actor_critic,,1,662,55.514852805674195,31,0.01863574981689453,10.978639841079712,,,817.5301585051442,-9.910384081544414,1182.0579387975347,2.298323492850027,,,-6.11137931577621
actor_critic,,1,663,50.762134992069015,28,0.017405986785888672,10.996213912963867,,,895.6202416611569,-20.853655344673566,1309.2484554364762,2.299134314060211,,,-6.785679953438895
actor_critic,,1,664,52.48558044581492,29,0.017458200454711914,11.013839960098267,,,874.8934240659441,-12.37628605788381,1267.52818197586,2.301003168369162,,,-6.579151022023168
actor_critic,,1,665,49.11662339352716,27,0.016614198684692383,11.030616044998169,,,931.8890683120289,-23.406481197379804,1364.7079485462357,2.3078730636172824,,,-7.130360356083623
actor_critic,,1,666,48.162280855137745,27,0.016537189483642578,11.047330141067505,,,935.1962450967619,-23.455149965015828,1369.5019993958908,2.31119802263048,,,-7.219576235170718
actor_critic,,1,667,47.08540803081448,26,0.015707015991210938,11.063194036483765,,,992.9397829756714,-7.794510587046926,1429.6205265062163,2.3077415502988377,,,-7.496424748347356
actor_critic,,1,668,44.96208704494536,25,0.015208959579467773,11.078562021255493,,,1027.3197783153505,-12.550385711491108,1485.5287980819774,2.3176043701171873,,,-7.840592041015625
actor_critic,,1,669,49.60083414019232,28,0.017059803009033203,11.095794916152954,,,909.7891971907478,-21.03055142498176,1329.7425260837772,2.3314867360251292,,,-7.076147351946149
actor_critic,,1,670,44.0759699962146,25,0.015096187591552734,11.111058950424194,,,996.2301021806151,-46.19553243786097,1489.179550643703,2.334345989227295,,,-7.92359375
actor_critic,,1,671,51.278584385893225,29,0.01762080192565918,11.128836154937744,,,885.3590027692503,-14.191662924942271,1285.0723227368717,2.338398604557432,,,-6.860765654465248
actor_critic,,1,672,46.668027726803594,26,0.016016006469726562,11.145015001296997,,,997.6524665897125,-6.574873296257395,1434.610528344799,2.346809378037086,,,-7.573983999399038
actor_critic,,1,673,46.89243960452479,26,0.016709089279174805,11.161901950836182,,,981.6096462367389,-22.79986002138601,1434.8707212049048,2.3573920176579404,,,-7.617188086876502
actor_critic,,1,674,46.01573035316845,26,0.015823841094970703,11.17789888381958,,,970.2771251608367,-35.84798082136191,1437.3216242475453,2.362930252001836,,,-7.650148245004507
actor_critic,,1,675,46.80399625522479,26,0.015699148178100586,11.193784952163696,,,995.2029730564234,-8.896096662045098,1434.4273197889113,2.3650765052208533,,,-7.600611173189604
actor_critic,,1,676,46.87930242295026,26,0.016218900680541992,11.210186958312988,,,977.8638566603992,-22.046952512401802,1428.4439627985792,2.368345939196073,,,-7.512371943547175
actor_critic,,1,677,46.162220176192086,26,0.015861988067626953,11.226224899291992,,,966.2463451702721,-27.716145440506246,1419.9464419900278,2.3761005034813514,,,-7.521412189190205
actor_critic,,1,678,48.187999054861365,27,0.01673102378845215,11.243113994598389,,,936.0133855185834,-15.2042263891134,1358.8823040264606,2.3833556881657354,,,-7.220223320855035
actor_critic,,1,679,44.37114929272956,25,0.015212059020996094,11.258487939834595,,,1006.0781921070815,-13.702355534434318,1456.8294451595564,2.382800998687744,,,-7.741046752929687
actor_critic,,1,680,45.87513958691325,26,0.01587700843811035,11.274534940719604,45.678147807961054,0.8995352038683685,969.9206786263161,-12.934949649784427,1404.0794797033393,2.3862015284024753,,,-7.317828838641827
actor_critic,,1,681,51.46585491762249,30,0.01839423179626465,11.305476188659668,,,833.3553537015182,-22.848859794065355,1223.1489240802746,2.3922328551610312,,,-6.253126525878907
actor_critic,,1,682,50.85037292903492,30,0.018481016159057617,11.324162006378174,,,848.01297491466,-10.55499273488919,1226.5256907579956,2.394379758834839,,,-6.324540201822916
actor_critic,,1,683,49.29518519777732,29,0.018122196197509766,11.342458963394165,,,877.9655438026991,-15.127921068976665,1275.8478355121013,2.402227385290738,,,-6.468088610418912
actor_critic,,1,684,52.74838308677634,30,0.018400907516479492,11.361047983169556,,,862.8582808736712,-7.253653076787789,1243.0170905283885,2.4121522823969523,,,-6.2073211669921875
actor_critic,,1,685,51.385660220287086,29,0.017874956130981445,11.379109859466553,,,877.3052372134066,-24.758810722108546,1288.6629869551398,2.4152915724392594,,,-6.475483861462823
actor_critic,,1,686,53.100709825472734,30,0.01787590980529785,11.397166013717651,,,868.4949704696735,-8.781159034185112,1253.251557193976,2.4141350746154786,,,-6.3950139363606775
actor_critic,,1,687,54.474511325738575,31,0.019089937210083008,11.41643500328064,,,843.9276575321452,-6.935023249757867,1215.5181315882026,2.409957924196797,,,-6.259600239415323
actor_critic,,1,688,54.1381424108197,30,0.018288135528564453,11.434891939163208,,,848.876304278383,-34.51315449625254,1261.984949245754,2.4121076822280885,,,-6.405739339192708
actor_critic,,1,689,51.86451106206455,29,0.01756000518798828,11.45262885093689,,,900.4319731979069,-12.99552436262883,1304.8964142636557,2.4128238579322554,,,-6.688083517140355
actor_critic,,1,690,49.08131736822655,27,0.016559839248657227,11.469405889511108,,,951.9877054702353,-31.222479530644637,1404.58605542904,2.4184488543757685,,,-7.140839753327547
actor_critic,,1,691,51.046871289256686,28,0.01698923110961914,11.486572980880737,,,940.0913176612396,-12.298068149414446,1360.5563563679711,2.4211023109299794,,,-6.895411355154855
actor_critic,,1,692,48.555840129618716,27,0.016689062118530273,11.503473997116089,,,983.5732117548813,-7.652754250086016,1416.0371411271237,2.421279757111161,,,-7.165761311848958
actor_critic,,1,693,45.06232207445362,25,0.015547990798950195,11.519183874130249,,,1064.5012437533726,-8.727331991046666,1533.183666213751,2.4286283588409425,,,-7.743250732421875
actor_critic,,1,694,42.74454812808885,24,0.014914751052856445,11.534247875213623,,,1108.513862345523,-13.210135695679734,1602.4629571588011,2.43460081020991,,,-8.10532251993815
actor_critic,,1,695,44.50805777715843,25,0.015636920928955078,11.550039052963257,,,1063.34925556086,-15.807732223421334,1541.6529502512888,2.4318652153015137,,,-7.7987939453125
actor_critic,,1,696,46.83067340140757,26,0.016064167022705078,11.566277980804443,,,1028.9747873846657,-11.860133550631312,1486.907118103064,2.4316001396912794,,,-7.495343134953425
actor_critic,,1,697,46.280882546134336,26,0.01586604118347168,11.582310914993286,,,1027.5711255227752,-11.840116741565557,1484.8732163094055,2.4355832430032582,,,-7.572801443246695
actor_critic,,1,698,48.29002326551067,27,0.0168607234954834,11.599326848983765,,,972.7769093340246,-28.047009151428938,1429.7485460463602,2.439342569421839,,,-7.27974107530382
actor_critic,,1,699,46.1877128891373,26,0.015683889389038086,11.61514687538147,,,1030.5544599197233,-10.673957996213666,1487.4692120513914,2.4440774275706363,,,-7.48769026536208
actor_critic,,1,700,42.10099888154855,24,0.014702081680297852,11.629993915557861,43.45202248404003,1.0121951744676505,1098.5258518216822,-29.02552805367547,1610.7877683667757,2.448381950457891,,,-8.159336725870768
actor_critic,,1,701,43.22055925589497,24,0.014989137649536133,11.656834125518799,,,1106.2730322044226,-20.244332558941096,1609.3105781359384,2.4534535706043243,,,-8.179134368896484
actor_critic,,1,702,46.56222061070093,26,0.015812158584594727,11.672794103622437,,,1021.8216945426583,-20.141265392088545,1488.5186288883515,2.459067757313068,,,-7.540333087627705
actor_critic,,1,703,44.01606527437922,25,0.01555490493774414,11.68851613998413,,,1068.5679199643432,-16.111333730071784,1549.5417913421522,2.4628228187561034,,,-7.849898071289062
actor_critic,,1,704,44.12514056278974,25,0.01547694206237793,11.704164981842041,,,1067.2653860922157,-17.058543394356967,1549.0341999795753,2.4671663093566893,,,-7.859584350585937
actor_critic,,1,705,41.14645747282481,23,0.014015913009643555,11.718338012695312,,,1112.079211439411,-62.13559543033657,1677.4498423820908,2.4673520793085513,,,-8.552703193996264
actor_critic,,1,706,43.231614012600346,24,0.014927148818969727,11.733431100845337,,,1103.9068702172663,-22.691439491541434,1609.4261923337472,2.464498738447825,,,-8.149735768636068
actor_critic,,1,707,42.6718344299949,24,0.015078306198120117,11.748685121536255,,,1116.0745646659827,-11.632907362887636,1611.0107840452692,2.4651441077391305,,,-8.19180997212728
actor_critic,,1,708,45.96146009212909,26,0.016015052795410156,11.764824151992798,,,1030.3965678487975,-10.298747503485243,1486.7075866518649,2.4730541614385753,,,-7.5750861534705525
actor_critic,,1,709,40.73310805795395,23,0.014245986938476562,11.779232025146484,,,1157.2094726171345,-16.611555423182637,1676.8872576035135,2.4814405130303423,,,-8.533374288807744
actor_critic,,1,710,42.87753881051397,24,0.014587163925170898,11.793989181518555,,,1117.479121176041,-9.371656812960282,1609.7868362281588,2.4882060289382935,,,-8.142057418823242
actor_critic,,1,711,38.626171895484475,22,0.013582944869995117,11.807740926742554,,,1213.1882671456658,-16.49368987994438,1756.6885310454845,2.4938696189360186,,,-8.894316933371805
actor_critic,,1,712,42.62182717476475,24,0.014697074890136719,11.822612047195435,,,1104.2543104345095,-24.161482144147158,1612.0226087812723,2.4969800213972726,,,-8.1470578511556
actor_critic,,1,713,42.58225160485066,24,0.015076875686645508,11.837852954864502,,,1115.1009995289958,-11.224956058431417,1609.0370997609668,2.5029922922452292,,,-8.212555567423502
actor_critic,,1,714,42.41725295646817,24,0.014605045318603516,11.852627992630005,,,1057.2252470750052,-67.21028346878786,1606.3365346926341,2.5145063002904258,,,-8.193040211995443
actor_critic,,1,715,45.0554480558756,25,0.015219926834106445,11.868038892745972,,,1065.8700958468764,-14.674067035987973,1543.6346324459837,2.517184028625488,,,-7.750467529296875
actor_critic,,1,716,46.72196042141489,26,0.016121864318847656,11.884338855743408,,,1028.2740165409273,-11.993734917173592,1486.096749235258,2.5166901166622457,,,-7.507220928485577
actor_critic,,1,717,44.40426525217865,25,0.015157938003540039,11.89966893196106,,,1059.5523571122437,-19.43574833251536,1541.4115837413165,2.519304723739624,,,-7.874575805664063
actor_critic,,1,718,44.14659369967783,25,0.0181119441986084,11.917943000793457,,,1063.1578003228828,-13.934612962901593,1538.703486965336,2.520599994659424,,,-7.857723999023437
actor_critic,,1,719,40.76565994440586,23,0.017169952392578125,11.93530797958374,,,1155.6562751441709,-15.095845643268978,1672.5031051298745,2.524014016856318,,,-8.443603515625
actor_critic,,1,720,44.646607615088605,25,0.018149137496948242,11.953686952590942,46.29328345699268,1.158859896203387,1058.8081988384388,-21.8005954323709,1543.7268761624862,2.531335220336914,,,-7.8111328125
actor_critic,,1,721,46.654122141610436,26,0.016572237014770508,11.982415199279785,,,1012.9571579494536,-23.40328379598661,1480.5149382378977,2.53877278474661,,,-7.52864485520583
actor_critic,,1,722,42.44530253124806,24,0.014907121658325195,11.997528076171875,,,1073.440147268712,-45.2200736819456,1598.0860473540768,2.5445688466231027,,,-8.187749862670898
actor_critic,,1,723,46.36074216774379,26,0.027878999710083008,12.02559494972229,,,1007.3276820668924,-24.418840245128823,1473.923553016216,2.548577070236206,,,-7.508508535531851
actor_critic,,1,724,46.412774714351784,26,0.02617788314819336,12.05208706855774,,,1021.1571725159525,-11.476954424180663,1475.1916612225782,2.546715259552002,,,-7.46740487905649
actor_critic,,1,725,42.62474799217814,24,0.014844179153442383,12.067118167877197,,,1107.0751297114257,-13.950135636453828,1601.4646066493005,2.545028477907181,,,-8.129249572753906
actor_critic,,1,726,44.422496368520555,25,0.015192747116088867,12.082484006881714,,,1035.707570085898,-39.077761139422655,1535.4075483751856,2.545930471420288,,,-7.871025390625
actor_critic,,1,727,46.606846077385896,26,0.01588296890258789,12.098566770553589,,,1021.0703486737688,-9.431288395578472,1472.14530380269,2.5478641161551843,,,-7.547853323129507
actor_critic,,1,728,48.93464808949959,27,0.016411781311035156,12.115163803100586,,,970.6916930083922,-22.259678468108177,1418.5019670019133,2.5527943858393916,,,-7.208380805121528
actor_critic,,1,729,48.93560346274507,27,0.016312122344970703,12.131641149520874,,,965.3396572839507,-28.771825073631824,1420.1592295113778,2.554904328452216,,,-7.18573902271412
actor_critic,,1,730,50.721364859081255,28,0.01747608184814453,12.149294137954712,,,948.5797767306378,-10.088645332758981,1369.5263433912353,2.5579105019569397,,,-6.946595873151507
actor_critic,,1,731,48.347130314182934,27,0.016324996948242188,12.165796041488647,,,980.1859211026415,-12.465630476052562,1418.0736237960282,2.562482092115614,,,-7.254601372612847
actor_critic,,1,732,48.03945713660298,27,0.016716957092285156,12.182684898376465,,,949.7495902240863,-40.798065222661805,1415.0680650028453,2.5682891916345665,,,-7.260294596354167
actor_critic,,1,733,44.69445855928345,25,0.015874862670898438,12.198729038238525,,,1037.8596540887095,-32.6661611135304,1529.3226489524357,2.5706630325317383,,,-7.771505737304688
actor_critic,,1,734,48.060784341552136,27,0.016445159912109375,12.215342998504639,,,978.8796760620618,-11.783107772745469,1415.2325099045065,2.5687762278097646,,,-7.235001740632234
actor_critic,,1,735,48.05543917831074,27,0.016295194625854492,12.23183298110962,,,960.4796557198796,-27.327375380115377,1411.152877678793,2.574492498680397,,,-7.257637306495949
actor_critic,,1,736,50.56332545274901,28,0.01684093475341797,12.248849868774414,,,943.0327717696449,-9.594679360544044,1360.8963708990984,2.580050919737135,,,-6.962716783796038
actor_critic,,1,737,50.265153720160626,28,0.01760411262512207,12.266626119613647,,,942.2231768007623,-10.638692580961756,1361.2311737852704,2.584137959139688,,,-6.950470515659878
actor_critic,,1,738,48.22426340285129,27,0.016570091247558594,12.283370971679688,,,966.8414990479403,-21.197710193969584,1411.4846001389885,2.588559459756922,,,-7.203000669126157
actor_critic,,1,739,42.42059860515717,24,0.014890193939208984,12.298437118530273,,,1062.533084853009,-45.31845091322126,1582.64506852653,2.5911749502023063,,,-8.116299311319986
actor_critic,,1,740,44.467309901308,25,0.01566624641418457,12.314298152923584,44.58181693083619,1.0702427446425349,1043.2461830597185,-22.282447000741957,1522.1837446735053,2.594657506942749,,,-7.7569775390625
actor_critic,,1,741,42.51618395104281,24,0.015206098556518555,12.341480016708374,,,1066.9846625248222,-43.9707736473841,1587.079178547535,2.597851872444153,,,-8.10398038228353
actor_critic,,1,742,44.81012749530404,25,0.015191078186035156,12.356857061386108,,,1052.6675624931604,-13.792060883790255,1523.5137215271686,2.5991095542907714,,,-7.797955322265625
actor_critic,,1,743,44.887309012013056,25,0.015537738800048828,12.37256383895874,,,1054.3120055062325,-12.206848732531071,1523.5983837751392,2.6032004356384277,,,-7.797238159179687
actor_critic,,1,744,44.35292372116302,25,0.015260934829711914,12.387999057769775,,,1034.5820790009573,-32.489438179731366,1524.3878956365586,2.6075651454925537,,,-7.795018920898437
actor_critic,,1,745,45.919030064800964,26,0.01587510108947754,12.404055118560791,,,1015.6606840306463,-10.180801892151626,1465.487870572323,2.612778773674598,,,-7.497356708233173
actor_critic,,1,746,44.667812401917196,25,0.015428304672241211,12.419663190841675,,,1049.8381707305275,-14.63917035907507,1520.6818935172073,2.622397918701172,,,-7.800083618164063
actor_critic,,1,747,42.92182172302557,24,0.014873027801513672,12.43469786643982,,,1099.3719356740282,-9.976228378713131,1584.7830291946495,2.6334921419620514,,,-8.097411473592123
actor_critic,,1,748,48.29276145086894,27,0.0167388916015625,12.451665878295898,,,965.1157014548037,-22.989749269490993,1411.5792088619157,2.6472309960259333,,,-7.20877922905816
actor_critic,,1,749,49.90364228363421,28,0.016983985900878906,12.46886920928955,,,940.9525561463753,-10.84467850692038,1359.7103623144794,2.6552022865840366,,,-6.977067129952567
actor_critic,,1,750,47.89870300789905,27,0.016149044036865234,12.485189199447632,,,967.2626534342352,-16.06350661965984,1404.751669492978,2.6608041480735496,,,-7.25063239203559
actor_critic,,1,751,44.60844986959694,25,0.015604972839355469,12.500983953475952,,,1049.8679216909782,-12.669263629317284,1517.9102127773688,2.664611577987671,,,-7.752449951171875
actor_critic,,1,752,44.37888348083481,25,0.015256166458129883,12.51643705368042,,,1047.8473825727403,-14.025150660648942,1516.9607662925125,2.6720141410827636,,,-7.772693481445312
actor_critic,,1,753,44.80256218734754,25,0.015382051467895508,12.53198790550232,,,1045.757653048411,-14.491692719906569,1514.6419211252685,2.6797420883178713,,,-7.779231567382812
actor_critic,,1,754,48.87971683596328,27,0.016569852828979492,12.548731803894043,,,968.1057874637385,-14.100813347018427,1403.1523860172126,2.6864997722484447,,,-7.18935309516059
actor_critic,,1,755,48.026136769882974,27,0.01614689826965332,12.565063953399658,,,965.53627577631,-18.17811318045413,1405.3063174073532,2.6926472981770835,,,-7.196069222909433
actor_critic,,1,756,48.672401668658516,27,0.016241788864135742,12.58148980140686,,,968.7852175789712,-13.494767002140483,1403.2570743355038,2.7000693391870567,,,-7.164760448314525
actor_critic,,1,757,48.95970650959455,27,0.0168917179107666,12.598548889160156,,,970.0554428539816,-14.151866291201225,1406.0104613450562,2.705939637290107,,,-7.152786820023148
actor_critic,,1,758,53.959939266309604,30,0.018319129943847656,12.617172956466675,,,876.5331816593185,-10.013656580075622,1266.4955221430632,2.7120654900868733,,,-6.499836730957031
actor_critic,,1,759,46.765510738428134,26,0.01599407196044922,12.633337020874023,,,995.3438561794688,-26.158297115650313,1459.2888138914982,2.717301891400264,,,-7.4583892822265625
actor_critic,,1,760,44.7660794651218,25,0.015352010726928711,12.648859977722168,46.479273413944405,1.4292889401519726,1049.5403934274148,-14.888100708574056,1520.6121083220373,2.720933437347412,,,-7.739155883789063
actor_critic,,1,761,47.90313418128534,27,0.016730070114135742,12.677870035171509,,,968.1073094298719,-17.79639015884863,1408.4338433169933,2.7264471142380327,,,-7.202060840747975
actor_critic,,1,762,44.57456666022256,25,0.015307903289794922,12.693355083465576,,,1042.4867403631379,-19.628473368287086,1517.3073976127803,2.73499005317688,,,-7.769542236328125
actor_critic,,1,763,45.191173088846156,25,0.015289783477783203,12.708818912506104,,,1030.8915100897848,-32.635630676746366,1519.3244400730543,2.739330081939697,,,-7.761422119140625
actor_critic,,1,764,50.74653755671464,28,0.01702404022216797,12.726010799407959,,,936.8915639976955,-15.772192354713168,1360.9482741258523,2.738098672458104,,,-6.942183903285435
actor_critic,,1,765,45.04675074621773,25,0.015316009521484375,12.741497993469238,,,1054.5776865177602,-13.589002675116062,1525.952465448724,2.7381316089630126,,,-7.779752807617188
actor_critic,,1,766,42.82268381194469,24,0.014786005020141602,12.756476879119873,,,1099.7302719073487,-11.072983357434472,1586.861866623658,2.7442173063755035,,,-8.128302256266275
actor_critic,,1,767,46.40757049187012,26,0.016154766082763672,12.772809028625488,,,1016.7834133064697,-10.423674242929197,1467.4386633016043,2.755841301037715,,,-7.493614196777344
actor_critic,,1,768,45.190783889557345,25,0.015325069427490234,12.788307905197144,,,1050.4560844354914,-16.974123861193657,1524.9003076818585,2.7673384284973146,,,-7.782174072265625
actor_critic,,1,769,46.9951620102549,26,0.015725135803222656,12.80420207977295,,,1011.6469692958635,-14.764959775484526,1466.3027588372888,2.7730124913729153,,,-7.5021186241736775
actor_critic,,1,770,51.66162625762182,29,0.018137216567993164,12.822504997253418,,,903.1286752842335,-16.277461212770692,1313.4373492812497,2.7782264166864854,,,-6.751992587385507
actor_critic,,1,771,51.93618285268892,29,0.018201112747192383,12.84090805053711,,,896.825504795038,-21.864965703338385,1312.4149782986476,2.7848584158667204,,,-6.7020547801050645
actor_critic,,1,772,50.08037237023794,28,0.018082141876220703,12.859183073043823,,,936.4482037575051,-14.232400126489145,1358.1151664682548,2.7897393703460693,,,-6.938834599086216
actor_critic,,1,773,48.046911468684335,27,0.01727294921875,12.876666069030762,,,967.00332919046,-15.748976716012866,1403.931867518583,2.7940486713691994,,,-7.233695701316551
actor_critic,,1,774,46.09122572439647,26,0.016133785247802734,12.893042802810669,,,1000.1828962044002,-18.463634630092063,1455.2093324476602,2.7988873353371253,,,-7.478431114783654
actor_critic,,1,775,51.919211215703946,29,0.0179440975189209,12.911204099655151,,,874.2384091447076,-40.31787888513043,1306.5089468252042,2.798470168278135,,,-6.668531746699892
actor_critic,,1,776,46.2499422871353,26,0.016195058822631836,12.927572011947632,,,1005.2110269617272,-15.256123600742566,1457.8102503058035,2.8005499931482167,,,-7.46827873816857
actor_critic,,1,777,46.33931584079144,26,0.016340970993041992,12.94411587715149,,,996.4263073872023,-21.133574938115018,1453.6569995666728,2.8066699413152842,,,-7.488192631648137
actor_critic,,1,778,51.7937309299619,29,0.01745891571044922,12.961736917495728,,,894.7244016994273,-16.30399147556003,1301.4691764043469,2.8094549672356965,,,-6.709006473935884
actor_critic,,1,779,49.96144268057058,28,0.016764163970947266,12.978668928146362,,,933.7407259490907,-10.036778500569719,1348.2535765395235,2.8083650384630476,,,-6.892936706542969
actor_critic,,1,780,46.75356272028553,26,0.015661954879760742,12.994517087936401,45.20264939823945,1.3124750845492001,991.3304985852626,-25.162817445798563,1452.1332972077294,2.808237543472877,,,-7.421856219951923
actor_critic,,1,781,47.88545168812711,27,0.01786017417907715,13.024310111999512,,,956.3689309691631,-20.211128961915772,1395.1143700357493,2.8173802163865833,,,-7.215086195203993
actor_critic,,1,782,41.160290305036966,23,0.014650821685791016,13.039148092269897,,,1112.5810618374253,-31.772081838191852,1634.7902204189552,2.8253723227459453,,,-8.413796466329824
actor_critic,,1,783,44.97418082287882,25,0.015562057495117188,13.054893016815186,,,1013.1868255516142,-42.78601694092154,1508.5327130520157,2.8230120372772216,,,-7.750913696289063
actor_critic,,1,784,49.77312491500961,28,0.017843008041381836,13.072947978973389,,,929.5529042193333,-13.222847079592091,1346.8225030988938,2.822276600769588,,,-6.93768801007952
actor_critic,,1,785,43.355277760976236,24,0.014797210693359375,13.087928056716919,,,1056.2074424428865,-43.06872342620045,1570.3945778974255,2.825622578461965,,,-8.03970718383789
actor_critic,,1,786,42.49114996387647,24,0.014919757843017578,13.103009939193726,,,1054.1876937257086,-45.21071433695033,1570.5691529233784,2.832079142332077,,,-8.102662404378256
actor_critic,,1,787,46.540739830986745,26,0.01647806167602539,13.119647979736328,,,980.4869363431533,-37.099242064242176,1453.6945989351952,2.8344047161249013,,,-7.453357989971455
actor_critic,,1,788,46.32996474215837,26,0.01614093780517578,13.135968923568726,,,999.7239580173583,-19.04092450812459,1455.3783972367573,2.8333463026927066,,,-7.4723064716045675
actor_critic,,1,789,46.711353678388214,26,0.01602005958557129,13.152172088623047,,,1001.0158941515435,-18.05500156704623,1455.815602198288,2.837880794818585,,,-7.46547346848708
actor_critic,,1,790,44.30135495333235,25,0.016337156295776367,13.168684959411621,,,1044.6390952978097,-13.956543507426977,1512.2794780798163,2.8435870933532716,,,-7.776549682617188
actor_critic,,1,791,42.38876347699768,24,0.015006065368652344,13.183906078338623,,,1064.280549619182,-38.51203739224002,1575.4180715443217,2.8505515356858573,,,-8.072187423706055
actor_critic,,1,792,41.24216440258151,23,0.014478206634521484,13.198549032211304,,,1132.041744812594,-19.892939936693598,1645.6210813285256,2.853069004805192,,,-8.410253773564877
actor_critic,,1,793,42.77943668401091,24,0.015275955200195312,13.214012861251831,,,1094.924028669872,-11.266598295808459,1580.2723525766535,2.855890373388926,,,-8.085359573364258
actor_critic,,1,794,44.35039597752557,25,0.015326976776123047,13.229546070098877,,,1033.6232749096491,-27.49049909338355,1515.8767662971652,2.8690850639343264,,,-7.793362426757812
actor_critic,,1,795,42.63510485816572,24,0.016089200973510742,13.245902061462402,,,1087.0843514159399,-16.99899882419656,1577.2619666973478,2.879261781771978,,,-8.093435287475586
actor_critic,,1,796,44.556873382899326,25,0.015337944030761719,13.261451005935669,,,1048.9188747409569,-12.181328832656146,1515.857504824726,2.8841840267181396,,,-7.755686645507812
actor_critic,,1,797,43.077820329471095,24,0.014743804931640625,13.276367902755737,,,1091.3375348088448,-17.352712695952505,1583.8432506874863,2.88895121216774,,,-8.04717763264974
actor_critic,,1,798,44.083408324020986,25,0.015685319900512695,13.292236089706421,,,1048.4593756265751,-15.14733256533742,1519.4381667679083,2.8932207679748534,,,-7.791522827148437
actor_critic,,1,799,46.55354038377004,26,0.016101837158203125,13.308511018753052,,,1000.6353259673342,-18.469705590261864,1455.8643254326084,2.900954695848318,,,-7.4923541729266825
actor_critic,,1,800,40.736005359554014,23,0.014323949813842773,13.323002815246582,42.17446614697177,0.7032595587157646,1136.7220756340791,-15.620591751421275,1646.203902294758,2.9054310736448867,,,-8.423617819081182
actor_critic,,1,801,42.38203711068185,24,0.015513896942138672,13.350364923477173,,,1081.3300681331602,-25.42575502892335,1581.0797611701516,2.9140754441420236,,,-8.065123875935873
actor_critic,,1,802,42.228806727562315,24,0.015420913696289062,13.365952968597412,,,1092.0718194741833,-14.972355940689644,1581.4916936858208,2.9233484665552774,,,-8.090379079182943
actor_critic,,1,803,42.66797472932534,24,0.015430927276611328,13.381568908691406,,,1061.53718699251,-41.49157619693627,1575.7553483781812,2.935732593139013,,,-8.105703989664713
actor_critic,,1,804,42.27210579990717,24,0.014972209930419922,13.39671802520752,,,1073.7308968758978,-24.980297754208248,1569.5874318045,2.9498373369375863,,,-8.127071380615234
actor_critic,,1,805,39.02414391320852,22,0.013630867004394531,13.410544872283936,,,1171.631310855377,-29.70790328898213,1716.1988282002276,2.9601151834834707,,,-8.758368058638139
actor_critic,,1,806,40.06474474922364,23,0.014433622360229492,13.425136804580688,,,1132.5914843081619,-20.038221356175516,1646.6138951870532,2.963447684827058,,,-8.442784848420516
actor_critic,,1,807,40.41207000050138,23,0.01447606086730957,13.439788103103638,,,1127.8367529753798,-23.192805704377268,1644.3280463600734,2.9687738625899605,,,-8.465024865191916
actor_critic,,1,808,38.884750427656286,22,0.014185190200805664,13.454127073287964,,,1185.0342747331597,-15.388919617811387,1714.8903854494406,2.9725225513631646,,,-8.833890741521662
actor_critic,,1,809,42.08898018516844,24,0.015177011489868164,13.469494104385376,,,1087.4717378851008,-13.680974225824079,1573.0754254465282,2.9766541620095572,,,-8.095603942871094
actor_critic,,1,810,40.20819620158769,23,0.014698028564453125,13.484367847442627,,,1129.3046502466314,-19.56578766214459,1641.2434671783171,2.9861906818721606,,,-8.419056768002717
actor_critic,,1,811,38.97475098169297,22,0.013872861862182617,13.498385906219482,,,1182.063211878931,-15.688911225646734,1711.0745000226782,2.9955925833095205,,,-8.810951926491477
actor_critic,,1,812,40.557224732664565,23,0.014629840850830078,13.513174057006836,,,1116.1440450492437,-31.64048644301036,1639.692170406793,3.002200644949208,,,-8.417246279509172
actor_critic,,1,813,40.61622705403024,23,0.0143890380859375,13.527754068374634,,,1127.9671461356236,-21.896668403854836,1642.662595990701,3.0094148594400156,,,-8.40542337168818
actor_critic,,1,814,40.44985811745434,23,0.014351844787597656,13.542269945144653,,,1112.0432075771184,-37.71810221121363,1642.5162220458176,3.015054142993429,,,-8.432457965353262
actor_critic,,1,815,38.42442267181304,22,0.013788938522338867,13.556212902069092,,,1171.0135499194096,-27.685276620767333,1712.426851463282,3.02055439082059,,,-8.850991682572799
actor_critic,,1,816,40.27402201159414,23,0.014654397964477539,13.57103419303894,,,1109.9864677817347,-36.776314450022966,1638.2324762922085,3.031557373378588,,,-8.428853574006453
actor_critic,,1,817,38.90038915127353,22,0.013695955276489258,13.584859848022461,,,1170.1181942012204,-30.990864785388112,1715.8701373758852,3.036097992550243,,,-8.776955344460227
actor_critic,,1,818,38.98782239572934,22,0.013684988021850586,13.59871792793274,,,1176.616628952155,-23.248994294215333,1714.0937118286647,3.0381112423810093,,,-8.815805608575994
actor_critic,,1,819,39.20645421920475,22,0.013542890548706055,13.612507820129395,,,1168.1282900107856,-29.49495609443296,1710.8904062780573,3.0399889079007236,,,-8.819355357776988
actor_critic,,1,820,40.276787609389224,23,0.014632940292358398,13.627295017242432,38.925920995678005,1.0503421419831664,1131.3723488802334,-15.286139916952537,1638.0836172177983,3.0395432347836704,,,-8.43194049337636
actor_critic,,1,821,39.04405268065377,22,0.01370096206665039,13.651700973510742,,,1180.9709881910715,-19.0551555686715,1714.3231603987304,3.043849143114957,,,-8.779009732333096
actor_critic,,1,822,38.50421056483055,22,0.013489961624145508,13.665345907211304,,,1178.3544407210481,-21.904644177379932,1714.6559572386745,3.053196972066706,,,-8.822537508877842
actor_critic,,1,823,40.1859389538505,23,0.013712167739868164,13.679183959960938,,,1127.7840128726448,-17.923323324517064,1636.7248713912281,3.0599229439445166,,,-8.450145555579144
actor_critic,,1,824,40.050829514052616,23,0.01395106315612793,13.693294048309326,,,1124.2603334115777,-20.371877937699143,1635.188879419189,3.07009073962336,,,-8.397985707158627
actor_critic,,1,825,40.23716690969523,23,0.013944149017333984,13.70738410949707,,,1108.9772889499916,-36.03311907921148,1635.7291581250483,3.0751194435617197,,,-8.354536637015965
actor_critic,,1,826,38.554583486942256,22,0.013487100601196289,13.721029043197632,,,1178.2370448393578,-19.47349658701569,1711.01509524903,3.07641922343861,,,-8.75368291681463
actor_critic,,1,827,38.911108076796474,22,0.013515949249267578,13.734725952148438,,,1169.1588392714884,-25.568646414713427,1706.7535509929928,3.078651861710982,,,-8.786293723366477
actor_critic,,1,828,39.23948904933642,22,0.013402938842773438,13.74829387664795,,,1181.179845832881,-15.524929134683175,1709.5783367505699,3.0807499343698677,,,-8.758709994229404
actor_critic,,1,829,37.08187997170251,21,0.01310586929321289,13.761533975601196,,,1232.8320296360623,-24.821136577853135,1796.6473495722748,3.085973160607474,,,-9.218361264183407
actor_critic,,1,830,39.15977012194061,22,0.013399124145507812,13.775084018707275,,,1155.3921234235486,-44.14614666812122,1713.6261508636474,3.092269864949313,,,-8.83772139115767
actor_critic,,1,831,39.090856485497554,22,0.013432741165161133,13.788650035858154,,,1183.0371965801512,-15.109279198233377,1711.6378265062706,3.0927757674997505,,,-8.806174538352273
actor_critic,,1,832,38.99154839791622,22,0.013498067855834961,13.802315950393677,,,1180.8954640762372,-19.488628517328337,1714.834504397914,3.098685849796642,,,-8.781047474254262
actor_critic,,1,833,39.03836440624759,22,0.01363825798034668,13.816110134124756,,,1183.253705091436,-18.432882573455572,1716.6951398910658,3.1063181270252573,,,-8.780013344504617
actor_critic,,1,834,37.20927216686301,21,0.01285099983215332,13.829115867614746,,,1237.3840806849655,-19.73792886556614,1795.8886523435801,3.1123160975319997,,,-9.252767653692336
actor_critic,,1,835,39.00275213132148,22,0.013638973236083984,13.842924118041992,,,1184.9261553986844,-15.181542131541805,1714.4395889098312,3.1204752163453535,,,-8.814163901589133
actor_critic,,1,836,38.669435627915306,22,0.013675928115844727,13.85672903060913,,,1187.7874846485104,-15.660594801672481,1719.2114830255423,3.128485831347379,,,-8.806000449440695
actor_critic,,1,837,38.7426626900715,22,0.013683795928955078,13.87057089805603,,,1173.3171401403167,-31.914179891347885,1721.759028610149,3.1318591724742544,,,-8.820282676003195
actor_critic,,1,838,38.86453834278694,22,0.013664007186889648,13.884392023086548,,,1181.4568511291661,-18.981324525042012,1714.9116965416522,3.135212117975408,,,-8.83019325949929
actor_critic,,1,839,40.34792294399257,23,0.014156103134155273,13.898716926574707,,,1125.7508130986243,-21.15088418919755,1638.4309919557393,3.140587568283081,,,-8.447249039359715
actor_critic,,1,840,38.60089632669238,22,0.01353001594543457,13.912405967712402,39.06939905210574,1.2057658458048452,1168.6668159623039,-32.51540510085496,1715.9745602951152,3.1445840813896875,,,-8.755556973544033
actor_critic,,1,841,40.35254636459574,23,0.01435089111328125,13.937638998031616,,,1130.1073765460726,-20.27780788505207,1643.407359324507,3.1443903135216753,,,-8.42388385275136
actor_critic,,1,842,40.3238064842802,23,0.014103174209594727,13.951897144317627,,,1127.602999127217,-21.00090232556281,1640.8627413800189,3.150518158207769,,,-8.459513788637908
actor_critic,,1,843,37.246005234741126,21,0.01277017593383789,13.96483302116394,,,1229.7493087511864,-25.811490659557638,1793.6583612756472,3.1560836292448498,,,-9.232610066731771
actor_critic,,1,844,39.01826847990944,22,0.013470888137817383,13.978466033935547,,,1179.9488532382318,-21.1643580225381,1715.8760212423301,3.1608727411790327,,,-8.817991776899857
actor_critic,,1,845,39.14088027180179,22,0.013396978378295898,13.992023944854736,,,1187.0093002783303,-15.676566831428897,1718.122607850057,3.170180830088529,,,-8.834107832475143
actor_critic,,1,846,38.68645395963054,22,0.013401985168457031,14.005573034286499,,,1175.7443251381628,-22.57048797268759,1711.878372623617,3.1831982027400625,,,-8.839865944602273
actor_critic,,1,847,38.55098634401008,22,0.013495206832885742,14.019212007522583,,,1176.9710910287342,-20.47507691180164,1710.6374790819616,3.191291017965837,,,-8.80318867076527
actor_critic,,1,848,38.37025500545267,22,0.013573169708251953,14.032932043075562,,,1182.7074130810797,-16.91828505423936,1713.7509933711262,3.1995239474556665,,,-8.781929016113281
actor_critic,,1,849,37.124069132913654,21,0.012652158737182617,14.045727014541626,,,1210.2286758765224,-48.112137831392744,1797.6297919937476,3.208413226263864,,,-9.207552228655134
actor_critic,,1,850,38.68749549990595,22,0.013483762741088867,14.059355974197388,,,1183.5304307604886,-17.98649873127314,1716.452772265152,3.213580857623707,,,-8.828289378773082
actor_critic,,1,851,38.48557734156055,22,0.013620138168334961,14.073136806488037,,,1168.4876021107827,-30.93790671534159,1713.4649238321529,3.220745162530379,,,-8.816672585227273
actor_critic,,1,852,39.070723290610054,22,0.01343083381652832,14.086735963821411,,,1184.758924043314,-15.591024495322596,1714.7856312639356,3.22202205657959,,,-8.73524960604581
actor_critic,,1,853,38.779781912293124,22,0.01350712776184082,14.100388050079346,,,1185.0736367707987,-16.8173756074499,1716.9871288305783,3.2279397682710127,,,-8.778786399147727
actor_critic,,1,854,38.6571506990977,22,0.013586044311523438,14.11412787437439,,,1172.5506506325169,-26.260992134159263,1712.5881649313749,3.2347804849798028,,,-8.8261850530451
actor_critic,,1,855,39.095031184792,22,0.013383865356445312,14.127667903900146,,,1172.2321537612852,-26.009186393158004,1711.7733335659987,3.2399253736842764,,,-8.788410533558238
actor_critic,,1,856,38.74174614217889,22,0.013478994369506836,14.141313076019287,,,1176.3957471424628,-25.95569902675396,1717.6449365725275,3.247600804675709,,,-8.767941561612217
actor_critic,,1,857,40.38132768247059,23,0.014136075973510742,14.155610084533691,,,1121.4025793471374,-30.05213744128528,1644.935338511142,3.254032632578974,,,-8.421148548955502
actor_critic,,1,858,38.95469488821199,22,0.013438940048217773,14.169214010238647,,,1176.5856578295882,-22.8635924692181,1713.498932169179,3.257992159236561,,,-8.823054920543324
actor_critic,,1,859,39.26929604036833,22,0.013894081115722656,14.18327808380127,,,1171.433439285071,-28.6610267653384,1714.4207188988273,3.263339313593778,,,-8.787239768288352
actor_critic,,1,860,39.16383592767227,22,0.013592958450317383,14.197016954421997,38.056568927209625,0.9141765096760419,1147.3554927067491,-56.2222750315612,1719.39686971252,3.2685107209465722,,,-8.80902168967507
actor_critic,,1,861,39.029628284513116,22,0.013695955276489258,14.221250057220459,,,1173.7775684896094,-28.189004090868615,1717.095089413395,3.273132649334994,,,-8.800992098721592
actor_critic,,1,862,40.58258761396517,23,0.01398324966430664,14.23541808128357,,,1127.4884638588715,-21.8176448257721,1641.8659423322963,3.2784622441167417,,,-8.434793886931047
actor_critic,,1,863,38.97237572288542,22,0.013259172439575195,14.248855113983154,,,1180.1274800483477,-21.049915957179937,1715.9677371193802,3.2872785438190806,,,-8.80377266623757
actor_critic,,1,864,38.843309479384885,22,0.013607978820800781,14.26261305809021,,,1185.366922783242,-19.361098975620486,1721.040170593346,3.292120413346724,,,-8.801451249556107
actor_critic,,1,865,38.339265104047406,22,0.013398885726928711,14.276155948638916,,,1167.5388877963944,-37.16180531037125,1721.001086067006,3.2984780181537974,,,-8.850018587979404
actor_critic,,1,866,40.63705703883337,23,0.014037847518920898,14.290349960327148,,,1133.3330176780405,-15.652687691799972,1641.4081615204213,3.3040124229762866,,,-8.453341940174932
actor_critic,,1,867,38.81410237342402,22,0.013420820236206055,14.303930759429932,,,1183.5182972868736,-19.50643872131001,1718.6066947797399,3.312885295261036,,,-8.798606178977273
actor_critic,,1,868,37.17157099251716,21,0.012850046157836914,14.316941976547241,,,1229.860392496522,-32.41965245384546,1803.2572394550468,3.3190849735623313,,,-9.243250528971354
actor_critic,,1,869,38.97799707989124,22,0.013683080673217773,14.33076000213623,,,1156.8935450571166,-48.64314702119339,1722.1953584221721,3.324969389221885,,,-8.840523459694602
actor_critic,,1,870,38.728119694173195,22,0.01332402229309082,14.344237089157104,,,1164.7327867654915,-39.9688946665688,1721.0023798537334,3.3270224549553613,,,-8.834772283380682
actor_critic,,1,871,39.05157652224332,22,0.013314008712768555,14.357707977294922,,,1161.110272492536,-42.073184660889886,1718.8335022860504,3.328600384972312,,,-8.826488148082387
actor_critic,,1,872,40.31918776038424,23,0.013945817947387695,14.371805906295776,,,1127.4948246890233,-24.299061220625173,1645.4198529407402,3.3313988913660464,,,-8.44646288001019
actor_critic,,1,873,38.35392049600542,22,0.013449907302856445,14.385406970977783,,,1161.3225507283244,-42.94526304558597,1720.3826434225564,3.3360985734245996,,,-8.81580977006392
actor_critic,,1,874,37.05379635181112,21,0.012942075729370117,14.398512125015259,,,1204.2641902042642,-56.16659233896505,1800.6154750468586,3.3406050432296026,,,-9.207865397135416
actor_critic,,1,875,38.93831568492406,22,0.013483762741088867,14.412154912948608,,,1165.234671912918,-38.78321893377738,1720.0255726212424,3.3411320556293833,,,-8.825895829634232
actor_critic,,1,876,38.84095971966722,22,0.013296127319335938,14.4256010055542,,,1184.7368247095835,-20.31993551840159,1721.5096911579392,3.3435441797429863,,,-8.848649458451705
actor_critic,,1,877,38.44055660773932,22,0.013339757919311523,14.439099788665771,,,1171.6950448719276,-33.25179394842549,1721.3527291379235,3.3524620207873257,,,-8.8441425670277
actor_critic,,1,878,40.435293049613705,23,0.014002084732055664,14.453305006027222,,,1128.2282260303264,-23.18466712696397,1644.875594260829,3.361642246660979,,,-8.441990727963654
actor_critic,,1,879,38.397541461709025,22,0.013689756393432617,14.4671790599823,,,1177.0901800068095,-23.646856046874415,1715.3385674421124,3.3694380305030127,,,-8.846124822443182
actor_critic,,1,880,40.28135577908058,23,0.014125823974609375,14.481456756591797,38.46602776176592,1.2312739627355052,1111.848919499878,-36.70643735725594,1640.7933616325179,3.3780560908110244,,,-8.428530485733695
actor_critic,,1,881,38.4783717196798,22,0.013738870620727539,14.505774974822998,,,1164.165833822367,-37.76729962703857,1717.0473295348295,3.383235357024453,,,-8.782768249511719
actor_critic,,1,882,39.06537934249592,22,0.013606071472167969,14.519572019577026,,,1177.444507555634,-26.45511152663014,1719.8565867996922,3.3842998309568926,,,-8.78299366344105
actor_critic,,1,883,38.95071859322512,22,0.015288829803466797,14.535013914108276,,,1173.8461208370281,-29.583875153891064,1719.18572203398,3.3884020285172896,,,-8.835932644930752
actor_critic,,1,884,38.67350777267946,22,0.01737499237060547,14.552602052688599,,,1166.6188874212517,-32.64153461463072,1713.2292147624646,3.3886989788575606,,,-8.853656422008168
actor_critic,,1,885,38.56290837078955,22,0.01988983154296875,14.572687864303589,,,1179.9832331957296,-18.599871156567875,1712.261599449261,3.392826047810641,,,-8.817648454145951
actor_critic,,1,886,39.018988444941144,22,0.014260053634643555,14.587188959121704,,,1157.1388906835664,-43.34095133519308,1714.9713344660229,3.399846683848988,,,-8.803749084472656
actor_critic,,1,887,40.23200238997676,23,0.0437769889831543,14.631145000457764,,,1126.2917365350802,-20.45446579968152,1638.20885517598,3.4011286030644956,,,-8.421714451002037
actor_critic,,1,888,40.321111473104494,23,0.015223026275634766,14.646552085876465,,,1118.1198966179204,-22.940262361713078,1630.0859095428502,3.40983217695485,,,-8.452356753141984
actor_critic,,1,889,38.549798125481075,22,0.017854928970336914,14.664583921432495,,,1154.0086960263382,-36.3205544301732,1700.4704402241941,3.414930452000011,,,-8.796979730779475
actor_critic,,1,890,37.246865621700074,21,0.01558685302734375,14.680475950241089,,,1225.8892388726983,-26.123079382592724,1788.5890692677904,3.418073847180321,,,-9.134953090122767
actor_critic,,1,891,37.18406352931773,21,0.013983011245727539,14.694679021835327,,,1224.6873916406184,-30.970333573896262,1793.7967444939893,3.4178140617552257,,,-9.194125220889138
actor_critic,,1,892,40.28366524201116,23,0.014400005340576172,14.709269046783447,,,1096.3885811272219,-53.7201109032916,1643.0124005006485,3.4211977150129234,,,-8.451658829398777
actor_critic,,1,893,37.139199593457484,21,0.01359415054321289,14.723031044006348,,,1214.75130470239,-42.75273691277419,1796.4344830229722,3.426793268748692,,,-9.222156343005953
actor_critic,,1,894,40.32277268636542,23,0.020552873611450195,14.743806838989258,,,1122.2723969911103,-24.6073464124423,1638.3996288834503,3.4321099156918735,,,-8.443886798361074
actor_critic,,1,895,38.929997168547764,22,0.01815485954284668,14.762233972549438,,,1170.4851180994883,-26.33168615400791,1709.7383409370457,3.435092340816151,,,-8.795817982066762
actor_critic,,1,896,40.177145465888586,23,0.016130685806274414,14.778546810150146,,,1108.3064705943284,-38.061680175687954,1637.6687564824242,3.4406552522078804,,,-8.419722847316576
actor_critic,,1,897,38.780045647759835,22,0.014967203140258789,14.793778896331787,,,1177.2511071423069,-21.084524196318604,1711.9079837310762,3.4418368231166494,,,-8.778756575150924
actor_critic,,1,898,40.33537578235168,23,0.014861822128295898,14.808870792388916,,,1098.8261184206476,-48.189702413652256,1638.5939448465208,3.4459082872971245,,,-8.424629543138588
actor_critic,,1,899,38.30119401582944,22,0.013934135437011719,14.822968006134033,,,1149.57612496098,-46.53021659803662,1708.72336728311,3.4533334428613838,,,-8.833371249112217
actor_critic,,1,900,38.93837005633702,22,0.013603925704956055,14.836752891540527,38.18051494673437,0.7657344755341027,1164.1510687332432,-31.935316964814607,1708.6948684188537,3.4549174308776855,,,-8.78056474165483
actor_critic,,1,901,38.73485808521712,22,0.01389002799987793,14.861440896987915,,,1123.5821434139189,-75.8220047574829,1713.4345275061946,3.453590501438488,,,-8.79128681529652
actor_critic,,1,902,38.34248788889366,22,0.013560771942138672,14.875163793563843,,,1181.2412345723926,-17.611678624356333,1712.6470624587753,3.452482494440946,,,-8.832171353426846
actor_critic,,1,903,38.71856643849474,22,0.013360023498535156,14.88866901397705,,,1167.356397554236,-28.78683484023945,1708.7760890828847,3.4617014798251065,,,-8.8074687610973
actor_critic,,1,904,38.962685181511226,22,0.014126062393188477,14.902973890304565,,,1172.322805045596,-22.598939710381355,1707.031094450948,3.4709284739060835,,,-8.788495150479404
actor_critic,,1,905,38.601070034025895,22,0.013553857803344727,14.916699886322021,,,1172.4036867991936,-23.981771247969434,1709.1221122504212,3.478579813783819,,,-8.776390075683594
actor_critic,,1,906,38.499760025153265,22,0.013450860977172852,14.930309772491455,,,1163.8069330752637,-32.527018731459975,1709.0484629440841,3.479126800190319,,,-8.759825272993607
actor_critic,,1,907,38.61848193650728,22,0.013398885726928711,14.943877935409546,,,1168.7801058962941,-27.659644607115876,1709.1996435761896,3.4813501834869385,,,-8.773465936834162
actor_critic,,1,908,38.52831980057077,22,0.013414859771728516,14.957452058792114,,,1173.84979959408,-21.055336510931905,1707.0072758661224,3.480230591513894,,,-8.777021234685725
actor_critic,,1,909,40.51693197970303,23,0.01407480239868164,14.971679925918579,,,1119.0019705755556,-25.649056336154107,1635.215817941626,3.4809669411700703,,,-8.402603149414062
actor_critic,,1,910,38.82167892864362,22,0.013208150863647461,14.985059022903442,,,1161.7281752067872,-35.14909012480216,1709.8247765280432,3.4805325161327016,,,-8.780539079145951
actor_critic,,1,911,38.81806735873693,22,0.013220071792602539,14.998441934585571,,,1167.260759077638,-28.56774436953393,1708.326393863779,3.480501987717368,,,-8.808476534756748
actor_critic,,1,912,38.63217507166827,22,0.013275861740112305,15.011859893798828,,,1162.38649213585,-32.974018755961545,1707.6578314848223,3.479338830167597,,,-8.794797723943537
actor_critic,,1,913,38.6399147830731,22,0.01332712173461914,15.025338172912598,,,1170.5209736992308,-25.720846475525335,1708.9169351020935,3.479179761626504,,,-8.787626093084162
actor_critic,,1,914,38.78947116598261,22,0.013270139694213867,15.038766145706177,,,1138.4745589352467,-58.150693530047484,1709.464738327248,3.4836630929600108,,,-8.780410073020242
actor_critic,,1,915,36.845954261385494,21,0.01251983642578125,15.05143404006958,,,1226.8665609973527,-21.452275156265213,1783.3126484095562,3.4873816058749245,,,-9.224078950427828
actor_critic,,1,916,37.20384766000107,21,0.012930870056152344,15.064499855041504,,,1225.0300091998208,-22.46515466237352,1782.135979934296,3.493255547114781,,,-9.189846947079612
actor_critic,,1,917,40.67574251083471,23,0.01386404037475586,15.07853388786316,,,1125.7357611722596,-17.450267716594364,1633.1229617259687,3.49941056707631,,,-8.382466191830842
actor_critic,,1,918,38.44698694196691,22,0.013151168823242188,15.091844081878662,,,1171.5269379506724,-26.09769095988436,1710.8923951900797,3.503078482367776,,,-8.796486594460227
actor_critic,,1,919,39.23665639833006,22,0.013721704483032227,15.1057448387146,,,1175.1146725631233,-22.141634053127333,1710.3660734376595,3.5060482133518565,,,-8.80402929132635
actor_critic,,1,920,38.51362214054035,22,0.01325678825378418,15.119166851043701,39.19697826606914,1.2277549421799443,1166.4570774689994,-28.234125789424237,1706.701701499511,3.5120886022394355,,,-8.82097140225497
actor_critic,,1,921,40.42014894329641,23,0.014184951782226562,15.144080877304077,,,1116.468312230852,-24.89223201994015,1630.5150556285541,3.517801388450291,,,-8.421102109162703
actor_critic,,1,922,38.430480569841556,22,0.013557672500610352,15.157797813415527,,,1152.6296073454855,-39.57815585488623,1703.1539220698496,3.519940885630521,,,-8.764873851429332
actor_critic,,1,923,39.257388006620445,22,0.013546943664550781,15.17150592803955,,,1141.5579387107018,-52.49834467233582,1705.7947967598236,3.522630301388827,,,-8.743743202903055
actor_critic,,1,924,38.85833224422097,22,0.013313055038452148,15.184985160827637,,,1171.4746088927443,-23.922802734612063,1707.7105365167372,3.5243660645051436,,,-8.781584999778055
actor_critic,,1,925,39.07444838688751,22,0.013480901718139648,15.198622941970825,,,1165.8538315195422,-29.572751660238612,1707.752350466294,3.527681654149836,,,-8.796733509410512
actor_critic,,1,926,40.97705836634982,23,0.013921022415161133,15.212716102600098,,,1116.9743134029534,-28.267703520862952,1636.0600196307364,3.5325493086939272,,,-8.439056396484375
actor_critic,,1,927,38.793824758781554,22,0.013348102569580078,15.22620701789856,,,1161.6659999539313,-35.41487156244164,1710.115621101397,3.540757092562589,,,-8.816124655983664
actor_critic,,1,928,38.94404112408984,22,0.013431787490844727,15.23977279663086,,,1154.9932887147772,-38.52299779721282,1705.023298949797,3.545891610058871,,,-8.800555836070668
actor_critic,,1,929,38.86018287138829,22,0.013554096221923828,15.253474950790405,,,1164.1123654673045,-27.054221750321712,1701.6666649380402,3.553097280589017,,,-8.801259821111506
actor_critic,,1,930,38.74676143298015,22,0.013225793838500977,15.266864776611328,,,1159.1750270861667,-35.14283409579234,1706.1683358670932,3.557746497067538,,,-8.748607982288707
actor_critic,,1,931,38.725843919681985,22,0.013427019119262695,15.280443906784058,,,1163.4140503910073,-32.59804777022112,1708.5887726941464,3.5579904426227915,,,-8.77888350053267
actor_critic,,1,932,40.605331263395485,23,0.013914108276367188,15.294518947601318,,,1097.1844480289349,-47.17182497744975,1634.794724245758,3.5577791151793106,,,-8.433787470278533
actor_critic,,1,933,36.87544694210402,21,0.012782096862792969,15.307469129562378,,,1199.500196903944,-53.15349982820806,1789.505327550162,3.5585142317272367,,,-9.232398623511905
actor_critic,,1,934,39.19555764215236,22,0.013383865356445312,15.321003913879395,,,1153.090858323669,-41.62811278670349,1706.7414102870548,3.5647447651082818,,,-8.803165089000355
actor_critic,,1,935,40.16760145583176,23,0.014169931411743164,15.335356950759888,,,1114.400958076585,-26.087582077021185,1629.2692733214076,3.5721372521441914,,,-8.422343378481658
actor_critic,,1,936,38.721039455740794,22,0.013192892074584961,15.348695993423462,,,1164.102813281923,-27.317444434728134,1702.0289340496952,3.577462575652383,,,-8.761485013094815
actor_critic,,1,937,38.61554703630339,22,0.013367176055908203,15.362292051315308,,,1160.4233038840518,-31.889114634895865,1703.303590572471,3.579769264567982,,,-8.774381464177912
actor_critic,,1,938,38.66179654606163,22,0.013242006301879883,15.375704050064087,,,1156.5516833512281,-35.46545652740381,1702.8816109540958,3.5821549025448887,,,-8.786990079012783
actor_critic,,1,939,36.97587041731254,21,0.012851238250732422,15.388720989227295,,,1227.4043014848914,-23.020116649035895,1786.320662940043,3.5861489545731318,,,-9.187000819614955
actor_critic,,1,940,40.41392677577596,23,0.013931989669799805,15.402827024459839,37.79879082096386,0.8108093663926824,1119.7293718064448,-22.717574326402467,1632.0670204127775,3.5893052246259605,,,-8.421756910241168
actor_critic,,1,941,38.437818498371556,22,0.013681173324584961,15.426927089691162,,,1170.254406604154,-20.200974703004416,1700.650602983406,3.594055425037037,,,-8.804685419256037
actor_critic,,1,942,38.958654910559574,22,0.013881206512451172,15.440937995910645,,,1165.5226835243996,-24.93736664273522,1700.65724228041,3.6025472337549385,,,-8.757196599786932
actor_critic,,1,943,36.84505140567668,21,0.012939929962158203,15.454027891159058,,,1203.0426245679457,-45.42202468109982,1783.5209092263997,3.6085416135333834,,,-9.192138671875
actor_critic,,1,944,38.63474043071145,22,0.013652801513671875,15.467837810516357,,,1157.375865101137,-30.382063881240107,1696.7970802407203,3.6143486391414297,,,-8.789229653098367
actor_critic,,1,945,39.19440202604335,22,0.013624191284179688,15.48163104057312,,,1166.808584926589,-21.42326715385372,1697.4740545821735,3.6184849739074707,,,-8.742542613636363
actor_critic,,1,946,40.592543607538055,23,0.014360189437866211,15.496129035949707,,,1112.5166680172247,-26.934695550605007,1627.7876417712087,3.627347759578539,,,-8.383170749830162
actor_critic,,1,947,37.158625554056115,21,0.012628316879272461,15.508900165557861,,,1219.9303927127094,-28.343932600603218,1783.249099274277,3.63128670056661,,,-9.170175461542039
actor_critic,,1,948,40.433173039406974,23,0.013852834701538086,15.522889852523804,,,1109.2427343165543,-27.172862220069636,1623.4507786468298,3.635472857433817,,,-8.426252282184103
actor_critic,,1,949,38.845744426840994,22,0.01366567611694336,15.536719799041748,,,1164.01555366848,-21.64633413505825,1693.8026940899754,3.6401108394969595,,,-8.77037880637429
actor_critic,,1,950,40.26801991126977,23,0.014039754867553711,15.550918817520142,,,1107.5158215785075,-29.734359400913768,1624.6432339512216,3.6470398799232813,,,-8.40350806194803
actor_critic,,1,951,39.20504639447424,22,0.01342010498046875,15.564494132995605,,,1155.4406899710991,-34.017451867461205,1699.2258931480835,3.6529342152855615,,,-8.790190956809305
actor_critic,,1,952,39.15595106543355,22,0.013243913650512695,15.577831983566284,,,1156.4301020978864,-29.215848728337072,1693.7799693788402,3.6534804755991157,,,-8.791784806685014
actor_critic,,1,953,38.44520559393489,22,0.013267040252685547,15.591341018676758,,,1133.4082111629277,-45.64000608196313,1684.3546245972816,3.6566198847510596,,,-8.781303405761719
actor_critic,,1,954,38.715710703640745,22,0.013705968856811523,15.60518503189087,,,1132.9476468495347,-42.663663908839226,1679.4448002089578,3.65678363496607,,,-8.735857183283025
actor_critic,,1,955,40.24589421802376,23,0.014018058776855469,15.619410991668701,,,1110.2069799989138,-18.8375132009387,1612.9206215373808,3.6557744274968687,,,-8.309369294539742
actor_critic,,1,956,39.002927930752705,22,0.013231992721557617,15.632807970046997,,,1151.1179446070032,-34.58281669156118,1693.8582010968398,3.6629421060735528,,,-8.695686340332031
actor_critic,,1,957,38.430229704457524,22,0.013401985168457031,15.646358966827393,,,1143.204123492776,-42.8200571726669,1694.32028664058,3.664727655324069,,,-8.758641329678623
actor_critic,,1,958,39.0704901477753,22,0.013153076171875,15.659644842147827,,,1135.2647792227906,-47.007073352282696,1688.959740257621,3.6707756410945547,,,-8.745167818936435
actor_critic,,1,959,37.02350906708436,21,0.012704849243164062,15.672505140304565,,,1214.8207828509844,-26.961099611861364,1773.974117815295,3.673561141604469,,,-9.185203915550595
actor_critic,,1,960,39.0435978521934,22,0.01328897476196289,15.685944080352783,38.821099921970855,1.4100208327086383,1157.940713161137,-29.073105548931792,1695.7340394012122,3.6709173050793735,,,-8.814923373135654
actor_critic,,1,961,38.36545304944848,22,0.013387918472290039,15.710170030593872,,,1156.357542873318,-28.7947010953318,1693.0746065271087,3.6705140200528232,,,-8.811406915838068
actor_critic,,1,962,39.09570081544873,22,0.013846874237060547,15.724155902862549,,,1156.6193463657983,-24.893608020449225,1687.8756404085382,3.670568682930686,,,-8.719361738725143
actor_critic,,1,963,38.59118154107113,22,0.013396978378295898,15.73775315284729,,,1152.4039978432384,-23.631008383563973,1680.0500255286354,3.676005146720193,,,-8.794978055087002
actor_critic,,1,964,40.3264438280753,23,0.014261960983276367,15.75223183631897,,,1087.818406669018,-32.003062896106556,1599.7450293124268,3.684345535610033,,,-8.392122351604959
actor_critic,,1,965,39.16234999553536,22,0.01340484619140625,15.765800952911377,,,1141.8858170411338,-27.27220166017386,1670.2257116843036,3.6849156726490366,,,-8.681609413840555
actor_critic,,1,966,40.3584807887185,23,0.014254093170166016,15.780215978622437,,,1090.9447703206022,-33.11187797590442,1605.795305863529,3.6827301564423935,,,-8.295176630434783
actor_critic,,1,967,38.437720134869416,22,0.01333928108215332,15.793711185455322,,,1151.991548333825,-27.598278280008923,1685.1282642873384,3.683920979499817,,,-8.671142578125
actor_critic,,1,968,38.50346036210051,22,0.013403177261352539,15.807286977767944,,,1162.5874483287334,-20.939509349451825,1690.7528791108316,3.6882185719229956,,,-8.7016865123402
actor_critic,,1,969,38.52939332390834,22,0.013583183288574219,15.821092128753662,,,1158.9678434861655,-25.27313262698325,1691.772857889734,3.696378057653254,,,-8.742727799849076
actor_critic,,1,970,38.73526480389858,22,0.013593912124633789,15.834969997406006,,,1162.2176636148413,-24.773816471411422,1695.702025646693,3.706116893074729,,,-8.699838118119674
actor_critic,,1,971,37.12777965045208,21,0.012862920761108398,15.84801197052002,,,1138.1351243188783,-110.1298869284136,1783.235697149155,3.7098287854875838,,,-9.179953438895089
actor_critic,,1,972,36.78056783462534,21,0.01283574104309082,15.86103081703186,,,1216.3886838580172,-30.91743012978917,1781.8658771265764,3.7102845169249035,,,-9.229408627464657
actor_critic,,1,973,37.228346426994065,21,0.012824058532714844,15.874013900756836,,,1208.866874017176,-38.21265158660355,1781.5422948467035,3.7102134114220027,,,-9.233966645740328
actor_critic,,1,974,37.00213386954896,21,0.012601137161254883,15.88676404953003,,,1218.5823179826673,-25.751283228574763,1777.6194402602766,3.7132029760451544,,,-9.204422723679315
actor_critic,,1,975,38.836623503907,22,0.013382911682128906,15.900293827056885,,,1161.6484423936768,-22.560335236516867,1691.7268620495981,3.7147554701024834,,,-8.771129954944957
actor_critic,,1,976,40.543656517132995,23,0.014018058776855469,15.914460897445679,,,1090.7169126475878,-44.5113525390625,1621.7547138229459,3.718396228292714,,,-8.378095543902853
actor_critic,,1,977,38.44954150002724,22,0.013345003128051758,15.927951097488403,,,1151.30495545539,-36.432577932761475,1696.7679452662865,3.720568819479509,,,-8.766555786132812
actor_critic,,1,978,38.525407015367264,22,0.013403892517089844,15.941515922546387,,,1166.769942177629,-21.292100453918632,1697.2316071837295,3.7223798144947398,,,-8.763589338822799
actor_critic,,1,979,36.96645447069814,21,0.017986059188842773,15.959650039672852,,,1207.3077323300142,-36.186782700674875,1776.4207731291563,3.7291403838566373,,,-9.17604500906808
actor_critic,,1,980,38.60192205921406,22,0.03392505645751953,15.993828058242798,38.336576071998785,1.3201897371859228,1162.1769022902854,-25.8228406841782,1697.1424209956842,3.732664693485607,,,-8.772671786221592
actor_critic,,1,981,38.70069210285085,22,0.013850212097167969,16.018309116363525,,,1139.1054087345997,-50.8816766098819,1699.9815600009063,3.7380173964933916,,,-8.789289301091975
actor_critic,,1,982,39.10793073449018,22,0.013537168502807617,16.031986951828003,,,1164.4683133289218,-25.43119461868297,1699.8564518231856,3.7422538562254473,,,-8.774776805530895
actor_critic,,1,983,38.67662312772327,22,0.013499975204467773,16.04564094543457,,,1159.265653607774,-25.374045778573915,1692.342439595737,3.7485786459662696,,,-8.787138505415482
actor_critic,,1,984,38.86371608195526,22,0.013555049896240234,16.059350967407227,,,1151.8734590702436,-28.394179522313856,1686.0967145476766,3.7535695379430596,,,-8.788559653542258
actor_critic,,1,985,40.16749264025115,23,0.013972997665405273,16.07348895072937,,,1075.7594980867175,-51.45389799951859,1610.3048470039528,3.7580380647078804,,,-8.387209021526834
actor_critic,,1,986,38.60954537399873,22,0.013456106185913086,16.08709716796875,,,1148.7444347403944,-33.567262359302156,1689.016691914315,3.7577436837283047,,,-8.693022294477982
actor_critic,,1,987,40.323740353952694,23,0.014087200164794922,16.101348161697388,,,1108.0410899425979,-25.984000783899557,1620.0358325274074,3.758336875749671,,,-8.35201296599015
actor_critic,,1,988,37.26033625783006,21,0.012839794158935547,16.11433696746826,,,1212.016894531259,-32.14420542049976,1777.3729957843289,3.760538895924886,,,-9.139180501302084
actor_critic,,1,989,38.96719817406909,22,0.013258934020996094,16.127734899520874,,,1141.779302814044,-47.79576223309744,1699.3929643305125,3.760001876137473,,,-8.781388716264205
actor_critic,,1,990,38.97265092489088,22,0.013480901718139648,16.141377925872803,,,1148.9639264969367,-44.07792314514518,1704.3455097767715,3.75987370447679,,,-8.836413990367543
actor_critic,,1,991,38.971681703916964,22,0.013459205627441406,16.154991149902344,,,1167.471378866837,-25.55448942258954,1704.3227411332243,3.7618343830108643,,,-8.858427567915482
actor_critic,,1,992,38.60882500540862,22,0.013408184051513672,16.16856098175049,,,1166.0761463315312,-23.991976723413575,1700.097402676051,3.7734803503209893,,,-8.846641540527344
actor_critic,,1,993,37.12875225818086,21,0.012611150741577148,16.181326150894165,,,1201.436662480235,-39.46353658838641,1772.7147120998818,3.7823093845730735,,,-9.185916718982515
actor_critic,,1,994,38.662002569036,22,0.013159751892089844,16.194631814956665,,,1152.125963181469,-27.686780482530594,1685.4467718939995,3.784217043356462,,,-8.799985712224787
actor_critic,,1,995,40.21237402489257,23,0.014250040054321289,16.20904302597046,,,1101.3500666953623,-26.360852243135806,1611.0156007626033,3.792142816211866,,,-8.368686841881793
actor_critic,,1,996,38.63900092111088,22,0.013406038284301758,16.222589015960693,,,1140.6698343300006,-42.41450721499595,1690.120460176523,3.7992779449983076,,,-8.663752469149502
actor_critic,,1,997,38.87918429755033,22,0.013816118240356445,16.23656916618347,,,1157.9739246886563,-31.167245496064425,1698.7730661696776,3.800910646265203,,,-8.694266579367898
actor_critic,,1,998,40.39303755944194,23,0.014025211334228516,16.250757932662964,,,1102.1397752702721,-35.83680662723339,1625.6809609304992,3.7980304178984268,,,-8.371425462805707
actor_critic,,1,999,40.529882406922866,23,0.013821840286254883,16.26474380493164,,,1111.596564401427,-25.92506940241741,1625.0309077150735,3.795779103818147,,,-8.411950816278873
actor_critic,,1,1000,39.04571975979481,22,0.013072967529296875,16.277976989746094,37.48608522542796,0.7823088862781092,1161.5357156146995,-26.311614838174798,1696.9248045634754,3.7978923212398183,,,-8.764925870028408
