policy,n_episodes,mean_reward,std_reward
random,50,0.8199008287880757,0.3739546660836952
