algo,baseline,seed,episode,episode_return,episode_steps,episode_time_sec,elapsed_time_sec,eval_mean_return,eval_std_return,loss,policy_loss,value_loss,entropy,mean_return,mean_advantage,advantage
actor_critic,,0,1,32.60390112594734,30,0.03934121131896973,0.03934431076049805,,,2.3289850533008574,1.2275941769282024,1.5734156052271524,2.143870202700297,,,0.8568487326304118
actor_critic,,0,2,17.05329735323126,20,0.013010978698730469,0.05254030227661133,,,4.33499964363873,1.0460021916776896,4.698567800549791,2.125591814517975,,,0.5130767583847046
actor_critic,,0,3,11.39968806216726,15,0.009160041809082031,0.06183815002441406,,,8.282380167643229,1.9362902998924256,9.065843306978543,2.118561522165934,,,0.2460640589396159
actor_critic,,0,4,21.578238568826258,21,0.013544082641601562,0.0755913257598877,,,8.338844515028454,2.128606679893675,8.871768268800917,2.1174341496967135,,,0.5363055410839263
actor_critic,,0,5,10.482853776757358,15,0.009680032730102539,0.0855112075805664,,,9.050933035214742,-1.1059920330842337,14.509893152614435,2.113111654917399,,,-0.026136366526285808
actor_critic,,0,6,15.035293367304092,19,0.011715173721313477,0.09738540649414062,,,9.996275468876487,0.5774242501509818,13.455501325820622,2.1071812604603015,,,0.09470718785336144
actor_critic,,0,7,24.457707267782254,25,0.01600193977355957,0.11356520652770996,,,10.162492313683034,1.096773390173912,12.951027156403288,2.0978372478485108,,,0.31712818145751953
actor_critic,,0,8,8.304100451971786,14,0.008601188659667969,0.12233233451843262,,,15.790295228362083,-1.1009463689156942,24.13034547004333,2.085181866373335,,,-0.6001103264944894
actor_critic,,0,9,14.663996356967619,18,0.011445760726928711,0.13395214080810547,,,13.676865357491705,-0.4024309880203671,20.113280928383272,2.078774571418762,,,-0.23681036631266275
actor_critic,,0,10,5.349914209158658,10,0.006205081939697266,0.1403193473815918,,,21.24137952532619,-5.893487945571541,38.76409911318624,2.0746373176574706,,,-1.326880645751953
actor_critic,,0,11,7.331549701224707,12,0.0076482295989990234,0.14815330505371094,,,17.101673767824348,-6.7151455186928315,34.024028216614774,2.0717087984085083,,,-1.0390524864196777
actor_critic,,0,12,6.69198466222466,11,0.0069620609283447266,0.1552562713623047,,,26.14044643159617,-0.9520431662147696,38.70355911188844,2.070135485042225,,,-1.2509821111505681
actor_critic,,0,13,6.893827164559855,12,0.007624387741088867,0.16302943229675293,,,22.254521819762886,-4.030841069296002,37.55051984217213,2.0675196448961892,,,-1.2161396344502766
actor_critic,,0,14,7.489557890225853,12,0.007581233978271484,0.17078447341918945,,,26.246194827059906,-0.916380782922109,38.80367804396277,2.0653682351112366,,,-1.2320335706075032
actor_critic,,0,15,10.476944171541408,14,0.008813142776489258,0.1797654628753662,,,20.426955819129944,-4.088314113872392,35.021814410175594,2.064300162451608,,,-0.9427209581647601
actor_critic,,0,16,11.61305214951226,15,0.009479999542236328,0.18946218490600586,,,16.03194891611735,-8.218807461857796,34.64393829405308,2.0627099831899005,,,-0.8936209360758464
actor_critic,,0,17,17.184885547503924,19,0.011688947677612305,0.20130610466003418,,,21.06719502022392,-0.2219976124010588,30.413133713759873,2.0597579353734066,,,-0.540582255313271
actor_critic,,0,18,13.882299951760393,17,0.011026144027709961,0.21249938011169434,,,18.067438465707443,-7.838476699941299,37.00845075968434,2.0548987248364616,,,-0.850623186896829
actor_critic,,0,19,9.800659054885273,14,0.008542299270629883,0.22121524810791016,,,33.34485614512648,-1.1312616893223353,49.25159735897822,2.0496929373059953,,,-1.346930640084403
actor_critic,,0,20,7.808681402881472,12,0.0074999332427978516,0.22887229919433594,8.33958706677358,0.33559373643065926,39.482655296723046,-3.161625362932682,60.92039972078055,2.0465670824050903,,,-1.7622488339742024
actor_critic,,0,21,13.615401289505522,16,0.024370193481445312,0.26700520515441895,,,31.227841418236494,-1.641968259587884,46.95686998125166,2.0437964648008347,,,-1.091575026512146
actor_critic,,0,22,13.382550075400804,16,0.01376795768737793,0.28095531463623047,,,34.53420610912144,-1.2045259904116392,51.05533027974889,2.042254313826561,,,-1.182157039642334
actor_critic,,0,23,9.779111226494557,13,0.008083105087280273,0.28922128677368164,,,43.73082675842139,-2.850373747257086,66.54456763198742,2.0395415196051965,,,-1.7395326174222505
actor_critic,,0,24,9.98145791429735,13,0.008201837539672852,0.2975790500640869,,,38.530319048808174,-9.993895625838867,69.32030938966916,2.0359532099503737,,,-1.7880027477557843
actor_critic,,0,25,7.169236907219402,11,0.00682377815246582,0.30464839935302734,,,54.70332049239766,-4.95359235460108,85.22416130478747,2.030487992546775,,,-2.373106349598278
actor_critic,,0,26,8.88726060086951,12,0.007801055908203125,0.31259822845458984,,,53.00801559910178,-3.398520485808452,80.58076674460123,2.0253711541493735,,,-2.109609762827555
actor_critic,,0,27,7.850671044922676,11,0.006858110427856445,0.3196263313293457,,,56.7676770998673,-7.822762607173487,92.27205850920555,2.020823998884721,,,-2.4255109266801314
actor_critic,,0,28,6.911802067922655,11,0.007010221481323242,0.32680439949035645,,,64.20022860643539,-2.5098233182321894,95.30007765365934,2.0170230215246026,,,-2.5626149611039595
actor_critic,,0,29,7.085075275529672,11,0.0072078704833984375,0.33417320251464844,,,62.21580326861956,-5.727581574496898,97.06197774715044,2.0140657858415083,,,-2.594778234308416
actor_critic,,0,30,8.607337281109839,12,0.007645845413208008,0.34196019172668457,,,61.866170056164265,-1.5449031442403793,90.587253626436,2.0128038922945657,,,-2.3270085652669272
actor_critic,,0,31,11.006426497220929,14,0.008691072463989258,0.3507993221282959,,,55.25372979044914,-0.8672236012560981,80.1727929466537,2.010257533618382,,,-1.928997312273298
actor_critic,,0,32,9.756999173935732,14,0.009007930755615234,0.3599672317504883,,,54.75318157885756,-4.407436376171453,84.5151669521417,2.008219633783613,,,-2.078110013689314
actor_critic,,0,33,9.832167954934718,14,0.008714914321899414,0.3688540458679199,,,59.862355661179336,-1.499528312257358,87.65983599078443,2.006385258265904,,,-2.128786087036133
actor_critic,,0,34,10.476238140829246,15,0.009129047393798828,0.37816333770751953,,,48.38030516505241,-11.327483379840851,85.29684282317757,2.003152863184611,,,-2.02130126953125
actor_critic,,0,35,7.595521513841642,13,0.008070945739746094,0.3863952159881592,,,67.82562813492349,-4.468656250204031,103.2775531364157,1.999961963066688,,,-2.5454339247483473
actor_critic,,0,36,10.151230368799823,15,0.009173154830932617,0.3957362174987793,,,60.78283713360627,-4.1105209718147915,92.70479392760123,1.9996591647466024,,,-2.1303393046061196
actor_critic,,0,37,9.271953175966363,14,0.00883793830871582,0.4048640727996826,,,68.10137349260705,-2.925195614142077,101.46652574517897,2.0003706557410106,,,-2.3662657056535994
actor_critic,,0,38,9.08534892396335,14,0.008512020111083984,0.413527250289917,,,68.41023585998586,-4.563443618161338,104.24811788149444,2.001607213701521,,,-2.4255643572126115
actor_critic,,0,39,8.827532853440715,14,0.008768081665039062,0.4225022792816162,,,69.38959160659995,-5.9313982001372745,107.60141494903448,1.998985733304705,,,-2.4893458230154857
actor_critic,,0,40,14.039620044975686,18,0.011133193969726562,0.4337913990020752,15.675194711695017,0.3862163591478664,55.72623563475079,-4.235118572082785,85.65908107699619,1.9978958831893072,,,-1.7843890719943576
actor_critic,,0,41,14.616990379505834,16,0.01023411750793457,0.4546632766723633,,,66.97521154768765,-2.090391667559743,98.66515806509415,1.993993304669857,,,-1.9908790588378906
actor_critic,,0,42,22.34392101178198,22,0.013284921646118164,0.4681272506713867,,,46.91138219833374,-7.169029546054927,77.25773265957832,1.9862765073776245,,,-1.2810280539772727
actor_critic,,0,43,12.903311790760942,16,0.009697914123535156,0.47797417640686035,,,76.42878658976406,-3.331703605130315,113.94355007284321,1.9771796390414238,,,-2.2624928951263428
actor_critic,,0,44,7.851041010800408,11,0.006682872772216797,0.48479413986206055,,,88.38121451738037,-28.834835033186458,167.4515072880736,1.9711762016469783,,,-3.6123463023792612
actor_critic,,0,45,17.00376104858984,19,0.012064933776855469,0.497023344039917,,,61.65069308720137,-8.19188358281788,99.77511757533802,1.9648075542951886,,,-1.8513195640162419
actor_critic,,0,46,19.31277155172249,21,0.012923955917358398,0.5101301670074463,,,63.49827508273579,-3.3030293782552085,95.43043920042969,1.960626897357759,,,-1.681016104561942
actor_critic,,0,47,13.069248916483946,17,0.010452032089233398,0.5207133293151855,,,85.22268098943374,-1.9336191100232742,124.5089998104993,1.959671925095951,,,-2.4027341954848347
actor_critic,,0,48,10.589827715355678,15,0.00939798355102539,0.5303401947021484,,,94.65507425963878,-7.544624843200048,145.99957247513035,1.9586762984593709,,,-2.8753341674804687
actor_critic,,0,49,10.749938727850994,15,0.009158849716186523,0.5396542549133301,,,100.02812933338186,-4.175661496197184,148.86255396179234,1.9565021276474,,,-2.9038121541341146
actor_critic,,0,50,10.606391989731394,15,0.009329795837402344,0.5491561889648438,,,101.90007394353549,-5.355435249706109,153.2221583125492,1.9546565532684326,,,-2.9548044840494794
actor_critic,,0,51,7.076035553145083,11,0.006707906723022461,0.5560340881347656,,,143.59496712583032,-6.825649657032707,214.88660868359014,1.9532432231036099,,,-4.211160833185369
actor_critic,,0,52,8.998174591534502,14,0.00855398178100586,0.5647454261779785,,,113.31711653001341,-7.068621577961104,171.9796306979884,1.9515348161969865,,,-3.3087081909179688
actor_critic,,0,53,8.883928830846349,12,0.0073969364166259766,0.572289228439331,,,137.22959724611914,-3.8798996936529875,201.58499180440654,1.9509676893552144,,,-3.819234530131022
actor_critic,,0,54,6.875323766742848,10,0.006201744079589844,0.5786471366882324,,,161.9065375123173,-8.285181329399347,243.13102931058967,1.9527999877929687,,,-4.718656539916992
actor_critic,,0,55,8.819768193722814,12,0.00759577751159668,0.5864012241363525,,,143.30829904042184,-2.047115339587132,207.65059691716064,1.953234722216924,,,-3.888707478841146
actor_critic,,0,56,11.317821991110971,14,0.008970022201538086,0.5955262184143066,,,113.26858888473362,-12.558237460841026,179.75261218267093,1.951624972479684,,,-3.269456590924944
actor_critic,,0,57,5.025231841944258,8,0.004961967468261719,0.6006603240966797,,,218.47768510880996,-6.02752496721223,320.72172568019596,1.9485873579978943,,,-6.1664228439331055
actor_critic,,0,58,6.740307733170224,10,0.006204843521118164,0.6070442199707031,,,169.98043529465795,-11.849427438154816,259.7569445819594,1.9457486987113952,,,-4.892279052734375
actor_critic,,0,59,5.3879217744373715,8,0.004788875579833984,0.6119680404663086,,,215.97575796116143,-14.201115469448268,328.8241010782149,1.9432192295789719,,,-6.183204650878906
actor_critic,,0,60,6.518065166958877,10,0.006030082702636719,0.6181192398071289,5.721303530878386,0.34950492855798554,183.2986865915358,-3.1482429072260856,266.3527715774253,1.9429191112518311,,,-4.963980865478516
actor_critic,,0,61,5.62017038332435,9,0.005724191665649414,0.6288502216339111,,,202.34766857781344,-4.4568832537366285,295.4350719742312,1.9448628558052912,,,-5.5781055026584205
actor_critic,,0,62,7.784749159589806,11,0.006769895553588867,0.6357612609863281,,,165.23668611591512,-5.8111494583162395,244.35406431501244,1.947995662689209,,,-4.488218827681108
actor_critic,,0,63,5.225506685153947,8,0.004827022552490234,0.640754222869873,,,233.6174738984555,-4.370572586543858,339.982913065267,1.951355367898941,,,-6.320625305175781
actor_critic,,0,64,5.934620247982268,9,0.005545139312744141,0.6464393138885498,,,197.4130438156426,-14.356300817595589,302.52765407890706,1.9539946715037029,,,-5.620082007514106
actor_critic,,0,65,6.399764126815862,9,0.005414009094238281,0.6519782543182373,,,210.15190219382444,-3.2605487985743418,304.8749253760195,1.9548821316825018,,,-5.594215816921658
actor_critic,,0,66,5.666395996988664,9,0.0055501461029052734,0.6577494144439697,,,202.47019578723445,-13.713483955711126,308.83383546373966,1.9552519056532118,,,-5.701029459635417
actor_critic,,0,67,5.615070420674098,9,0.005342006683349609,0.6632063388824463,,,200.1066046787633,-17.189899418089126,310.42359085101634,1.955725974506802,,,-5.725972069634332
actor_critic,,0,68,6.167180019127764,9,0.00563502311706543,0.6690511703491211,,,195.81069765343435,-22.062769267294144,311.2477963022021,1.9566426806979709,,,-5.684784783257379
actor_critic,,0,69,4.286974976631061,7,0.004228115081787109,0.6734142303466797,,,272.37340585248813,-8.859961490545954,401.7619592605957,1.9569068465914046,,,-7.443824768066406
actor_critic,,0,70,5.612198786412613,8,0.00478816032409668,0.678389310836792,,,227.28444897965528,-18.899117852095515,351.6908283028333,1.9565371125936508,,,-6.432352542877197
actor_critic,,0,71,6.853807496236266,9,0.005505084991455078,0.6840193271636963,,,214.23735320775046,-4.18184976817833,312.02743584908603,1.9556789928012424,,,-5.661824120415582
actor_critic,,0,72,4.374283249724942,7,0.004239082336425781,0.6884133815765381,,,253.2165661347764,-31.145480580095732,406.2315015343151,1.9559867211750575,,,-7.501433781215122
actor_critic,,0,73,5.705521880958931,8,0.004656791687011719,0.6931881904602051,,,231.84168185293674,-14.186208071187139,351.46840573492227,1.956351861357689,,,-6.469361782073975
actor_critic,,0,74,5.937791745632737,9,0.005412101745605469,0.6987462043762207,,,195.92810913961796,-12.236850214708182,297.37852306728666,1.955648038122389,,,-5.759960174560547
actor_critic,,0,75,5.2972571689897014,8,0.004766941070556641,0.7036590576171875,,,194.52939937636256,-28.603062476962805,318.7606712416746,1.9546849429607391,,,-6.450656890869141
actor_critic,,0,76,5.649766947213969,8,0.005002021789550781,0.7088110446929932,,,169.3515130840242,-7.912115313112736,253.23375727795064,1.9525505900382996,,,-6.205678462982178
actor_critic,,0,77,5.323170322030994,7,0.004263162612915039,0.7132043838500977,,,83.34640367541995,-11.539313048124313,135.55102732777596,1.9490754093442644,,,-6.400424684797015
actor_critic,,0,78,5.783818194653698,8,0.005191326141357422,0.718536376953125,,,19.684572586789727,-18.35167539305985,54.3374963660026,1.9474359303712845,,,-5.147676944732666
actor_critic,,0,79,8.064526852408514,9,0.005460023880004883,0.7241291999816895,,,77.5726215309567,-4.078427963786655,116.64435690889756,1.947133461634318,,,-3.321442815992567
actor_critic,,0,80,6.732610416920206,8,0.004870891571044922,0.7291362285614014,7.229683946289789,0.5053117670466454,144.88686767965555,-11.671755619347095,223.65518674766645,1.9484078139066696,,,-4.362568616867065
actor_critic,,0,81,7.5228680925442415,9,0.0057222843170166016,0.739612340927124,,,224.3948370748096,0.3082086245218913,320.1237582735096,1.9508728053834703,,,-3.826009644402398
actor_critic,,0,82,7.3123534297148405,9,0.005583047866821289,0.745307207107544,,,301.14326404862936,-12.670560316907036,448.30546931342946,1.954778128200107,,,-4.2285338507758246
actor_critic,,0,83,6.05517844455801,8,0.0049839019775390625,0.750434160232544,,,458.8473780825734,-5.519557408988476,663.3813308794051,1.9584505259990692,,,-5.195408344268799
actor_critic,,0,84,6.625442964538015,9,0.005379676818847656,0.7560040950775146,,,330.9966216352251,-5.299731466505262,480.4233559734291,1.9615321424272325,,,-4.538797166612413
actor_critic,,0,85,5.396500498545036,8,0.005126953125,0.761242151260376,,,249.56667678803205,-3.43776473402977,361.4349239980802,1.9641825705766678,,,-4.9105095863342285
actor_critic,,0,86,7.057601547290442,9,0.005614042282104492,0.7669963836669922,,,268.2532530294524,-1.8063606752289667,385.7994539447957,1.9654069874021742,,,-4.069292492336697
actor_critic,,0,87,5.956697917955639,9,0.005482912063598633,0.7726531028747559,,,227.22993038098016,-9.036107454035017,337.5229093134403,1.9673787222968206,,,-3.8008331722683377
actor_critic,,0,88,4.881026952114321,7,0.004167079925537109,0.7769813537597656,,,356.1543637854712,1.093448919909341,507.2298679309232,1.969034058707101,,,-4.62713623046875
actor_critic,,0,89,5.276015241280723,8,0.0049631595611572266,0.7820982933044434,,,186.45054063014686,-21.978604646399617,297.7559214248322,1.9692702740430832,,,-3.27467679977417
actor_critic,,0,90,4.907511646091678,8,0.0048978328704833984,0.7871592044830322,,,159.45050171017647,-5.015914089977741,234.95202447474003,1.9659452885389328,,,-2.541858673095703
actor_critic,,0,91,7.026905230862509,9,0.005522012710571289,0.7928602695465088,,,455.81677358680304,-3.272956096463733,655.8424934413698,1.9634432660208807,,,-1.3189046647813585
actor_critic,,0,92,6.02392912420904,9,0.005427837371826172,0.7984302043914795,,,115.30143673552408,-6.999141451385286,174.7151139444775,1.9574400318993463,,,-0.7809234195285373
actor_critic,,0,93,6.226164626133601,9,0.005429983139038086,0.8040802478790283,,,106.7834779156579,-11.882627864678701,169.52301481862864,1.9501513772540622,,,-0.014785342746310763
actor_critic,,0,94,5.38347092604438,8,0.004907131195068359,0.8091211318969727,,,104.90791575610638,1.063967727124691,148.3484973423183,1.9458034932613373,,,0.44806623458862305
actor_critic,,0,95,7.3558564709085825,10,0.006085872650146484,0.815331220626831,,,76.86877889037132,3.9283313766121863,104.20063959177351,1.9447994709014893,,,0.7994928359985352
actor_critic,,0,96,8.608665853730985,12,0.00730586051940918,0.8227612972259521,,,258.1058652798335,0.6674133303264776,367.7692153292398,1.946882039308548,,,0.9041395982106527
actor_critic,,0,97,8.54407253691114,11,0.006675004959106445,0.8295552730560303,,,165.1865298260342,14.007431848482652,215.97014200687408,1.9516871517354792,,,1.323059168728915
actor_critic,,0,98,9.421488425918273,13,0.007863044738769531,0.837557315826416,,,30.54843792777795,1.3552331213767712,41.704577977840714,1.9540758774830744,,,1.4917017129751353
actor_critic,,0,99,5.680431869431922,8,0.00525975227355957,0.8429670333862305,,,50.58600898832083,6.844283938407898,62.488176508806646,1.9524769634008408,,,2.1517624855041504
actor_critic,,0,100,6.788615372387892,10,0.0061228275299072266,0.8492541313171387,7.100182337677895,0.26363697343501635,267.85478618144987,7.521092540025711,371.9052849635482,1.9538588643074035,,,1.9247213363647462
actor_critic,,0,101,5.053605985163452,8,0.004920005798339844,0.8601043224334717,,,36.10937750339508,0.6505669243633747,50.65544835780747,1.9541124105453491,,,2.2232143878936768
actor_critic,,0,102,6.138049829457584,9,0.0055217742919921875,0.8657522201538086,,,32.92831026845508,3.877788248989317,41.50074687041342,1.9531404442257352,,,2.155904663933648
actor_critic,,0,103,6.900612285242903,10,0.006167888641357422,0.8720581531524658,,,433.22183978557587,2.6379638850688933,615.119844982028,1.9536608576774597,,,2.014726161956787
actor_critic,,0,104,8.691714397194161,12,0.007383108139038086,0.8795933723449707,,,211.0580931007862,-3.6671482051412263,306.7503442930756,1.9530721008777618,,,1.874974250793457
actor_critic,,0,105,6.445841171087123,9,0.005465984344482422,0.8852062225341797,,,25.38276942571004,3.619619886080424,31.090214524004196,1.9521963331434462,,,2.175964461432563
actor_critic,,0,106,6.687215368225873,10,0.0061872005462646484,0.8915431499481201,,,20.521262323856355,2.603014752268791,25.59749662578106,1.949323868751526,,,2.0018491744995117
actor_critic,,0,107,6.901632199081733,10,0.005930900573730469,0.8976092338562012,,,21.595947982743382,4.945324839279055,23.786603823467157,1.9462482810020447,,,1.9890195846557617
actor_critic,,0,108,6.477940138340705,11,0.006727933883666992,0.9044921398162842,,,18.154594990340147,3.127502278848128,21.467276317829434,1.9432532570578835,,,1.6735087741505017
actor_critic,,0,109,8.145435915393918,13,0.007964134216308594,0.9125943183898926,,,12.318634610909681,1.9711745897164712,14.78208588464902,1.9432010650634766,,,1.3969146655156062
actor_critic,,0,110,6.730560563529079,13,0.008141040802001953,0.920889139175415,,,141.59077364106017,-1.4488306389405177,204.34229592950746,1.9442145824432373,,,1.3762584099402795
actor_critic,,0,111,4.595699692927852,11,0.007193803787231445,0.9282171726226807,,,15.79177710549398,2.5207246033982798,18.95864638148553,1.9448684020475908,,,1.254697929729115
actor_critic,,0,112,4.7857955224802415,15,0.009636163711547852,0.9379823207855225,,,56.09554740479216,5.208695356547833,72.69550651838071,1.9461580594380696,,,0.8746943791707357
actor_critic,,0,113,6.87735818951165,12,0.007455110549926758,0.945594310760498,,,50.02428663149476,2.649004764544467,67.67897679680027,1.9471242129802704,,,1.1694376468658447
actor_critic,,0,114,5.982040488189989,13,0.008193016052246094,0.9539852142333984,,,12.875974141347866,0.6419408380125577,17.477190246850324,1.9469015139799852,,,1.0196189880371094
actor_critic,,0,115,9.855992775745612,39,0.024025917053222656,0.9781661033630371,,,10.268882660625072,-0.27321034450179493,15.060132388568421,1.936211420939519,,,0.36310865940191805
actor_critic,,0,116,66.52293668238933,96,0.058244943618774414,1.03658127784729,,,13.1961628345695,-0.7898337247315794,19.97999507858549,1.9119464022417862,,,0.10238942503929138
actor_critic,,0,117,4.804330632796602,30,0.018362998962402344,1.0551252365112305,,,23.739655784020822,-3.039520746966203,38.255968769826,1.8936563769976298,,,-1.2428454717000326
actor_critic,,0,118,7.548643207834244,34,0.020679950714111328,1.0759632587432861,,,22.522270762457456,-0.2217122904737206,32.49140507173006,1.8968165902530445,,,-0.8733549118041992
actor_critic,,0,119,191.093779179764,222,0.1332399845123291,1.20936918258667,,,9.996186623567933,0.2572819321911346,13.912721077264454,1.8882816460755494,,,0.1602049733067418
actor_critic,,0,120,208.99977102740775,238,0.14278793334960938,1.3523321151733398,218.41598376144648,1.581080124417515,13.252624898843719,-0.046652818223884125,18.99896902757004,1.8642924838707227,,,-0.021159276241013984
actor_critic,,0,121,187.81454424587474,219,0.1322622299194336,1.5937573909759521,,,17.29517745625251,-0.3247342386525379,25.17130145693775,1.8508375382314535,,,-0.1903939791466003
actor_critic,,0,122,386.14470271404906,359,0.21434903144836426,1.8082671165466309,,,16.11602871717796,-0.42438447427699827,23.629161727911576,1.8532006770455405,,,-0.025230875254341485
actor_critic,,0,123,91.81363264316185,63,0.0380709171295166,1.8465032577514648,,,101.52380985651342,-3.7725011427842436,150.423306282181,1.8267956234159923,,,-1.0559157114180306
actor_critic,,0,124,18.25667441400735,15,0.009221792221069336,1.8558762073516846,,,187.69435507394374,-11.334320866813263,284.32669189876566,1.7992931365966798,,,-5.196179580688477
actor_critic,,0,125,69.49966898212767,45,0.027209997177124023,1.8832252025604248,,,149.9552734253514,-5.650395071465108,222.29381038899558,1.7961878776550293,,,-1.7021782769097222
actor_critic,,0,126,77.23924349110303,48,0.02915787696838379,1.9125571250915527,,,152.27048020718698,-4.707164449850097,224.25378226736453,1.7870726212859154,,,-1.60250457127889
actor_critic,,0,127,13.398615641438251,13,0.007824897766113281,1.9205451011657715,,,388.1643793625184,-18.70441925497009,581.2411564155616,1.7786734929451575,,,-7.154537934523362
actor_critic,,0,128,80.52125630101895,50,0.03058910369873047,1.9512672424316406,,,159.31492231404408,-2.3652969993278385,230.97175183139277,1.771287670135498,,,-1.6220870971679688
actor_critic,,0,129,77.39149132963276,48,0.028803110122680664,1.9802403450012207,,,178.26819134604497,-0.6444328708263735,255.58947655452357,1.7516258135437965,,,-1.814809004465739
actor_critic,,0,130,126.13315502723533,97,0.05803704261779785,2.0384562015533447,,,93.76604350153644,-1.7140330809370143,136.40010785569555,1.7413362154026621,,,-1.0256924186785197
actor_critic,,0,131,99.16487607713812,71,0.04269576072692871,2.081339120864868,,,129.23736459882537,-6.337782731017386,193.67879724524533,1.7383707711394405,,,-1.425567949321908
actor_critic,,0,132,88.93646308823392,61,0.036834001541137695,2.118354320526123,,,164.78665087969028,-1.702082375766801,237.8410496790674,1.7330118124602272,,,-1.718552761390561
actor_critic,,0,133,77.98968924856197,50,0.03006601333618164,2.148592233657837,,,196.5279841479659,-13.588913754224777,300.16700328569976,1.7255088686943054,,,-2.1205020141601563
actor_critic,,0,134,94.63565105895641,66,0.03976082801818848,2.188526153564453,,,159.7773832897691,-8.101621854937438,239.82714412955983,1.7165938796419087,,,-1.7241313818729285
actor_critic,,0,135,102.19906840535629,74,0.04511594772338867,2.23378324508667,,,148.94747949742424,-3.9730357789258295,218.4578858025048,1.7220137634792843,,,-1.6128009074443095
actor_critic,,0,136,105.87565418031902,78,0.0474090576171875,2.281358242034912,,,137.91087595657564,-9.694180198515264,210.86436235926485,1.7287303790068016,,,-1.5763899974333935
actor_critic,,0,137,101.70933688340243,74,0.04458975791931152,2.3260910511016846,,,155.8032651826239,-1.998756281628802,225.43146765788677,1.7255560191901955,,,-1.671414143330342
actor_critic,,0,138,98.29799898566638,70,0.04262185096740723,2.3688812255859375,,,168.78175446062482,-1.9569732576076473,243.91247383398337,1.7253868937492371,,,-1.7734989711216518
actor_critic,,0,139,79.7160911344763,51,0.030547142028808594,2.399604320526123,,,237.43310497359684,-1.4964384110096622,341.3279376248555,1.7304575069277894,,,-2.350628422755821
actor_critic,,0,140,12.630555108972459,13,0.007888078689575195,2.4076602458953857,25.904581857950365,23.736774971592673,670.3983889692105,-7.753736567038756,968.7887841766843,1.7265083331328173,,,-9.587626677293043
actor_critic,,0,141,9.862705998857331,11,0.007266044616699219,2.4249494075775146,,,528.4216126474468,-3.9927389269525353,760.5919546593319,1.7312098091298884,,,-10.893123973499645
actor_critic,,0,142,8.517017733542101,10,0.006484031677246094,2.4315872192382812,,,832.183389531821,-18.669657112658022,1215.5044177688658,1.7379190564155578,,,-12.214524841308593
actor_critic,,0,143,69.95883818366468,43,0.026582956314086914,2.4583253860473633,,,831.0265225795379,-8.642820437763666,1199.5276525024985,1.7427662333776786,,,-2.708082864450854
actor_critic,,0,144,9.212249702523385,10,0.006024360656738281,2.4645214080810547,,,1322.7760783419012,-35.79981032460928,1940.8227888535707,1.7379472613334657,,,-12.69124813079834
actor_critic,,0,145,8.95575095805698,10,0.006159067153930664,2.470863103866577,,,821.8665283218027,-19.55742640197277,1202.0342570436653,1.737963080406189,,,-13.007545280456544
actor_critic,,0,146,9.362370179629275,10,0.006156206130981445,2.477123260498047,,,1280.4670995905994,-23.642684084177017,1863.0139095325023,1.7395658612251281,,,-13.023367214202882
actor_critic,,0,147,9.27537874083714,10,0.006134033203125,2.4834864139556885,,,548.1569035679101,-9.505877378582955,796.6611610010266,1.7388253569602967,,,-12.64228138923645
actor_critic,,0,148,10.427730357076388,11,0.006779909133911133,2.4904022216796875,,,259.7086076844822,-20.87141061641953,400.8286048241637,1.7389479767192493,,,-10.668893499807877
actor_critic,,0,149,13.009309937923032,13,0.008054018020629883,2.4985814094543457,,,167.6266572200335,-20.46587634545106,268.703626710635,1.7368426047838652,,,-8.559675895250761
actor_critic,,0,150,76.44597341883247,47,0.028792142868041992,2.527540445327759,,,447.7052550978483,-11.010355538827307,655.3080301678125,1.728827603319858,,,-1.6680718990082437
actor_critic,,0,151,105.13730095290987,78,0.047267913818359375,2.574977159500122,,,377.7605273474951,-3.8807435085137305,545.2018212121225,1.7077608077954023,,,-1.461706063686273
actor_critic,,0,152,408.1442201288957,381,0.22856497764587402,2.803711414337158,,,28.97450332341134,-1.3124132210540334,43.267021538619304,1.7254901946060301,,,-0.438293777425771
actor_critic,,0,153,113.21217196100352,85,0.052635908126831055,2.8565120697021484,,,137.89904492516345,-0.8598872902638772,198.22704438642558,1.746748948097229,,,-1.4060421214384191
actor_critic,,0,154,120.35108542894139,93,0.05577397346496582,2.9124531745910645,,,123.87063593459466,-1.303522485799046,178.82023501779224,1.7570788462956746,,,-1.3433401456443212
actor_critic,,0,155,91.03908788059859,63,0.038461923599243164,2.951087236404419,,,190.30354492426923,-4.444430394364255,278.2114020048951,1.7525685817476302,,,-1.9231779310438368
actor_critic,,0,156,139.00516006291295,111,0.06678009033203125,3.018057346343994,,,98.2494326212888,-3.2977056197217993,145.06733320868074,1.7437000242439475,,,-1.1640971415751689
actor_critic,,0,157,123.13530413157893,95,0.05691099166870117,3.0751612186431885,,,121.18509671542499,-2.6085808713577294,176.84811571343604,1.7570675937752975,,,-1.2899886281866777
actor_critic,,0,158,108.81840106580121,81,0.048974037170410156,3.12434720993042,,,153.4249504818236,-0.9194925437094988,220.49206882393574,1.7634515482702373,,,-1.5487406224380305
actor_critic,,0,159,82.97674295290079,53,0.03212904930114746,3.1566762924194336,,,232.90776522921504,-13.350497461363393,351.79753360264704,1.7642999550081648,,,-2.2209510083468453
actor_critic,,0,160,80.77381017689976,52,0.03152823448181152,3.188373327255249,85.85312492244779,1.3313091213665635,261.2185216025234,-2.5247515972990255,376.77611402393535,1.7499006871993725,,,-2.367115754347581
actor_critic,,0,161,85.39041845431957,57,0.03512120246887207,3.2493324279785156,,,248.75860665823546,-2.8753197641487707,359.4770452432261,1.7412492183216832,,,-2.3006672106291117
actor_critic,,0,162,92.14030008602671,63,0.038170814514160156,3.287691116333008,,,252.5506542120129,-3.638802080903025,365.9849506577048,1.7361637467429751,,,-2.1714843265594
actor_critic,,0,163,100.45605282418745,72,0.04352736473083496,3.3314003944396973,,,200.35026704908847,-3.117355698797231,290.6680314981398,1.741933877269427,,,-1.9805753495958116
actor_critic,,0,164,96.76023466827648,69,0.04187178611755371,3.3734400272369385,,,210.8085864695005,-1.430664745280924,303.19894718392277,1.7437848180964373,,,-2.070154825846354
actor_critic,,0,165,93.33818344045628,65,0.03980588912963867,3.4134042263031006,,,225.5192806413039,-2.4303813930887443,325.64238444596816,1.7484718561172485,,,-2.1639247013972356
actor_critic,,0,166,91.06313781664734,63,0.037834882736206055,3.451416254043579,,,236.5302677655903,-3.273535949163257,342.5768644587203,1.7509117372452268,,,-2.2280714246961804
actor_critic,,0,167,98.07949569550814,71,0.04273796081542969,3.4943301677703857,,,204.54755312986148,-4.808392770640867,299.07993819036284,1.7539535710509395,,,-2.0404145146759465
actor_critic,,0,168,99.0321133422778,70,0.04212617874145508,3.5366463661193848,,,212.3395961095446,-1.7772368779405951,305.8811976016599,1.7675634622573853,,,-1.9837894984654019
actor_critic,,0,169,83.77626023625199,56,0.033516883850097656,3.5703201293945312,,,278.1473422825303,-0.23308977135457098,397.6863499010048,1.7723386649574553,,,-2.4563420159476146
actor_critic,,0,170,91.82884702965302,63,0.0379948616027832,3.60846209526062,,,244.47677700666503,-4.047218735492419,355.034275421773,1.7754379624412173,,,-2.2908833821614585
actor_critic,,0,171,87.9998153990025,60,0.03595995903015137,3.644564390182495,,,259.7233957669504,-3.8364020843679705,376.5139936005619,1.779725444316864,,,-2.44282709757487
actor_critic,,0,172,104.42656761435238,66,0.03991508483886719,3.6846091747283936,,,240.4117718445363,-6.0629556474812105,352.1067533033801,1.7735487204609495,,,-2.1694292010683003
actor_critic,,0,173,77.840725322125,47,0.028436899185180664,3.7132153511047363,,,348.2818166314119,-5.529745993699799,505.44512695117675,1.7723442417510011,,,-3.0739840243725065
actor_critic,,0,174,189.99006324269928,103,0.06140708923339844,3.7747693061828613,,,179.71503424416613,-0.3882948927653646,257.29049520737277,1.7774352321346987,,,-1.2570172652457525
actor_critic,,0,175,238.44137243011184,140,0.0835731029510498,3.858511209487915,,,132.94410284073425,-2.5956271983417016,193.62819950759376,1.7679599796022687,,,-1.1017088753836495
actor_critic,,0,176,97.81548369151488,56,0.03384208679199219,3.8925323486328125,,,336.26247370607285,-8.02323132028271,491.83674529169053,1.7727784046104975,,,-2.8455963134765625
actor_critic,,0,177,232.73561752133412,111,0.06618404388427734,3.958888292312622,,,190.31783208039565,0.06374066020991351,271.79156066453385,1.771754712671847,,,-1.1529050259976774
actor_critic,,0,178,151.75377604244525,80,0.04932117462158203,4.0083839893341064,,,271.3457216418698,-2.902499134442769,391.78320551452344,1.765308992564678,,,-2.0415523529052733
actor_critic,,0,179,87.83781136084035,51,0.034134864807128906,4.042699098587036,,,421.19167428214433,-14.385284843653732,622.2528192673755,1.7563671060636932,,,-3.4700030158547794
actor_critic,,0,180,72.37213110595751,44,0.026589155197143555,4.06947135925293,72.1195878884512,1.7086999522603687,506.00550544564084,-3.9927904371341523,728.5690054271571,1.7694823416796597,,,-4.091715032404119
actor_critic,,0,181,73.05964957048444,45,0.028097152709960938,4.117500305175781,,,490.51784487793014,-9.264167098162902,713.9743305280288,1.769770203696357,,,-3.964036051432292
actor_critic,,0,182,70.99360670527558,44,0.026711702346801758,4.144385099411011,,,507.1155676993287,-7.99587083963508,735.8735351802527,1.7609265690500087,,,-4.092803955078125
actor_critic,,0,183,73.27805513653254,45,0.027302265167236328,4.171858310699463,,,499.5771070776714,-6.062227271993955,722.3419242443724,1.7671187798182169,,,-3.9842603895399304
actor_critic,,0,184,72.90119271135177,45,0.027151107788085938,4.199197292327881,,,493.61374337981556,-14.641868983871406,726.0794315178879,1.7717992623647054,,,-3.8954264322916665
actor_critic,,0,185,74.25704690158345,46,0.027724027633666992,4.227099180221558,,,498.06120803725463,-1.8740380524212252,714.1932275877941,1.770651840645334,,,-3.7187881469726562
actor_critic,,0,186,80.43829488001124,52,0.031050920486450195,4.2583301067352295,,,432.48610458666315,-13.156801171923199,636.6327534024246,1.7779057117608876,,,-3.3830287639911356
actor_critic,,0,187,102.90435399380745,75,0.04512381553649902,4.303629159927368,,,282.9783841355145,-3.3283521083494025,409.00962258608394,1.7808924531936645,,,-2.4446124267578124
actor_critic,,0,188,100.07815998188539,72,0.04323101043701172,4.347021102905273,,,241.5138180554301,-6.522521385690197,354.33760405582143,1.8122024983167648,,,-2.3338101704915366
actor_critic,,0,189,72.54277105868428,45,0.027132272720336914,4.37432336807251,,,488.4060548914803,-6.965815938843621,707.6740803020075,1.8267273902893066,,,-3.7642588297526043
actor_critic,,0,190,77.92235737830615,49,0.029597997665405273,4.4041101932525635,,,456.89652545001616,-4.131582137881493,658.6116303970838,1.8364116488670816,,,-3.4482375164421235
actor_critic,,0,191,73.44644672921747,46,0.027699947357177734,4.431983232498169,,,488.2500659065402,-7.876263685645941,708.7519051229591,1.8377842903137207,,,-3.657047105872113
actor_critic,,0,192,79.33590810389175,51,0.030747175216674805,4.462899208068848,,,440.784931830514,-6.064669365428534,638.3565883946322,1.834327636980543,,,-3.3806140376072302
actor_critic,,0,193,81.28654006602454,53,0.03181123733520508,4.494887351989746,,,425.77065032413054,-5.378077177858016,615.9267651185806,1.8377097732615921,,,-3.284033433446344
actor_critic,,0,194,82.33095128906967,54,0.03250479698181152,4.527576208114624,,,409.6251763484993,-6.7336295329862175,594.7983089800734,1.840053798975768,,,-3.2626252350983798
actor_critic,,0,195,93.33667799170276,65,0.03903484344482422,4.566787242889404,,,329.47043364093855,-1.3935075038900742,472.66279022961925,1.8438061017256517,,,-2.7733546330378607
actor_critic,,0,196,92.08022741688096,62,0.03706502914428711,4.604029178619385,,,331.6135043877387,-2.671419799508106,477.5498942242064,1.855778907575915,,,-2.731411841607863
actor_critic,,0,197,98.15932710100894,64,0.0381617546081543,4.642369031906128,,,326.2555734471607,-7.670702129194979,477.03750808361656,1.8598164189606905,,,-2.6186158657073975
actor_critic,,0,198,121.6767101383566,78,0.046579837799072266,4.689127206802368,,,264.3554578051687,-2.1673695515506926,380.74688757488576,1.8702846184754982,,,-2.1375875228490586
actor_critic,,0,199,88.23508507732723,52,0.031161069869995117,4.720468282699585,,,417.7475738959351,-2.459240385116293,600.2954111208718,1.8701532162152803,,,-3.085235889141376
actor_critic,,0,200,79.99981386207013,48,0.02878880500793457,4.74943208694458,82.0166740696919,1.4667681193337914,460.3403763663373,-3.057681446817393,661.9972095531848,1.8625272065401077,,,-3.5187689463297525
actor_critic,,0,201,105.24799566354753,60,0.0361480712890625,4.807067155838013,,,374.0251668654848,-4.435000824990372,540.6573757297205,1.8628065407276153,,,-2.8302146911621096
actor_critic,,0,202,134.79633364161393,76,0.045430898666381836,4.852693319320679,,,303.3602737065644,-5.045795850284201,440.5801199039071,1.864824945989408,,,-2.290483173571135
actor_critic,,0,203,202.01078330106134,134,0.07965898513793945,4.932527303695679,,,143.99826451960547,-2.078819528722496,208.68156573115223,1.877597306201707,,,-1.431934869111474
actor_critic,,0,204,79.2458689165813,48,0.02863597869873047,4.9613752365112305,,,447.3129579554855,-5.635999205910291,647.0699244606949,1.8948170443375905,,,-3.387176513671875
actor_critic,,0,205,71.18422988660889,44,0.026216983795166016,4.987762212753296,,,488.77575990171385,-18.867047227876768,725.2040252501452,1.8911485942927273,,,-3.857389276677912
actor_critic,,0,206,73.37959074466293,46,0.027703046798706055,5.015636444091797,,,491.8650695553958,-1.9415177427556203,705.4379936289093,1.8843258411987969,,,-3.7639176741890283
actor_critic,,0,207,74.4346375601807,46,0.027576208114624023,5.043388366699219,,,491.1896275345175,-5.9506583849939965,710.2004694814551,1.888062342353489,,,-3.7717958533245586
actor_critic,,0,208,73.09251952797987,45,0.027224063873291016,5.070788145065308,,,504.4165229599095,-7.83746896824903,731.7914279515234,1.8946312851376004,,,-3.9105655246310764
actor_critic,,0,209,79.549777636074,48,0.029109954833984375,5.100057125091553,,,477.9993503466694,-5.575149646145292,690.8207522413383,1.8864784687757492,,,-3.677735964457194
actor_critic,,0,210,77.4485330290916,47,0.02825188636779785,5.128475189208984,,,482.18724471774505,-15.462764056082419,710.9286043752243,1.8875631956343955,,,-3.790854920732214
actor_critic,,0,211,79.02343224499307,48,0.028983116149902344,5.157597303390503,,,477.3193777311244,-13.46771031835427,701.1243951460832,1.8889633789658546,,,-3.749486287434896
actor_critic,,0,212,75.39533427375635,46,0.02798318862915039,5.1857452392578125,,,502.4055359341791,-11.917746991243051,734.7475773633822,1.8840534376061482,,,-3.9360547273055366
actor_critic,,0,213,76.06819247950729,47,0.028175830841064453,5.214071035385132,,,491.1756578675927,-14.37800064659182,722.2194724644613,1.8800832438976207,,,-3.8876547306141953
actor_critic,,0,214,74.93126610683248,47,0.0284578800201416,5.242707252502441,,,502.5765632442496,-4.138579133263928,723.8787641626129,1.8793815044646567,,,-3.903976765084774
actor_critic,,0,215,74.57467960356303,46,0.027807950973510742,5.270691156387329,,,516.797215764674,-1.91056244370892,741.0111525335208,1.8827384762142017,,,-3.9432439389436142
actor_critic,,0,216,76.46477883398072,48,0.028959989547729492,5.299821138381958,,,493.57433738755935,-4.7368689876360195,711.8732149986221,1.8874723215897877,,,-3.8414109547932944
actor_critic,,0,217,76.75298948722666,48,0.028827905654907227,5.328827142715454,,,494.1056607718613,-6.216679359010111,714.7461711158297,1.8998989313840866,,,-3.8243659337361655
actor_critic,,0,218,77.21449693639079,49,0.029156208038330078,5.358149290084839,,,483.5284497352621,-5.11296290873873,698.0591862717434,1.908379897779348,,,-3.7649452053770727
actor_critic,,0,219,78.37625488509975,50,0.029729843139648438,5.3880321979522705,,,470.39794061990455,-5.270485144071281,679.5263340214826,1.9144791650772095,,,-3.6751513671875
actor_critic,,0,220,77.20947067605383,50,0.029819965362548828,5.4180543422698975,78.59124715541334,0.7234862648045104,452.9921153594367,-18.58497073352337,673.6815836604685,1.9169939708709718,,,-3.647080078125
actor_critic,,0,221,75.00812912402984,47,0.02880573272705078,5.4696760177612305,,,492.16923532266657,-19.270063947806968,730.6275622217738,1.913095200315435,,,-3.8571267635264297
actor_critic,,0,222,72.96663000574208,45,0.026961326599121094,5.496807336807251,,,523.646541538431,-12.926983472994632,766.5336443600969,1.907999618848165,,,-4.028108723958334
actor_critic,,0,223,72.78119657013833,45,0.027069807052612305,5.52406120300293,,,520.7945621797608,-20.49590862207115,773.2721185866278,1.9078198300467597,,,-4.067952813042535
actor_critic,,0,224,73.23537671691463,45,0.02716684341430664,5.551408290863037,,,541.2686470916753,-3.3321944587760504,778.0012269130701,1.9134507020314535,,,-4.079761081271702
actor_critic,,0,225,71.32094592338245,44,0.026335954666137695,5.577919244766235,,,549.1167146244975,-12.401131844529035,802.1683616091137,1.9177276600490918,,,-4.203175284645774
actor_critic,,0,226,69.55493491792183,43,0.0258481502532959,5.603919267654419,,,559.5908654333027,-19.02364155645807,826.5921475705853,1.9221368695414343,,,-4.334661084552144
actor_critic,,0,227,67.6917303731078,42,0.025185108184814453,5.629275321960449,,,593.2478395214725,-2.9302550572901964,851.6829748584922,1.9274230485870725,,,-4.477551778157552
actor_critic,,0,228,71.62103776880187,44,0.02666187286376953,5.656098127365112,,,560.6249701607845,-10.287738090635024,815.5896381141237,1.9322378012267025,,,-4.274656815962358
actor_critic,,0,229,69.57959069525863,43,0.02598881721496582,5.682263135910034,,,577.1677650862243,-10.04917632524184,838.8813769098123,1.9311124169549276,,,-4.356714293014171
actor_critic,,0,230,70.08527565262179,43,0.02575516700744629,5.708167314529419,,,579.7288534943187,-10.99457303911101,843.8906202852769,1.938213966613592,,,-4.376701532408249
actor_critic,,0,231,69.94497852693274,43,0.025820016860961914,5.734138250350952,,,581.4041532583665,-11.737168447655995,847.344762924685,1.9389641728512077,,,-4.377601800962936
actor_critic,,0,232,68.49310879774998,42,0.025262117385864258,5.759549379348755,,,607.843333928193,-3.861031102193963,873.8633656319054,1.9380362516357785,,,-4.501502990722656
actor_critic,,0,233,64.48614731106206,40,0.02434706687927246,5.784048318862915,,,642.9752430266992,-2.2651720472145827,921.7719792462419,1.943566632270813,,,-4.769797515869141
actor_critic,,0,234,66.55816569445804,41,0.02457904815673828,5.808810234069824,,,619.823709270031,-11.735443690382853,902.2273537202727,1.9522571534645268,,,-4.6652374267578125
actor_critic,,0,235,68.52011483258288,42,0.025409936904907227,5.834395170211792,,,611.0004251192357,-7.432877318179679,883.4761606616389,1.9563666099593753,,,-4.568311418805804
actor_critic,,0,236,66.82758450540133,41,0.024799823760986328,5.859371185302734,,,623.5148227626242,-12.105551704355493,908.0291165894852,1.9608078671664726,,,-4.649654109303544
actor_critic,,0,237,70.61672301259921,43,0.025722026824951172,5.885246276855469,,,599.382111104227,-7.646298773413481,867.183486687393,1.9694067378376805,,,-4.45213956611101
actor_critic,,0,238,66.21164347325649,41,0.024782657623291016,5.910201072692871,,,635.4023027999735,-4.37286232734417,913.9645725459644,1.9758190788873813,,,-4.692960785656441
actor_critic,,0,239,68.64103040008621,42,0.025218963623046875,5.935607194900513,,,621.4028447149543,-4.276681347883174,893.8279142006068,1.9816938979285104,,,-4.571820213681176
actor_critic,,0,240,64.94040853262018,40,0.024562835693359375,5.960299015045166,66.07877677012924,0.8278951891309521,608.4239884295733,-50.73263419345021,941.6523049510258,1.987973615527153,,,-4.809732437133789
actor_critic,,0,241,65.20224678670694,40,0.02480292320251465,6.003594398498535,,,653.4501074074767,-8.131783020636068,945.1170336294745,1.986460268497467,,,-4.816499328613281
actor_critic,,0,242,66.6714742770798,41,0.02478313446044922,6.0285632610321045,,,642.3123569421175,-3.7935145892566298,923.0084218281014,1.992104882147254,,,-4.716435130049542
actor_critic,,0,243,68.24133148361038,42,0.0256350040435791,6.054377317428589,,,620.4899991977727,-11.830029981654315,903.314353975473,2.0002215022132512,,,-4.607817513602121
actor_critic,,0,244,66.79063788131705,41,0.02484917640686035,6.079402446746826,,,638.4774146249018,-11.605966651585044,928.6905655260653,2.0002650836618936,,,-4.725716195455411
actor_critic,,0,245,68.61837518912394,42,0.025795936584472656,6.105382204055786,,,633.2434749882059,-2.6240244149452163,908.3821257081637,1.997253724506923,,,-4.624563307989211
actor_critic,,0,246,65.34453428678489,40,0.024140119552612305,6.129705429077148,,,659.8944973686245,-10.259883918054403,957.3634345411207,2.0014441817998887,,,-4.84699821472168
actor_critic,,0,247,67.14412605677762,41,0.024888992309570312,6.154759168624878,,,644.4836994260095,-8.645442216770679,933.0416236852363,2.0053596787336394,,,-4.737520543540397
actor_critic,,0,248,63.403833865080664,39,0.02355504035949707,6.178482294082642,,,682.0999526705724,-4.443918148007913,980.7769960974259,2.005914425238585,,,-4.995718149038462
actor_critic,,0,249,61.711539909060875,38,0.02284097671508789,6.201504468917847,,,700.3504850617683,-5.131054009850088,1007.8308062404823,2.0074642457460103,,,-5.121153580515008
actor_critic,,0,250,62.36830218294106,38,0.023153066635131836,6.224860191345215,,,690.6730765972155,-16.32660025015081,1009.999540659311,2.0108332320263513,,,-5.100334167480469
actor_critic,,0,251,58.63008794501049,36,0.021709918975830078,6.24674129486084,,,718.8586153430062,-28.940948953334654,1068.2850870201687,2.0136942399872675,,,-5.373556349012587
actor_critic,,0,252,57.11869035684053,35,0.02131199836730957,6.268233299255371,,,764.6489024035832,-4.990821742319635,1099.4853062595507,2.0186930792672295,,,-5.543408639090401
actor_critic,,0,253,55.50549332090875,34,0.020596027374267578,6.288995265960693,,,774.1669235096642,-20.663470186293125,1135.472017149708,2.0276262760162354,,,-5.703100316664752
actor_critic,,0,254,52.125512111583724,32,0.01955103874206543,6.3087382316589355,,,838.5545608283319,-6.600082826451398,1207.3638006291148,2.0339261665940285,,,-6.064120292663574
actor_critic,,0,255,55.457609983705765,34,0.020711898803710938,6.329622030258179,,,789.9003481180133,-6.1408131180659815,1137.201704181998,2.0371149217381195,,,-5.736384223489201
actor_critic,,0,256,55.51737476767347,34,0.020581960678100586,6.350380182266235,,,784.4864001614932,-10.33938609118409,1135.4653989268015,2.0449889056822834,,,-5.752034804400275
actor_critic,,0,257,50.95858366060114,31,0.0186920166015625,6.369246244430542,,,857.2818649637724,-12.877343713936787,1243.0846142087416,2.052566305283577,,,-6.298260104271673
actor_critic,,0,258,51.00783163360151,31,0.018563032150268555,6.38799524307251,,,857.2536562611499,-12.45062129415812,1242.4346923515982,2.0567784309387207,,,-6.2818421394594255
actor_critic,,0,259,49.59048053310223,30,0.018186092376708984,6.406404256820679,,,872.7350521021212,-23.292707663650315,1280.0396800776712,2.059361449877421,,,-6.462044779459635
actor_critic,,0,260,48.48470136394461,29,0.017719030380249023,6.4242942333221436,46.529433579957356,1.5697960132436972,908.1095300889253,-20.31919437711095,1326.3266908995213,2.0599245614018935,,,-6.665334767308728
actor_critic,,0,261,45.57834337231488,27,0.016834020614624023,6.45428729057312,,,985.4294670000953,-11.188309646866939,1423.7396531485244,2.061218297040021,,,-7.160793163158275
actor_critic,,0,262,39.97987084032022,23,0.014045953750610352,6.468509197235107,,,1161.8745170564634,-14.12526721831249,1679.9997278388853,2.0635962278946587,,,-8.391637387483016
actor_critic,,0,263,38.477102005775485,22,0.013474702835083008,6.482124090194702,,,1230.934747207063,-5.258520182222128,1765.9904062728588,2.0673784884539517,,,-8.839407487349076
actor_critic,,0,264,39.831033190563474,23,0.014059066772460938,6.496347188949585,,,1174.5877336420817,-12.8185128212461,1696.2946961949194,2.0723587948343027,,,-8.524261474609375
actor_critic,,0,265,41.51185910036428,24,0.014600992202758789,6.511108160018921,,,1130.4642588069885,-11.077921553514898,1630.774552104859,2.0707945624987283,,,-8.176190694173178
actor_critic,,0,266,38.87454403707257,22,0.013483047485351562,6.524763345718384,,,1221.384843996472,-29.40139563026076,1786.8375256164422,2.0705043294213037,,,-8.909087441184305
actor_critic,,0,267,40.564150270406365,23,0.014162063598632812,6.539097309112549,,,1187.522963662814,-14.923719520721098,1717.781079479149,2.072500653888868,,,-8.555506830630096
actor_critic,,0,268,40.35159344782241,23,0.02296280860900879,6.562213182449341,,,1188.0799004076778,-18.6969362201736,1723.9668681358655,2.0740040592525317,,,-8.541773257048234
actor_critic,,0,269,40.5257684682729,23,0.02696990966796875,6.589444160461426,,,1196.551515836613,-12.961735760712106,1727.876152580128,2.072891276815663,,,-8.519937266474185
actor_critic,,0,270,40.57208284463096,23,0.014480829238891602,6.604109048843384,,,1207.3778687868592,-5.617987513704144,1732.851252777269,2.071882849154265,,,-8.458460268766984
actor_critic,,0,271,37.4786719995425,21,0.014972925186157227,6.61928915977478,,,1293.956166291831,-38.334883864702924,1903.2730251985845,2.0758385885329473,,,-9.15384274437314
actor_critic,,0,272,38.58365439901981,22,0.016999006271362305,6.636517286300659,,,1221.3041367905046,-56.51546689419245,1825.4566495764936,2.0779509110884233,,,-8.827590248801492
actor_critic,,0,273,37.16990748737731,21,0.01660609245300293,6.653295278549194,,,1333.1651521384094,-7.856367998179936,1915.7451219801858,2.07663741565886,,,-9.247108822777157
actor_critic,,0,274,38.90974786178861,22,0.015229940414428711,6.668655157089233,,,1272.0221002877224,-7.820335308343849,1828.3464305284222,2.074365431612188,,,-8.899663058194248
actor_critic,,0,275,38.546948218389545,22,0.022330284118652344,6.691176414489746,,,1270.9126703056338,-7.122257078405131,1825.7642723182535,2.075969468463551,,,-8.934795032848012
actor_critic,,0,276,38.60011456400809,22,0.017137765884399414,6.708505153656006,,,1264.4657510266513,-10.69059780629521,1821.6520307546439,2.080468253655867,,,-8.964960271661932
actor_critic,,0,277,37.30384183880838,21,0.014736175537109375,6.723445415496826,,,1320.9490655780814,-13.018119614216543,1905.6675016635008,2.0872381641751243,,,-9.397909981863839
actor_critic,,0,278,38.76910491464142,22,0.028074979782104492,6.751712322235107,,,1270.3935163716696,-6.322740349241278,1823.8803964789258,2.0883569717407227,,,-9.03772666237571
actor_critic,,0,279,38.83813796424028,22,0.028921127319335938,6.780869245529175,,,1225.6808586717868,-52.897948538291864,1826.5411975436675,2.092923478646712,,,-9.074237476695668
actor_critic,,0,280,37.07978769166946,21,0.01429295539855957,6.795347213745117,39.24741827229065,0.5684746393644087,1302.5476838229001,-37.91803860389406,1914.9511076094739,2.09663048244658,,,-9.479303995768229
actor_critic,,0,281,38.90402682812501,22,0.016427993774414062,6.823461294174194,,,1260.221877848412,-21.879900077188555,1831.574043385187,2.0987858880649912,,,-9.04165302623402
actor_critic,,0,282,39.166515809625665,22,0.014307975769042969,6.837992191314697,,,1268.7521701911464,-16.929338084025815,1836.6878233703,2.102726524526423,,,-9.022462324662643
actor_critic,,0,283,39.06385273173258,22,0.016958951950073242,6.855116128921509,,,1279.452914570416,-8.641188256611878,1840.1345114847752,2.106974471699108,,,-9.00200167569247
actor_critic,,0,284,39.089045850475095,22,0.01742100715637207,6.872711181640625,,,1264.8356141064485,-26.978763772767376,1845.4492214983222,2.11342284896157,,,-8.963729858398438
actor_critic,,0,285,38.34195145710531,22,0.014065027236938477,6.886961221694946,,,1284.4072156489235,-11.519957038319923,1851.324596633309,2.117530410939997,,,-8.948149247602982
actor_critic,,0,286,40.25434276945299,23,0.015625,6.902781248092651,,,1234.594082441505,-6.595409677566393,1773.1279113970434,2.1249703013378642,,,-8.462010259213654
actor_critic,,0,287,38.917317067598574,22,0.013941049575805664,6.91689920425415,,,1277.2865173355676,-18.479791933585975,1851.0947062338025,2.129663662476973,,,-8.719885392622514
actor_critic,,0,288,38.9273873450225,22,0.013708829879760742,6.930774211883545,,,1278.0190579330083,-23.02673734165728,1858.6369742272973,2.1276954195716162,,,-8.587385004216975
actor_critic,,0,289,40.325554691180905,23,0.014364957809448242,6.945318222045898,,,1232.2174653945006,-19.64875188154047,1788.3803024110587,2.1215308956477954,,,-8.10196188221807
actor_critic,,0,290,38.683084562021165,22,0.013734102249145508,6.959218263626099,,,1311.1130495631899,-1.5452912155200134,1875.2263062810632,2.1118759350343184,,,-8.351776123046875
actor_critic,,0,291,40.347655914558686,23,0.014335870742797852,6.9737372398376465,,,1253.7812316994305,-10.337444805580636,1805.883851648187,2.114639727965645,,,-7.756210990574049
actor_critic,,0,292,38.58406876127857,22,0.01366877555847168,6.987574100494385,,,1344.1832230428065,-5.598757354203951,1928.2599310310325,2.118605310266668,,,-7.44058574329723
actor_critic,,0,293,38.74566746967386,22,0.013782024383544922,7.001512289047241,,,1341.6242489134047,-23.59967110610821,1950.3199178877032,2.122808109630238,,,-6.676985307173296
actor_critic,,0,294,38.9963075673799,22,0.01358795166015625,7.015268087387085,,,1340.008349411867,-24.842721418223597,1949.787270018577,2.1211977113376963,,,-6.469134937633168
actor_critic,,0,295,38.99295636561323,22,0.013530731201171875,7.028987169265747,,,1308.15222730568,-23.6117760555988,1902.52004208493,2.1093568910251963,,,-7.03205039284446
actor_critic,,0,296,38.85833680442127,22,0.013643026351928711,7.042792320251465,,,1303.5834565098312,-14.319260375912894,1882.718097889182,2.1042442213405264,,,-7.684589732776988
actor_critic,,0,297,36.89065993510491,21,0.012920141220092773,7.0558762550354,,,1353.7823315786109,-20.453305203467607,1963.1939006779742,2.097649892171224,,,-8.634438650948661
actor_critic,,0,298,37.209127442460506,21,0.012624025344848633,7.068655252456665,,,1344.3884460248407,-23.258368904746714,1953.7811026465856,2.0958167144230435,,,-8.943334670293899
actor_critic,,0,299,37.17459868448709,21,0.012958049774169922,7.081805229187012,,,1357.3006433134988,-14.1490851548456,1959.2139031500667,2.0998254389989945,,,-9.132516043526786
actor_critic,,0,300,37.16963666802726,21,0.012658834457397461,7.094630241394043,38.359779357801564,0.6309467778500578,1349.1779574908626,-25.90072688903837,1964.398181956849,2.1036044983636764,,,-9.28011721656436
actor_critic,,0,301,40.23471578100372,23,0.014390945434570312,7.119722366333008,,,1219.3739788911264,-40.00915520451963,1799.1188417527542,2.1060844918955928,,,-8.613969222359035
actor_critic,,0,302,40.47780064549789,23,0.014214038848876953,7.134095191955566,,,1243.2798946031328,-17.2351809858304,1800.7358313443483,2.1052788547847583,,,-8.685987389605978
actor_critic,,0,303,38.602633217501904,22,0.013290882110595703,7.1475441455841064,,,1309.5160067001866,-9.942422081801025,1884.9407263352662,2.1065457409078423,,,-9.096817710182883
actor_critic,,0,304,38.878222300520676,22,0.013677120208740234,7.161361217498779,,,1315.2991714497437,-6.342028547247702,1888.058791146201,2.1032095822420986,,,-9.130185213955967
actor_critic,,0,305,38.51785548052509,22,0.01355123519897461,7.175070285797119,,,1294.9155006593685,-28.194045405834913,1890.1564888797425,2.105615507472645,,,-9.172101801091975
actor_critic,,0,306,39.25866780231345,22,0.013365030288696289,7.188599109649658,,,1306.1738908994857,-19.02642442590811,1893.143332926112,2.109252106059681,,,-9.168298201127486
actor_critic,,0,307,38.61711624242827,22,0.013453245162963867,7.20221734046936,,,1319.2030319126154,-9.429524173198098,1898.0465029318902,2.1146529587832363,,,-9.215622641823508
actor_critic,,0,308,37.29946769900524,21,0.013071775436401367,7.215449094772339,,,1378.127733704013,-16.345134120434523,1992.1041550377183,2.1217042264484225,,,-9.66522943405878
actor_critic,,0,309,37.02619588563572,21,0.01294708251953125,7.228556156158447,,,1369.5861699715965,-28.71300861549874,1997.5701745557599,2.1264517307281494,,,-9.678677513485862
actor_critic,,0,310,36.944728340486975,21,0.012954950332641602,7.24167013168335,,,1385.1352565517384,-15.951141166012912,2001.5519556329764,2.133318129039946,,,-9.67945062546503
actor_critic,,0,311,38.60530761329217,22,0.013548135757446289,7.255443334579468,,,1313.3885088232769,-25.27968888645145,1912.3832006267462,2.1387757929888638,,,-9.233487909490412
actor_critic,,0,312,37.195095985055076,21,0.01283574104309082,7.268438100814819,,,1395.005220361941,-8.402701866413866,2004.8685470996757,2.1384363969167075,,,-9.672640119280134
actor_critic,,0,313,38.71578819960167,22,0.013471364974975586,7.282069444656372,,,1327.4019699640232,-14.140380774370648,1916.4892100112577,2.13534093986858,,,-9.275075045498935
actor_critic,,0,314,40.28370313066842,23,0.014165878295898438,7.296399116516113,,,1264.9282095074936,-16.70150194236118,1830.8995536622572,2.1415004315583603,,,-8.931808471679688
actor_critic,,0,315,38.81685032150718,22,0.013219833374023438,7.309784173965454,,,1317.5555451761493,-19.29380488632755,1909.7847873891747,2.1502943472428755,,,-9.33884013782848
actor_critic,,0,316,38.4447944013651,22,0.013484001159667969,7.323432207107544,,,1316.6023099274714,-19.152411238036372,1908.2210449052402,2.155098470774564,,,-9.331204501065342
actor_critic,,0,317,39.131782195126604,22,0.013618946075439453,7.337206125259399,,,1325.0793933991386,-10.840310765091669,1908.4566859325225,2.1570933623747393,,,-9.245839899236506
actor_critic,,0,318,38.424188530713295,22,0.013514995574951172,7.350919246673584,,,1308.4763588360088,-27.620038674805652,1908.7091385827357,2.1596850156784058,,,-9.172918146306818
actor_critic,,0,319,38.662195264460166,22,0.013757944107055664,7.364855051040649,,,1314.9608946798517,-18.416120699014176,1904.8243611810453,2.1617131341587412,,,-9.086884932084518
actor_critic,,0,320,38.58215688429052,22,0.013635873794555664,7.378660202026367,38.1917404689804,0.8984877622256782,1307.406285464425,-18.277150892398573,1893.8334175133655,2.159191272475503,,,-8.989295959472656
actor_critic,,0,321,37.32455123748992,21,0.013006925582885742,7.402345418930054,,,1338.1007634323269,-42.073228589480834,1971.677168147328,2.1613524073646184,,,-9.313909621465774
actor_critic,,0,322,38.85730156113702,22,0.013334035873413086,7.415832281112671,,,1298.9230915728576,-20.4473478379236,1884.8149154423947,2.1626618883826514,,,-8.92171825062145
actor_critic,,0,323,40.266624843647776,23,0.014184951782226562,7.430178165435791,,,1244.0108211043737,-17.902070667837624,1802.732738194309,2.1618902164956797,,,-8.614490674889606
actor_critic,,0,324,38.58736810780681,22,0.013463020324707031,7.4438111782073975,,,1307.2640034155709,-9.24016236750917,1880.7202824395658,2.164806376804005,,,-9.067595741965555
actor_critic,,0,325,39.27794241456827,22,0.013392925262451172,7.457451105117798,,,1291.0703109032052,-26.423938641155306,1882.1346985142445,2.1705158190293745,,,-9.059283169833096
actor_critic,,0,326,40.34332376108972,23,0.014322042465209961,7.471959114074707,,,1249.4173721869315,-9.48970585713244,1798.4387566336613,2.1725652425185493,,,-8.748152359672215
actor_critic,,0,327,38.98308263257768,22,0.013344049453735352,7.485494136810303,,,1302.4293402151247,-10.238248849795623,1875.2394634725906,2.1769048300656406,,,-9.152519226074219
actor_critic,,0,328,40.55679480834756,23,0.013913869857788086,7.4996302127838135,,,1239.4113353066066,-19.75696039054057,1798.811888908704,2.179467190866885,,,-8.808036472486412
actor_critic,,0,329,38.55358800608812,22,0.013572931289672852,7.513378143310547,,,1307.940226173875,-10.543961376967756,1883.5489045521456,2.1832074360413984,,,-9.226734508167613
actor_critic,,0,330,38.68509224131029,22,0.013401031494140625,7.526918172836304,,,1300.1238327414137,-20.772997200489044,1886.9955454436765,2.1859770579771562,,,-9.208451010964133
actor_critic,,0,331,40.35550385321063,23,0.014379024505615234,7.541481256484985,,,1255.1662560792072,-7.930731715229542,1804.4242707198264,2.1817613891933276,,,-8.793738323709238
actor_critic,,0,332,36.87912413818887,21,0.012948036193847656,7.554601430892944,,,1365.939685727891,-19.617718120061216,1979.3677056722809,2.182469822111584,,,-9.573302496047248
actor_critic,,0,333,40.266688120863606,23,0.01394796371459961,7.568759202957153,,,1252.8713818398992,-10.373423209818808,1804.635509346045,2.1819567680358887,,,-8.7770763894786
actor_critic,,0,334,40.32062763802894,23,0.014339923858642578,7.583272218704224,,,1214.5566021746185,-44.5942848281044,1798.7869753763991,2.1838957537775454,,,-8.772506713867188
actor_critic,,0,335,39.0940692571679,22,0.013524055480957031,7.596945285797119,,,1301.1911854207176,-14.711083527400412,1879.8604567447803,2.1861291256817905,,,-9.17335371537642
actor_critic,,0,336,38.66352993664218,22,0.013418912887573242,7.610560178756714,,,1295.296445867957,-20.613211296329442,1879.870968137963,2.1894466876983643,,,-9.224783463911576
actor_critic,,0,337,38.45927174582327,22,0.013295888900756836,7.624064207077026,,,1302.5013500875793,-11.188913178206844,1876.7003911458464,2.198528831655329,,,-9.204496903852982
actor_critic,,0,338,36.991380886936696,21,0.012858867645263672,7.637080192565918,,,1351.0824573670648,-24.84402448116314,1965.6092556249018,2.2115126791454496,,,-9.586945306687127
actor_critic,,0,339,40.22782302399009,23,0.01384115219116211,7.651068210601807,,,1240.90999379501,-14.182074560986266,1792.9887365878196,2.2173901744510816,,,-8.714715045431387
actor_critic,,0,340,39.07574518495391,22,0.013447999954223633,7.664721250534058,38.56982752786113,0.7553048349440656,1284.225984409113,-26.595368903299626,1872.601897630121,2.2241826924410733,,,-9.010346152565695
actor_critic,,0,341,37.00747922695758,21,0.013363122940063477,7.688899278640747,,,1350.4946138941727,-25.668057573604443,1965.9466419856708,2.2283226421901157,,,-9.471542358398438
actor_critic,,0,342,37.223791553859996,21,0.012723922729492188,7.701763153076172,,,1362.7244530329037,-16.437794046387786,1970.2319027855438,2.226495969863165,,,-9.526316324869791
actor_critic,,0,343,40.52853813261118,23,0.014204025268554688,7.71612024307251,,,1245.6322521937443,-10.247827763304763,1794.1143951769716,2.225623545439347,,,-8.77815578294837
actor_critic,,0,344,38.27198698202196,22,0.013519763946533203,7.729786157608032,,,1288.4928990401836,-16.372947518798437,1864.0941493549406,2.227622378956188,,,-9.207002813165838
actor_critic,,0,345,39.108967859170704,22,0.013592004776000977,7.743551254272461,,,1288.0454491757132,-11.812118797309019,1856.9394085861488,2.2293894941156562,,,-9.17512304132635
actor_critic,,0,346,38.60063658655275,22,0.013478994369506836,7.75717830657959,,,1268.2206662632525,-31.827365207909182,1857.2114140963795,2.233312314206904,,,-9.177502025257457
actor_critic,,0,347,38.73942330673935,22,0.013464927673339844,7.770782232284546,,,1289.0178983654848,-9.075602005828511,1854.4193094369575,2.233905391259627,,,-9.165159745649857
actor_critic,,0,348,38.95604975032114,22,0.013228178024291992,7.784174203872681,,,1280.7120767630722,-17.037493332204495,1853.9279921592045,2.2366827834736216,,,-9.084602355957031
actor_critic,,0,349,38.63312442236908,22,0.013870954513549805,7.798219203948975,,,1272.6481664923776,-25.883402574638072,1855.045037647307,2.240250923416831,,,-9.083641052246094
actor_critic,,0,350,37.05943062569497,21,0.012763738632202148,7.811153173446655,,,1344.927558639885,-15.92167208077652,1944.0703204688284,2.242390235265096,,,-9.520604451497396
actor_critic,,0,351,37.112581075691004,21,0.012755870819091797,7.82407808303833,,,1307.9135953930784,-51.80684593621464,1942.4578015607271,2.2441402162824358,,,-9.563007173084078
actor_critic,,0,352,38.779713126881646,22,0.013420820236206055,7.83766508102417,,,1265.8396633843765,-21.659585839476097,1839.2846080665477,2.248403386636214,,,-9.165652188387783
actor_critic,,0,353,38.88002844810946,22,0.013315677642822266,7.851160049438477,,,1261.924384494291,-17.03161691044542,1827.0800682005515,2.2548839178952305,,,-9.126541831276633
actor_critic,,0,354,39.12364755398166,22,0.013548135757446289,7.864879131317139,,,1254.3300847521643,-26.855346735905517,1830.2649782279886,2.2636952942067925,,,-9.09588553688743
actor_critic,,0,355,37.31672304215757,21,0.012730836868286133,7.877786159515381,,,1338.3015625612184,-8.416705343340125,1923.8831562024009,2.2691414583297003,,,-9.449991135370164
actor_critic,,0,356,39.09649581983066,22,0.013518810272216797,7.891460180282593,,,1265.4036518663,-22.99740162474865,1840.5729062168923,2.2690157023343174,,,-8.97642655806108
actor_critic,,0,357,39.310920851104434,22,0.013492822647094727,7.905115127563477,,,1278.1567367148925,-9.036477153274147,1838.84751695131,2.2678514502265235,,,-8.909551447088068
actor_critic,,0,358,39.19661857519551,22,0.013469934463500977,7.9187703132629395,,,1260.170769046992,-26.240171672268346,1837.729942279074,2.2657460407777266,,,-8.945268804376775
actor_critic,,0,359,38.54404696564719,22,0.013231992721557617,7.93217921257019,,,1277.0564713654194,-9.297674555331469,1837.648795162952,2.2635273066433994,,,-8.89274805242365
actor_critic,,0,360,39.12794384393275,22,0.013480901718139648,7.945818185806274,38.45065716092851,0.6479715513663913,1252.5828198367221,-30.09586799805137,1832.3982413000087,2.2612888271158393,,,-8.82415702126243
actor_critic,,0,361,37.20188076486609,21,0.013079166412353516,7.96966028213501,,,1306.2661870692502,-32.482985420773424,1912.4987953905504,2.259923775990804,,,-9.218866257440476
actor_critic,,0,362,38.49911962560717,22,0.013326168060302734,7.983165264129639,,,1259.0811507070268,-8.308386900631541,1810.5564391264606,2.256944613023238,,,-8.835900740189986
actor_critic,,0,363,39.04400393070923,22,0.013444900512695312,7.996802091598511,,,1248.2216139608486,-11.859223704785109,1800.1155644135063,2.255864880301736,,,-8.873076698996805
actor_critic,,0,364,40.40664626489947,23,0.014069080352783203,8.011038303375244,,,1189.3442219038413,-8.474829529938491,1711.170181335932,2.2571726052657417,,,-8.55149973993716
actor_critic,,0,365,38.886107962038565,22,0.01338815689086914,8.024607419967651,,,1202.8402051737278,-41.87417236495424,1778.1634480265836,2.2649319713765923,,,-8.970456210049717
actor_critic,,0,366,40.360942138244525,23,0.013882875442504883,8.038647174835205,,,1162.2999619421266,-20.370563541255567,1689.529386200942,2.268476849016936,,,-8.638039630392324
actor_critic,,0,367,38.70947857546372,22,0.013242959976196289,8.052073240280151,,,1214.6404023252808,-12.43459209359505,1752.9642440534344,2.2771689133210615,,,-9.039560491388494
actor_critic,,0,368,37.54165292232221,21,0.012681961059570312,8.064911127090454,,,1269.1753573844742,-11.819933504575776,1829.9933318697758,2.2907349041530063,,,-9.45101565406436
actor_critic,,0,369,38.531580540966985,22,0.013365983963012695,8.078419208526611,,,1187.2079581451942,-31.594870606775988,1741.1469687696292,2.2978958866812964,,,-9.023466630415482
actor_critic,,0,370,38.99967007188227,22,0.013462066650390625,8.092018365859985,,,1194.3036448646506,-15.983022624457424,1728.9808826127237,2.3021313602274116,,,-8.90920673717152
actor_critic,,0,371,39.11012284244975,22,0.013791799545288086,8.105967283248901,,,1186.9256214006718,-17.71746918017214,1720.9187329313295,2.306389873678034,,,-8.912469343705611
actor_critic,,0,372,38.93110216546617,22,0.01349020004272461,8.119616031646729,,,1187.138687889515,-12.922849903052503,1714.3736373019426,2.313029094175859,,,-8.911536476828836
actor_critic,,0,373,38.56399322069696,22,0.013444900512695312,8.133225202560425,,,1168.6195534233439,-30.01407532732595,1712.3336959049338,2.3129309199073096,,,-8.872956709428268
actor_critic,,0,374,40.37580125743788,23,0.014148950576782227,8.147523164749146,,,1137.1933866766403,-12.155840972681409,1641.9275844551462,2.308857886687569,,,-8.42466868524966
actor_critic,,0,375,38.481545140717444,22,0.013484001159667969,8.161150217056274,,,1176.9365975456312,-28.980497857217085,1722.7387093145676,2.305484955961054,,,-8.74165136163885
actor_critic,,0,376,38.48847894309677,22,0.013423919677734375,8.174736261367798,,,1202.935555911623,-6.833171216686341,1728.2410736504244,2.3033048022877085,,,-8.699704950506037
actor_critic,,0,377,38.78785698003808,22,0.013518095016479492,8.18841028213501,,,1203.1061797219709,-14.486311150714755,1739.4179518496278,2.310873801057989,,,-8.660937916148793
actor_critic,,0,378,38.79731274282146,22,0.013720035552978516,8.202287197113037,,,1202.7322330056604,-15.49648345973004,1740.3267861634006,2.314481323415583,,,-8.575141906738281
actor_critic,,0,379,39.114024808234475,22,0.013674020767211914,8.216121196746826,,,1202.2430760553952,-14.90612986988642,1738.784569162632,2.315684741193598,,,-8.53186728737571
actor_critic,,0,380,38.67785205077148,22,0.013737916946411133,8.230022192001343,37.76046941310631,0.898609346707895,1205.733950092616,-10.303292699666185,1737.1960946332706,2.318464322523637,,,-8.596590215509588
actor_critic,,0,381,37.346784595910805,21,0.013225793838500977,8.2539381980896,,,1253.5658553274613,-17.41812084402357,1815.69141614181,2.323226258868263,,,-9.125906808035714
actor_critic,,0,382,37.06779320921305,21,0.012765884399414062,8.266876220703125,,,1244.4004848679263,-22.74108351767063,1810.202256338194,2.325437454950242,,,-9.1910887218657
actor_critic,,0,383,40.288669786549406,23,0.013993978500366211,8.28101921081543,,,1140.3218865369488,-11.786163821330536,1645.8686790105826,2.330317963724551,,,-8.471330062202785
actor_critic,,0,384,38.97119254615461,22,0.013467073440551758,8.294645309448242,,,1181.7756154131653,-17.394149734215304,1713.099687893695,2.3385940465060147,,,-8.838544672185725
actor_critic,,0,385,40.57404834705543,23,0.013936042785644531,8.308741331100464,,,1105.8966724181792,-34.58552627540801,1629.260336921935,2.3402330460755723,,,-8.435745239257812
actor_critic,,0,386,37.196007703173386,21,0.012831926345825195,8.321758270263672,,,1228.8706161855232,-15.349559921239104,1777.457437625033,2.338181654612223,,,-9.252637590680804
actor_critic,,0,387,39.02105860888815,22,0.013489723205566406,8.335395097732544,,,1149.4522623732178,-36.54918197288432,1694.2878735436084,2.343052929097956,,,-8.831348765980113
actor_critic,,0,388,36.92867855024634,21,0.012869119644165039,8.348432302474976,,,1231.9611059728832,-13.002659663025822,1778.5196627080995,2.346797443571545,,,-9.218611217680431
actor_critic,,0,389,39.16569369166135,22,0.013499975204467773,8.362075328826904,,,1179.1318669242953,-15.494016579775648,1706.608376872493,2.3521385084499014,,,-8.822912042791193
actor_critic,,0,390,38.81336488212145,22,0.013768911361694336,8.37599515914917,,,1185.5820881789127,-15.208636160431938,1715.415322461102,2.3566829833117398,,,-8.832487626509232
actor_critic,,0,391,39.0492685932873,22,0.01355290412902832,8.389710187911987,,,1208.1051076025362,-11.236104987731034,1741.916153536771,2.3608335039832373,,,-8.830307006835938
actor_critic,,0,392,49.619533874378064,30,0.018355131149291992,8.408226251602173,,,126.26226789628465,-19.906802794585627,208.81296423115612,2.3657870451609293,,,-4.452265930175781
actor_critic,,0,393,53.3488733527665,33,0.02002716064453125,8.428435325622559,,,300.74009170671076,-14.344439948598543,450.1207768601916,2.3670599605097915,,,-4.847656705162742
actor_critic,,0,394,85.16908274018674,48,0.02855682373046875,8.45716404914856,,,1298.6992990637616,0.14496793675546846,1855.0776386670962,2.3708183964093528,,,-3.753072706361612
actor_critic,,0,395,82.30759861976965,48,0.028406143188476562,8.48575210571289,,,942.1544140198384,-22.113336563964065,1377.5253603364738,2.3758734116951623,,,-4.150887568791707
actor_critic,,0,396,79.8218208962608,47,0.028031110763549805,8.513963222503662,,,717.0452865880142,-5.04342780428681,1031.5553440171136,2.3787774380217206,,,-2.907357560827377
actor_critic,,0,397,71.87571450988443,42,0.025382041931152344,8.539506196975708,,,942.1257796769163,-9.104376200054373,1358.9002124689175,2.3928746722993397,,,-3.3686732337588357
actor_critic,,0,398,40.055216186908375,23,0.013975143432617188,8.553658246994019,,,196.5317392655365,-12.111726469967676,298.0621065903941,2.401242028111997,,,-7.477909253991169
actor_critic,,0,399,40.6997554963791,23,0.014077186584472656,8.567903280258179,,,550.1410188315356,-15.716750040002491,808.3682630917401,2.407596339350161,,,-7.700364817743716
actor_critic,,0,400,38.840846533299285,22,0.013226985931396484,8.581292152404785,39.17400011050057,1.2476499546617785,530.5287005674433,-12.614737110720439,775.9191534181591,2.4132663119922984,,,-8.046273318204014
actor_critic,,0,401,40.50558387625115,23,0.014180183410644531,8.606450319290161,,,503.50375682180345,-20.12906984968678,748.0468750911887,2.426469139430834,,,-7.813749230426291
actor_critic,,0,402,38.67287886467935,22,0.013654947280883789,8.620261192321777,,,541.6261229318651,-13.697057279334826,793.3188297664958,2.4367078217593106,,,-8.27828667380593
actor_critic,,0,403,40.30361719515852,23,0.01404881477355957,8.63447117805481,,,522.6809490295532,-17.448318717272386,771.6132492418704,2.4428637338721235,,,-7.970924709154212
actor_critic,,0,404,38.77541501921981,22,0.013621091842651367,8.64823031425476,,,529.4414853852412,-27.14780985928056,795.127571103671,2.444494843482971,,,-8.341778495094992
actor_critic,,0,405,38.855513060533575,22,0.013442039489746094,8.661822319030762,,,509.3181686279449,-26.865766677836124,765.9770751334727,2.4434240622953936,,,-8.307349118319424
actor_critic,,0,406,37.22667435462529,21,0.012825250625610352,8.674801349639893,,,492.3618322724388,-16.23750191926956,726.570497485676,2.44943558602106,,,-7.996286301385789
actor_critic,,0,407,37.13318129428915,21,0.01287388801574707,8.687812089920044,,,456.75246842134567,-35.90608045955499,703.7979871322556,2.4557787009647916,,,-7.477763584681919
actor_critic,,0,408,38.95691089704734,22,0.013860940933227539,8.701824188232422,,,493.1504937877709,-11.476483363996852,720.8956614611247,2.4619015780362217,,,-6.023005052046343
actor_critic,,0,409,40.460232436316076,23,0.013876914978027344,8.715854167938232,,,494.25172327653223,-12.076658604585607,723.3262334512243,2.4652417224386465,,,-5.982816944951597
actor_critic,,0,410,38.74693620393932,22,0.013638973236083984,8.729647159576416,,,525.9323495707729,-12.749142451719804,769.5450177165595,2.455001722682606,,,-6.067769830877131
actor_critic,,0,411,38.72669424622161,22,0.013557195663452148,8.743354320526123,,,513.9975923571566,-23.326119724153116,767.6053067971952,2.452987627549605,,,-6.004397305575284
actor_critic,,0,412,38.856503822060105,22,0.01367807388305664,8.757188081741333,,,527.1146343594247,-26.201707657087933,790.4518900479783,2.448798959905451,,,-6.218954606489702
actor_critic,,0,413,36.96147594406141,21,0.012627840042114258,8.769987106323242,,,554.6376147114095,-9.990909025782631,806.6122443302579,2.4425650437672934,,,-6.643880571637835
actor_critic,,0,414,38.34392969854204,22,0.013682842254638672,8.783879280090332,,,518.1468939727002,-25.667117258364502,776.8772291761653,2.441882382739674,,,-6.144892952658913
actor_critic,,0,415,38.973777699534125,22,0.013497114181518555,8.797552347183228,,,535.558896958828,-15.975255884907462,787.9059560438618,2.440437739545649,,,-6.060691833496094
actor_critic,,0,416,40.38751907775345,23,0.01404428482055664,8.811752319335938,,,526.0553305006546,-14.24436577377112,771.8567400526498,2.4346150522646695,,,-5.909971154254416
actor_critic,,0,417,37.239705235461905,21,0.013046026229858398,8.8249831199646,,,600.5549682286523,-12.499384778596106,875.7919766359652,2.4291480155218217,,,-7.135634649367559
actor_critic,,0,418,38.89411372734984,22,0.013555049896240234,8.838699102401733,,,581.7783214388924,-12.103336890990084,848.4023952591868,2.429196455261924,,,-6.849424882368608
actor_critic,,0,419,40.36743228442642,23,0.014000892639160156,8.852866172790527,,,563.0815002048469,-7.139801805434019,814.6018948011587,2.429795669472736,,,-6.667735224184782
actor_critic,,0,420,38.79103253292149,22,0.013741016387939453,8.866783380508423,38.56172639245567,1.09647799812648,589.1393702209673,-10.877522620372474,857.1669734667838,2.431057724085721,,,-7.150842146439985
actor_critic,,0,421,40.153420262340816,23,0.01432180404663086,8.89202618598938,,,559.0819440705135,-15.505167670305008,820.8387393162828,2.4261779992476753,,,-6.960805478303329
actor_critic,,0,422,37.100380645980465,21,0.012900114059448242,8.905075311660767,,,611.8226270317322,-24.030389788782312,908.3614643256269,2.422362974711827,,,-7.683186122349331
actor_critic,,0,423,38.85604288213891,22,0.01345205307006836,8.918681144714355,,,590.4463254931298,-16.648285106163133,867.2780320099661,2.414073098789562,,,-7.280477350408381
actor_critic,,0,424,38.59108731340926,22,0.013428211212158203,8.932255268096924,,,602.7904337954453,-10.83562034741044,876.6086696017195,2.4057930924675683,,,-7.39124159379439
actor_critic,,0,425,37.07280090257083,21,0.013102054595947266,8.945503234863281,,,630.6955296384348,-20.581002457510856,930.3950905469025,2.404157434191023,,,-7.748826526460194
actor_critic,,0,426,40.37463101251879,23,0.014137744903564453,8.959801197052002,,,589.3996504909643,-17.202299970161654,866.5741820696174,2.4080168993576714,,,-7.181011697520381
actor_critic,,0,427,38.90928839148961,22,0.013475894927978516,8.973430156707764,,,668.1214526221156,-13.316873854872854,973.4832844303455,2.4139712940562856,,,-7.766507929021662
actor_critic,,0,428,38.64767092298682,22,0.013912677764892578,8.987478017807007,,,688.4217068974606,-27.065722400830552,1022.1249107023891,2.418335210193287,,,-7.708859530362216
actor_critic,,0,429,39.26134211693617,22,0.014362812042236328,9.00199818611145,,,688.7698487002741,-32.07773136313666,1029.7823158062952,2.4205022616819902,,,-7.489329251376065
actor_critic,,0,430,38.789915762737664,22,0.014785051345825195,9.016966342926025,,,698.3517283973368,-22.228966036980804,1029.401018285616,2.421905745159496,,,-7.29656982421875
actor_critic,,0,431,37.24598227135359,21,0.014770269393920898,9.031967401504517,,,756.7013117635533,-8.027450452957835,1092.4696848631193,2.4222654615129744,,,-7.4651743570963545
actor_critic,,0,432,38.71349286443128,22,0.01374197006225586,9.045872211456299,,,727.4974475154569,-8.502247475426305,1051.4281362415481,2.4257526939565484,,,-7.136681296608665
actor_critic,,0,433,38.56998399777076,22,0.013401985168457031,9.0594482421875,,,727.2635363855992,-13.037310259924693,1057.572677479771,2.4309131665663286,,,-7.082935680042613
actor_critic,,0,434,40.361862890246954,23,0.013902902603149414,9.073531150817871,,,700.4762873495727,-12.849535686652297,1019.0369594492747,2.4402671171271284,,,-6.637360282566236
actor_critic,,0,435,41.92433309994709,24,0.014587879180908203,9.08828330039978,,,684.196241607579,-7.4720922075212,988.0976571745705,2.4468462665875754,,,-6.226118723551433
actor_critic,,0,436,40.53888520714162,23,0.014051198959350586,9.102503299713135,,,721.6266896849418,-8.221577765986972,1042.6403276600126,2.455540314964626,,,-6.569425499957541
actor_critic,,0,437,38.671251606297886,22,0.013463973999023438,9.116137266159058,,,756.2027634967288,-16.39760942824862,1103.7148795202056,2.4563566012815996,,,-6.927228754216975
actor_critic,,0,438,40.97152454565604,23,0.013899087905883789,9.13021731376648,,,730.0672664650432,-17.262033469974995,1067.6132670738227,2.4550200752590015,,,-6.738735033118206
actor_critic,,0,439,42.094160040320304,24,0.014559030532836914,9.144925355911255,,,714.244853079319,-8.823225489507118,1032.9543570758542,2.4592998723189035,,,-6.565525054931641
actor_critic,,0,440,38.76752411709725,22,0.013453960418701172,9.158547401428223,39.80125885768495,1.0114204969435354,786.3061477045783,-12.020434256643057,1140.4665202917638,2.4585289630022915,,,-7.097979458895597
actor_critic,,0,441,39.13632107071672,22,0.013614892959594727,9.183034181594849,,,796.4649046822874,-9.454243448139591,1151.313180740912,2.4542036706751045,,,-7.180859652432528
actor_critic,,0,442,40.27679130441212,23,0.014148235321044922,9.197322368621826,,,770.385627698963,-8.962919719517231,1113.355121561731,2.45745849609375,,,-6.943164327870244
actor_critic,,0,443,38.60221851684378,22,0.013509988784790039,9.210979223251343,,,813.3696221011606,-8.052331112325191,1173.4598346796754,2.459955247965726,,,-7.259788513183594
actor_critic,,0,444,42.48173852886385,24,0.014509201049804688,9.225632429122925,,,746.7144430486563,-16.33861211873591,1090.0757945599034,2.465091904004415,,,-6.673498153686523
actor_critic,,0,445,42.2932026983004,24,0.014583110809326172,9.240378141403198,,,736.2773142969236,-33.41648295909787,1099.5626031334687,2.468537191549937,,,-6.786903381347656
actor_critic,,0,446,89.36486487581836,52,0.030707120895385742,9.27124834060669,,,483.44109875988215,-5.245170413946303,698.1232891542246,2.4714353267963114,,,-2.630574446458083
actor_critic,,0,447,91.74096932602691,53,0.03125786781311035,9.302679061889648,,,487.8998042478595,-18.207251610269523,723.0100635244459,2.4704838158949367,,,-2.7018311698481723
actor_critic,,0,448,42.38496628029258,24,0.014454126358032227,9.317309379577637,,,783.3719290158091,-13.366163923715552,1138.1972462110182,2.4676736891269684,,,-6.847917556762695
actor_critic,,0,449,40.43255018433689,23,0.013916015625,9.33138132095337,,,824.3434470419003,-11.859862904509772,1194.576126740982,2.4754265080327573,,,-7.219358361285666
actor_critic,,0,450,42.23458012110646,24,0.014478206634521484,9.346027135848999,,,795.7215590380753,-13.157501487682262,1155.54153684224,2.4791764418284097,,,-6.925937016805013
actor_critic,,0,451,41.894239899880006,24,0.014547348022460938,9.360745429992676,,,802.9001073790909,-11.413320910340795,1163.3048877477413,2.4813554286956787,,,-6.977095286051433
actor_critic,,0,452,40.81024186035648,23,0.014250040054321289,9.375142335891724,,,837.2879426115314,-15.199574753804052,1217.8393128102584,2.480462592581044,,,-7.313883242399796
actor_critic,,0,453,88.23006231063687,51,0.030080080032348633,9.405393362045288,,,283.3222946359539,-5.166526537534653,412.12690070302995,2.4895967922958673,,,-3.126059737859988
actor_critic,,0,454,91.70483677636356,53,0.03130078315734863,9.436878204345703,,,96.67219182455315,-4.840164916695289,145.01765688329513,2.503376929265148,,,-2.2977145213001178
actor_critic,,0,455,49.364967223590995,36,0.0216519832611084,9.458706378936768,,,407.53525763087805,-14.293918946964872,602.613115448149,2.4997675551308527,,,-4.522375530666775
actor_critic,,0,456,46.233615710717906,34,0.020135164260864258,9.479018449783325,,,373.58537569685893,-9.57601685909664,547.3734167903004,2.49194378712598,,,-4.6601784650017235
actor_critic,,0,457,49.38798902781033,36,0.021621227264404297,9.500832319259644,,,269.1594594042334,-6.304198196778695,393.5195083661173,2.4915262195799084,,,-4.240997738308376
actor_critic,,0,458,50.65691383944418,37,0.022108078002929688,9.523118257522583,,,219.79759747696085,-5.375823640138717,321.67631262613816,2.496094864767951,,,-3.9197404191300675
actor_critic,,0,459,51.37514617454117,37,0.022175073623657227,9.545465230941772,,,199.39021249185944,-9.026076112949365,297.73756311908113,2.496264477033873,,,-4.060030344370249
actor_critic,,0,460,49.09386877387741,36,0.021421194076538086,9.567054271697998,47.77298759302353,0.36766071112384496,180.31222242158321,-10.354895325998465,272.381600576039,2.497004826863607,,,-3.920845243665907
actor_critic,,0,461,54.43268102759163,39,0.02408003807067871,9.606709241867065,,,707.8537564769579,-9.557781072381216,1024.8735853851272,2.5010489439352965,,,-3.124405494103065
actor_critic,,0,462,40.377753292377044,23,0.014081954956054688,9.62093210220337,,,475.1395360827041,-18.950067107120287,705.8423379500215,2.5088097634522812,,,-5.928256490956182
actor_critic,,0,463,87.18301137757987,50,0.03019094467163086,9.651249170303345,,,317.6726749499142,-4.9893613901734355,460.94578670793214,2.5145255851745607,,,-1.7847769927978516
actor_critic,,0,464,41.82056523651114,24,0.014484882354736328,9.665895223617554,,,389.85718051313114,-13.09117291557292,575.6405562969545,2.5161091089248657,,,-5.488814989725749
actor_critic,,0,465,41.85452051251622,24,0.01457834243774414,9.68063735961914,,,411.0161231632034,-10.76910729582111,602.5503325336613,2.523142486810684,,,-5.656871159871419
actor_critic,,0,466,87.42158116412396,51,0.030405044555664062,9.711198329925537,,,448.9058366613645,-9.230687759378377,654.4807730485119,2.5218435970007205,,,-1.990349339503868
actor_critic,,0,467,40.90030548075642,23,0.013972043991088867,9.725310325622559,,,641.6127639749776,-8.798686981201172,929.1592270589393,2.5195988261181377,,,-5.442784848420517
actor_critic,,0,468,40.33704954475113,23,0.013926267623901367,9.739381313323975,,,543.3037118730338,-7.305573890390604,786.5847277582988,2.520840022874915,,,-5.416638913361923
actor_critic,,0,469,40.59397926626439,23,0.01394510269165039,9.753457307815552,,,591.3722822756871,-5.255396973827611,852.3252458251688,2.5171807641568393,,,-5.25450266962466
actor_critic,,0,470,38.801246099663345,22,0.013308048248291016,9.766931295394897,,,630.9644452387637,-17.341496044939216,926.1513344320384,2.5156318707899614,,,-5.409563237970525
actor_critic,,0,471,38.630485583465656,22,0.013339042663574219,9.780405282974243,,,655.5767725401304,-16.119185682047497,959.5657190409573,2.5080965107137505,,,-5.390485936945135
actor_critic,,0,472,38.86791683566992,22,0.013195037841796875,9.793749332427979,,,679.4484965862198,-12.182687852193009,988.0445756244643,2.508894443511963,,,-5.2922907742587
actor_critic,,0,473,40.25485680197442,23,0.013869047164916992,9.807780265808105,,,691.233773243816,-10.50275623280069,1002.4807616882026,2.503763074460237,,,-4.906978773034138
actor_critic,,0,474,39.01673927216994,22,0.013347148895263672,9.821267366409302,,,748.3363471369852,-10.960105497728694,1084.709234776822,2.4994277520613237,,,-4.982438867742365
actor_critic,,0,475,38.66123376288482,22,0.013072967529296875,9.834501266479492,,,762.9177751784974,-27.95895606414838,1129.8239425070244,2.490171280774203,,,-5.297066775235263
actor_critic,,0,476,38.91773513720706,22,0.013659954071044922,9.848316192626953,,,752.611121443185,-6.354981368238276,1084.2372707175937,2.4782420613548974,,,-5.446855024857954
actor_critic,,0,477,38.779109217792225,22,0.013472795486450195,9.861931085586548,,,732.6193541578356,-50.41482182507488,1118.6202418841528,2.4667913913726807,,,-5.632540962912819
actor_critic,,0,478,38.748848002583244,22,0.01342010498046875,9.875501155853271,,,774.4121631356803,-31.616889720613305,1151.4701871781463,2.4596363847905938,,,-6.037458939985796
actor_critic,,0,479,38.6620682602163,22,0.013485193252563477,9.889147281646729,,,801.7093340287155,-21.689462928609416,1176.2840306249616,2.4580412344499067,,,-6.467600042169744
actor_critic,,0,480,39.29136653896201,22,0.013486862182617188,9.902785062789917,38.57734514013151,0.8289116382718917,829.202058206905,-7.390614399855787,1195.1324196337637,2.45102013241161,,,-6.630517439408735
actor_critic,,0,481,38.82129596880749,22,0.013878107070922852,9.927295446395874,,,855.3733865950595,-9.684941232712431,1235.7976995395095,2.448655226013877,,,-6.753563620827415
actor_critic,,0,482,40.38919641667313,23,0.013924837112426758,9.941391229629517,,,838.2617082304281,-6.460503597298394,1206.7460830100995,2.448072049928748,,,-6.703368477199389
actor_critic,,0,483,37.16532279965757,21,0.012720108032226562,9.954288244247437,,,926.1058049826395,-11.747810512071563,1339.7909697105865,2.450657538005284,,,-7.424452282133556
actor_critic,,0,484,40.46738482798922,23,0.014096260070800781,9.968531370162964,,,857.1226542841481,-12.0003622174263,1241.604404825211,2.449655408444612,,,-6.841480420983356
actor_critic,,0,485,38.83467393168549,22,0.013400077819824219,9.982078313827515,,,905.6737356517802,-12.892891362309456,1312.2380711103642,2.4499471079219473,,,-7.309446855024858
actor_critic,,0,486,37.14986678566604,21,0.012607097625732422,9.994839191436768,,,954.4447485123362,-20.02468898608571,1392.0991221494264,2.4473924863906134,,,-7.568580264136905
actor_critic,,0,487,41.90397390691773,24,0.014798641204833984,10.009857177734375,,,841.9991720455388,-24.064358034792047,1237.2336406338534,2.4393249452114105,,,-6.702576955159505
actor_critic,,0,488,38.786092359459495,22,0.013254880905151367,10.02326512336731,,,947.9790153699843,-7.6284395740790805,1365.15344196558,2.4375008561394433,,,-7.365916165438565
actor_critic,,0,489,40.440768661689056,23,0.0140228271484375,10.037437200546265,,,910.1099848118004,-17.60503440771414,1325.307267098728,2.432763970416525,,,-7.105667777683424
actor_critic,,0,490,38.92463251442766,22,0.01330423355102539,10.050901412963867,,,952.2163121397184,-27.230472783981398,1399.2097039610699,2.424099011854692,,,-7.529387734153054
actor_critic,,0,491,38.54764976898555,22,0.013297796249389648,10.064334154129028,,,979.7879393629053,-11.385556908832354,1415.9621470321647,2.414793708107688,,,-7.596380060369318
actor_critic,,0,492,40.3683982587244,23,0.0276639461517334,10.092129230499268,,,942.0250497894442,-15.071234752464553,1367.280408373143,2.409919614377229,,,-7.437587572180706
actor_critic,,0,493,40.574521358276286,23,0.02242112159729004,10.114806175231934,,,916.6178270623735,-47.00372603794803,1376.6021414023783,2.4081703683604365,,,-7.554098378057065
actor_critic,,0,494,40.23013748387688,23,0.01392984390258789,10.128913164138794,,,916.3932596422408,-56.329596987884976,1389.604026311968,2.412220706110415,,,-7.621492468792459
actor_critic,,0,495,38.701643206129084,22,0.01344609260559082,10.142534255981445,,,1009.6123016696762,-15.537268874150785,1464.499497458963,2.4083810936320913,,,-7.97852186723189
actor_critic,,0,496,38.91500269588503,22,0.013417959213256836,10.156111240386963,,,1024.3502623486247,-7.7168459827927025,1474.3816720988941,2.4126293659210205,,,-8.033285661177201
actor_critic,,0,497,38.955514990737285,22,0.013366937637329102,10.16962718963623,,,1012.484545969489,-27.735427013175055,1486.0285542361778,2.4166954972527246,,,-8.051164106889205
actor_critic,,0,498,37.3438359679389,21,0.01277780532836914,10.182563066482544,,,1067.4869421805654,-31.414779103228025,1569.8595337613729,2.4187462556929815,,,-8.471984136672248
actor_critic,,0,499,39.1584696455231,22,0.013660907745361328,10.196368217468262,,,1036.5761532285674,-22.00565706193447,1512.259745650258,2.416176590052518,,,-8.072349548339844
actor_critic,,0,500,40.302995980949426,23,0.013758182525634766,10.210282325744629,38.99872250249574,0.6606641231374976,1010.8360825213401,-10.092070494252054,1458.4688260237099,2.4143246049466343,,,-7.75831006920856
actor_critic,,0,501,40.33068503818522,23,0.014173030853271484,10.235152244567871,,,1001.0820296882936,-26.25314111294954,1467.6217302033353,2.413114019062208,,,-7.864874134893003
actor_critic,,0,502,38.64097595571747,22,0.013564109802246094,10.248935222625732,,,1047.8313768993723,-34.10665407201106,1545.6258052946598,2.413417090069164,,,-8.226943276145242
actor_critic,,0,503,39.169526848333845,22,0.013340950012207031,10.262433052062988,,,1084.691035905345,-14.19215303896503,1569.8330838643226,2.4099737730893223,,,-8.324264526367188
actor_critic,,0,504,40.44516126546427,23,0.013890981674194336,10.2764892578125,,,1036.030554552117,-25.762004127644975,1516.8465616994679,2.4096908569335938,,,-8.028886877972147
actor_critic,,0,505,38.91583546666976,22,0.013442039489746094,10.290095090866089,,,1089.6509492932396,-20.286515791307796,1585.624925968248,2.4089132872494785,,,-8.316607388583096
actor_critic,,0,506,38.92041056962342,22,0.013540983200073242,10.303803205490112,,,1104.039218954234,-17.056431965140458,1601.5652917166115,2.406338485804471,,,-8.300119573419744
actor_critic,,0,507,38.72796699275901,22,0.013646841049194336,10.317601203918457,,,1122.1695302466608,-10.701630040410567,1618.3874322615923,2.405425483530218,,,-8.32667402787642
actor_critic,,0,508,38.384385276988525,22,0.013555049896240234,10.331310272216797,,,1108.4333102577789,-38.66112281534482,1638.706428894064,2.402247656475414,,,-8.419049349698154
actor_critic,,0,509,40.4127723036578,23,0.013957738876342773,10.34543514251709,,,1093.4818418267305,-11.886981633856244,1579.098379122407,2.395704684050187,,,-8.115921020507812
actor_critic,,0,510,38.99860327675859,22,0.013447046279907227,10.359061241149902,,,1143.5265861610796,-22.683321152559735,1666.0141865701034,2.3911779793826016,,,-8.425812461159445
actor_critic,,0,511,37.28639233200662,21,0.013036012649536133,10.372263193130493,,,1210.184539877233,-20.86601823426428,1758.6435984175519,2.390416065851847,,,-8.861107962472099
actor_critic,,0,512,38.45414072651627,22,0.013608932495117188,10.386019229888916,,,1168.7446734520015,-13.602760545316745,1689.0677394819954,2.38939491185275,,,-8.614499872381037
actor_critic,,0,513,38.95617873691541,22,0.013529300689697266,10.399718284606934,,,1173.3723046842285,-13.949619106609713,1696.1741701069564,2.387013803828846,,,-8.61044658314098
actor_critic,,0,514,38.269883653832366,22,0.013435125350952148,10.413309335708618,,,1167.4649850836192,-22.119472063061867,1699.406412939234,2.3863769552924414,,,-8.656118913130326
actor_critic,,0,515,38.730679084991586,22,0.013602018356323242,10.42710018157959,,,1173.2189655937254,-15.834759415889328,1698.64819681836,2.388449950651689,,,-8.740096352317117
actor_critic,,0,516,39.019138440655965,22,0.013370990753173828,10.440620183944702,,,1174.3084853991697,-16.19157383252274,1700.7144008422672,2.38476638360457,,,-8.79231054132635
actor_critic,,0,517,38.62584504115529,22,0.013520002365112305,10.454297304153442,,,1185.347637841605,-9.338416977192868,1706.6943832449615,2.3799770420247857,,,-8.74592382257635
actor_critic,,0,518,38.79477197018548,22,0.013498783111572266,10.467950105667114,,,1180.6226307768375,-17.985614611682568,1712.297483492558,2.3804924379695547,,,-8.709632873535156
actor_critic,,0,519,40.47783918490924,23,0.014001846313476562,10.482116222381592,,,1135.8882267245942,-14.02521816333351,1642.7334324202661,2.3834232869355576,,,-8.403900146484375
actor_critic,,0,520,40.591344576074036,23,0.01407003402709961,10.496349334716797,39.18632282890251,0.6682011903926316,1141.5800007709665,-11.502161023733409,1647.2602728345714,2.3840864222982656,,,-8.368013464886209
actor_critic,,0,521,37.21703863590194,21,0.013025045394897461,10.520200252532959,,,1248.273012908974,-16.865236204649722,1807.3403973926436,2.3851640337989446,,,-9.194724673316593
actor_critic,,0,522,38.66196478443001,22,0.01363992691040039,10.533976078033447,,,1199.2424859934995,-12.675319037992846,1731.3112855952825,2.388092268596996,,,-8.830310474742543
actor_critic,,0,523,38.48586328456278,22,0.013394832611083984,10.547568321228027,,,1206.094601093982,-9.231218609450893,1736.179739452581,2.3919220729307695,,,-8.787835554643111
actor_critic,,0,524,38.88940398428596,22,0.013581037521362305,10.5613112449646,,,1195.4634380467999,-23.41918959553269,1741.2608451091537,2.3989822322672065,,,-8.823027177290482
actor_critic,,0,525,38.79975445189537,22,0.013277292251586914,10.574751377105713,,,1191.268901475684,-30.633591047064826,1745.5750043831597,2.4034567962993276,,,-8.820920770818537
actor_critic,,0,526,38.92648285419557,22,0.013497114181518555,10.588409185409546,,,1210.7574454241178,-13.042730143801732,1748.2860154303912,2.4033792452378706,,,-8.880128340287643
actor_critic,,0,527,40.63768174479064,23,0.014116048812866211,10.602695226669312,,,1159.6365078761996,-13.590633957930233,1676.0388373525752,2.408432618431423,,,-8.521575264308764
actor_critic,,0,528,38.62179875174707,22,0.013443946838378906,10.616299152374268,,,1201.8034181183268,-26.477337693964895,1754.6868701217356,2.4153017564253374,,,-8.867037686434658
actor_critic,,0,529,38.98623086713524,22,0.013420820236206055,10.629879236221313,,,1215.4488258298318,-15.600010580637239,1758.6412444130242,2.419780817898837,,,-8.873452620072799
actor_critic,,0,530,38.93694223309075,22,0.013391971588134766,10.643439292907715,,,1211.2268104213713,-22.366679158061743,1762.2764564914607,2.418959216638045,,,-8.921233437278055
actor_critic,,0,531,38.80567719341207,22,0.013400077819824219,10.656999349594116,,,1209.052376094867,-26.494522734121844,1765.066991998994,2.4223077188838613,,,-8.91250263560902
actor_critic,,0,532,40.333507782015786,23,0.013892889022827148,10.671042203903198,,,1175.0716435039826,-9.516338931558574,1692.2686058568627,2.42878970892533,,,-8.5716784933339
actor_critic,,0,533,38.53421480679448,22,0.013348102569580078,10.684539318084717,,,1222.4142828908834,-15.997693852775477,1769.1600690393773,2.428881211714311,,,-8.896147294477982
actor_critic,,0,534,40.19031188158238,23,0.014176130294799805,10.698873281478882,,,1170.3379012933406,-16.93425880421115,1696.1031408202125,2.4326656486677085,,,-8.508546912151834
actor_critic,,0,535,38.581544552587175,22,0.013334989547729492,10.712376117706299,,,1193.7645939335714,-49.95074572532692,1776.7362407290864,2.43657940084284,,,-8.906472639604049
actor_critic,,0,536,38.71839555466471,22,0.013554096221923828,10.726089239120483,,,1219.6248231740794,-24.816481879573654,1777.7732731213646,2.439983541315252,,,-8.971779563210227
actor_critic,,0,537,37.4193456799988,21,0.01314997673034668,10.739405155181885,,,1287.2607281779249,-16.380489688544046,1862.3446937108502,2.4430270535605296,,,-9.333651588076638
actor_critic,,0,538,40.41857820852907,23,0.013879060745239258,10.75343632698059,,,1179.0225317116178,-13.43243888862755,1703.5071061467145,2.443287414053212,,,-8.551638395889945
actor_critic,,0,539,40.939464107162024,23,0.013907909393310547,10.767523288726807,,,1179.2729189297913,-18.262378045884162,1710.764739539535,2.4444521613742993,,,-8.463195137355639
actor_critic,,0,540,40.563265368526274,23,0.014045238494873047,10.781718015670776,38.23659934721001,0.758991666584197,1185.5596213703975,-14.315620269626379,1714.1075206457679,2.443596363067627,,,-8.515853881835938
actor_critic,,0,541,40.50529863392147,23,0.014303922653198242,10.80669116973877,,,1176.981235758118,-22.821441365162965,1714.0038972389782,2.4423881821010425,,,-8.600408802861752
actor_critic,,0,542,40.4382446966801,23,0.01400613784790039,10.820850372314453,,,1169.6497267270865,-30.87973130121827,1715.0421640322666,2.4448988955953848,,,-8.634942759638248
actor_critic,,0,543,39.25594144375941,22,0.013751029968261719,10.83476710319519,,,1246.506695030511,-10.721432608636944,1796.0402010008586,2.4483434828844937,,,-9.015951676802201
actor_critic,,0,544,40.76927967486982,23,0.014245033264160156,10.849172353744507,,,1175.9596221366412,-29.678654559280563,1722.3403763314404,2.4534024259318477,,,-8.610575800356658
actor_critic,,0,545,38.52792108863701,22,0.013542890548706055,10.862872123718262,,,1244.3749565505846,-19.26154839958657,1805.195035991481,2.4578169801018457,,,-8.95580361106179
actor_critic,,0,546,37.28052063566361,21,0.012965202331542969,10.87598729133606,,,1292.3257537611894,-32.7872541023507,1893.0186914570984,2.4553226856958297,,,-9.308866954985119
actor_critic,,0,547,38.986903196169614,22,0.013557195663452148,10.8897123336792,,,1242.920288235965,-26.302470849572934,1813.1754303559535,2.4489039832895454,,,-8.930147344415838
actor_critic,,0,548,40.355357567539784,23,0.013918876647949219,10.903785228729248,,,1193.5177294701014,-22.285571868005007,1736.8619439755464,2.446140040522036,,,-8.652863875679348
actor_critic,,0,549,38.662730405830935,22,0.013466835021972656,10.917421102523804,,,1255.4880919662007,-15.47679863455282,1815.6640545196663,2.4506909305399116,,,-9.039168617942117
actor_critic,,0,550,39.102173917949116,22,0.013509273529052734,10.9310941696167,,,1235.2500892072408,-36.487167718566276,1816.7676200947556,2.4565299207513984,,,-9.015679792924361
actor_critic,,0,551,39.22203146167731,22,0.013657093048095703,10.944884300231934,,,1255.8046319977466,-19.349827313457023,1821.649266422631,2.4597486582669346,,,-8.941042119806463
actor_critic,,0,552,39.08073108879615,22,0.013885974884033203,10.958929300308228,,,1259.5108053576153,-18.717882267707452,1826.0409442822406,2.4576419591903687,,,-8.985702514648438
actor_critic,,0,553,38.58548479896942,22,0.013605833053588867,10.972699165344238,,,1264.2181454623458,-13.727589299394326,1825.636815058533,2.4596229683269155,,,-9.087638161399148
actor_critic,,0,554,38.49272708830398,22,0.013432025909423828,10.986290216445923,,,1248.4658527261663,-29.65394388054582,1825.8853824940213,2.4655192006718027,,,-9.071889010342685
actor_critic,,0,555,38.451155212759886,22,0.01342010498046875,10.999892234802246,,,1268.0253572179302,-11.631449359892445,1828.0810971585504,2.466642650690946,,,-9.03622020374645
actor_critic,,0,556,40.376768325551886,23,0.01425313949584961,11.01431131362915,,,1213.9645040960093,-11.347105707649304,1750.4451803663928,2.474185497864433,,,-8.6632312277089
actor_critic,,0,557,38.843448186137415,22,0.013331174850463867,11.027809143066406,,,1269.5988878204741,-12.04596746814522,1830.9212979285512,2.482688719576055,,,-9.041879133744674
actor_critic,,0,558,38.865386749573204,22,0.013571977615356445,11.041548252105713,,,1266.8205405179071,-17.978452204557303,1835.427073405283,2.4844378558072178,,,-9.00835488059304
actor_critic,,0,559,38.59141799050863,22,0.013412952423095703,11.055137157440186,,,1274.6874527654356,-11.064399846744807,1836.788414981703,2.4807584394108164,,,-9.067626953125
actor_critic,,0,560,39.10534233176344,22,0.013310909271240234,11.068625211715698,38.95468155898464,0.21110151898973392,1274.3252156614749,-12.560131343081594,1838.4076397716153,2.477987852963534,,,-9.020686756480824
actor_critic,,0,561,40.08461746398549,23,0.014394998550415039,11.09381628036499,,,1221.13881203184,-12.610393675125163,1762.4987936560167,2.4786108162092124,,,-8.594920946204144
actor_critic,,0,562,38.725263953280745,22,0.013293027877807617,11.107253313064575,,,1250.726702865721,-40.55564640394666,1844.6891980009386,2.47933030128479,,,-8.975067832253195
actor_critic,,0,563,39.12503160105952,22,0.013461828231811523,11.120867252349854,,,1275.5731870725392,-15.847779073159803,1844.8871182792884,2.47644905610518,,,-9.068919788707387
actor_critic,,0,564,38.68171674596904,22,0.01336812973022461,11.134404182434082,,,1268.933730087878,-22.009474289518867,1844.2045887826243,2.4803225885738027,,,-9.145471052689986
actor_critic,,0,565,40.248831854471774,23,0.013906002044677734,11.148460149765015,,,1220.6132680712187,-13.219302414713994,1762.6179836328931,2.4843118087105127,,,-8.72911735202955
actor_critic,,0,566,37.11770885009741,21,0.012751102447509766,11.161362171173096,,,1337.388512793485,-15.677887569314667,1932.9520030278336,2.4883326462336948,,,-9.435395013718377
actor_critic,,0,567,40.4076634347031,23,0.014263153076171875,11.175784349441528,,,1204.1108292554222,-34.819810612856045,1769.9009664196055,2.493367682332578,,,-8.701313848080842
actor_critic,,0,568,40.45182201731353,23,0.01401376724243164,11.18993616104126,,,1229.7823633864198,-10.795203608663186,1772.2536169098103,2.494235899137414,,,-8.696682473887568
actor_critic,,0,569,39.084896342753325,22,0.013382911682128906,11.203469276428223,,,1259.443027193351,-37.50727417938072,1852.78623121653,2.5018826831470835,,,-9.09846357865767
actor_critic,,0,570,37.103215148053366,21,0.012954950332641602,11.216569185256958,,,1336.372437833426,-20.628680960940464,1938.57297330149,2.506503763652983,,,-9.596344720749627
actor_critic,,0,571,40.61971782965169,23,0.014097929000854492,11.230829238891602,,,1221.6197826513292,-16.58010697397201,1768.8570659288469,2.5135185200235117,,,-8.770203300144361
actor_critic,,0,572,37.3567859442113,21,0.013026237487792969,11.244024276733398,,,1325.9279721331384,-30.325723742622706,1937.5052383004445,2.516528299876622,,,-9.474456060500373
actor_critic,,0,573,37.22345746344248,21,0.013023138046264648,11.25719928741455,,,1315.3112403124771,-43.0088704576095,1940.457317741499,2.51983034043085,,,-9.426326206752233
actor_critic,,0,574,38.73926132155374,22,0.01360321044921875,11.270960330963135,,,1287.5371054185935,-13.031897803429853,1857.955687174235,2.5230003486980093,,,-8.98898662220348
actor_critic,,0,575,40.48823933378453,23,0.01427006721496582,11.285396337509155,,,1233.0615093677263,-13.311831082419857,1780.5333654948247,2.5273601075877314,,,-8.6982945981233
actor_critic,,0,576,38.89594588512691,22,0.013517141342163086,11.299078226089478,,,1276.303026957268,-24.09764104675163,1857.7152471500979,2.532017545266585,,,-9.165716691450639
actor_critic,,0,577,38.789309990642735,22,0.013300895690917969,11.312517166137695,,,1280.7206059671853,-17.633868808265436,1854.7920786824754,2.536566886034879,,,-9.165705594149502
actor_critic,,0,578,38.3199738764786,22,0.013435125350952148,11.326118230819702,,,1281.530030759758,-15.553176725791259,1852.9760111093585,2.5437904704700816,,,-9.156105735085227
actor_critic,,0,579,38.33823378954841,22,0.013678789138793945,11.339948177337646,,,1285.634675387801,-13.094039950350469,1855.3268004068786,2.5471444346688012,,,-9.08593680641868
actor_critic,,0,580,38.64942228285659,22,0.013458013534545898,11.353568315505981,39.416417264886114,0.6738318129850714,1285.3154230506414,-15.060985547913747,1857.680572225818,2.5485116351734507,,,-9.088766618208451
actor_critic,,0,581,38.302945372516426,22,0.013498783111572266,11.378202199935913,,,1274.431584241927,-26.2149844230576,1858.06656946807,2.551426486535506,,,-9.134437561035156
actor_critic,,0,582,39.00797725175423,22,0.013721227645874023,11.39208436012268,,,1289.4703298156912,-11.79384405259043,1858.9487861171576,2.555984540419145,,,-9.09327420321378
actor_critic,,0,583,39.26108919097263,22,0.013682126998901367,11.405914306640625,,,1283.2620319729374,-18.85949240362441,1860.1736125990071,2.5612574490633877,,,-9.12813360040838
actor_critic,,0,584,39.09947459341748,22,0.013569116592407227,11.419636249542236,,,1286.7169367542745,-16.30329952795397,1861.4574740717335,2.566269950433211,,,-9.166998429731889
actor_critic,,0,585,38.458114938659506,22,0.013341903686523438,11.43315315246582,,,1290.0794666438278,-12.437594865194775,1860.7387453018773,2.5678230090574785,,,-9.181703740900213
actor_critic,,0,586,39.00757057452757,22,0.013381242752075195,11.446677446365356,,,1270.5044530222024,-30.38120641059835,1858.4081514882432,2.5730256492441352,,,-9.170224970037287
actor_critic,,0,587,38.951099790897835,22,0.013406991958618164,11.460224151611328,,,1280.5584595799446,-20.500992571596395,1858.6564918072597,2.576417337764393,,,-9.145464810458096
actor_critic,,0,588,38.86636012720795,22,0.013341188430786133,11.47373628616333,,,1264.0439644803039,-37.203736549751326,1858.9253070033685,2.5780188278718428,,,-9.168830871582031
actor_critic,,0,589,38.5344175263775,22,0.013474225997924805,11.487364292144775,,,1281.5704777905378,-19.962951820682395,1859.333551330259,2.5793539827520195,,,-9.157211303710938
actor_critic,,0,590,38.43270697615207,22,0.013458728790283203,11.500986099243164,,,1286.4786717393647,-14.766456390138377,1858.9217431977581,2.5816300457174126,,,-9.167266845703125
actor_critic,,0,591,38.79148479732504,22,0.013307809829711914,11.514448165893555,,,1288.6657477779822,-12.97364506599578,1859.484785888545,2.5879144126718696,,,-9.143278642134232
actor_critic,,0,592,38.90954253715812,22,0.013318777084350586,11.527915000915527,,,1275.074941697361,-27.00366021963683,1860.112412110331,2.5954152670773594,,,-9.138640663840555
actor_critic,,0,593,39.275712670740305,22,0.01327204704284668,11.541348218917847,,,1269.6834381783424,-31.342867579903793,1858.6090145814974,2.596954193982211,,,-9.15755254572088
actor_critic,,0,594,37.173400669027004,21,0.01287698745727539,11.554481267929077,,,1351.2284348516703,-11.024878811445975,1946.0761256284259,2.598108757109869,,,-9.574175880068825
actor_critic,,0,595,41.59197421034283,24,0.014574050903320312,11.569190263748169,,,1182.2528064766277,-11.221132924469808,1704.962777474352,2.602971225976944,,,-8.384857813517252
actor_critic,,0,596,42.90527709078859,25,0.015354156494140625,11.58470344543457,,,1123.784818523191,-19.401399336457253,1633.1232513812463,2.610918712615967,,,-8.068526000976563
actor_critic,,0,597,39.77268682537787,23,0.014327049255371094,11.599184274673462,,,1227.0652973634221,-12.427618551189484,1770.7041299566524,2.6175649995389194,,,-8.76684039572011
actor_critic,,0,598,38.559831641941955,22,0.013292074203491211,11.61262822151184,,,1278.62332867577,-14.89916570095176,1847.8892808443952,2.626083330674605,,,-9.132298556241123
actor_critic,,0,599,38.214940769903116,22,0.0136260986328125,11.626388311386108,,,1270.559075338258,-25.049344488334928,1850.8691751495405,2.633987686850808,,,-9.07103105024858
actor_critic,,0,600,38.824986771326145,22,0.013490915298461914,11.64001727104187,38.44268266886492,1.1963995294565821,1279.6468086764428,-18.426932808689095,1854.3910259714096,2.6374933502890845,,,-9.060909618030895
actor_critic,,0,601,38.90415401534887,22,0.01394796371459961,11.664578199386597,,,1254.7994946744293,-43.76121007684957,1855.0867495917164,2.6412873701615767,,,-9.093428871848367
actor_critic,,0,602,38.636529616009796,22,0.013472795486450195,11.678219079971313,,,1281.6731477681208,-16.00696394524791,1853.8287801592485,2.643064488064159,,,-9.126734646883877
actor_critic,,0,603,40.00456998014176,23,0.014043092727661133,11.69240427017212,,,1200.4732198485215,-38.36724993262602,1769.7722103896187,2.6453408987625786,,,-8.76036735202955
actor_critic,,0,604,40.292179784578515,23,0.014053821563720703,11.706582069396973,,,1227.215958841145,-11.304411879376225,1769.3148570137462,2.6466267938199253,,,-8.730194755222486
actor_critic,,0,605,38.843599757979504,22,0.013681888580322266,11.720412254333496,,,1253.655083094808,-40.11658941615712,1848.2452781509016,2.6551884521137583,,,-9.112111178311435
actor_critic,,0,606,37.06293149259172,21,0.012826204299926758,11.733395338058472,,,1334.1496066235538,-18.092140550592116,1931.7738992176685,2.658677646092006,,,-9.558123633975075
actor_critic,,0,607,42.7477743731955,25,0.015433073043823242,11.748959302902222,,,1112.8592141187191,-17.983562023043632,1615.489755882332,2.6645081424713135,,,-8.091461791992188
actor_critic,,0,608,40.27971249715579,23,0.014122962951660156,11.763296365737915,,,1214.2523134882035,-13.595660432363333,1754.0685057396515,2.6713012301403545,,,-8.688574086064877
actor_critic,,0,609,41.452556971146436,24,0.014525890350341797,11.778041124343872,,,1159.0069882754858,-17.098334728584934,1680.1503927777715,2.676993429660797,,,-8.3391965230306
actor_critic,,0,610,41.510731481745076,24,0.014735937118530273,11.792932271957397,,,1146.47681647869,-26.24768866179511,1675.3208277097535,2.6798141598701477,,,-8.33245849609375
actor_critic,,0,611,45.170237228654514,27,0.016537904739379883,11.809635162353516,,,1013.5356754248755,-11.31709167457841,1464.0754077329248,2.6797937463831016,,,-7.459595856843172
actor_critic,,0,612,45.244041859127144,27,0.01668834686279297,11.826484441757202,,,967.2203398082164,-23.541488960799242,1415.3740475585132,2.683601900383278,,,-7.30929621943721
actor_critic,,0,613,41.60401861215082,24,0.014847278594970703,11.841482400894165,,,1046.1863965853893,-45.22226050123572,1559.1552346139895,2.6931843856970468,,,-8.146563212076822
actor_critic,,0,614,43.03476666861108,25,0.015312910079956055,11.856943130493164,,,1022.83241384916,-34.59709227442741,1510.6135864561238,2.7060636138916014,,,-7.809346923828125
actor_critic,,0,615,40.16844309590145,23,0.013992071151733398,11.871102333068848,,,1130.076946352649,-13.812332083187673,1634.127485652272,2.711387810499772,,,-8.418886931046195
actor_critic,,0,616,40.15477664646694,23,0.0140380859375,11.885298252105713,,,1116.6640853982258,-26.238316266271084,1632.7177826285706,2.717055486596149,,,-8.423230378524117
actor_critic,,0,617,39.85182526243251,23,0.013873100280761719,11.89933729171753,,,1120.0162278153712,-21.46047230048672,1630.681030874657,2.721511592035708,,,-8.415680595066236
actor_critic,,0,618,41.447775081917555,24,0.014575719833374023,11.914074182510376,,,1073.9000153339778,-18.208599543664604,1560.1551953551243,2.721286882956823,,,-8.072785059611002
actor_critic,,0,619,41.491709130710895,24,0.014523983001708984,11.92875623703003,,,1076.515313851977,-12.555273639891917,1555.8151351649333,2.7208164731661477,,,-8.11300532023112
actor_critic,,0,620,38.89598556255641,22,0.013435125350952148,11.94234323501587,39.12002999895916,0.6318416535606248,1142.239574120634,-48.843570286577396,1701.5474220736228,2.7250153476541694,,,-8.795060591264205
actor_critic,,0,621,37.020765082181214,21,0.013022184371948242,11.966153383255005,,,1239.9903946018644,-11.916756988990874,1788.438839457386,2.7262667701357888,,,-9.214665730794271
actor_critic,,0,622,38.50157669856763,22,0.013391733169555664,11.97969102859497,,,1178.4338727266613,-18.735715208236467,1710.2422450993697,2.7339471686970103,,,-8.846858631480824
actor_critic,,0,623,38.850473411464776,22,0.013470172882080078,11.99331021308899,,,1182.1405278149653,-13.954652700234544,1708.7074027197775,2.7388632080771704,,,-8.895174893465908
actor_critic,,0,624,38.90383787267145,22,0.01343226432800293,12.006916284561157,,,1147.2421685838226,-47.62586420638995,1706.954310355835,2.7446378252723,,,-8.910416342995383
actor_critic,,0,625,38.66216524865576,22,0.013275861740112305,12.020348310470581,,,1142.7656136963685,-50.74622835879299,1705.0169235821284,2.7436928207224067,,,-8.899615201083096
actor_critic,,0,626,38.80869937420777,22,0.013453006744384766,12.033971309661865,,,1174.552836230448,-19.534171541136775,1705.8385936325014,2.74064885486256,,,-8.879253734241832
actor_critic,,0,627,38.969610472196756,22,0.013495922088623047,12.047637462615967,,,1163.6177369903096,-30.37179887853563,1705.6992917776913,2.7417949654839258,,,-8.890419006347656
actor_critic,,0,628,38.48486902501537,22,0.013550043106079102,12.061370134353638,,,1167.7337579201821,-25.848223421045326,1705.1172224239403,2.74307119846344,,,-8.897492842240768
actor_critic,,0,629,38.62484417123147,22,0.013459920883178711,12.07498025894165,,,1178.0444000429388,-14.468820259821685,1703.5903912026815,2.7470742897553877,,,-8.877935929731889
actor_critic,,0,630,38.58648009970141,22,0.013374090194702148,12.088524103164673,,,1177.4484056708911,-14.268130486153744,1702.4521976857532,2.7534725557674062,,,-8.873938126997514
actor_critic,,0,631,38.713836255061054,22,0.013512849807739258,12.102205276489258,,,1169.2144144281576,-21.467097863893617,1700.9736698411025,2.7581400762904775,,,-8.8681377064098
actor_critic,,0,632,38.46746961780608,22,0.013559103012084961,12.115922212600708,,,1171.5309855074368,-16.99141473475505,1697.8891099065922,2.7560313289815728,,,-8.840811989524148
actor_critic,,0,633,38.72267966812243,22,0.013309955596923828,12.129391193389893,,,1169.1366142119196,-16.013120954686944,1693.071051424962,2.7562162334268745,,,-8.844959605823863
actor_critic,,0,634,37.18181275455514,21,0.013122797012329102,12.142669200897217,,,1216.3489804978017,-24.42787411897665,1772.5384293405693,2.760972340901693,,,-9.227387201218377
actor_critic,,0,635,38.401819148361085,22,0.01342320442199707,12.156257152557373,,,1149.1245704452556,-36.46162703226913,1693.694565436697,2.769054261120883,,,-8.843569668856533
actor_critic,,0,636,37.39044571471652,21,0.012944936752319336,12.16935920715332,,,1206.8565215474616,-36.488876971283126,1776.2078251239311,2.77189640771775,,,-9.196869623093377
actor_critic,,0,637,36.97464368283257,21,0.012971162796020508,12.182480335235596,,,1222.3219380263417,-22.658025518946705,1778.5428673668455,2.7680167016528903,,,-9.231721423921131
actor_critic,,0,638,40.30260251357687,23,0.014021873474121094,12.196656227111816,,,1119.7273696876819,-15.234035676102275,1621.3734263941828,2.7678102514018184,,,-8.490044635275137
actor_critic,,0,639,38.98886447899876,22,0.013276100158691406,12.210086345672607,,,1160.2442087550562,-21.030682290650226,1687.5355471389325,2.7738740986043755,,,-8.845617814497514
actor_critic,,0,640,40.43949602357393,23,0.014091014862060547,12.224332094192505,39.54813803457766,0.611551248803326,1093.871714292175,-32.1710660626059,1608.6326502807863,2.776880233184151,,,-8.42684671153193
actor_critic,,0,641,38.55378084539421,22,0.013780832290649414,12.248988151550293,,,1154.5157977132635,-19.593234374103222,1677.2986097343753,2.778044646436518,,,-8.79389745538885
actor_critic,,0,642,37.398113641484734,21,0.012839078903198242,12.26199722290039,,,1202.9695102454473,-30.4636681470133,1762.0474093315702,2.7782579149518694,,,-9.182485671270461
actor_critic,,0,643,37.08401909611967,21,0.013025760650634766,12.27520203590393,,,1215.1955701169513,-22.56728152611426,1768.2327319836422,2.7814523038410006,,,-9.209519885835194
actor_critic,,0,644,40.75353051219523,23,0.013930082321166992,12.289294242858887,,,1107.5857060702338,-21.176321920817312,1612.5172954388065,2.7881607594697373,,,-8.467090772545856
actor_critic,,0,645,39.058862397204784,22,0.013437032699584961,12.302903175354004,,,1163.083457744765,-14.422777395695448,1682.151766863768,2.795960556377064,,,-8.83614141290838
actor_critic,,0,646,40.592955652745786,23,0.014234066009521484,12.317299365997314,,,1106.630813560084,-18.91347874943977,1607.9204228987371,2.801503098529318,,,-8.434824404509172
actor_critic,,0,647,38.43861026195546,22,0.013341188430786133,12.33080530166626,,,1144.209697088142,-29.407154831527308,1676.5956343257355,2.8043689077550713,,,-8.816129511052912
actor_critic,,0,648,39.15677905978325,22,0.013386249542236328,12.34437346458435,,,1151.9880016889763,-20.38769964145666,1674.8224768522196,2.807016470215537,,,-8.774012478915127
actor_critic,,0,649,39.15303191163985,22,0.013601064682006836,12.3581383228302,,,1145.5771194801412,-30.43391280841421,1680.0157833953112,2.8059700402346524,,,-8.750968933105469
actor_critic,,0,650,39.14126093408653,22,0.013330936431884766,12.371629238128662,,,1161.4725423941643,-17.018632575192235,1683.5588388253343,2.8036193522540005,,,-8.768899397416549
actor_critic,,0,651,40.33608418465262,23,0.014111995697021484,12.385921239852905,,,1093.7691945139238,-33.1957669975641,1609.950022357597,2.811378696690435,,,-8.456170123556387
actor_critic,,0,652,37.103714977176395,21,0.01299285888671875,12.399078130722046,,,1203.4974295211334,-26.37389574803057,1756.959023637021,2.8128846940540133,,,-9.221843901134672
actor_critic,,0,653,38.95698365327638,22,0.013529062271118164,12.412776231765747,,,1147.0889326476238,-25.351417776366528,1674.9148227823368,2.810563163323836,,,-8.773208618164062
actor_critic,,0,654,38.642994579282295,22,0.013391971588134766,12.42633318901062,,,1150.417301450348,-21.132843847809866,1673.6431118984685,2.8114431337876753,,,-8.76027402010831
actor_critic,,0,655,38.64278462488791,22,0.013664007186889648,12.44014310836792,,,1143.6595242746937,-29.501425117084924,1675.9442015368365,2.811335964636369,,,-8.785491943359375
actor_critic,,0,656,38.987720281548626,22,0.013472795486450195,12.453771114349365,,,1134.6056070127947,-40.67724948478016,1678.9755782540994,2.8142506967891348,,,-8.761239485307174
actor_critic,,0,657,36.61402202718149,21,0.012853860855102539,12.466791152954102,,,1215.5116843151905,-16.715453025840578,1760.3245687071744,2.819237130028861,,,-9.200350080217634
actor_critic,,0,658,40.29340251229976,23,0.01407313346862793,12.481013298034668,,,1110.9743058684019,-11.904945321057154,1604.11330999518,2.824324556018995,,,-8.429432081139606
actor_critic,,0,659,38.631303675717085,22,0.013525962829589844,12.494698286056519,,,1128.775327519429,-39.69709752076729,1669.2463920331159,2.8409109223972666,,,-8.790289445356889
actor_critic,,0,660,38.881999899999435,22,0.013570070266723633,12.50844120979309,38.87154004105828,1.0289893192018835,1132.2275903124246,-33.96366083435714,1665.9875135368625,2.851350881836631,,,-8.74726728959517
actor_critic,,0,661,38.80151889378903,22,0.01414179801940918,12.53319501876831,,,1141.652014488947,-26.269499118016526,1668.4593741219512,2.855264750393954,,,-8.775947570800781
actor_critic,,0,662,40.267214453755926,23,0.014158964157104492,12.547520160675049,,,1088.0786888509706,-32.44473112909042,1600.7477087155694,2.8602319178373916,,,-8.39884617017663
actor_critic,,0,663,38.83428544203476,22,0.013478755950927734,12.561168193817139,,,1144.758763376708,-27.10134479792958,1674.0859045099826,2.8648726723410864,,,-8.779010425914418
actor_critic,,0,664,38.785471403001544,22,0.013597249984741211,12.574880361557007,,,1141.6203416587616,-29.121397995136,1672.4882153570018,2.866490743376992,,,-8.804432955655185
actor_critic,,0,665,38.59821814705325,22,0.013565301895141602,12.588616371154785,,,1152.8705258125608,-15.167162402448328,1668.6252918724945,2.869685324755582,,,-8.801852139559658
actor_critic,,0,666,37.07099604210054,21,0.012701988220214844,12.601487159729004,,,1189.5390397413146,-34.21540252793403,1748.220728144205,2.876463470004854,,,-9.174264817010789
actor_critic,,0,667,38.72152270098137,22,0.013742923736572266,12.615391254425049,,,1154.5049374642867,-15.509477896446532,1671.4491632206111,2.8796204978769477,,,-8.77399930087003
actor_critic,,0,668,37.54291525572589,21,0.012829780578613281,12.628389120101929,,,1187.6238584289592,-39.59654942083927,1753.172006215235,2.888858159383138,,,-9.176220121837797
actor_critic,,0,669,38.85404396023996,22,0.013415098190307617,12.641983270645142,,,1138.0406077568505,-32.94811613620682,1672.841094373937,2.8899395899339155,,,-8.81201241233132
actor_critic,,0,670,38.599583762812564,22,0.013537168502807617,12.655683279037476,,,1148.2065232457085,-19.359086983075198,1667.9508947462098,2.8914164954965766,,,-8.814712524414062
actor_critic,,0,671,39.18947400095891,22,0.013547897338867188,12.66937804222107,,,1142.6889715745028,-25.859744430265643,1669.3552982977656,2.896484526720914,,,-8.760052074085582
actor_critic,,0,672,37.033032186300986,21,0.012920856475830078,12.682455062866211,,,1195.422070150574,-32.12413500710612,1753.6374168504096,2.8971740177699496,,,-9.17116946265811
actor_critic,,0,673,39.01445111995747,22,0.013715982437133789,12.696320056915283,,,1129.58005792056,-43.67905090038072,1676.0845529456326,2.89498233795166,,,-8.77435233376243
actor_critic,,0,674,40.33346166458838,23,0.014051198959350586,12.710524320602417,,,1089.521913199908,-31.593963769790918,1601.5941524268635,2.8951284574425737,,,-8.436768904976223
actor_critic,,0,675,38.99545714493628,22,0.013278961181640625,12.72396731376648,,,1121.5997044975784,-47.62393067184497,1670.3194740693698,2.8953218676827173,,,-8.781191045587713
actor_critic,,0,676,38.68809366628987,22,0.013493061065673828,12.737610340118408,,,1148.3932079729539,-20.988209137523715,1670.5449442208258,2.893199747258967,,,-8.76456035267223
actor_critic,,0,677,38.97351324428113,22,0.01357889175415039,12.751349449157715,,,1143.6824620320801,-27.974740989167582,1673.7961160818707,2.8935767845673994,,,-8.777863935990768
actor_critic,,0,678,37.01641742817298,21,0.012958288192749023,12.764468431472778,,,1206.7069700997145,-23.88803643768742,1757.9928984585817,2.8920638788314093,,,-9.192464919317336
actor_critic,,0,679,38.903227738414905,22,0.013494014739990234,12.778122425079346,,,1156.279587388716,-18.404161261563953,1678.119780446953,2.895201336253773,,,-8.808513294566762
actor_critic,,0,680,37.4279675529558,21,0.012724876403808594,12.790993213653564,39.08683058600756,0.7068353786589354,1207.7699834918603,-22.28733070372116,1757.2247748540472,2.8981393291836692,,,-9.208187284923735
actor_critic,,0,681,38.62283825562059,22,0.014244794845581055,12.816118001937866,,,1156.7399858261765,-15.67788655903529,1674.8825999273051,2.900931629267606,,,-8.815533031116832
actor_critic,,0,682,38.645923663054106,22,0.013571977615356445,12.829869270324707,,,1153.3826281986708,-19.72562595643103,1675.8688714934449,2.9081538048657505,,,-8.782426313920455
actor_critic,,0,683,38.430025417923964,22,0.013442039489746094,12.843483209609985,,,1134.7871973598483,-39.12260481766002,1677.0139420820421,2.9140223156322134,,,-8.794369090687145
actor_critic,,0,684,38.8542429946487,22,0.013545989990234375,12.857176065444946,,,1155.6417443828489,-18.159627768465064,1676.8590594893215,2.9149840528314765,,,-8.795951843261719
actor_critic,,0,685,39.19944286384122,22,0.01341390609741211,12.870744228363037,,,1144.47383981469,-30.84025431746109,1679.0201693566792,2.918288371779702,,,-8.778554049405185
actor_critic,,0,686,38.82615768912835,22,0.013353824615478516,12.884261131286621,,,1138.4585648273032,-37.52034460702403,1679.96981910468,2.922921722585505,,,-8.81392461603338
actor_critic,,0,687,40.42788555458203,23,0.014261007308959961,12.898672342300415,,,1112.4272318405008,-13.059610206147898,1607.8383120559358,2.928329022034355,,,-8.428808461064877
actor_critic,,0,688,38.79971545223636,22,0.0135040283203125,12.912327289581299,,,1139.5704334191978,-35.8791683350097,1679.2137239346578,2.936111190102317,,,-8.807341835715555
actor_critic,,0,689,39.15319475712041,22,0.01345682144165039,12.925933122634888,,,1155.6355228233997,-19.016076660122383,1678.0737448565408,2.942694967443293,,,-8.80173076282848
actor_critic,,0,690,38.75485412014226,22,0.013499975204467773,12.939589262008667,,,1157.4122289901768,-20.07289134575562,1682.1216385367707,2.945736668326638,,,-8.783152493563565
actor_critic,,0,691,39.016586258342414,22,0.013511896133422852,12.953251123428345,,,1159.1082267026543,-17.791272400455043,1681.2850930491695,2.9477979269894687,,,-8.813058332963424
actor_critic,,0,692,36.99833745255092,21,0.012925863265991211,12.966353178024292,,,1189.9246043922778,-42.79007270612887,1761.0209448583469,2.950808434259324,,,-9.230981009347099
actor_critic,,0,693,39.086279586144634,22,0.013521909713745117,12.980027198791504,,,1158.0025062317197,-18.094494615596805,1680.1386067256733,2.951352748003873,,,-8.775941328568893
actor_critic,,0,694,38.78176926540487,22,0.013570070266723633,12.993800401687622,,,1157.0660626425154,-19.487061890011486,1680.7901398570657,2.956200740554116,,,-8.801173123446377
actor_critic,,0,695,40.35882677495353,23,0.014187812805175781,13.008159399032593,,,1113.2040282723535,-14.561056631576756,1611.0930701789102,2.963812102442202,,,-8.427530039911685
actor_critic,,0,696,38.93246684269773,22,0.013613224029541016,13.02192735671997,,,1157.5620432731337,-19.585613640533253,1681.6394801633326,2.9762009490620005,,,-8.818251869895242
actor_critic,,0,697,39.11657891770656,22,0.013556241989135742,13.03563642501831,,,1138.3135878762907,-40.721608539027244,1684.3359687313734,2.982169649817727,,,-8.791963750665838
actor_critic,,0,698,39.109646855382934,22,0.01343393325805664,13.04923129081726,,,1121.705988546791,-56.97654220732775,1683.8322184949118,2.9816334030844946,,,-8.816389604048295
actor_critic,,0,699,38.41241486079429,22,0.013542890548706055,13.062937259674072,,,1144.9776473853906,-34.37832567163489,1684.7941584443588,2.984500700777227,,,-8.826581781560725
actor_critic,,0,700,37.294255171675815,21,0.012812137603759766,13.07591438293457,39.29388449205628,0.6521180911056895,1201.8759553873733,-31.453113966044924,1761.898755208711,2.9888429982321605,,,-9.227896554129464
actor_critic,,0,701,38.342740029063904,22,0.013941049575805664,13.100801229476929,,,1162.1186527357097,-15.384716541252352,1682.1477552118436,2.989713603799993,,,-8.821993047540838
actor_critic,,0,702,38.67284809301228,22,0.013653993606567383,13.114605188369751,,,1153.8635491808368,-23.741251122375783,1682.2925932666456,2.9939951679923316,,,-8.798262856223367
actor_critic,,0,703,40.019841188270945,23,0.014126777648925781,13.128908157348633,,,1094.892520542297,-29.059906595265087,1605.6463525577792,2.9977937159330947,,,-8.460850591244904
actor_critic,,0,704,41.51616663247088,24,0.014600992202758789,13.143685340881348,,,1043.2962438652758,-29.237745185227443,1532.191400584532,2.9977946678797402,,,-8.099574406941732
actor_critic,,0,705,39.09138343362042,22,0.013530731201171875,13.157356023788452,,,1128.3084702976894,-39.85460772094402,1668.8043916273164,2.9991734244606714,,,-8.767431085759943
actor_critic,,0,706,42.562526721985805,25,0.015035867691040039,13.172545194625854,,,989.8977352782339,-38.04706375181675,1468.4926391093247,2.996273202896118,,,-7.776317138671875
actor_critic,,0,707,39.696522186262406,23,0.014037132263183594,13.186751365661621,,,1086.7937782247268,-23.320341123348992,1585.8772549509456,2.991978707520858,,,-8.42320914890455
actor_critic,,0,708,43.089762033663305,25,0.015403985977172852,13.202325344085693,,,990.66263711527,-19.17725982412696,1442.6284050132892,2.99283278465271,,,-7.706917114257813
actor_critic,,0,709,40.25585609622138,23,0.014141082763671875,13.216641187667847,,,1070.3929589074307,-14.266372633207103,1549.513404323021,2.9984169524648916,,,-8.298768416694973
actor_critic,,0,710,41.464306134394974,24,0.014678001403808594,13.231475353240967,,,1023.6380417166898,-15.548094154335558,1484.5517251293059,3.008315990368525,,,-7.909792582194011
actor_critic,,0,711,40.14981110405848,23,0.013918876647949219,13.245541334152222,,,1033.7551233580782,-19.227681425926477,1504.261172068042,3.0191522784855054,,,-8.164321235988451
actor_critic,,0,712,39.97369358088322,23,0.014111995697021484,13.259818315505981,,,1005.4064500925799,-15.059564650706623,1457.8086080747535,3.022694546243419,,,-8.251099959663723
actor_critic,,0,713,38.52617414042769,22,0.013514041900634766,13.273488283157349,,,1047.5328624241731,-18.81377654827454,1523.3523334948536,3.025317820635709,,,-8.596119273792613
actor_critic,,0,714,41.779504126709064,24,0.014737129211425781,13.288380146026611,,,961.8988273738263,-14.73198902544876,1395.1868174160675,3.029023617506027,,,-7.945922215779622
actor_critic,,0,715,41.48371378377231,24,0.014538049697875977,13.303104162216187,,,931.1402208973499,-43.66941769778108,1392.585187172682,3.0381710728009543,,,-7.966439565022786
actor_critic,,0,716,40.08999189743469,23,0.014032840728759766,13.317297220230103,,,968.7014534764963,-42.952039214579955,1445.2193655110693,3.040012971214626,,,-8.13479879628057
actor_critic,,0,717,41.61950083167045,24,0.014625072479248047,13.332074403762817,,,912.0963885557527,-54.76045032047356,1381.2240424612344,3.0446529189745584,,,-7.7180430094401045
actor_critic,,0,718,44.196725332128445,26,0.01577901840209961,13.348007202148438,,,853.795108037159,-33.21129622339056,1267.1520503543748,3.0538047277010403,,,-7.093052790715144
actor_critic,,0,719,38.639043410467046,22,0.013187170028686523,13.361363410949707,,,1029.3617720007896,-16.697415626861833,1494.3703124263238,3.0588071779771284,,,-8.19014462557706
actor_critic,,0,720,40.055567368099375,23,0.014140129089355469,13.375655174255371,39.477840064886905,0.6542735000410486,995.191817411424,-13.825513250963843,1441.453352631272,3.062763089719026,,,-7.7871876592221465
actor_critic,,0,721,38.59110709403318,22,0.013609886169433594,13.400177240371704,,,1034.607877131213,-25.49657820977948,1514.4349893189712,3.0669035586443814,,,-8.18329551003196
actor_critic,,0,722,40.40105331117776,23,0.014045238494873047,13.414367437362671,,,1003.6708737528356,-15.064416182753833,1455.3361849637965,3.0721191737962807,,,-7.958744214928669
actor_critic,,0,723,38.74196876058137,22,0.01363825798034668,13.428167343139648,,,1017.7187289290807,-52.35158211229877,1528.6718158412577,3.0767153176394375,,,-8.36735742742365
actor_critic,,0,724,38.77537855750159,22,0.013408660888671875,13.441739082336426,,,1056.2896184381098,-18.9865967172452,1536.108909699473,3.076248678294095,,,-8.370487559925426
actor_critic,,0,725,38.736888382714355,22,0.013357877731323242,13.455259323120117,,,1008.2367589158767,-68.48497236062857,1538.1738701172237,3.0766631906682793,,,-8.416084289550781
actor_critic,,0,726,38.84347238096442,22,0.013466119766235352,13.468894243240356,,,1058.2171642468734,-18.79882989586754,1538.594268636905,3.0729357220909814,,,-8.416032270951705
actor_critic,,0,727,37.22897574310572,21,0.012896060943603516,13.481950283050537,,,1104.8863346172232,-25.540489107370377,1614.895459969273,3.0797117551167807,,,-8.807667323521205
actor_critic,,0,728,40.01942598819101,23,0.014117956161499023,13.496218204498291,,,1007.8065928780758,-24.392057284226883,1474.5695851475668,3.0850864804309346,,,-8.086216138756793
actor_critic,,0,729,37.35682767850372,21,0.012959957122802734,13.509345054626465,,,1106.573225214013,-26.300912335337628,1618.3915569721166,3.086196570169358,,,-8.79332042875744
actor_critic,,0,730,38.69467248127711,22,0.013334035873413086,13.522832155227661,,,1062.1956243358384,-20.772612516006287,1547.0975775234294,3.0875093936920166,,,-8.447202509099787
actor_critic,,0,731,39.04761234036319,22,0.013776063919067383,13.53676724433899,,,1058.7789440140637,-25.75094783577052,1549.328393158577,3.0941751328381626,,,-8.421114834872158
actor_critic,,0,732,38.98715665783466,22,0.013647794723510742,13.550572156906128,,,1070.7965283351527,-15.898443885824896,1552.421438037513,3.1008882089094683,,,-8.436495694247158
actor_critic,,0,733,37.12363440344995,21,0.013036966323852539,13.56376338005066,,,1116.4738048613958,-23.965764530890045,1629.199384856581,3.1069017137799944,,,-8.837716965448289
actor_critic,,0,734,37.358510190424546,21,0.013023138046264648,13.57692837715149,,,1122.1370978040366,-18.74142422864125,1629.826492441552,3.1139682020459856,,,-8.83762686593192
actor_critic,,0,735,38.34932652524325,22,0.013566017150878906,13.590647220611572,,,1044.923608597368,-44.060436720705844,1555.691601112792,3.122140971097079,,,-8.468462857333096
actor_critic,,0,736,36.88955154678903,21,0.012664794921875,13.603446006774902,,,1087.7235550931932,-54.286290625198966,1631.4426865645994,3.1243719032832553,,,-8.828164963495164
actor_critic,,0,737,40.33138438423376,23,0.01415705680847168,13.617731094360352,,,1018.3156249894072,-20.9564501217202,1484.6744115840766,3.1216623368470566,,,-8.093340002972147
actor_critic,,0,738,38.40375165005252,22,0.013477802276611328,13.631364107131958,,,1059.1411562941291,-27.857627882537518,1552.8554075590907,3.124990766698664,,,-8.44911679354581
actor_critic,,0,739,38.554189157081034,22,0.013427972793579102,13.644976139068604,,,1067.8034086874368,-18.8031135416505,1552.2950868520313,3.1289366483688354,,,-8.447099859064275
actor_critic,,0,740,38.54313540601508,22,0.013602018356323242,13.658733129501343,39.066109704593366,0.762391010938761,1071.7486790913072,-15.627404381267048,1553.3944101101633,3.137062202800404,,,-8.442937677556818
actor_critic,,0,741,38.84275325453736,22,0.013840198516845703,13.683582305908203,,,1062.9867557722398,-25.917209394953467,1555.5770851700058,3.1476645361293447,,,-8.443341341885654
actor_critic,,0,742,37.128711396644526,21,0.013046026229858398,13.696755409240723,,,1124.1252064740374,-18.619325230518978,1632.4921947817118,3.156553416025071,,,-8.853231520879836
actor_critic,,0,743,39.27349509117154,22,0.013699054718017578,13.710601329803467,,,1069.8055172811517,-22.080339992080223,1559.8370170385513,3.16721032966267,,,-8.45225802334872
actor_critic,,0,744,37.178494253762935,21,0.012845993041992188,13.723589181900024,,,1125.4702086579055,-19.630647971161775,1635.858435949865,3.176345473244077,,,-8.879654657273065
actor_critic,,0,745,40.561719324609335,23,0.014288187026977539,13.73802638053894,,,1019.2315849345279,-26.532375189597193,1493.9485705606742,3.1835842339888862,,,-8.108304894488791
actor_critic,,0,746,38.474214386659746,22,0.01363372802734375,13.7517991065979,,,1073.8109426720343,-22.7470940080556,1566.5114829431245,3.1881228143518623,,,-8.4814189564098
actor_critic,,0,747,38.8019619721706,22,0.020669937133789062,13.772651195526123,,,1072.4354098644108,-23.633188012648713,1565.8122818883699,3.19062322920019,,,-8.489641362970525
actor_critic,,0,748,38.54220763846374,22,0.029392004013061523,13.802402257919312,,,1069.2604755534028,-26.80148207904263,1565.802844185636,3.1908068765293467,,,-8.49840060147372
actor_critic,,0,749,40.82698894866412,23,0.014458179473876953,13.817055225372314,,,1021.9539053989473,-27.913391632230386,1499.8104478392204,3.194459345029748,,,-8.099003003991168
actor_critic,,0,750,38.83380216057082,22,0.013643026351928711,13.830841302871704,,,1064.322210485031,-33.10376697778702,1567.7514906853692,3.2031462517651645,,,-8.506451693448154
actor_critic,,0,751,38.7908468266789,22,0.013380289077758789,13.844374179840088,,,1078.5530661804687,-20.298215250907973,1569.7875365761574,3.2051540396430274,,,-8.495594371448863
actor_critic,,0,752,37.23565669965595,21,0.013106822967529297,13.857644081115723,,,1128.1417398979954,-24.80177460220598,1647.0622806663825,3.2077988329387845,,,-8.897334507533483
actor_critic,,0,753,40.288959975906174,23,0.013969182968139648,13.871755123138428,,,1032.6201300982832,-20.203528786806956,1504.033762025232,3.212088190990946,,,-8.14937624724015
actor_critic,,0,754,38.4885241447861,22,0.013323068618774414,13.885242223739624,,,1071.3599939697676,-29.493722265586257,1572.6482762335165,3.2162125435742466,,,-8.516903270374645
actor_critic,,0,755,39.11185344549757,22,0.013543844223022461,13.898928165435791,,,1073.3566248185764,-28.601743965663694,1574.226199903049,3.219357566400008,,,-8.500618674538352
actor_critic,,0,756,36.824274291739016,21,0.013157844543457031,13.912235021591187,,,1110.4994319393522,-45.446071938567215,1651.3507173354515,3.2225425016312372,,,-8.936729067847843
actor_critic,,0,757,38.57625662838927,22,0.013448953628540039,13.925857067108154,,,1077.4523033013736,-27.529487924819644,1578.5454501283714,3.22677481174469,,,-8.524988347833807
actor_critic,,0,758,38.39579351008721,22,0.013575315475463867,13.939581394195557,,,1084.804081329483,-18.822323874485765,1576.6092644396174,3.2295944582332266,,,-8.5479472767223
actor_critic,,0,759,38.727591857062365,22,0.013458013534545898,13.953195095062256,,,1075.1802712746642,-29.10385489057411,1577.5488079487748,3.238350976597179,,,-8.520676352761008
actor_critic,,0,760,39.149869293397195,22,0.013358831405639648,13.966723203659058,38.30967336851089,1.2590046894474907,1081.5248303628018,-22.48649904927747,1577.1590650066078,3.2433030280199917,,,-8.533835671164773
actor_critic,,0,761,40.47294378057497,23,0.015888214111328125,13.993097305297852,,,1008.7157940168197,-48.366658824617446,1510.1177367112377,3.2485250079113506,,,-8.165071570354959
actor_critic,,0,762,38.2402156365895,22,0.014113187789916992,14.007378339767456,,,1083.2044878822583,-22.54274063980715,1579.6388875835216,3.258464889092879,,,-8.550561384721236
actor_critic,,0,763,38.454413834267676,22,0.015537738800048828,14.023097276687622,,,1072.6672962527214,-33.6557509411465,1580.4616061719453,3.2642381299625742,,,-8.542790499600498
actor_critic,,0,764,38.95803708290813,22,0.014316082000732422,14.037613153457642,,,1091.136292763393,-15.653478424657475,1581.1283210538306,3.27433198148554,,,-8.531492753462357
actor_critic,,0,765,38.86003760297119,22,0.013458013534545898,14.05125617980957,,,1080.9696332663298,-28.512677373872563,1584.9747374082851,3.2913400368257,,,-8.535946239124645
actor_critic,,0,766,38.560505980699844,22,0.013661384582519531,14.065075397491455,,,1085.195196431977,-24.226145671003245,1584.8876236570914,3.2988912734118374,,,-8.569900512695312
actor_critic,,0,767,40.32591809589657,23,0.013997077941894531,14.079236268997192,,,1038.7234634260708,-22.857569524289474,1516.5442933593167,3.298812026562898,,,-8.190667857294498
actor_critic,,0,768,38.682042286661705,22,0.013508796691894531,14.09291124343872,,,1092.658808969808,-17.31978518854488,1585.6836825487394,3.3032591451298106,,,-8.558076338334518
actor_critic,,0,769,38.74110513584622,22,0.01337122917175293,14.10642147064209,,,1090.5656360432251,-21.65526279332963,1588.8871021836849,3.307855822823264,,,-8.553271900523793
actor_critic,,0,770,39.120656425304624,22,0.013687849044799805,14.120267152786255,,,1076.8615062806587,-34.536283028904684,1587.7110800263154,3.317968639460477,,,-8.562478498979049
actor_critic,,0,771,39.13824292518571,22,0.013509035110473633,14.133926153182983,,,1095.5749451653523,-17.809616720473226,1590.5493285406528,3.326173023744063,,,-8.550310308283025
actor_critic,,0,772,38.85144173323988,22,0.013222932815551758,14.147310256958008,,,1090.6579287417064,-22.139567858454857,1589.7106916014295,3.33593306758187,,,-8.57878251509233
actor_critic,,0,773,38.7152497211905,22,0.013495922088623047,14.160966157913208,,,1086.4320511926198,-28.427135587754574,1592.6559613440504,3.342234503139149,,,-8.571098327636719
actor_critic,,0,774,40.763258781306604,23,0.014067888259887695,14.17520523071289,,,1045.9196902927335,-20.848585520749506,1523.9546550955604,3.340339349663776,,,-8.212382440981658
actor_critic,,0,775,38.888712296399945,22,0.013417959213256836,14.188790082931519,,,1090.49672081694,-23.84259433062239,1591.9133779147471,3.339165069840171,,,-8.601789994673295
actor_critic,,0,776,38.725186751034386,22,0.013508081436157227,14.202428340911865,,,1085.678513696269,-31.05270281027664,1595.330440879408,3.3454102819616143,,,-8.583640358664773
actor_critic,,0,777,38.7832278545321,22,0.013617992401123047,14.21619725227356,,,1095.6973078730093,-20.133815311572768,1594.0444022566821,3.347643353722312,,,-8.58759862726385
actor_critic,,0,778,40.26572177613251,23,0.014358997344970703,14.230706214904785,,,1048.4185081060025,-16.00971826619428,1520.6117891163424,3.3520398243613867,,,-8.233941119650137
actor_critic,,0,779,38.722126827788884,22,0.013466835021972656,14.24434208869934,,,1094.8181384160098,-19.89892563088374,1592.4530037414938,3.363319245251742,,,-8.56538252397017
actor_critic,,0,780,38.903425542589865,22,0.013501882553100586,14.25800609588623,38.97758091823797,0.27791191139697413,1089.0877304654568,-24.563230965625156,1590.929889415793,3.3693952560424805,,,-8.585642727938565
actor_critic,,0,781,38.5068886121677,22,0.013777017593383789,14.282718420028687,,,1095.1113763184032,-20.134639598767865,1593.2086242798039,3.374532320282676,,,-8.585223111239346
actor_critic,,0,782,38.82645007446457,22,0.013408899307250977,14.296292304992676,,,1092.887082559374,-19.102051098577,1588.5558283534112,3.37824302369898,,,-8.598771528764205
actor_critic,,0,783,38.50526174737118,22,0.013537883758544922,14.309995174407959,,,1092.19098326549,-19.53516792319715,1588.1802750402976,3.387175061485984,,,-8.574840198863637
actor_critic,,0,784,40.441029934938776,23,0.014066219329833984,14.324223279953003,,,1041.7602009507625,-21.879192353914615,1519.484890030221,3.397549235302469,,,-8.204227613366168
actor_critic,,0,785,39.12425287373675,22,0.013422012329101562,14.337818145751953,,,1090.624864591709,-24.7611032279039,1593.4086174088404,3.4016825394196943,,,-8.56252011385831
actor_critic,,0,786,40.7681398591033,23,0.013914823532104492,14.351908206939697,,,1044.5462050878484,-20.750128466150034,1521.8519270773572,3.4039927565533183,,,-8.223029758619225
actor_critic,,0,787,40.16683659363627,23,0.014141082763671875,14.36621618270874,,,1044.8629106769095,-21.08284469369961,1522.7796497935753,3.4085811013760776,,,-8.22261379076087
actor_critic,,0,788,40.46461818355204,23,0.014068841934204102,14.380453109741211,,,1041.7098263463452,-24.33732387439712,1522.9244661971359,3.416964624239051,,,-8.207390826681387
actor_critic,,0,789,41.4375453592299,24,0.014655113220214844,14.395281314849854,,,987.4602024521058,-26.85908323759213,1449.0274841424155,3.423374652862549,,,-7.896782557169597
actor_critic,,0,790,40.02258055392738,23,0.01403498649597168,14.409488201141357,,,953.1118523171576,-54.19583927418875,1439.0111138483348,3.4262415948121445,,,-8.05923196543818
actor_critic,,0,791,40.23117799346861,23,0.013993024826049805,14.423640251159668,,,973.2589892096331,-25.521044205712236,1426.8286805711991,3.4235590851825215,,,-8.110955943231998
actor_critic,,0,792,42.5925234784874,25,0.015492916107177734,14.439282178878784,,,897.8355761915445,-18.243161004185676,1308.6839887693804,3.4316391468048097,,,-7.496453857421875
actor_critic,,0,793,38.94678248136611,22,0.013609886169433594,14.453049182891846,,,1005.0371660258282,-29.212936960499395,1477.5001875521002,3.43984918160872,,,-8.337229642001065
actor_critic,,0,794,39.03118093492649,22,0.013406991958618164,14.466621398925781,,,1015.1130239408125,-20.356575434858147,1479.2423450763083,3.4487191547047007,,,-8.232985756613992
actor_critic,,0,795,38.78557195090219,22,0.013562679290771484,14.480345249176025,,,1002.2412397434765,-32.79776142740791,1478.6272190287286,3.458940950306979,,,-8.284550059925426
actor_critic,,0,796,39.09935381830853,22,0.01334238052368164,14.493845462799072,,,998.5643214298921,-35.03492062606595,1476.5704401108458,3.459827260537581,,,-8.191056685014205
actor_critic,,0,797,40.41264238256977,23,0.014394998550415039,14.508410215377808,,,963.2901881239984,-35.50999582785627,1426.857507267562,3.4650434618410855,,,-7.777715931768003
actor_critic,,0,798,38.33383442057482,22,0.013626813888549805,14.52219009399414,,,1027.757667560469,-23.85044029355049,1502.297282666476,3.464416113766757,,,-8.121462735262783
actor_critic,,0,799,38.585740328810495,22,0.013544082641601562,14.535897254943848,,,1023.4728509763426,-39.00982218777592,1517.832405294641,3.4603010524402964,,,-8.15926153009588
actor_critic,,0,800,39.06914473701812,22,0.013462066650390625,14.549521207809448,38.42091757695833,0.8236234532199808,1040.4684130779722,-29.607330436733637,1528.6796193127943,3.4584735957058994,,,-8.19744942405007
actor_critic,,0,801,38.909670526478855,22,0.013839006423950195,14.574302196502686,,,1002.258623231541,-71.16882424666123,1533.4678375826809,3.456460042433305,,,-8.318195689808238
actor_critic,,0,802,38.96710875853674,22,0.01368403434753418,14.588144302368164,,,1052.3304261386247,-23.950354649261996,1537.5439210489646,3.4588730443607676,,,-8.293837807395242
actor_critic,,0,803,38.5469247130257,22,0.013517141342163086,14.601839303970337,,,1058.3904482781547,-27.517242549495265,1551.2966615641596,3.4582220424305308,,,-8.278608148748225
actor_critic,,0,804,38.89470443301265,22,0.013463020324707031,14.615474224090576,,,1073.205845508386,-19.012872199104592,1560.3124126578596,3.4567853320728648,,,-8.293195551091975
actor_critic,,0,805,40.27657023259064,23,0.014133930206298828,14.629784107208252,,,1024.190575681141,-23.53798102328311,1496.7550961638538,3.456464207690695,,,-8.04267750615659
actor_critic,,0,806,39.175381825343806,22,0.013262271881103516,14.643207311630249,,,1069.1485023225066,-33.06377112492919,1574.5890246762322,3.456037998199463,,,-8.329111966219815
actor_critic,,0,807,40.19835822106272,23,0.013971805572509766,14.657350301742554,,,1033.0683811772412,-29.134914465572525,1517.4333204284067,3.4588056128958,,,-8.03735815960428
actor_critic,,0,808,38.53089032869441,22,0.013777971267700195,14.671303272247314,,,1083.63876794685,-31.22166156057607,1592.657870577024,3.460914145816456,,,-8.426993630149148
actor_critic,,0,809,40.448740804234056,23,0.01397085189819336,14.685457229614258,,,1042.2235397761283,-30.753085985131886,1532.8237799338835,3.459863735281903,,,-7.981915017832881
actor_critic,,0,810,38.61772570741364,22,0.013421058654785156,14.699044227600098,,,1098.5552644567056,-31.619781246578153,1614.535773242231,3.4625961888920176,,,-8.3399921764027
actor_critic,,0,811,37.20241451888974,21,0.012811899185180664,14.712026119232178,,,1157.6573664340235,-34.601848720794635,1703.2274966757257,3.461826347169422,,,-8.73881603422619
actor_critic,,0,812,40.400831330381756,23,0.013991832733154297,14.726203203201294,,,1075.7534304324377,-17.446978579072848,1561.714861718634,3.452562954114831,,,-8.085303265115488
actor_critic,,0,813,38.57215376595492,22,0.013405799865722656,14.73977541923523,,,1101.8066817014055,-42.10440190204165,1634.1587209849386,3.4506105292927134,,,-8.574260364879262
actor_critic,,0,814,40.38285119039405,23,0.014119863510131836,14.754093170166016,,,1058.8517409466692,-35.33636597560152,1563.1259026562025,3.455726737561433,,,-8.243148140285326
actor_critic,,0,815,40.53443018651875,23,0.013923883438110352,14.76818323135376,,,1078.930159509101,-19.15664100808942,1568.6955551707044,3.4607427431189497,,,-8.176202525263248
actor_critic,,0,816,37.16353008021451,21,0.012819051742553711,14.781164169311523,,,1188.162138153045,-20.086958336688223,1726.0700734848976,3.4677961667378745,,,-8.961398170107888
actor_critic,,0,817,38.91066937739197,22,0.013520240783691406,14.794824361801147,,,1136.3837020901794,-20.798352631316945,1653.1172606456516,3.4782679080963135,,,-8.66401394930753
actor_critic,,0,818,39.12747798246059,22,0.013277769088745117,14.808272123336792,,,1139.3637776560236,-19.97147986631502,1656.1932781716089,3.4850849996913564,,,-8.648094177246094
actor_critic,,0,819,38.786683330116055,22,0.013424873352050781,14.821842193603516,,,1128.3045214346864,-34.02083417316052,1660.4649094524582,3.4886938333511353,,,-8.704816644841975
actor_critic,,0,820,38.70506328113235,22,0.013741254806518555,14.835729360580444,39.172331341243805,1.2130513355590482,1110.4814788302915,-48.09675131568854,1655.1118175877068,3.493038361722773,,,-8.751106955788352
actor_critic,,0,821,38.433351832551025,22,0.013778209686279297,14.860458374023438,,,1130.7640514998611,-25.425113964487206,1651.698794344747,3.4950238141146572,,,-8.76533369584517
actor_critic,,0,822,38.71079321924809,22,0.013357162475585938,14.873984098434448,,,1120.6364725359124,-32.97713734615933,1648.0195663514103,3.4969092824242334,,,-8.727604952725498
actor_critic,,0,823,39.05698231504842,22,0.013755083084106445,14.887923240661621,,,1113.127512529831,-41.50214449553327,1649.4708577589533,3.5024864240126177,,,-8.705714139071377
actor_critic,,0,824,37.187411840924106,21,0.012984037399291992,14.901066303253174,,,1188.744170080693,-21.167178131994746,1728.4447869002886,3.5047128086998347,,,-9.125058855329241
actor_critic,,0,825,39.28178081974785,22,0.013421058654785156,14.914660215377808,,,1113.0527042052709,-42.53560414063659,1650.8404515789377,3.513954910365018,,,-8.743412364612926
actor_critic,,0,826,40.56155731131152,23,0.014228105545043945,14.929049253463745,,,1084.4291707535233,-20.58894358170421,1578.5974074251767,3.5171706365502398,,,-8.38092969811481
actor_critic,,0,827,38.71606750953684,22,0.013444662094116211,14.942660093307495,,,1122.9746676954355,-30.963636656037785,1648.4833204730055,3.522814913229509,,,-8.738399158824574
actor_critic,,0,828,38.284062838790504,22,0.01335000991821289,14.956178188323975,,,1119.92398258523,-31.8173938610337,1645.3448195414915,3.5286225405606357,,,-8.738766063343395
actor_critic,,0,829,37.32601925109418,21,0.012785911560058594,14.969115257263184,,,1162.4987039939012,-39.55549570439117,1717.2203110382072,3.5357482319786433,,,-9.077638898577009
actor_critic,,0,830,40.46940086878075,23,0.014127254486083984,14.983400344848633,,,1065.1098616516786,-29.639653341925662,1563.9279369546464,3.5361472731051236,,,-8.275724991508152
actor_critic,,0,831,38.374969405692894,22,0.013504981994628906,14.997076272964478,,,1122.266732233492,-22.528801042925227,1635.4222942312163,3.53986301205375,,,-8.60478487881747
actor_critic,,0,832,39.03489108693926,22,0.013206958770751953,15.010431289672852,,,1127.2011675419794,-20.762990011748943,1639.948855558061,3.5460592291571875,,,-8.594419999556107
actor_critic,,0,833,37.13858713430676,21,0.012883186340332031,15.023456335067749,,,1154.030187043051,-51.75789993362768,1722.5543667804893,3.5526133378346763,,,-9.035337902250744
actor_critic,,0,834,38.59269023079859,22,0.013345003128051758,15.036964178085327,,,1107.057475650683,-45.84764846143398,1647.007353472407,3.5559000318700615,,,-8.672243985262783
actor_critic,,0,835,38.40646973532255,22,0.013326883316040039,15.050446271896362,,,1121.5456704691858,-31.130169438028876,1646.6797990697246,3.5573810555718164,,,-8.680317271839488
actor_critic,,0,836,40.27944280492088,23,0.014082193374633789,15.064686298370361,,,1071.1987863889208,-30.184317422139905,1573.4045318268118,3.5603957072548242,,,-8.308102151621943
actor_critic,,0,837,36.86190865533533,21,0.012887716293334961,15.077739000320435,,,1153.3188514766239,-51.90202232272852,1721.7441834918823,3.560175350734166,,,-9.081029256184896
actor_critic,,0,838,38.965801688747995,22,0.01370096206665039,15.091597080230713,,,1115.708815895021,-31.55773225833069,1638.9522116613596,3.56153451312672,,,-8.666439403187145
actor_critic,,0,839,39.00923476090827,22,0.013232231140136719,15.104992389678955,,,1123.5407996976917,-19.28851583193649,1632.613337227408,3.5709029761227695,,,-8.644797585227273
actor_critic,,0,840,38.31679846426499,22,0.013503789901733398,15.118648052215576,38.99410608433739,1.2266320214876105,1108.3656439354475,-32.545777047899634,1629.87339354371,3.5794097618623213,,,-8.645713806152344
actor_critic,,0,841,39.167456872543816,22,0.013869047164916992,15.143311262130737,,,1118.2579624353145,-25.090860223905608,1633.3555433823813,3.583451108499007,,,-8.537126020951705
actor_critic,,0,842,40.35989170636019,23,0.014011859893798828,15.157464265823364,,,1075.6780289572705,-21.644202034272578,1567.6032019186077,3.58456187662871,,,-8.168833856997283
actor_critic,,0,843,35.29709572799489,20,0.012359857559204102,15.169977188110352,,,1226.8760371088981,-41.65130924507976,1812.1818387815263,3.5882094383239744,,,-9.434346771240234
actor_critic,,0,844,38.603823131238805,22,0.013608932495117188,15.183801174163818,,,1138.3517907178452,-20.49534781192514,1655.4959419143217,3.5909242521632803,,,-8.635570872913707
actor_critic,,0,845,36.98544324788014,21,0.012769699096679688,15.196716070175171,,,1172.945445230674,-42.51780802117927,1736.3761126135275,3.594684986841111,,,-9.113980247860862
actor_critic,,0,846,39.1009157749141,22,0.013648033142089844,15.210515260696411,,,1120.2508241353048,-36.39097217182544,1652.3455033638218,3.597526051781394,,,-8.715255737304688
actor_critic,,0,847,38.46244771656631,22,0.013643026351928711,15.224302291870117,,,1116.785336134786,-37.728296700357035,1649.3051525164205,3.601537921211936,,,-8.714651627974076
actor_critic,,0,848,37.24289871096957,21,0.012875080108642578,15.23731517791748,,,1162.0483151357178,-45.140992685975064,1724.556219638048,3.6037379673549106,,,-9.123578026181175
actor_critic,,0,849,38.49884977241307,22,0.013607025146484375,15.251074075698853,,,1125.387586854356,-25.9671345571564,1644.7924694718413,3.60659443248402,,,-8.726606195623225
actor_critic,,0,850,40.20286429424005,23,0.014234781265258789,15.26546311378479,,,1080.302533452885,-20.61937302124241,1572.7455484595696,3.612621255542921,,,-8.336527948794158
actor_critic,,0,851,40.37202700291955,23,0.014065980911254883,15.279690265655518,,,1080.4379032239237,-19.76170788478592,1571.7137199175827,3.623765116152556,,,-8.316327302352242
actor_critic,,0,852,37.02903876671676,21,0.012717962265014648,15.292567253112793,,,1165.003946908528,-35.88291057589508,1715.5527415644112,3.63293118703933,,,-9.089922223772321
actor_critic,,0,853,39.03470268070971,22,0.013778924942016602,15.306501150131226,,,1116.197439365089,-25.045837022025477,1630.3475495903351,3.636099338531494,,,-8.65062089399858
actor_critic,,0,854,36.727586138980435,21,0.01286005973815918,15.319519281387329,,,1158.989081915202,-33.684300629865554,1703.8191561247222,3.6387964884440103,,,-9.009373256138392
actor_critic,,0,855,37.30612052255193,21,0.012804031372070312,15.332478284835815,,,1162.9532292261497,-30.146163507586433,1704.427794424695,3.6429704143887474,,,-8.951339721679688
actor_critic,,0,856,40.04282719272262,23,0.014014005661010742,15.346648216247559,,,1069.8050809256636,-21.566621298699275,1559.1025500288538,3.6439106982687246,,,-8.223644090735394
actor_critic,,0,857,38.35879472267127,22,0.01348876953125,15.360310077667236,,,1112.3699442847546,-33.12552419508045,1636.4221493589205,3.6427873481403696,,,-8.565881208939986
actor_critic,,0,858,38.36072972527232,22,0.013441801071166992,15.373931169509888,,,1095.6151924080807,-45.520564340393655,1630.1939302837602,3.644549543207342,,,-8.620398087935014
actor_critic,,0,859,36.687005036804266,21,0.012704133987426758,15.386821269989014,,,1161.726246687628,-33.4996890461161,1707.4657395703252,3.649841092881702,,,-9.014790852864584
actor_critic,,0,860,38.65940210436422,22,0.013377904891967773,15.400354146957397,38.06200627165271,0.909607963226413,1114.69843487958,-25.53698232888498,1628.9077895992775,3.6503455205397173,,,-8.571111505681818
actor_critic,,0,861,36.76377750617276,21,0.01345682144165039,15.424527168273926,,,1167.3052768235127,-29.032522781973793,1709.054062552351,3.6489618051619757,,,-8.928514026460194
actor_critic,,0,862,39.10647292899392,22,0.01375579833984375,15.438424110412598,,,1129.504040605304,-21.31121214242144,1644.0218043005918,3.6495147293264214,,,-8.558371110395951
actor_critic,,0,863,38.43944289936971,22,0.013514041900634766,15.452087163925171,,,1127.2525380663574,-25.658469973470677,1647.015828028734,3.652614886110479,,,-8.658515930175781
actor_critic,,0,864,40.33806660196158,23,0.014155149459838867,15.466394186019897,,,1071.9458483664887,-24.133869835701972,1565.8282909319717,3.655432535254437,,,-8.299052362856658
actor_critic,,0,865,38.71166851770299,22,0.013549089431762695,15.480120182037354,,,1117.3894290546887,-19.328089777041566,1623.882169370349,3.6621236584403296,,,-8.632679332386363
actor_critic,,0,866,38.73961411098073,22,0.013602018356323242,15.493885278701782,,,1062.6980635366317,-38.07488452270627,1572.5328035549874,3.675962523980574,,,-8.52098222212358
actor_critic,,0,867,38.903203554124396,22,0.013747215270996094,15.507796287536621,,,1042.4479712576351,-33.027324385263704,1536.3932850274193,3.6856992027976294,,,-8.491878162730824
actor_critic,,0,868,40.20323530674069,23,0.014184951782226562,15.522141218185425,,,1006.6734304024798,-19.18487279926953,1465.5118518859128,3.6918033931566323,,,-8.11924411939538
actor_critic,,0,869,38.696525838044124,22,0.013645172119140625,15.535953283309937,,,1040.6883814619346,-26.94296248968352,1525.1876223349457,3.698437723246488,,,-8.472475225275213
actor_critic,,0,870,39.3046279110469,22,0.013645172119140625,15.549748420715332,,,1037.844497660683,-29.526385421780024,1524.8155948394613,3.6984429251063955,,,-8.437009638006037
actor_critic,,0,871,39.03218337219861,22,0.013396978378295898,15.563299179077148,,,1039.1714325494725,-27.889811680736866,1524.373286908937,3.701097705147483,,,-8.415308172052557
actor_critic,,0,872,36.9753401948748,21,0.012847900390625,15.576303243637085,,,1070.8666995919887,-45.262367368099234,1594.470122238366,3.709327663694109,,,-8.77336193266369
actor_critic,,0,873,39.00512864583927,22,0.013589143753051758,15.590030193328857,,,1020.4682972756723,-42.68010399388996,1518.7833867649738,3.713827599178661,,,-8.335479736328125
actor_critic,,0,874,37.28943906785932,21,0.012776851654052734,15.602966070175171,,,1090.112949022225,-27.209772164622944,1596.175321857711,3.7136728082384383,,,-8.655519757952009
actor_critic,,0,875,36.94438259442894,21,0.012972116470336914,15.616067171096802,,,1090.314054535968,-30.227599646363938,1600.7737501600668,3.717895189921061,,,-8.768455868675595
actor_critic,,0,876,38.520639661506344,22,0.013522148132324219,15.629728317260742,,,1027.4709305275571,-39.65804788808931,1524.4700849050105,3.721278960054571,,,-8.24507695978338
actor_critic,,0,877,37.2167982969541,21,0.012892723083496094,15.642758131027222,,,1095.444516127663,-25.89621261400836,1601.915348397978,3.71220326423645,,,-8.634504772367931
actor_critic,,0,878,37.26909318860643,21,0.012913942337036133,15.65580415725708,,,1103.9384273588657,-23.22947338578247,1610.2399487346188,3.7029838221413747,,,-8.737585158575149
actor_critic,,0,879,38.95677060280218,22,0.01341104507446289,15.669369220733643,,,1053.5176230719821,-24.15355458618565,1539.530271218645,3.7086003476923164,,,-8.443941289728338
actor_critic,,0,880,38.49945053173167,22,0.013631105422973633,15.683151245117188,38.10176673421428,0.7912817968872913,1022.7450167604468,-54.78938025032932,1539.3349606901174,3.7138469110835683,,,-8.5117319280451
actor_critic,,0,881,38.22117711525032,22,0.01393580436706543,15.707672119140625,,,1029.4260843707757,-47.39508179642937,1538.315950086933,3.7185251170938667,,,-8.533707358620383
actor_critic,,0,882,38.64078617193684,22,0.013651132583618164,15.721470355987549,,,1023.3749490008817,-51.594522614709355,1535.6706182545115,3.721022269942544,,,-8.39080116965554
actor_critic,,0,883,37.283898774907534,21,0.012984752655029297,15.734615087509155,,,1074.9202211967536,-57.49868694870245,1617.7412458785943,3.723805450257801,,,-8.812375749860491
actor_critic,,0,884,38.63543324014585,22,0.013457298278808594,15.748223304748535,,,1054.4100345261395,-21.861946863884274,1537.5314828412481,3.734256148338318,,,-8.334930419921875
actor_critic,,0,885,40.60398206218265,23,0.014228105545043945,15.762594223022461,,,1020.685314576344,-48.6850420764607,1527.671969991228,3.738714891931285,,,-8.15321217412534
actor_critic,,0,886,38.78453770870543,22,0.013523340225219727,15.776255369186401,,,1055.1681416068566,-23.07271381365982,1540.3440894710259,3.7404406287453393,,,-8.297034523703836
actor_critic,,0,887,38.83786224044303,22,0.013659238815307617,15.79006838798523,,,931.8695849207314,-27.78687138584527,1370.9377819377696,3.7469170743768867,,,-7.776664733886719
actor_critic,,0,888,39.12596320372554,22,0.013402938842773438,15.803642272949219,,,924.0929163111882,-30.1377450667999,1363.1867476234804,3.7498627575961025,,,-7.994342457164418
actor_critic,,0,889,37.176720185133924,21,0.012542963027954102,15.816344261169434,,,957.4326198335204,-35.64540139763128,1418.6829032285161,3.747865154629662,,,-8.247708275204612
actor_critic,,0,890,36.55061915954964,21,0.01289224624633789,15.829397439956665,,,968.1562582164826,-26.72391419396514,1421.2573834163736,3.750915754409063,,,-8.170801798502604
actor_critic,,0,891,36.9292104833488,21,0.01275491714477539,15.842306137084961,,,874.9004000666596,-123.84741021621795,1426.7826193618212,3.7575068587348577,,,-8.274342128208705
actor_critic,,0,892,47.59509405973986,35,0.02121591567993164,15.863694190979004,,,21.84821728446654,-8.114220411224025,42.803482996945135,3.7578990936279295,,,-2.38566540990557
actor_critic,,0,893,103.03823120462322,59,0.03519773483276367,15.899057149887085,,,303.15382171788457,-5.808335510856014,441.37451382742216,3.7685201370109946,,,-1.6358082456103826
actor_critic,,0,894,79.04823669087814,46,0.027445077896118164,15.926683187484741,,,550.7572074772223,-18.633115468465764,813.4147616696908,3.774961751440297,,,-2.870786646138067
actor_critic,,0,895,38.462841136411434,22,0.013496875762939453,15.940333127975464,,,1019.872666423971,-20.995726869864896,1486.954929602417,3.776796135035428,,,-7.346292669122869
actor_critic,,0,896,40.37376349319786,23,0.01433706283569336,15.954833269119263,,,1030.8706628234409,-25.92365255789912,1509.7061610754438,3.7765741451926855,,,-6.6729869013247285
actor_critic,,0,897,38.390246748246675,22,0.013584136962890625,15.968573331832886,,,1118.5144833580337,-39.084417244250126,1653.7127481885361,3.7760026888413862,,,-6.877133456143466
actor_critic,,0,898,38.27667694536728,22,0.0137939453125,15.982521295547485,,,267.5107061321085,-23.183851033449173,415.2779443196275,3.775691433386369,,,-6.657216505570845
actor_critic,,0,899,36.92704628498565,21,0.013079166412353516,15.995790243148804,,,315.07067393121264,-21.64572000432582,481.0234475764224,3.7768158799126033,,,-6.648870014009022
actor_critic,,0,900,46.316891943520226,27,0.01641082763671875,16.01235818862915,39.82715598289888,2.83646358557819,251.27561900957866,-27.72079320527889,398.5663147792996,3.779514674787168,,,-5.554762804949725
actor_critic,,0,901,38.22518478819363,22,0.013679981231689453,16.037078142166138,,,721.6230646121654,-16.106116183779456,1053.8988376703135,3.7823867689479482,,,-6.501787879250267
actor_critic,,0,902,43.71972362191095,25,0.015633106231689453,16.052850246429443,,,267.15309351593254,-22.52157625079155,413.8209752597008,3.7751965522766113,,,-5.245700836181641
actor_critic,,0,903,70.31126781384164,41,0.02478790283203125,16.077811241149902,,,494.02661200421977,-3.3949061240546587,710.6021686873296,3.7712502712156715,,,-2.310136981126739
actor_critic,,0,904,39.67571756851883,23,0.013965129852294922,16.091942310333252,,,323.29125316522044,-14.553843901857086,482.63586486633056,3.776709452919338,,,-4.539358056109885
actor_critic,,0,905,38.629117733917894,22,0.01361703872680664,16.105716228485107,,,197.9703592766415,-15.30451500415802,304.67840212431145,3.7773142511194404,,,-4.390327627008611
actor_critic,,0,906,78.7457267942063,45,0.027034759521484375,16.132911205291748,,,710.2961450510555,-4.6535052829318575,1021.3566284325387,3.771523756451077,,,-1.4699720594618055
actor_critic,,0,907,72.66061591148775,42,0.02488112449645996,16.157971382141113,,,800.8486316956225,-9.146973033391294,1157.1365986800574,3.7696047510419572,,,-1.633086431594122
actor_critic,,0,908,140.04471026260154,73,0.04360699653625488,16.20174527168274,,,828.8031026920278,-4.448681969859012,1190.3597047052647,3.76877645597066,,,-0.5272294135942851
actor_critic,,0,909,104.93771936896233,60,0.036004066467285156,16.237906217575073,,,892.225463625292,0.6949649234612783,1273.6150075980152,3.7675079464912415,,,-1.021384302775065
actor_critic,,0,910,20.517281518069183,15,0.00931692123413086,16.24740505218506,,,667.5515785336495,-10.626444059610368,968.8258082214122,3.763443104426066,,,-6.551585388183594
actor_critic,,0,911,17.139252620499157,13,0.00783681869506836,16.255378246307373,,,709.6300439013777,-26.821548119760475,1052.0737403098924,3.7624805523799014,,,-7.933965242826021
actor_critic,,0,912,10.701678864906654,10,0.006369113922119141,16.26192617416382,,,867.4062651276588,-31.439356136322022,1284.065266711265,3.762382960319519,,,-10.359154510498048
actor_critic,,0,913,10.500892121934221,10,0.0061969757080078125,16.268274307250977,,,769.1250101566314,-23.331891679763793,1132.0813085243105,3.763389563560486,,,-10.121986389160156
actor_critic,,0,914,15.023514346190696,12,0.00775909423828125,16.27618718147278,,,653.5245438714823,-27.17410883307457,972.4266171278432,3.7657936414082847,,,-8.444192886352539
actor_critic,,0,915,21.29298377347321,15,0.009324073791503906,16.285661220550537,,,583.2444335222244,-17.12279233535131,857.6674389541149,3.7675577799479165,,,-6.442850748697917
actor_critic,,0,916,140.44781768450088,75,0.044943809509277344,16.3307683467865,,,391.01994630346695,-1.7141142209370932,561.0486627216171,3.7579777431488037,,,-0.6983834711710611
actor_critic,,0,917,73.33255949056331,46,0.027624130249023438,16.358570337295532,,,172.06433114474234,-6.304214297429375,254.81221516404057,3.766953203989112,,,-2.2109972083050273
actor_critic,,0,918,21.51187216226459,15,0.009229898452758789,16.367966413497925,,,488.2813734551271,-17.290254831314087,722.2451717247566,3.77080717086792,,,-6.507689921061198
actor_critic,,0,919,14.83463833855934,12,0.007544279098510742,16.375673294067383,,,635.0846522357315,-73.19877649160723,1011.8334854381052,3.769212245941162,,,-8.94326400756836
actor_critic,,0,920,75.46252292785505,46,0.02795124053955078,16.40378713607788,12.892899253787181,0.13287775328627385,89.46452198695877,-8.592500977218151,140.08146150294772,3.7558496672174204,,,-1.4902407190074092
actor_critic,,0,921,19.326743721999847,14,0.008738040924072266,16.418655395507812,,,599.7617891409567,-18.02552995937211,882.5532772240362,3.7561635289873396,,,-7.134860992431641
actor_critic,,0,922,12.832748105364576,11,0.006802082061767578,16.425636291503906,,,691.5452741817994,-49.59076454422691,1058.7658235813406,3.756211605938998,,,-9.90289306640625
actor_critic,,0,923,83.3250931200673,48,0.02916693687438965,16.45492720603943,,,323.252942532689,-10.17003480810672,476.3185444736737,3.749681696295738,,,-0.7043362061182658
actor_critic,,0,924,93.60055980028855,53,0.031694650650024414,16.48680806159973,,,591.4798254179505,-6.0995188524138255,853.6848086723179,3.742876664647516,,,-0.9359102788961159
actor_critic,,0,925,12.716580245813624,11,0.0067729949951171875,16.49374008178711,,,454.64584508199584,-40.167156222869046,706.8757401759186,3.7439591234380547,,,-8.330147483132102
actor_critic,,0,926,14.767478140999348,12,0.0076601505279541016,16.501529216766357,,,241.68012616038322,-33.14292633533478,392.6043581080933,3.7407827973365784,,,-6.274496714274089
actor_critic,,0,927,87.85559393644034,50,0.02988409996032715,16.531583309173584,,,299.1368055438995,1.6793710422515868,424.9391873383522,3.7377501344680786,,,-0.4503644561767578
actor_critic,,0,928,17.136436913443777,13,0.00774383544921875,16.539506196975708,,,104.88548096326682,-22.240743270287147,181.60889291534056,3.73856390439547,,,-5.063024630913367
actor_critic,,0,929,108.35578983246724,60,0.035806894302368164,16.57547116279602,,,1061.6505041052899,1.3968759963909785,1514.6480372873446,3.728690481185913,,,-0.008994189898173015
actor_critic,,0,930,91.07897680145014,50,0.029594898223876953,16.605242252349854,,,961.7008926796913,9.491667082309723,1360.2989140798898,3.7224124097824096,,,-0.7033261489868164
actor_critic,,0,931,80.63224138278547,46,0.027636289596557617,16.633045434951782,,,486.7160847076903,-6.2683157000852665,704.2634392378083,3.7105585233024927,,,-1.0649537729180378
actor_critic,,0,932,82.85222261140045,48,0.028584957122802734,16.661806106567383,,,172.92887862026691,-1.877221703529358,249.72300583372513,3.6981074114640555,,,-0.8822025259335836
actor_critic,,0,933,21.621777078930197,15,0.008986711502075195,16.671041011810303,,,348.40544896125795,-33.01459058125814,544.8857644915581,3.702638037999471,,,-5.344668515523275
actor_critic,,0,934,12.81603091602131,11,0.006731986999511719,16.67792510986328,,,483.61558315970683,-32.31356430053711,737.0416624600238,3.7022884759035977,,,-8.047554536299272
actor_critic,,0,935,14.867912339363654,12,0.007393836975097656,16.685487270355225,,,458.98925081888837,-20.580916961034138,685.1002577096224,3.6993144353230796,,,-7.057160059611003
actor_critic,,0,936,14.693931617134345,12,0.007388114929199219,16.693024396896362,,,622.0362568298975,-19.676151990890503,916.7320420245329,3.698042929172516,,,-7.411612192789714
actor_critic,,0,937,12.840322301036995,11,0.0068781375885009766,16.700067281723022,,,816.7052657387474,-17.06445201960477,1191.0995111302896,3.697517763484608,,,-8.676268490878018
actor_critic,,0,938,17.056895288378552,13,0.008156776428222656,16.708380222320557,,,809.4837156167397,-17.99971696275931,1182.1191180880683,3.7006753591390757,,,-7.701073866624099
actor_critic,,0,939,17.045960465932826,13,0.008044242858886719,16.716602325439453,,,789.3732088666695,-33.286183210519646,1175.227755229347,3.702510576981765,,,-7.01576174222506
actor_critic,,0,940,12.87747518409805,11,0.006865024566650391,16.72361421585083,10.458073486698819,0.602024292231023,1107.2709372693841,-48.47959727048874,1651.0721379545603,3.698908805847168,,,-9.0743539983576
actor_critic,,0,941,10.764747473618602,10,0.006469011306762695,16.736099243164062,,,1369.2606186032294,-34.77381436824798,2005.7634284164756,3.692651391029358,,,-11.156759643554688
actor_critic,,0,942,9.210194499612472,9,0.00555109977722168,16.7417893409729,,,1644.9597856402397,-33.60176499022378,2397.945094309747,3.689381387498644,,,-13.257089402940538
actor_critic,,0,943,10.800012068500429,10,0.0062808990478515625,16.74820828437805,,,1565.842642569542,-75.06386668682099,2344.1522380530832,3.68953332901001,,,-12.616622924804688
actor_critic,,0,944,10.668009730233303,10,0.006201744079589844,16.75456428527832,,,1739.1994757890702,-81.62646675109863,2601.179888126254,3.6879910707473753,,,-13.2515869140625
actor_critic,,0,945,9.203682088707094,9,0.005792140960693359,16.76055335998535,,,2248.6114736170402,-64.28750303304858,3304.1416264947297,3.686793406804403,,,-16.069076538085938
actor_critic,,0,946,8.980304172364782,9,0.005629062652587891,16.76632523536682,,,2126.14037126965,-70.92748194270663,3138.6682704637446,3.684063990910848,,,-15.755684746636284
actor_critic,,0,947,10.790329394326562,10,0.006208896636962891,16.772688150405884,,,1893.0475960969925,-60.1785150885582,2790.3231176264585,3.6803742170333864,,,-14.40743408203125
actor_critic,,0,948,7.573988207282929,8,0.004933834075927734,16.777752161026,,,2073.497990015894,-61.9335272051394,3050.616273027961,3.678650289773941,,,-17.47382354736328
actor_critic,,0,949,7.605707185053514,8,0.004888057708740234,16.782788276672363,,,1827.9759181812406,-58.92127859592438,2695.5674275369383,3.6792709827423096,,,-17.960407257080078
actor_critic,,0,950,8.916147412311432,9,0.005745887756347656,16.788653135299683,,,1400.5244372089703,-105.7365493575732,2151.8014619632936,3.6804902818467884,,,-15.956885443793404
actor_critic,,0,951,7.472958915494975,8,0.004982948303222656,16.793764114379883,,,1293.227526664734,-67.65144371986389,1944.1129075214267,3.682214230298996,,,-17.330309867858887
actor_critic,,0,952,8.922530494510674,9,0.005728721618652344,16.799638032913208,,,930.6056295186281,-50.608809327085815,1401.7348722387105,3.6844873163435192,,,-15.601621839735243
actor_critic,,0,953,7.604713684919702,8,0.004834175109863281,16.804625272750854,,,1021.6597512699664,-62.91550263762474,1549.3931893603367,3.6883870661258698,,,-17.92202091217041
actor_critic,,0,954,9.073900333451306,9,0.00579524040222168,16.81058621406555,,,840.0716867099205,-99.69804609153006,1342.5282276283122,3.6904828018612332,,,-15.796669006347656
actor_critic,,0,955,9.201217651088152,9,0.005711078643798828,16.816445350646973,,,916.6153709112356,-50.19624634501007,1381.1594532681693,3.6921895345052085,,,-15.480010138617622
actor_critic,,0,956,9.07692348236364,9,0.005645036697387695,16.822258234024048,,,888.5997854098678,-71.80572076638539,1372.007836568124,3.6938427289326987,,,-14.854334513346354
actor_critic,,0,957,7.409592394192186,8,0.0050771236419677734,16.827478170394897,,,959.1255443394184,-106.68996676430106,1522.5935366661288,3.6961654126644135,,,-16.027782440185547
actor_critic,,0,958,8.936621893359831,9,0.0055789947509765625,16.833179235458374,,,859.022708495458,-43.691692166858246,1289.5920661652667,3.6990534464518228,,,-13.561993916829428
actor_critic,,0,959,7.5262706310351675,8,0.004843950271606445,16.838158130645752,,,858.5844383575022,-50.632530653849244,1298.8813810835418,3.7031451165676117,,,-13.943507194519043
actor_critic,,0,960,9.246290832239119,9,0.00558018684387207,16.843881368637085,7.976952437093638,0.674278718479345,825.997328625785,-40.149379677242706,1237.3524949550629,3.7056041028764515,,,-11.171069675021702
actor_critic,,0,961,9.136032608095356,9,0.005756855010986328,16.854928255081177,,,450.2725422649334,-32.79721457014481,690.099635263698,3.707170671886868,,,-10.554606119791666
actor_critic,,0,962,8.650650347777686,9,0.005710124969482422,16.86075735092163,,,360.5533374150594,-43.25865548186832,576.8742961916658,3.709416972266303,,,-10.11716037326389
actor_critic,,0,963,7.5124920427879225,8,0.0048809051513671875,16.865782022476196,,,415.37066385149956,-42.57724350690842,654.2112983763218,3.710015833377838,,,-11.252270698547363
actor_critic,,0,964,9.152921088854654,9,0.005551815032958984,16.871461153030396,,,874.0873897896251,-39.77179008060031,1305.51312201659,3.7083579699198403,,,-9.688465542263454
actor_critic,,0,965,9.061709046984294,9,0.005540132522583008,16.87715244293213,,,666.2615105112394,-26.846882541974384,990.1548984083864,3.705363220638699,,,-9.24440468682183
actor_critic,,0,966,10.430369331675536,10,0.006203889846801758,16.883493185043335,,,479.43825647830965,-17.445176073908804,709.8335138708353,3.70537588596344,,,-7.801840209960938
actor_critic,,0,967,9.050987951796785,9,0.005384922027587891,16.88901400566101,,,531.6709136424793,-23.49511877944072,793.0943729541226,3.709243377049764,,,-8.572239345974392
actor_critic,,0,968,8.88798056715988,9,0.0055119991302490234,16.894655227661133,,,504.21096681699987,-49.963481683697964,791.6777726090836,3.7122705512576633,,,-8.32322523328993
actor_critic,,0,969,9.099733938927729,9,0.005548000335693359,16.900302171707153,,,520.7599181549417,-37.785043090581894,797.9213547527065,3.714584403567844,,,-8.529910617404514
actor_critic,,0,970,9.37249578431961,9,0.0056459903717041016,16.90609121322632,,,519.7760802513609,-30.187580665366518,785.6624405805746,3.717274268468221,,,-8.982458326551649
actor_critic,,0,971,8.986729549441039,9,0.005538225173950195,16.911758184432983,,,527.306513476289,-25.85946934752994,790.2370887849635,3.7202871905432806,,,-9.386473761664497
actor_critic,,0,972,8.925748462644096,9,0.00545191764831543,16.91736125946045,,,530.6644917722377,-33.36333392146561,805.7540618252954,3.7232609854804144,,,-9.580941094292534
actor_critic,,0,973,8.800945002368833,9,0.005407094955444336,16.92289113998413,,,562.4506329521537,-25.430845984154278,839.8307243957534,3.725963142183092,,,-9.807438320583767
actor_critic,,0,974,7.490334315129326,8,0.004937171936035156,16.92809534072876,,,602.8108871392178,-28.23262149654329,901.4907009868475,3.7294056117534637,,,-11.141697883605957
actor_critic,,0,975,8.757623175311586,9,0.005490303039550781,16.93369436264038,,,528.3962440577646,-30.48690652516153,798.4044739837474,3.7315715418921576,,,-9.531449211968315
actor_critic,,0,976,8.748394492800916,9,0.005505084991455078,16.939335346221924,,,523.7226410958295,-28.818489683998955,789.3444967952156,3.7326618830362954,,,-9.38045162624783
actor_critic,,0,977,7.453761127471063,8,0.0050432682037353516,16.944490432739258,,,575.9501673951745,-49.80301471333951,893.9331107539474,3.7330384254455566,,,-10.603714942932129
actor_critic,,0,978,7.441550863400658,8,0.004855155944824219,16.94953227043152,,,592.1871349187568,-24.439033210277557,880.8945222459515,3.7341238856315613,,,-10.417814254760742
actor_critic,,0,979,8.886379466552077,9,0.005752086639404297,16.955406188964844,,,490.5070134318537,-47.40390410688188,768.4441687967758,3.7381313376956515,,,-9.037433200412327
actor_critic,,0,980,7.391897672319871,8,0.005081892013549805,16.960634231567383,7.713905362383384,0.5598126871211396,579.1685402193107,-24.898320118896663,862.9527421813691,3.7400983273983,,,-9.70970344543457
actor_critic,,0,981,8.940840282359432,9,0.005815029144287109,16.97173023223877,,,512.0910219529437,-22.98067557770345,764.3881332259431,3.7421237097846136,,,-8.58747778998481
actor_critic,,0,982,7.494819097761696,8,0.005098819732666016,16.97696018218994,,,572.9694800325669,-28.5872466028668,859.36674690777,3.74400594830513,,,-10.013736724853516
actor_critic,,0,983,10.1215582270235,10,0.0061798095703125,16.98328709602356,,,467.2463800099678,-19.050353500247002,694.7096433054481,3.7439791917800904,,,-8.045969390869141
actor_critic,,0,984,7.653208726880182,8,0.00488591194152832,16.988298416137695,,,557.6216354072094,-42.41514944471419,857.1954265561071,3.745187669992447,,,-10.114574432373047
actor_critic,,0,985,11.153348474931231,10,0.006104946136474609,16.99452519416809,,,452.93011665381493,-36.41831108443439,699.0692031248997,3.747203516960144,,,-8.053536987304687
actor_critic,,0,986,10.593155242607354,10,0.006100893020629883,17.000763177871704,,,452.7126468427479,-24.6290713429451,681.916781269107,3.748306393623352,,,-8.103791046142579
actor_critic,,0,987,10.802823189643794,10,0.006242036819458008,17.007131338119507,,,444.7241117751226,-39.7919909067452,692.1659018534759,3.748591923713684,,,-8.272501373291016
actor_critic,,0,988,10.987303485048551,10,0.0062808990478515625,17.013606309890747,,,465.9687909901142,-19.798538771271705,693.9533291175961,3.745578479766846,,,-8.297972106933594
actor_critic,,0,989,9.117368306347846,9,0.005548954010009766,17.01926827430725,,,508.8751270481993,-33.8041138201952,775.2561288534457,3.7440432707468667,,,-9.09074232313368
actor_critic,,0,990,12.595784656281541,11,0.00690913200378418,17.0263032913208,,,396.5688099915331,-42.104626056822866,626.6762968506664,3.741859110918912,,,-7.128248734907671
actor_critic,,0,991,14.885713318860494,12,0.0073969364166259766,17.033857107162476,,,380.20977121964097,-26.650361297031242,581.2287883057725,3.7384294668833413,,,-6.7457326253255205
actor_critic,,0,992,10.764751764496554,10,0.0061991214752197266,17.04021716117859,,,459.52618397027254,-40.51276000514626,714.3413982650324,3.7390162706375123,,,-8.47991714477539
actor_critic,,0,993,12.692029576125936,11,0.0068569183349609375,17.047227144241333,,,416.73467866940933,-46.037171905690975,661.1026676844128,3.7395479028875176,,,-7.43722187389027
actor_critic,,0,994,143.2620704641625,78,0.04715085029602051,17.094532251358032,,,212.54754733733643,4.3756054150752535,297.38848700499733,3.7418779776646542,,,0.9386973992372171
actor_critic,,0,995,65.48453642842321,36,0.021600008010864258,17.116310119628906,,,320.3410165061553,-1.5783893879916933,459.88486139062377,3.7411983013153076,,,-1.2172311411963568
actor_critic,,0,996,92.02126963212638,50,0.029814958572387695,17.14628028869629,,,214.30872079968452,-5.753091179132461,314.37402072933037,3.731931095123291,,,-0.5398012161254883
actor_critic,,0,997,67.3300916315601,37,0.022335052490234375,17.168771266937256,,,394.7132535383508,-10.721540051537591,579.192568366592,3.7316590193155648,,,-1.1598178760425464
actor_critic,,0,998,77.10701016359596,42,0.02569293975830078,17.194647073745728,,,267.05866525836643,-6.076748676243282,390.1934626745351,3.732295666422163,,,-0.9853296734037853
actor_critic,,0,999,52.89905870104118,30,0.018340110778808594,17.21316933631897,,,609.5241765901446,-9.285576413820188,884.0139554089557,3.736094903945923,,,-2.091732915242513
actor_critic,,0,1000,54.656903292675366,31,0.01869988441467285,17.232049226760864,60.14887941300394,4.531217112979504,488.43976264675297,-15.166461325701206,719.4374645141694,3.73081160360767,,,-1.9638980434786888
