algo,ac_variant,n_steps,baseline,seed,episode,episode_return,episode_steps,episode_time_sec,elapsed_time_sec,eval_mean_return,eval_std_return,loss,policy_loss,value_loss,entropy,mean_return,mean_advantage,advantage
reinforce,,,50.0,1,1,48.77487904113931,45,0.02020406723022461,0.02020716667175293,,,-58.27186965942383,-58.27186965942383,,,22.113414764404297,-27.88658332824707,
reinforce,,,50.0,1,2,35.91012152476234,27,0.004626274108886719,0.02494215965270996,,,-57.15377426147461,-57.15377426147461,,,18.85335350036621,-31.14664649963379,
reinforce,,,50.0,1,3,92.92890208044123,53,0.009939908981323242,0.03496193885803223,,,-8.878799438476562,-8.878799438476562,,,44.132530212402344,-5.867468357086182,
reinforce,,,50.0,1,4,95.4592884198565,64,0.01101064682006836,0.046109914779663086,,,-30.1412296295166,-30.1412296295166,,,38.07398986816406,-11.926010131835938,
reinforce,,,50.0,1,5,23.407420857981307,19,0.0032958984375,0.04956698417663574,,,-84.7156982421875,-84.7156982421875,,,12.375941276550293,-37.62405776977539,
reinforce,,,50.0,1,6,51.132232189919755,35,0.00574183464050293,0.05537891387939453,,,-50.56563949584961,-50.56563949584961,,,27.713781356811523,-22.286216735839844,
reinforce,,,50.0,1,7,265.3418035702318,123,0.01985788345336914,0.07531285285949707,,,116.13377380371094,116.13377380371094,,,100.72665405273438,50.72664260864258,
reinforce,,,50.0,1,8,101.5650742574916,59,0.009480953216552734,0.08492803573608398,,,-14.64535903930664,-14.64535903930664,,,44.521114349365234,-5.478885173797607,
reinforce,,,50.0,1,9,105.93157064843268,58,0.009243965148925781,0.09429097175598145,,,-3.305483341217041,-3.305483341217041,,,48.44303512573242,-1.5569640398025513,
reinforce,,,50.0,1,10,75.91821321449717,46,0.007381916046142578,0.10175418853759766,,,-35.31733703613281,-35.31733703613281,,,35.06620788574219,-14.933793067932129,
reinforce,,,50.0,1,11,81.82297706563635,47,0.007559061050415039,0.10942316055297852,,,-24.87122344970703,-24.87122344970703,,,37.91862487792969,-12.081375122070312,
reinforce,,,50.0,1,12,2.0351359324163116,24,0.004246234893798828,0.11376118659973145,,,-133.36622619628906,-133.36622619628906,,,-3.853041648864746,-53.85304260253906,
reinforce,,,50.0,1,13,244.98154182004455,140,0.021940946578979492,0.13580918312072754,,,75.59044647216797,75.59044647216797,,,84.58663177490234,34.586639404296875,
reinforce,,,50.0,1,14,83.10851285815025,49,0.007706165313720703,0.1436631679534912,,,-22.68840217590332,-22.68840217590332,,,38.84823989868164,-11.151759147644043,
reinforce,,,50.0,1,15,199.63866225341667,98,0.01576709747314453,0.1594991683959961,,,74.96407318115234,74.96407318115234,,,80.99873352050781,30.998729705810547,
reinforce,,,50.0,1,16,68.50635017323906,40,0.006561756134033203,0.16622591018676758,,,-32.84516143798828,-32.84516143798828,,,32.6015739440918,-17.398426055908203,
reinforce,,,50.0,1,17,350.9772122810285,152,0.023704051971435547,0.19000720977783203,,,166.43740844726562,166.43740844726562,,,125.02488708496094,75.0248794555664,
reinforce,,,50.0,1,18,250.65238345703332,123,0.018329143524169922,0.2084810733795166,,,95.96961212158203,95.96961212158203,,,94.18384552001953,44.18385314941406,
reinforce,,,50.0,1,19,1.2116867990468467,21,0.003554105758666992,0.21215224266052246,,,-104.12464141845703,-104.12464141845703,,,-3.776060104370117,-53.776058197021484,
reinforce,,,50.0,1,20,197.5789552852658,105,0.016582012176513672,0.2288050651550293,291.61065408928937,14.80530526828654,53.216583251953125,53.216583251953125,,,77.18740844726562,27.187402725219727,
reinforce,,,50.0,1,21,275.10231885780684,153,0.023513078689575195,0.31055307388305664,,,92.99580383300781,92.99580383300781,,,92.13082122802734,42.130821228027344,
reinforce,,,50.0,1,22,262.1151061404322,140,0.021108150482177734,0.3317902088165283,,,89.8612060546875,89.8612060546875,,,92.54705810546875,42.54705047607422,
reinforce,,,50.0,1,23,119.97919974742672,69,0.010515928268432617,0.3424398899078369,,,6.514767646789551,6.514767646789551,,,51.00334930419922,1.003353238105774,
reinforce,,,50.0,1,24,164.93003631561453,101,0.015536069869995117,0.3580620288848877,,,27.826156616210938,27.826156616210938,,,61.963199615478516,11.963197708129883,
reinforce,,,50.0,1,25,110.42608164819082,64,0.009927988052368164,0.36826610565185547,,,-3.849600076675415,-3.849600076675415,,,48.635032653808594,-1.3649647235870361,
reinforce,,,50.0,1,26,273.29376799734337,183,0.02854132652282715,0.39688920974731445,,,60.48174285888672,60.48174285888672,,,77.34336853027344,27.343360900878906,
reinforce,,,50.0,1,27,266.85038912265253,129,0.019204139709472656,0.41621923446655273,,,114.58876037597656,114.58876037597656,,,98.91259765625,48.912601470947266,
reinforce,,,50.0,1,28,219.80236793096694,109,0.01713395118713379,0.43347907066345215,,,74.70211791992188,74.70211791992188,,,85.7268295288086,35.726829528808594,
reinforce,,,50.0,1,29,211.2544294061195,142,0.021638154983520508,0.4552271366119385,,,42.70425033569336,42.70425033569336,,,70.58890533447266,20.58890151977539,
reinforce,,,50.0,1,30,138.6053009372347,87,0.013224124908447266,0.4685502052307129,,,10.005121231079102,10.005121231079102,,,54.13593292236328,4.135931491851807,
reinforce,,,50.0,1,31,104.48564701800645,55,0.008708715438842773,0.47733092308044434,,,-2.2029097080230713,-2.2029097080230713,,,49.558143615722656,-0.4418535530567169,
reinforce,,,50.0,1,32,138.9031289541715,84,0.013032197952270508,0.4904482364654541,,,12.036431312561035,12.036431312561035,,,55.13860321044922,5.1386027336120605,
reinforce,,,50.0,1,33,235.44099444166994,151,0.02312493324279785,0.5136749744415283,,,51.16569900512695,51.16569900512695,,,76.72335815429688,26.723358154296875,
reinforce,,,50.0,1,34,377.46057134802294,172,0.025330066680908203,0.5391201972961426,,,166.20091247558594,166.20091247558594,,,124.35930633544922,74.35930633544922,
reinforce,,,50.0,1,35,154.11686856367504,98,0.015153169631958008,0.5543930530548096,,,17.24321937561035,17.24321937561035,,,57.60797119140625,7.607965469360352,
reinforce,,,50.0,1,36,302.5487997997958,159,0.02460193634033203,0.5790810585021973,,,111.2514877319336,111.2514877319336,,,100.5368423461914,50.53683853149414,
reinforce,,,50.0,1,37,161.23674503167982,103,0.01560211181640625,0.5947821140289307,,,15.57357120513916,15.57357120513916,,,59.20905685424805,9.209054946899414,
reinforce,,,50.0,1,38,176.2909611561711,81,0.012617826461791992,0.6074910163879395,,,70.21588134765625,70.21588134765625,,,78.36651611328125,28.36652183532715,
reinforce,,,50.0,1,39,182.52306623159566,85,0.01355290412902832,0.6211409568786621,,,66.92443084716797,66.92443084716797,,,79.4291763305664,29.429176330566406,
reinforce,,,50.0,1,40,291.8579374520844,161,0.02453017234802246,0.645787239074707,157.62400223129993,4.479807325597185,101.0218734741211,101.0218734741211,,,94.98616790771484,44.98617172241211,
reinforce,,,50.0,1,41,156.30683639117245,74,0.01195216178894043,0.6887261867523193,,,47.885292053222656,47.885292053222656,,,71.01522827148438,21.015226364135742,
reinforce,,,50.0,1,42,338.3018540976964,159,0.024248838424682617,0.713076114654541,,,130.1327362060547,130.1327362060547,,,115.10518646240234,65.10517883300781,
reinforce,,,50.0,1,43,189.3763950602002,85,0.013340950012207031,0.7265570163726807,,,77.29141998291016,77.29141998291016,,,83.96577453613281,33.96577453613281,
reinforce,,,50.0,1,44,203.96181502788798,124,0.019223928451538086,0.7458670139312744,,,47.93998718261719,47.93998718261719,,,71.27765655517578,21.27765464782715,
reinforce,,,50.0,1,45,173.30718707929236,83,0.013123273849487305,0.7590992450714111,,,54.2699089050293,54.2699089050293,,,75.17145538330078,25.17145347595215,
reinforce,,,50.0,1,46,203.44538821257626,108,0.01691889762878418,0.7761259078979492,,,58.93712615966797,58.93712615966797,,,78.77826690673828,28.778270721435547,
reinforce,,,50.0,1,47,176.93353383166215,83,0.013167858123779297,0.7894079685211182,,,60.88270568847656,60.88270568847656,,,76.9986572265625,26.998653411865234,
reinforce,,,50.0,1,48,181.1631781240968,84,0.01313018798828125,0.8026251792907715,,,72.74176788330078,72.74176788330078,,,79.34602355957031,29.346017837524414,
reinforce,,,50.0,1,49,177.99910342315567,83,0.01300501823425293,0.8157131671905518,,,56.75405502319336,56.75405502319336,,,78.12007141113281,28.12006950378418,
reinforce,,,50.0,1,50,254.51230238985406,124,0.019004106521606445,0.8348212242126465,,,109.70761108398438,109.70761108398438,,,98.62742614746094,48.62742614746094,
reinforce,,,50.0,1,51,233.06432719274497,129,0.020004749298095703,0.854949951171875,,,74.69622039794922,74.69622039794922,,,86.0117416381836,36.01174545288086,
reinforce,,,50.0,1,52,181.89342780635917,83,0.013402938842773438,0.8684680461883545,,,65.5018081665039,65.5018081665039,,,80.89137268066406,30.891372680664062,
reinforce,,,50.0,1,53,213.18400023095145,118,0.01818394660949707,0.8867599964141846,,,62.52265930175781,62.52265930175781,,,78.27362823486328,28.27362632751465,
reinforce,,,50.0,1,54,108.47864394131707,66,0.010390043258666992,0.8972611427307129,,,-5.443085193634033,-5.443085193634033,,,46.31889343261719,-3.6811046600341797,
reinforce,,,50.0,1,55,188.058916024309,94,0.014657974243164062,0.9120121002197266,,,49.708168029785156,49.708168029785156,,,77.29385375976562,27.293851852416992,
reinforce,,,50.0,1,56,123.32442321038636,67,0.010429859161376953,0.9225590229034424,,,5.276264190673828,5.276264190673828,,,55.6375617980957,5.637557506561279,
reinforce,,,50.0,1,57,151.87436280466252,89,0.013853073120117188,0.9365150928497314,,,21.92034339904785,21.92034339904785,,,60.13178253173828,10.131778717041016,
reinforce,,,50.0,1,58,151.2605425576453,86,0.013116836547851562,0.9497249126434326,,,27.99480438232422,27.99480438232422,,,61.60923385620117,11.609231948852539,
reinforce,,,50.0,1,59,131.86899994163207,86,0.013228178024291992,0.963043212890625,,,3.03350830078125,3.03350830078125,,,50.53542709350586,0.5354322195053101,
reinforce,,,50.0,1,60,127.90585790191952,86,0.013082742691040039,0.9762239456176758,110.98627829844379,0.31626552968521787,1.251370906829834,1.251370906829834,,,48.93666458129883,-1.0633323192596436,
reinforce,,,50.0,1,61,95.20275664579904,63,0.009527206420898438,1.0129611492156982,,,-14.801552772521973,-14.801552772521973,,,40.19109344482422,-9.80890941619873,
reinforce,,,50.0,1,62,51.57368137834683,33,0.005232810974121094,1.0182888507843018,,,-45.95482635498047,-45.95482635498047,,,26.646352767944336,-23.35364532470703,
reinforce,,,50.0,1,63,104.29429438970713,70,0.011024951934814453,1.0293850898742676,,,-19.371965408325195,-19.371965408325195,,,42.54096603393555,-7.459033966064453,
reinforce,,,50.0,1,64,51.53828413680236,33,0.0051419734954833984,1.0346481800079346,,,-47.184600830078125,-47.184600830078125,,,27.48394775390625,-22.516050338745117,
reinforce,,,50.0,1,65,20.875202097498686,17,0.002947092056274414,1.0376651287078857,,,-104.52203369140625,-104.52203369140625,,,11.461893081665039,-38.53810501098633,
reinforce,,,50.0,1,66,18.117479513245897,15,0.0024950504302978516,1.0402441024780273,,,-75.65931701660156,-75.65931701660156,,,10.235382080078125,-39.76462173461914,
reinforce,,,50.0,1,67,22.169950419616974,18,0.003075122833251953,1.0433721542358398,,,-96.46746063232422,-96.46746063232422,,,12.57686996459961,-37.42313003540039,
reinforce,,,50.0,1,68,29.765302946841192,24,0.0039119720458984375,1.047368049621582,,,-68.5169448852539,-68.5169448852539,,,16.113252639770508,-33.88674545288086,
reinforce,,,50.0,1,69,31.320492393429085,28,0.004687070846557617,1.0521290302276611,,,-76.21559143066406,-76.21559143066406,,,16.455791473388672,-33.54420852661133,
reinforce,,,50.0,1,70,75.99060644904196,58,0.008933067321777344,1.0611350536346436,,,-31.984027862548828,-31.984027862548828,,,30.913249969482422,-19.086748123168945,
reinforce,,,50.0,1,71,18.049560632447847,16,0.0026328563690185547,1.063856840133667,,,-69.96114349365234,-69.96114349365234,,,9.955694198608398,-40.044307708740234,
reinforce,,,50.0,1,72,14.603214469727948,14,0.0023729801177978516,1.0663011074066162,,,-80.81819152832031,-80.81819152832031,,,7.929428577423096,-42.07057571411133,
reinforce,,,50.0,1,73,13.044569670041966,13,0.0022149085998535156,1.0685970783233643,,,-75.56159973144531,-75.56159973144531,,,7.152606010437012,-42.84739685058594,
reinforce,,,50.0,1,74,30.467474859328355,29,0.004728078842163086,1.0734143257141113,,,-64.55166625976562,-64.55166625976562,,,15.085136413574219,-34.91486358642578,
reinforce,,,50.0,1,75,25.11303863182708,22,0.003749847412109375,1.0772690773010254,,,-92.4453353881836,-92.4453353881836,,,13.198355674743652,-36.801639556884766,
reinforce,,,50.0,1,76,20.77337264526576,19,0.0031468868255615234,1.080496072769165,,,-88.60994720458984,-88.60994720458984,,,11.232438087463379,-38.7675666809082,
reinforce,,,50.0,1,77,16.24412295129697,16,0.0027189254760742188,1.083272933959961,,,-109.39131164550781,-109.39131164550781,,,8.671073913574219,-41.32892608642578,
reinforce,,,50.0,1,78,23.289572741898613,21,0.003548860549926758,1.086879014968872,,,-96.61560821533203,-96.61560821533203,,,12.015388488769531,-37.98461151123047,
reinforce,,,50.0,1,79,15.194898803569309,16,0.0027360916137695312,1.0896692276000977,,,-78.41484069824219,-78.41484069824219,,,7.792027950286865,-42.20797348022461,
reinforce,,,50.0,1,80,15.281803913644296,16,0.0027070045471191406,1.0924351215362549,12.233464494441197,0.41445018891470886,-87.37104797363281,-87.37104797363281,,,7.889778137207031,-42.11022186279297,
reinforce,,,50.0,1,81,18.430112724156007,18,0.002949237823486328,1.10231614112854,,,-90.49960327148438,-90.49960327148438,,,9.545623779296875,-40.454376220703125,
reinforce,,,50.0,1,82,12.856181446841244,15,0.002582073211669922,1.1049559116363525,,,-89.95203399658203,-89.95203399658203,,,6.425888538360596,-43.5741081237793,
reinforce,,,50.0,1,83,14.595926923138032,15,0.0025179386138916016,1.1075389385223389,,,-89.42716979980469,-89.42716979980469,,,7.67030143737793,-42.3297004699707,
reinforce,,,50.0,1,84,10.354089148066622,13,0.0021703243255615234,1.1097652912139893,,,-94.61074829101562,-94.61074829101562,,,4.957971572875977,-45.04202651977539,
reinforce,,,50.0,1,85,13.122878448676614,16,0.002722024917602539,1.1125431060791016,,,-98.8473129272461,-98.8473129272461,,,6.313492774963379,-43.68650817871094,
reinforce,,,50.0,1,86,11.375467552083597,14,0.0023288726806640625,1.1149420738220215,,,-99.22532653808594,-99.22532653808594,,,5.7050299644470215,-44.29497146606445,
reinforce,,,50.0,1,87,8.655174712032892,13,0.0021948814392089844,1.117185115814209,,,-93.30902862548828,-93.30902862548828,,,3.7745091915130615,-46.22549057006836,
reinforce,,,50.0,1,88,11.438456078522757,14,0.0024976730346679688,1.1197619438171387,,,-88.28792572021484,-88.28792572021484,,,5.565098762512207,-44.43490219116211,
reinforce,,,50.0,1,89,13.96152502979022,17,0.0026891231536865234,1.1225180625915527,,,-79.37568664550781,-79.37568664550781,,,6.486143112182617,-43.51385498046875,
reinforce,,,50.0,1,90,8.2342388297527,12,0.001992940902709961,1.1245620250701904,,,-59.35879135131836,-59.35879135131836,,,3.8150217533111572,-46.18497848510742,
reinforce,,,50.0,1,91,7.214620163241444,11,0.0019960403442382812,1.1266210079193115,,,-101.14978790283203,-101.14978790283203,,,3.1132924556732178,-46.8867073059082,
reinforce,,,50.0,1,92,11.212978498150608,14,0.0023338794708251953,1.129014015197754,,,-87.24574279785156,-87.24574279785156,,,5.259284973144531,-44.74071502685547,
reinforce,,,50.0,1,93,9.44859574391402,13,0.0021409988403320312,1.13120698928833,,,-81.17827606201172,-81.17827606201172,,,4.344418048858643,-45.655582427978516,
reinforce,,,50.0,1,94,10.305238668533246,13,0.002471923828125,1.1337401866912842,,,-83.86404418945312,-83.86404418945312,,,5.10526704788208,-44.89473342895508,
reinforce,,,50.0,1,95,7.42889159268614,11,0.0018587112426757812,1.135664939880371,,,-108.17365264892578,-108.17365264892578,,,3.548790693283081,-46.451210021972656,
reinforce,,,50.0,1,96,1.1855839379777735,21,0.0034847259521484375,1.13919997215271,,,-107.96741485595703,-107.96741485595703,,,-3.5903000831604004,-53.59029769897461,
reinforce,,,50.0,1,97,11.223344233484665,14,0.002460002899169922,1.1417410373687744,,,-94.7589111328125,-94.7589111328125,,,5.253439903259277,-44.746559143066406,
reinforce,,,50.0,1,98,10.784008682111494,14,0.002271890640258789,1.1440770626068115,,,-95.7638168334961,-95.7638168334961,,,5.005539417266846,-44.99445724487305,
reinforce,,,50.0,1,99,3.0681739108169195,26,0.0043489933013916016,1.1486260890960693,,,-108.40988159179688,-108.40988159179688,,,-3.6905252933502197,-53.69052505493164,
reinforce,,,50.0,1,100,0.2813989543162574,20,0.003255128860473633,1.1519360542297363,8.540368656317648,0.06275409001472944,-143.48402404785156,-143.48402404785156,,,-4.082051753997803,-54.08205032348633,
reinforce,,,50.0,1,101,9.851676905346583,13,0.002371072769165039,1.160560131072998,,,-120.09900665283203,-120.09900665283203,,,4.697508335113525,-45.302490234375,
reinforce,,,50.0,1,102,9.03452518122042,12,0.0020427703857421875,1.1626770496368408,,,-85.0646743774414,-85.0646743774414,,,4.369053840637207,-45.630950927734375,
reinforce,,,50.0,1,103,7.043796171227815,11,0.0019321441650390625,1.1646552085876465,,,-127.51924133300781,-127.51924133300781,,,3.070936679840088,-46.9290657043457,
reinforce,,,50.0,1,104,0.361201791760815,20,0.0034461021423339844,1.1681511402130127,,,-114.1886978149414,-114.1886978149414,,,-4.117190361022949,-54.1171875,
reinforce,,,50.0,1,105,9.186927156502328,12,0.0020270347595214844,1.170238971710205,,,-107.21600341796875,-107.21600341796875,,,4.69556188583374,-45.304439544677734,
reinforce,,,50.0,1,106,8.222410792346306,12,0.002050161361694336,1.1723442077636719,,,-86.90198516845703,-86.90198516845703,,,3.7116401195526123,-46.288360595703125,
reinforce,,,50.0,1,107,8.466628779421276,12,0.002167940139770508,1.1745610237121582,,,-117.80224609375,-117.80224609375,,,3.765626907348633,-46.234375,
reinforce,,,50.0,1,108,8.494779399573693,12,0.0020830631256103516,1.1766982078552246,,,-68.1484603881836,-68.1484603881836,,,3.9454829692840576,-46.05451583862305,
reinforce,,,50.0,1,109,1.0479745440074058,22,0.003593921661376953,1.180337905883789,,,-105.28750610351562,-105.28750610351562,,,-4.237525463104248,-54.237525939941406,
reinforce,,,50.0,1,110,-0.029310642864342595,19,0.0033490657806396484,1.1837310791015625,,,-108.64969635009766,-108.64969635009766,,,-4.027441501617432,-54.02743911743164,
reinforce,,,50.0,1,111,8.761386119571247,12,0.00203704833984375,1.1858351230621338,,,-92.63333892822266,-92.63333892822266,,,4.21071195602417,-45.78928756713867,
reinforce,,,50.0,1,112,-0.07133366426434229,20,0.0035190582275390625,1.1893980503082275,,,-122.8259048461914,-122.8259048461914,,,-4.255030155181885,-54.255027770996094,
reinforce,,,50.0,1,113,11.979760146271483,14,0.002317190170288086,1.191789150238037,,,-90.23006439208984,-90.23006439208984,,,6.135524749755859,-43.86447525024414,
reinforce,,,50.0,1,114,-0.05267178952121987,20,0.00345611572265625,1.1952991485595703,,,-117.23690032958984,-117.23690032958984,,,-4.126107692718506,-54.1261100769043,
reinforce,,,50.0,1,115,10.551492502524527,13,0.0021741390228271484,1.1975371837615967,,,-71.67780303955078,-71.67780303955078,,,5.4177751541137695,-44.58222198486328,
reinforce,,,50.0,1,116,9.838624201526507,13,0.0022232532501220703,1.199808120727539,,,-95.75350952148438,-95.75350952148438,,,4.840970993041992,-45.15903091430664,
reinforce,,,50.0,1,117,-0.9472001434708168,19,0.003313779830932617,1.2031779289245605,,,-131.99366760253906,-131.99366760253906,,,-4.206719398498535,-54.206722259521484,
reinforce,,,50.0,1,118,1.4264714785546184,21,0.0034737586975097656,1.20670485496521,,,-118.51033782958984,-118.51033782958984,,,-3.822661876678467,-53.822662353515625,
reinforce,,,50.0,1,119,21.729940221252885,21,0.003648996353149414,1.2104110717773438,,,-80.01420593261719,-80.01420593261719,,,11.448145866394043,-38.551856994628906,
reinforce,,,50.0,1,120,-0.3442864661228606,18,0.002997159957885742,1.2134790420532227,18.918063697184927,0.6485128163334679,-105.2413330078125,-105.2413330078125,,,-3.9023351669311523,-53.90233612060547,
reinforce,,,50.0,1,121,16.21991380303484,15,0.002524137496948242,1.2244930267333984,,,-72.95818328857422,-72.95818328857422,,,9.091755867004395,-40.90824508666992,
reinforce,,,50.0,1,122,45.13969768899892,33,0.005146026611328125,1.2296900749206543,,,-54.27362823486328,-54.27362823486328,,,22.94377899169922,-27.05622100830078,
reinforce,,,50.0,1,123,57.95152648399393,40,0.006256818771362305,1.2360498905181885,,,-38.57583236694336,-38.57583236694336,,,28.76998519897461,-21.230016708374023,
reinforce,,,50.0,1,124,16.015035314794904,16,0.0027930736541748047,1.238901138305664,,,-87.70072174072266,-87.70072174072266,,,8.874348640441895,-41.125648498535156,
reinforce,,,50.0,1,125,0.05217736513791982,20,0.0032792091369628906,1.2422301769256592,,,-138.47772216796875,-138.47772216796875,,,-4.160593509674072,-54.16059494018555,
reinforce,,,50.0,1,126,-0.9789950241250112,18,0.003180980682373047,1.2454640865325928,,,-120.29891204833984,-120.29891204833984,,,-4.16660737991333,-54.16660690307617,
reinforce,,,50.0,1,127,-0.936936501335009,20,0.0033538341522216797,1.2488720417022705,,,-135.05673217773438,-135.05673217773438,,,-4.633760929107666,-54.633758544921875,
reinforce,,,50.0,1,128,15.99583109224391,17,0.0029609203338623047,1.2518830299377441,,,-115.41588592529297,-115.41588592529297,,,8.26624584197998,-41.73374938964844,
reinforce,,,50.0,1,129,15.155919197569938,16,0.0027360916137695312,1.25468111038208,,,-74.35908508300781,-74.35908508300781,,,7.93000602722168,-42.06999206542969,
reinforce,,,50.0,1,130,16.816761941104936,17,0.0029921531677246094,1.2577321529388428,,,-87.28792572021484,-87.28792572021484,,,9.076066970825195,-40.92393493652344,
reinforce,,,50.0,1,131,0.7523380250802574,21,0.0035970211029052734,1.2613890171051025,,,-149.59222412109375,-149.59222412109375,,,-4.2156901359558105,-54.21569061279297,
reinforce,,,50.0,1,132,53.508197729921825,40,0.006285905838012695,1.2677321434020996,,,-50.2756233215332,-50.2756233215332,,,25.309280395507812,-24.690719604492188,
reinforce,,,50.0,1,133,0.20356012689324654,20,0.003320932388305664,1.271131992340088,,,-134.60032653808594,-134.60032653808594,,,-4.264584541320801,-54.26458740234375,
reinforce,,,50.0,1,134,-1.50312139176737,18,0.0031380653381347656,1.2743151187896729,,,-120.13982391357422,-120.13982391357422,,,-4.410051345825195,-54.41005325317383,
reinforce,,,50.0,1,135,1.769908789617988,24,0.003938198089599609,1.2783622741699219,,,-139.03651428222656,-139.03651428222656,,,-4.424877166748047,-54.42487716674805,
reinforce,,,50.0,1,136,0.032999740046535164,21,0.0034990310668945312,1.2819840908050537,,,-108.1001205444336,-108.1001205444336,,,-4.421724796295166,-54.421722412109375,
reinforce,,,50.0,1,137,50.200459509855555,34,0.005448818206787109,1.2874879837036133,,,-46.154666900634766,-46.154666900634766,,,26.110782623291016,-23.88921546936035,
reinforce,,,50.0,1,138,60.001014903078136,46,0.0072939395904541016,1.2948439121246338,,,-53.630455017089844,-53.630455017089844,,,26.107912063598633,-23.89208984375,
reinforce,,,50.0,1,139,53.86143582016597,36,0.005537986755371094,1.300455093383789,,,-42.37864685058594,-42.37864685058594,,,27.419498443603516,-22.580501556396484,
reinforce,,,50.0,1,140,51.41463854729948,35,0.0054819583892822266,1.3059971332550049,65.30473282781455,1.6217636723934952,-47.29959487915039,-47.29959487915039,,,24.839990615844727,-25.160009384155273,
reinforce,,,50.0,1,141,66.15212699930308,45,0.0067479610443115234,1.3305950164794922,,,-48.78974151611328,-48.78974151611328,,,29.912918090820312,-20.087081909179688,
reinforce,,,50.0,1,142,130.6373650750472,80,0.01230001449584961,1.3429491519927979,,,6.6997857093811035,6.6997857093811035,,,52.73462677001953,2.734626293182373,
reinforce,,,50.0,1,143,110.72805229407501,76,0.011644840240478516,1.3547048568725586,,,-15.134145736694336,-15.134145736694336,,,43.992855072021484,-6.007145881652832,
reinforce,,,50.0,1,144,103.94716586311282,61,0.009423017501831055,1.3643391132354736,,,-12.767179489135742,-12.767179489135742,,,45.4946174621582,-4.505378723144531,
reinforce,,,50.0,1,145,104.05601422946803,60,0.009366989135742188,1.3737871646881104,,,-12.797850608825684,-12.797850608825684,,,46.98518371582031,-3.014814615249634,
reinforce,,,50.0,1,146,138.62643426992645,78,0.01252889633178711,1.3864099979400635,,,16.532764434814453,16.532764434814453,,,57.74835205078125,7.748354434967041,
reinforce,,,50.0,1,147,194.25764598303496,108,0.016434907913208008,1.402975082397461,,,59.953311920166016,59.953311920166016,,,74.68186950683594,24.681867599487305,
reinforce,,,50.0,1,148,139.78042560745666,76,0.011667966842651367,1.414750099182129,,,18.97869300842285,18.97869300842285,,,59.42375564575195,9.423757553100586,
reinforce,,,50.0,1,149,132.53542422756345,73,0.011253833770751953,1.4260869026184082,,,13.602901458740234,13.602901458740234,,,56.56156539916992,6.56156587600708,
reinforce,,,50.0,1,150,129.5387456493246,71,0.010861873626708984,1.4370529651641846,,,2.87394642829895,2.87394642829895,,,55.07709503173828,5.077098369598389,
reinforce,,,50.0,1,151,191.3369576504865,89,0.013525009155273438,1.4506561756134033,,,70.15628051757812,70.15628051757812,,,82.45384979248047,32.45384979248047,
reinforce,,,50.0,1,152,239.7171208320341,102,0.01569676399230957,1.4664440155029297,,,119.85111236572266,119.85111236572266,,,101.28414916992188,51.284149169921875,
reinforce,,,50.0,1,153,197.18092401993775,92,0.01408529281616211,1.4806442260742188,,,69.73468017578125,69.73468017578125,,,84.32128143310547,34.3212776184082,
reinforce,,,50.0,1,154,73.46795907029143,43,0.006565093994140625,1.4872980117797852,,,-36.967979431152344,-36.967979431152344,,,33.83761215209961,-16.16238784790039,
reinforce,,,50.0,1,155,286.7735546067269,112,0.01691293716430664,1.5042781829833984,,,146.84877014160156,146.84877014160156,,,118.9344711303711,68.93448638916016,
reinforce,,,50.0,1,156,294.4015853642413,113,0.017403841018676758,1.5218119621276855,,,156.7334442138672,156.7334442138672,,,122.33104705810547,72.33103942871094,
reinforce,,,50.0,1,157,227.50329442505188,98,0.015037059783935547,1.5369651317596436,,,92.92169189453125,92.92169189453125,,,97.6830062866211,47.683006286621094,
reinforce,,,50.0,1,158,104.05007199484126,56,0.008376121520996094,1.5454630851745605,,,1.4593086242675781,1.4593086242675781,,,47.9386100769043,-2.061387538909912,
reinforce,,,50.0,1,159,80.85784083452457,46,0.0072710514068603516,1.552807092666626,,,-20.181583404541016,-20.181583404541016,,,37.744136810302734,-12.255867004394531,
reinforce,,,50.0,1,160,95.05061490563136,52,0.007980108261108398,1.5608720779418945,305.73592347432566,6.6860731260935635,-18.80584144592285,-18.80584144592285,,,44.04295349121094,-5.957042217254639,
reinforce,,,50.0,1,161,296.2114419778,116,0.017548084259033203,1.6244239807128906,,,145.3095245361328,145.3095245361328,,,121.06739807128906,71.06739807128906,
reinforce,,,50.0,1,162,318.5206720558773,125,0.01926398277282715,1.6437981128692627,,,178.323486328125,178.323486328125,,,125.3463134765625,75.3463134765625,
reinforce,,,50.0,1,163,241.2047866376493,103,0.015633106231689453,1.6595361232757568,,,110.41315460205078,110.41315460205078,,,101.437255859375,51.43726348876953,
reinforce,,,50.0,1,164,244.57013191561157,107,0.01629638671875,1.6759412288665771,,,109.7259750366211,109.7259750366211,,,101.04544067382812,51.045440673828125,
reinforce,,,50.0,1,165,294.9827864765376,124,0.018669843673706055,1.6947050094604492,,,132.85366821289062,132.85366821289062,,,115.7097396850586,65.7097396850586,
reinforce,,,50.0,1,166,363.96893332024115,133,0.020647287368774414,1.7155241966247559,,,194.75718688964844,194.75718688964844,,,142.5342559814453,92.53426361083984,
reinforce,,,50.0,1,167,205.67677359516924,97,0.014553070068359375,1.7301969528198242,,,83.77278137207031,83.77278137207031,,,85.84734344482422,35.84735107421875,
reinforce,,,50.0,1,168,327.9920950772378,123,0.018696308135986328,1.7489962577819824,,,177.72634887695312,177.72634887695312,,,132.27516174316406,82.27517700195312,
reinforce,,,50.0,1,169,0.6691110079742282,18,0.0030651092529296875,1.752183198928833,,,-126.17266082763672,-126.17266082763672,,,-3.010935068130493,-53.01093292236328,
reinforce,,,50.0,1,170,229.87288982103462,100,0.015019655227661133,1.7672698497772217,,,84.08757019042969,84.08757019042969,,,97.5555648803711,47.55557632446289,
reinforce,,,50.0,1,171,317.16918139231456,120,0.01764512062072754,1.7850291728973389,,,188.63917541503906,188.63917541503906,,,128.73333740234375,78.73332977294922,
reinforce,,,50.0,1,172,317.0464248851408,123,0.018787145614624023,1.804004192352295,,,171.2919158935547,171.2919158935547,,,126.83382415771484,76.83382415771484,
reinforce,,,50.0,1,173,370.52084654423453,131,0.019425153732299805,1.8235430717468262,,,229.38392639160156,229.38392639160156,,,147.90383911132812,97.90381622314453,
reinforce,,,50.0,1,174,274.3670629658293,113,0.017348289489746094,1.840996265411377,,,129.01922607421875,129.01922607421875,,,111.38872528076172,61.38871765136719,
reinforce,,,50.0,1,175,198.42879320297544,91,0.013830184936523438,1.8549370765686035,,,79.78422546386719,79.78422546386719,,,85.57550811767578,35.575496673583984,
reinforce,,,50.0,1,176,87.32059671900387,49,0.00749969482421875,1.862534999847412,,,-25.28487777709961,-25.28487777709961,,,40.23501968383789,-9.76497745513916,
reinforce,,,50.0,1,177,511.36605963657377,164,0.024827003479003906,1.8874461650848389,,,307.89837646484375,307.89837646484375,,,185.32630920410156,135.3263397216797,
reinforce,,,50.0,1,178,308.82153594499175,117,0.01772785186767578,1.905306100845337,,,176.1629180908203,176.1629180908203,,,126.64119720458984,76.64119720458984,
reinforce,,,50.0,1,179,103.64998148083804,56,0.008440971374511719,1.9138500690460205,,,-0.5673242211341858,-0.5673242211341858,,,47.16341781616211,-2.8365848064422607,
reinforce,,,50.0,1,180,319.1547706566935,123,0.018841981887817383,1.9327640533447266,327.0278146329507,11.116860088763028,159.6103057861328,159.6103057861328,,,127.09049224853516,77.09049987792969,
reinforce,,,50.0,1,181,309.82145626888365,118,0.018157005310058594,1.9979782104492188,,,182.13577270507812,182.13577270507812,,,127.4187240600586,77.4187240600586,
reinforce,,,50.0,1,182,293.10388600762263,111,0.01706695556640625,2.015169143676758,,,187.50112915039062,187.50112915039062,,,122.63616180419922,72.63616180419922,
reinforce,,,50.0,1,183,271.84944166139553,114,0.017039775848388672,2.032315969467163,,,139.0303955078125,139.0303955078125,,,110.41426849365234,60.414276123046875,
reinforce,,,50.0,1,184,276.8054323814931,111,0.01699995994567871,2.0494110584259033,,,127.07249450683594,127.07249450683594,,,114.66429138183594,64.6642837524414,
reinforce,,,50.0,1,185,333.2212392117688,123,0.01864790916442871,2.068171977996826,,,195.49578857421875,195.49578857421875,,,134.62548828125,84.62549591064453,
reinforce,,,50.0,1,186,181.32481050997876,89,0.01371908187866211,2.0820112228393555,,,61.30070495605469,61.30070495605469,,,76.89498901367188,26.89499282836914,
reinforce,,,50.0,1,187,95.79964030881403,53,0.008135795593261719,2.090254068374634,,,-14.861396789550781,-14.861396789550781,,,44.113521575927734,-5.886479377746582,
reinforce,,,50.0,1,188,237.9687321668095,102,0.015229940414428711,2.1055760383605957,,,105.10963439941406,105.10963439941406,,,100.6012191772461,50.601226806640625,
reinforce,,,50.0,1,189,257.29425402280094,109,0.0163271427154541,2.122011184692383,,,120.73536682128906,120.73536682128906,,,105.93255615234375,55.93255615234375,
reinforce,,,50.0,1,190,286.79968373476487,116,0.017526865005493164,2.1396329402923584,,,144.4434051513672,144.4434051513672,,,116.68019104003906,66.68019104003906,
reinforce,,,50.0,1,191,150.33275811381824,79,0.011887073516845703,2.1516201496124268,,,39.0397834777832,39.0397834777832,,,64.46061706542969,14.460610389709473,
reinforce,,,50.0,1,192,185.31866365648082,89,0.013351917266845703,2.1650729179382324,,,59.53862380981445,59.53862380981445,,,78.78006744384766,28.780061721801758,
reinforce,,,50.0,1,193,184.13432704680469,89,0.013811111450195312,2.178981065750122,,,67.1733627319336,67.1733627319336,,,78.06018829345703,28.060184478759766,
reinforce,,,50.0,1,194,163.96618846558212,85,0.013067007064819336,2.1921331882476807,,,51.321048736572266,51.321048736572266,,,69.47686004638672,19.47686195373535,
reinforce,,,50.0,1,195,162.6037353798658,81,0.012172698974609375,2.204380989074707,,,43.53512954711914,43.53512954711914,,,70.59304809570312,20.593042373657227,
reinforce,,,50.0,1,196,176.23708549421997,89,0.013712167739868164,2.2181801795959473,,,54.66056823730469,54.66056823730469,,,73.80193328857422,23.801931381225586,
reinforce,,,50.0,1,197,134.49776381078098,75,0.011528968811035156,2.229820966720581,,,16.811601638793945,16.811601638793945,,,57.087974548339844,7.087975978851318,
reinforce,,,50.0,1,198,172.8561033313146,88,0.013202190399169922,2.2431180477142334,,,45.895572662353516,45.895572662353516,,,72.49140930175781,22.491409301757812,
reinforce,,,50.0,1,199,126.4778615951975,73,0.010983943939208984,2.25419020652771,,,-0.1311676800251007,-0.1311676800251007,,,53.346839904785156,3.346841812133789,
reinforce,,,50.0,1,200,174.23410218136644,91,0.013759851455688477,2.268033027648926,171.4164904039393,4.066229987919656,49.38525390625,49.38525390625,,,72.23593139648438,22.235929489135742,
reinforce,,,50.0,1,201,125.63978962770189,73,0.011053085327148438,2.313526153564453,,,4.813413619995117,4.813413619995117,,,52.47733688354492,2.477341413497925,
reinforce,,,50.0,1,202,124.58551373703116,72,0.011000871658325195,2.324636936187744,,,9.330060958862305,9.330060958862305,,,52.175933837890625,2.1759302616119385,
reinforce,,,50.0,1,203,122.01439105341923,72,0.011174201965332031,2.335897207260132,,,-1.9391064643859863,-1.9391064643859863,,,51.22113037109375,1.2211276292800903,
reinforce,,,50.0,1,204,114.01971002901642,68,0.010464191436767578,2.346489191055298,,,1.528547763824463,1.528547763824463,,,48.25770950317383,-1.742291808128357,
reinforce,,,50.0,1,205,148.5585262893036,80,0.012385129928588867,2.3589560985565186,,,26.332744598388672,26.332744598388672,,,63.122596740722656,13.122599601745605,
reinforce,,,50.0,1,206,103.13547806666318,61,0.009449005126953125,2.36849308013916,,,-14.63480281829834,-14.63480281829834,,,45.5562629699707,-4.443739414215088,
reinforce,,,50.0,1,207,113.00658971714802,63,0.00960993766784668,2.3781850337982178,,,-2.6479079723358154,-2.6479079723358154,,,50.62971878051758,0.6297188401222229,
reinforce,,,50.0,1,208,102.85488797340328,61,0.009273767471313477,2.3875410556793213,,,-9.084104537963867,-9.084104537963867,,,45.963531494140625,-4.036466598510742,
reinforce,,,50.0,1,209,91.81140210467767,55,0.008570194244384766,2.3961851596832275,,,-15.927634239196777,-15.927634239196777,,,41.66802978515625,-8.331969261169434,
reinforce,,,50.0,1,210,102.78088187090557,61,0.00943899154663086,2.405785083770752,,,-7.094841003417969,-7.094841003417969,,,45.4633903503418,-4.536611080169678,
reinforce,,,50.0,1,211,96.6868872227719,58,0.008917093276977539,2.414781093597412,,,-14.611898422241211,-14.611898422241211,,,43.53475570678711,-6.465245723724365,
reinforce,,,50.0,1,212,82.47321939814157,50,0.007860898971557617,2.422722101211548,,,-25.779922485351562,-25.779922485351562,,,37.9849967956543,-12.015005111694336,
reinforce,,,50.0,1,213,99.32572728982407,59,0.00927591323852539,2.432084083557129,,,-10.954450607299805,-10.954450607299805,,,44.64570999145508,-5.354288578033447,
reinforce,,,50.0,1,214,27.08501615104188,18,0.0029752254486083984,2.435152292251587,,,-86.69526672363281,-86.69526672363281,,,15.17253589630127,-34.82746887207031,
reinforce,,,50.0,1,215,26.374949890528566,18,0.003039121627807617,2.438239097595215,,,-89.94219207763672,-89.94219207763672,,,14.704524993896484,-35.29547882080078,
reinforce,,,50.0,1,216,23.623033500196023,17,0.0027337074279785156,2.4410319328308105,,,-77.5037612915039,-77.5037612915039,,,13.783075332641602,-36.21692657470703,
reinforce,,,50.0,1,217,22.441721476357763,16,0.002688169479370117,2.4437761306762695,,,-103.20596313476562,-103.20596313476562,,,12.937126159667969,-37.06287384033203,
reinforce,,,50.0,1,218,23.398099253559053,17,0.002808094024658203,2.4466371536254883,,,-65.68506622314453,-65.68506622314453,,,13.251945495605469,-36.74805450439453,
reinforce,,,50.0,1,219,89.7424032854912,51,0.007987260818481445,2.454681158065796,,,-10.158297538757324,-10.158297538757324,,,41.10920715332031,-8.890790939331055,
reinforce,,,50.0,1,220,25.357106508062056,17,0.0028722286224365234,2.4576241970062256,22.415605077616725,0.15924802867564472,-83.02666473388672,-83.02666473388672,,,14.587967872619629,-35.41202926635742,
reinforce,,,50.0,1,221,23.617813227225138,17,0.002869844436645508,2.468096971511841,,,-85.44829559326172,-85.44829559326172,,,13.595314025878906,-36.404685974121094,
reinforce,,,50.0,1,222,120.48708941232059,71,0.010924100875854492,2.47908616065979,,,6.915509223937988,6.915509223937988,,,50.915863037109375,0.9158613085746765,
reinforce,,,50.0,1,223,75.06724272452973,45,0.006864786148071289,2.486035108566284,,,-29.30630874633789,-29.30630874633789,,,35.386043548583984,-14.613956451416016,
reinforce,,,50.0,1,224,22.203648510950256,17,0.002974987030029297,2.4890801906585693,,,-83.40644073486328,-83.40644073486328,,,12.643123626708984,-37.356876373291016,
reinforce,,,50.0,1,225,29.827556291290726,21,0.003400087356567383,2.4925451278686523,,,-81.7234115600586,-81.7234115600586,,,16.672592163085938,-33.3274040222168,
reinforce,,,50.0,1,226,30.454812218192508,21,0.003529071807861328,2.4961280822753906,,,-60.15225601196289,-60.15225601196289,,,17.39653968811035,-32.60346221923828,
reinforce,,,50.0,1,227,23.16506097218508,17,0.0029439926147460938,2.4991250038146973,,,-69.80033111572266,-69.80033111572266,,,13.345049858093262,-36.65494918823242,
reinforce,,,50.0,1,228,24.403975201519916,17,0.0030372142791748047,2.5022242069244385,,,-90.72978973388672,-90.72978973388672,,,13.895352363586426,-36.104644775390625,
reinforce,,,50.0,1,229,24.026163234283512,17,0.0028810501098632812,2.5051791667938232,,,-77.9586181640625,-77.9586181640625,,,13.625889778137207,-36.374114990234375,
reinforce,,,50.0,1,230,30.120588154728694,21,0.003559112548828125,2.508791208267212,,,-74.94648742675781,-74.94648742675781,,,17.364574432373047,-32.63542556762695,
reinforce,,,50.0,1,231,24.039078634762248,17,0.0028421878814697266,2.511691093444824,,,-85.70203399658203,-85.70203399658203,,,13.847251892089844,-36.15274429321289,
reinforce,,,50.0,1,232,30.29049528732982,21,0.003504037857055664,2.515242099761963,,,-83.813232421875,-83.813232421875,,,17.09754753112793,-32.9024543762207,
reinforce,,,50.0,1,233,25.610839654880092,18,0.0030548572540283203,2.5183539390563965,,,-79.13204956054688,-79.13204956054688,,,14.288679122924805,-35.71131896972656,
reinforce,,,50.0,1,234,89.21522402688639,51,0.008100032806396484,2.5265121459960938,,,-20.680999755859375,-20.680999755859375,,,41.679466247558594,-8.320530891418457,
reinforce,,,50.0,1,235,57.47849197528065,35,0.00562286376953125,2.5322060585021973,,,-40.13736343383789,-40.13736343383789,,,29.730762481689453,-20.269235610961914,
reinforce,,,50.0,1,236,101.67638444756902,58,0.008971214294433594,2.5412402153015137,,,-10.835697174072266,-10.835697174072266,,,45.883453369140625,-4.1165452003479,
reinforce,,,50.0,1,237,140.85862356638197,76,0.011515140533447266,2.5529210567474365,,,19.539188385009766,19.539188385009766,,,59.967689514160156,9.967691421508789,
reinforce,,,50.0,1,238,80.27429465198804,47,0.007388114929199219,2.560397148132324,,,-22.34703254699707,-22.34703254699707,,,38.26698684692383,-11.733014106750488,
reinforce,,,50.0,1,239,43.3798197780547,28,0.0046880245208740234,2.5651650428771973,,,-51.445648193359375,-51.445648193359375,,,24.750295639038086,-25.249704360961914,
reinforce,,,50.0,1,240,152.9341278026457,81,0.012518167495727539,2.577787160873413,176.44315641053615,2.1226645710016814,28.516559600830078,28.516559600830078,,,64.57683563232422,14.576831817626953,
reinforce,,,50.0,1,241,90.85013561930162,53,0.008001089096069336,2.6215591430664062,,,-17.347841262817383,-17.347841262817383,,,41.5167350769043,-8.48326587677002,
reinforce,,,50.0,1,242,180.61414154620465,93,0.014215946197509766,2.635856866836548,,,52.6578254699707,52.6578254699707,,,73.94305419921875,23.943050384521484,
reinforce,,,50.0,1,243,173.92854976798714,90,0.013937711715698242,2.6498889923095703,,,44.551998138427734,44.551998138427734,,,71.57815551757812,21.578157424926758,
reinforce,,,50.0,1,244,145.9350415252167,81,0.012473821640014648,2.662450075149536,,,26.596927642822266,26.596927642822266,,,60.474544525146484,10.474541664123535,
reinforce,,,50.0,1,245,183.16761246977927,94,0.014657020568847656,2.6772029399871826,,,53.79280090332031,53.79280090332031,,,73.70143127441406,23.701425552368164,
reinforce,,,50.0,1,246,105.67585738253861,64,0.009607791900634766,2.6869239807128906,,,-5.313288688659668,-5.313288688659668,,,45.62168502807617,-4.3783159255981445,
reinforce,,,50.0,1,247,162.5355818096018,87,0.013486146926879883,2.7004952430725098,,,33.27317810058594,33.27317810058594,,,66.6854476928711,16.685453414916992,
reinforce,,,50.0,1,248,171.45707926602816,88,0.013903141021728516,2.7145071029663086,,,39.24855041503906,39.24855041503906,,,69.93852996826172,19.93852424621582,
reinforce,,,50.0,1,249,167.36256081851693,85,0.013433218002319336,2.7280421257019043,,,49.06734085083008,49.06734085083008,,,69.3035888671875,19.303592681884766,
reinforce,,,50.0,1,250,177.89427460743977,90,0.014281034469604492,2.742415189743042,,,45.70502853393555,45.70502853393555,,,72.62611389160156,22.626123428344727,
reinforce,,,50.0,1,251,65.84331817900498,46,0.00713801383972168,2.7496581077575684,,,-44.807395935058594,-44.807395935058594,,,26.63959503173828,-23.36040496826172,
reinforce,,,50.0,1,252,182.7443935761271,93,0.014257192611694336,2.7639920711517334,,,54.790260314941406,54.790260314941406,,,74.47372436523438,24.473724365234375,
reinforce,,,50.0,1,253,44.94843585957128,48,0.007478952407836914,2.771569013595581,,,-74.97696685791016,-74.97696685791016,,,19.99718475341797,-30.00281524658203,
reinforce,,,50.0,1,254,68.18716922641134,38,0.00580906867980957,2.7774782180786133,,,-45.42991256713867,-45.42991256713867,,,33.33769607543945,-16.66230583190918,
reinforce,,,50.0,1,255,58.07577649067173,32,0.005270957946777344,2.782824993133545,,,-51.11284637451172,-51.11284637451172,,,29.339832305908203,-20.660167694091797,
reinforce,,,50.0,1,256,145.83633766025562,77,0.012118101119995117,2.7950222492218018,,,21.071706771850586,21.071706771850586,,,61.080501556396484,11.080503463745117,
reinforce,,,50.0,1,257,172.3569701948601,88,0.013544082641601562,2.8086671829223633,,,49.827274322509766,49.827274322509766,,,72.83592987060547,22.8359317779541,
reinforce,,,50.0,1,258,177.8093722303962,90,0.014223814010620117,2.822974920272827,,,46.279048919677734,46.279048919677734,,,72.22362518310547,22.223623275756836,
reinforce,,,50.0,1,259,175.64370261556653,89,0.014678239822387695,2.8377442359924316,,,49.9565544128418,49.9565544128418,,,71.47708129882812,21.47707748413086,
reinforce,,,50.0,1,260,175.6189019470124,89,0.014598846435546875,2.8524601459503174,180.24189148327667,3.1877291871149724,49.21168518066406,49.21168518066406,,,71.58329010009766,21.583288192749023,
reinforce,,,50.0,1,261,182.97437561452546,94,0.015007972717285156,2.904604911804199,,,45.38275146484375,45.38275146484375,,,73.32041931152344,23.32042121887207,
reinforce,,,50.0,1,262,176.1364083583681,90,0.01455998420715332,2.919286012649536,,,49.467159271240234,49.467159271240234,,,71.19799041748047,21.197994232177734,
reinforce,,,50.0,1,263,170.00430438498148,86,0.013620138168334961,2.9330191612243652,,,43.33974838256836,43.33974838256836,,,69.74706268310547,19.74706268310547,
reinforce,,,50.0,1,264,179.66245726902494,92,0.01454305648803711,2.9476752281188965,,,59.34104919433594,59.34104919433594,,,72.46197509765625,22.461973190307617,
reinforce,,,50.0,1,265,171.28603221481174,87,0.013808965682983398,2.96158504486084,,,47.347251892089844,47.347251892089844,,,70.08395385742188,20.08395004272461,
reinforce,,,50.0,1,266,174.81143322185213,89,0.014067888259887695,2.97576904296875,,,51.334896087646484,51.334896087646484,,,71.1148681640625,21.114870071411133,
reinforce,,,50.0,1,267,168.3999499155592,86,0.013636112213134766,2.989485025405884,,,38.560523986816406,38.560523986816406,,,68.87773895263672,18.87774085998535,
reinforce,,,50.0,1,268,176.68568065913794,91,0.014325857162475586,3.003899097442627,,,58.457027435302734,58.457027435302734,,,71.33500671386719,21.334999084472656,
reinforce,,,50.0,1,269,174.6867906365811,89,0.014000177383422852,3.018008232116699,,,47.44344711303711,47.44344711303711,,,71.22528839111328,21.225292205810547,
reinforce,,,50.0,1,270,170.9663424013305,87,0.013634204864501953,3.0317420959472656,,,47.6450080871582,47.6450080871582,,,69.71113586425781,19.711137771606445,
reinforce,,,50.0,1,271,176.29440938220202,91,0.014606237411499023,3.0464651584625244,,,43.98989486694336,43.98989486694336,,,71.00804901123047,21.008056640625,
reinforce,,,50.0,1,272,172.70969327384108,89,0.013998031616210938,3.0605690479278564,,,33.90316390991211,33.90316390991211,,,69.90100860595703,19.90100860595703,
reinforce,,,50.0,1,273,165.77175219567033,86,0.014001131057739258,3.074660062789917,,,33.59300231933594,33.59300231933594,,,67.50824737548828,17.508243560791016,
reinforce,,,50.0,1,274,168.0918231610385,86,0.014008045196533203,3.0887811183929443,,,40.30208969116211,40.30208969116211,,,68.80292510986328,18.802921295166016,
reinforce,,,50.0,1,275,168.2839750293589,87,0.01382303237915039,3.1027252674102783,,,36.652679443359375,36.652679443359375,,,68.52669525146484,18.526689529418945,
reinforce,,,50.0,1,276,172.35271762230434,89,0.014279842376708984,3.117095947265625,,,42.62106704711914,42.62106704711914,,,69.81448364257812,19.814489364624023,
reinforce,,,50.0,1,277,166.54440576885133,86,0.01369786262512207,3.1309080123901367,,,27.28626823425293,27.28626823425293,,,67.9718246459961,17.971820831298828,
reinforce,,,50.0,1,278,168.07262429554584,88,0.014140129089355469,3.145146131515503,,,36.24131393432617,36.24131393432617,,,68.01986694335938,18.019868850708008,
reinforce,,,50.0,1,279,166.93482650444477,86,0.013738870620727539,3.1589879989624023,,,37.353233337402344,37.353233337402344,,,68.08235931396484,18.082361221313477,
reinforce,,,50.0,1,280,163.07401560069684,85,0.01365208625793457,3.1727402210235596,165.558866871389,2.9634605339046574,37.08792495727539,37.08792495727539,,,66.50791931152344,16.507917404174805,
reinforce,,,50.0,1,281,164.19072854976073,87,0.013881921768188477,3.22189998626709,,,37.48556137084961,37.48556137084961,,,66.47418975830078,16.47418785095215,
reinforce,,,50.0,1,282,161.51487682931645,84,0.013312101364135742,3.235323190689087,,,34.63231658935547,34.63231658935547,,,65.96159362792969,15.961594581604004,
reinforce,,,50.0,1,283,155.0201100710775,82,0.013024091720581055,3.24845814704895,,,24.67365837097168,24.67365837097168,,,63.48114013671875,13.4811429977417,
reinforce,,,50.0,1,284,161.18128301271406,84,0.013292789459228516,3.261852979660034,,,31.785306930541992,31.785306930541992,,,65.83065795898438,15.830656051635742,
reinforce,,,50.0,1,285,167.39980113170722,88,0.013889074325561523,3.27583909034729,,,38.65635681152344,38.65635681152344,,,67.78797149658203,17.787967681884766,
reinforce,,,50.0,1,286,161.12867694935719,84,0.013258934020996094,3.2891809940338135,,,31.83929443359375,31.83929443359375,,,66.06988525390625,16.069875717163086,
reinforce,,,50.0,1,287,161.97082790096403,85,0.013408899307250977,3.3026821613311768,,,42.85109329223633,42.85109329223633,,,66.0483169555664,16.04831886291504,
reinforce,,,50.0,1,288,165.63781736181807,88,0.013818979263305664,3.3165900707244873,,,34.37907409667969,34.37907409667969,,,66.63427734375,16.634275436401367,
reinforce,,,50.0,1,289,163.37025383320685,86,0.01349782943725586,3.330173969268799,,,30.69182586669922,30.69182586669922,,,66.36968994140625,16.369691848754883,
reinforce,,,50.0,1,290,160.85072203053076,84,0.013337135314941406,3.343616008758545,,,36.265892028808594,36.265892028808594,,,65.89047241210938,15.890477180480957,
reinforce,,,50.0,1,291,163.15582778318986,87,0.013725996017456055,3.357431173324585,,,44.17067337036133,44.17067337036133,,,65.92149353027344,15.921494483947754,
reinforce,,,50.0,1,292,145.68963337899353,79,0.012603998184204102,3.3701441287994385,,,26.530406951904297,26.530406951904297,,,59.974571228027344,9.97457504272461,
reinforce,,,50.0,1,293,150.8954280046007,81,0.012974023818969727,3.383216142654419,,,25.714439392089844,25.714439392089844,,,61.756439208984375,11.756436347961426,
reinforce,,,50.0,1,294,150.38924809469276,80,0.012363910675048828,3.3956730365753174,,,18.48630142211914,18.48630142211914,,,61.547080993652344,11.547078132629395,
reinforce,,,50.0,1,295,138.80782684170214,76,0.012056112289428711,3.4078121185302734,,,18.313304901123047,18.313304901123047,,,56.89177322387695,6.891775608062744,
reinforce,,,50.0,1,296,145.2558065867297,79,0.012466907501220703,3.4203929901123047,,,30.650264739990234,30.650264739990234,,,59.63651657104492,9.636513710021973,
reinforce,,,50.0,1,297,139.65049024096783,76,0.012079238891601562,3.4325671195983887,,,21.743440628051758,21.743440628051758,,,57.26185989379883,7.261857032775879,
reinforce,,,50.0,1,298,154.7054726555978,82,0.012817144393920898,3.445467233657837,,,29.189638137817383,29.189638137817383,,,63.16237258911133,13.162369728088379,
reinforce,,,50.0,1,299,162.80304768957694,86,0.013386964797973633,3.458949089050293,,,35.88963317871094,35.88963317871094,,,66.04987335205078,16.04987335205078,
reinforce,,,50.0,1,300,141.53938280402204,77,0.01218724250793457,3.471238136291504,156.57002431179598,1.2100642407280835,12.327037811279297,12.327037811279297,,,58.202579498291016,8.20257568359375,
reinforce,,,50.0,1,301,145.68148528939426,79,0.01263880729675293,3.517719030380249,,,19.745227813720703,19.745227813720703,,,59.78446578979492,9.784466743469238,
reinforce,,,50.0,1,302,154.79545444780496,82,0.012913227081298828,3.5307252407073975,,,33.69395065307617,33.69395065307617,,,63.41954040527344,13.419539451599121,
reinforce,,,50.0,1,303,159.8376360765395,84,0.013278961181640625,3.544105052947998,,,42.078128814697266,42.078128814697266,,,65.30970001220703,15.309698104858398,
reinforce,,,50.0,1,304,158.45318318110546,83,0.013200044631958008,3.5574021339416504,,,33.31052780151367,33.31052780151367,,,64.65921020507812,14.659210205078125,
reinforce,,,50.0,1,305,166.25582222028234,88,0.013782978057861328,3.5712809562683105,,,37.886844635009766,37.886844635009766,,,67.15264892578125,17.152652740478516,
reinforce,,,50.0,1,306,164.48685759127923,87,0.013517141342163086,3.584879159927368,,,32.72517013549805,32.72517013549805,,,66.61734771728516,16.61734390258789,
reinforce,,,50.0,1,307,134.159423798404,75,0.011861085891723633,3.596848964691162,,,9.37364387512207,9.37364387512207,,,55.32481002807617,5.324807643890381,
reinforce,,,50.0,1,308,160.4004563875791,84,0.013297080993652344,3.6102561950683594,,,29.4560546875,29.4560546875,,,65.50645446777344,15.50645923614502,
reinforce,,,50.0,1,309,169.98934632161507,89,0.014193058013916016,3.6245410442352295,,,38.84775924682617,38.84775924682617,,,68.76077270507812,18.760766983032227,
reinforce,,,50.0,1,310,164.6633660097282,86,0.013899087905883789,3.6385459899902344,,,33.24905014038086,33.24905014038086,,,67.0010757446289,17.001075744628906,
reinforce,,,50.0,1,311,163.16527067075518,85,0.01333308219909668,3.6519951820373535,,,37.67599868774414,37.67599868774414,,,66.6764144897461,16.676406860351562,
reinforce,,,50.0,1,312,162.44148147633868,85,0.013543844223022461,3.6656241416931152,,,35.108089447021484,35.108089447021484,,,66.32109069824219,16.321090698242188,
reinforce,,,50.0,1,313,163.18801948157386,85,0.013393163681030273,3.6791181564331055,,,32.6994743347168,32.6994743347168,,,66.59417724609375,16.594173431396484,
reinforce,,,50.0,1,314,165.49143922462935,86,0.013630867004394531,3.692857265472412,,,41.883567810058594,41.883567810058594,,,67.38900756835938,17.389005661010742,
reinforce,,,50.0,1,315,164.379779571115,85,0.013456106185913086,3.706395149230957,,,38.2299919128418,38.2299919128418,,,67.14205169677734,17.142051696777344,
reinforce,,,50.0,1,316,169.30190171423055,88,0.01377105712890625,3.720255136489868,,,41.862178802490234,41.862178802490234,,,68.57445526123047,18.574453353881836,
reinforce,,,50.0,1,317,171.22554412930822,89,0.013887882232666016,3.7342369556427,,,43.243343353271484,43.243343353271484,,,69.31149291992188,19.311494827270508,
reinforce,,,50.0,1,318,160.8509800983196,84,0.013090133666992188,3.747408151626587,,,37.0578498840332,37.0578498840332,,,65.81552124023438,15.815526008605957,
reinforce,,,50.0,1,319,166.35648581517438,86,0.013466835021972656,3.760967969894409,,,29.371423721313477,29.371423721313477,,,67.87274932861328,17.87275505065918,
reinforce,,,50.0,1,320,176.0211217379979,92,0.014382123947143555,3.7754480838775635,168.26965171151906,0.5779729275161251,45.745723724365234,45.745723724365234,,,70.63439178466797,20.6343936920166,
reinforce,,,50.0,1,321,174.88745020996174,91,0.01464700698852539,3.825331926345825,,,46.65853500366211,46.65853500366211,,,70.60253143310547,20.60253143310547,
reinforce,,,50.0,1,322,170.06916930559808,88,0.013967752456665039,3.8393988609313965,,,43.51936340332031,43.51936340332031,,,69.16149139404297,19.1614933013916,
reinforce,,,50.0,1,323,170.51789802240884,89,0.014037847518920898,3.853549003601074,,,39.240413665771484,39.240413665771484,,,69.10551452636719,19.10551643371582,
reinforce,,,50.0,1,324,170.61199627523078,89,0.014027118682861328,3.867680072784424,,,44.502323150634766,44.502323150634766,,,69.03952026367188,19.03952407836914,
reinforce,,,50.0,1,325,165.1592539718769,86,0.013422966003417969,3.881201982498169,,,44.594932556152344,44.594932556152344,,,67.31442260742188,17.314416885375977,
reinforce,,,50.0,1,326,168.5011456732814,87,0.013775110244750977,3.895073175430298,,,34.691158294677734,34.691158294677734,,,68.56193542480469,18.561933517456055,
reinforce,,,50.0,1,327,167.7185940691077,87,0.013818979263305664,3.9089810848236084,,,46.049800872802734,46.049800872802734,,,68.38460540771484,18.384605407714844,
reinforce,,,50.0,1,328,170.01687753767376,89,0.014155149459838867,3.9232351779937744,,,46.21857833862305,46.21857833862305,,,69.05936431884766,19.059364318847656,
reinforce,,,50.0,1,329,168.49506479899668,87,0.013836860656738281,3.9371800422668457,,,38.594642639160156,38.594642639160156,,,68.61804962158203,18.618051528930664,
reinforce,,,50.0,1,330,169.99579735514072,88,0.013663291931152344,3.950939893722534,,,43.62409210205078,43.62409210205078,,,69.16615295410156,19.166152954101562,
reinforce,,,50.0,1,331,174.97395946519015,91,0.01429128646850586,3.965327262878418,,,46.776893615722656,46.776893615722656,,,70.6332778930664,20.633285522460938,
reinforce,,,50.0,1,332,170.8620088576651,89,0.013777017593383789,3.9792320728302,,,42.610408782958984,42.610408782958984,,,69.2910385131836,19.291038513183594,
reinforce,,,50.0,1,333,171.4107920926256,90,0.01442098617553711,3.9937491416931152,,,36.460426330566406,36.460426330566406,,,69.09473419189453,19.09473419189453,
reinforce,,,50.0,1,334,176.902570465002,93,0.014454841613769531,4.008316993713379,,,38.50376892089844,38.50376892089844,,,70.88372802734375,20.883724212646484,
reinforce,,,50.0,1,335,168.63534936970234,88,0.013852834701538086,4.022263050079346,,,43.49250793457031,43.49250793457031,,,68.5753173828125,18.575315475463867,
reinforce,,,50.0,1,336,173.83066252861624,90,0.014149904251098633,4.036508083343506,,,43.47370147705078,43.47370147705078,,,70.32872009277344,20.328723907470703,
reinforce,,,50.0,1,337,169.0705962249948,89,0.014129877090454102,4.050725936889648,,,31.755163192749023,31.755163192749023,,,68.22891998291016,18.22892189025879,
reinforce,,,50.0,1,338,165.01453154650574,86,0.013625144958496094,4.064439058303833,,,31.248228073120117,31.248228073120117,,,67.32213592529297,17.322139739990234,
reinforce,,,50.0,1,339,169.93232731036645,90,0.013958215713500977,4.07849907875061,,,42.74995040893555,42.74995040893555,,,68.61614227294922,18.616146087646484,
reinforce,,,50.0,1,340,166.26814756152982,88,0.013966083526611328,4.092558145523071,164.13695568251845,2.43699296023716,37.63594055175781,37.63594055175781,,,67.3143310546875,17.3143310546875,
reinforce,,,50.0,1,341,165.02850676622268,88,0.013769149780273438,4.141367197036743,,,40.371681213378906,40.371681213378906,,,66.5055160522461,16.505521774291992,
reinforce,,,50.0,1,342,166.29609573930034,90,0.014126062393188477,4.155594110488892,,,37.402442932128906,37.402442932128906,,,66.75221252441406,16.752208709716797,
reinforce,,,50.0,1,343,163.52435401444666,89,0.014181852340698242,4.169874906539917,,,32.83974075317383,32.83974075317383,,,65.7462387084961,15.746236801147461,
reinforce,,,50.0,1,344,165.44721171141407,90,0.014210939407348633,4.184200048446655,,,35.3417854309082,35.3417854309082,,,66.0401611328125,16.040163040161133,
reinforce,,,50.0,1,345,163.44124675848832,88,0.013524293899536133,4.197840213775635,,,36.781864166259766,36.781864166259766,,,65.82974243164062,15.829748153686523,
reinforce,,,50.0,1,346,159.96664488541606,86,0.013477802276611328,4.211403131484985,,,29.66345977783203,29.66345977783203,,,64.8860855102539,14.886085510253906,
reinforce,,,50.0,1,347,166.66271347593806,89,0.01400613784790039,4.225508213043213,,,39.915645599365234,39.915645599365234,,,67.0304946899414,17.030502319335938,
reinforce,,,50.0,1,348,174.35545472976585,93,0.014735221862792969,4.240324258804321,,,44.72023010253906,44.72023010253906,,,69.43622589111328,19.436235427856445,
reinforce,,,50.0,1,349,163.54001923353903,86,0.013445138931274414,4.253859043121338,,,40.35996627807617,40.35996627807617,,,66.71163177490234,16.711627960205078,
reinforce,,,50.0,1,350,168.56541101413646,90,0.014056921005249023,4.268022060394287,,,39.16858673095703,39.16858673095703,,,67.58309936523438,17.583105087280273,
reinforce,,,50.0,1,351,168.66717350784364,89,0.014067888259887695,4.282175064086914,,,33.934085845947266,33.934085845947266,,,68.34359741210938,18.34360122680664,
reinforce,,,50.0,1,352,172.5553567836161,89,0.014128923416137695,4.296391010284424,,,48.538883209228516,48.538883209228516,,,70.06175994873047,20.0617618560791,
reinforce,,,50.0,1,353,175.21302364362748,91,0.014269828796386719,4.310763120651245,,,38.85314178466797,38.85314178466797,,,70.74819946289062,20.748197555541992,
reinforce,,,50.0,1,354,175.83424453950423,91,0.014509201049804688,4.325364112854004,,,36.7183952331543,36.7183952331543,,,71.07136535644531,21.07136344909668,
reinforce,,,50.0,1,355,174.85406433844096,91,0.014232873916625977,4.339699983596802,,,43.056419372558594,43.056419372558594,,,70.31260681152344,20.312606811523438,
reinforce,,,50.0,1,356,171.524417985091,89,0.01403188705444336,4.3539159297943115,,,51.37289810180664,51.37289810180664,,,69.63374328613281,19.633739471435547,
reinforce,,,50.0,1,357,173.37619057803,90,0.014305830001831055,4.36830997467041,,,46.52567672729492,46.52567672729492,,,69.98064422607422,19.98064422607422,
reinforce,,,50.0,1,358,174.40177702181256,90,0.01421499252319336,4.3826329708099365,,,41.63668441772461,41.63668441772461,,,70.54009246826172,20.540098190307617,
reinforce,,,50.0,1,359,178.2628764407996,92,0.014410972595214844,4.39714503288269,,,51.87022399902344,51.87022399902344,,,71.78746795654297,21.787464141845703,
reinforce,,,50.0,1,360,174.14512341955523,90,0.01422882080078125,4.411468029022217,175.28772671624262,2.1898289546453995,44.047000885009766,44.047000885009766,,,70.59931945800781,20.599319458007812,
reinforce,,,50.0,1,361,172.77463488914677,88,0.01410818099975586,4.4615092277526855,,,44.63686752319336,44.63686752319336,,,70.45675659179688,20.456748962402344,
reinforce,,,50.0,1,362,169.07959896024425,86,0.013432025909423828,4.47505521774292,,,45.05628967285156,45.05628967285156,,,69.36724853515625,19.367252349853516,
reinforce,,,50.0,1,363,168.99835359297947,86,0.013691186904907227,4.4888482093811035,,,39.95158767700195,39.95158767700195,,,69.4228744506836,19.422876358032227,
reinforce,,,50.0,1,364,176.29440955356864,90,0.014108896255493164,4.503051042556763,,,52.707157135009766,52.707157135009766,,,71.3873062133789,21.387306213378906,
reinforce,,,50.0,1,365,177.10691971901903,91,0.01444101333618164,4.517589092254639,,,51.34737014770508,51.34737014770508,,,71.71642303466797,21.71642303466797,
reinforce,,,50.0,1,366,168.3097533369147,86,0.013733148574829102,4.531416177749634,,,35.90951919555664,35.90951919555664,,,68.84282684326172,18.842824935913086,
reinforce,,,50.0,1,367,171.88581617935543,88,0.013566017150878906,4.545063018798828,,,38.55226516723633,38.55226516723633,,,69.95165252685547,19.95165252685547,
reinforce,,,50.0,1,368,174.2171301784884,89,0.014010906219482422,4.559175968170166,,,40.70364761352539,40.70364761352539,,,70.9063491821289,20.90634536743164,
reinforce,,,50.0,1,369,176.038356781677,90,0.014150857925415039,4.573409080505371,,,45.91815185546875,45.91815185546875,,,71.26154327392578,21.26154327392578,
reinforce,,,50.0,1,370,168.79004751404634,86,0.013622760772705078,4.587132930755615,,,37.333763122558594,37.333763122558594,,,69.10009002685547,19.100086212158203,
reinforce,,,50.0,1,371,167.56602968774834,85,0.013377666473388672,4.600613832473755,,,39.82926940917969,39.82926940917969,,,68.81818389892578,18.81818199157715,
reinforce,,,50.0,1,372,168.8039713374605,86,0.01347804069519043,4.614175081253052,,,39.273128509521484,39.273128509521484,,,69.00387573242188,19.00387191772461,
reinforce,,,50.0,1,373,171.53511461295392,87,0.013599157333374023,4.627866268157959,,,37.430660247802734,37.430660247802734,,,70.06269836425781,20.062698364257812,
reinforce,,,50.0,1,374,171.2398490172168,88,0.013854026794433594,4.641823053359985,,,37.63471984863281,37.63471984863281,,,69.5919189453125,19.591917037963867,
reinforce,,,50.0,1,375,169.44141076279132,87,0.013650894165039062,4.655563116073608,,,43.234275817871094,43.234275817871094,,,69.19793701171875,19.19794273376465,
reinforce,,,50.0,1,376,175.21176600296596,90,0.014344930648803711,4.6699981689453125,,,40.33796691894531,40.33796691894531,,,70.939697265625,20.939697265625,
reinforce,,,50.0,1,377,174.4751968723569,89,0.014719963073730469,4.684834003448486,,,48.853294372558594,48.853294372558594,,,71.30473327636719,21.304737091064453,
reinforce,,,50.0,1,378,175.70562335742895,90,0.014966011047363281,4.699910879135132,,,42.31046676635742,42.31046676635742,,,71.18050384521484,21.180498123168945,
reinforce,,,50.0,1,379,169.6552023242328,86,0.014208793640136719,4.714246988296509,,,41.7614631652832,41.7614631652832,,,69.5957260131836,19.595727920532227,
reinforce,,,50.0,1,380,171.74559020464937,87,0.01407480239868164,4.728501081466675,171.6207614995294,2.2870023919478304,35.852909088134766,35.852909088134766,,,70.74444580078125,20.744449615478516,
reinforce,,,50.0,1,381,165.04965158005976,84,0.013319969177246094,4.777133226394653,,,33.01707077026367,33.01707077026367,,,67.95401000976562,17.954008102416992,
reinforce,,,50.0,1,382,156.8080884301293,81,0.012898921966552734,4.790163993835449,,,40.43730545043945,40.43730545043945,,,65.1563720703125,15.156373977661133,
reinforce,,,50.0,1,383,159.57512484414784,82,0.012758970260620117,4.803040027618408,,,36.42396926879883,36.42396926879883,,,66.2320556640625,16.232059478759766,
reinforce,,,50.0,1,384,131.11387826848733,71,0.011422157287597656,4.8145670890808105,,,9.290508270263672,9.290508270263672,,,54.60581588745117,4.6058173179626465,
reinforce,,,50.0,1,385,130.94231583226548,71,0.011074066162109375,4.825739145278931,,,-0.44649139046669006,-0.44649139046669006,,,54.710140228271484,4.710139751434326,
reinforce,,,50.0,1,386,146.43562547028696,77,0.01234889030456543,4.838199138641357,,,15.922552108764648,15.922552108764648,,,61.120155334472656,11.120158195495605,
reinforce,,,50.0,1,387,106.09550391705638,58,0.009073019027709961,4.847377061843872,,,-14.384374618530273,-14.384374618530273,,,46.481529235839844,-3.5184738636016846,
reinforce,,,50.0,1,388,92.77284717633954,50,0.007966041564941406,4.855449199676514,,,-13.499709129333496,-13.499709129333496,,,42.16383361816406,-7.836167812347412,
reinforce,,,50.0,1,389,171.30443768152153,87,0.013396024703979492,4.868939161300659,,,40.38192367553711,40.38192367553711,,,69.9557876586914,19.955785751342773,
reinforce,,,50.0,1,390,138.99404302049152,74,0.011551856994628906,4.880595922470093,,,16.189546585083008,16.189546585083008,,,58.03518295288086,8.03518009185791,
reinforce,,,50.0,1,391,161.63103470808693,83,0.013186931610107422,4.893918037414551,,,31.430587768554688,31.430587768554688,,,67.26341247558594,17.263410568237305,
reinforce,,,50.0,1,392,173.52428112687772,88,0.013760089874267578,4.90776515007019,,,40.68490219116211,40.68490219116211,,,70.78941345214844,20.789409637451172,
reinforce,,,50.0,1,393,172.37627758735772,88,0.014020681381225586,4.921865940093994,,,40.48433303833008,40.48433303833008,,,70.07711029052734,20.077110290527344,
reinforce,,,50.0,1,394,171.93607234202776,88,0.013659238815307617,4.935632228851318,,,38.95478820800781,38.95478820800781,,,69.99848175048828,19.998485565185547,
reinforce,,,50.0,1,395,177.16759703490126,89,0.013803958892822266,4.949700117111206,,,49.407440185546875,49.407440185546875,,,72.63692474365234,22.636920928955078,
reinforce,,,50.0,1,396,174.35804854601298,88,0.014045238494873047,4.963835954666138,,,45.17349624633789,45.17349624633789,,,71.46493530273438,21.464933395385742,
reinforce,,,50.0,1,397,170.88942932956527,87,0.013705968856811523,4.9776389598846436,,,40.08810806274414,40.08810806274414,,,69.74230194091797,19.74230194091797,
reinforce,,,50.0,1,398,173.88449151648786,89,0.01396489143371582,4.991687059402466,,,43.12394714355469,43.12394714355469,,,70.56045532226562,20.56045150756836,
reinforce,,,50.0,1,399,174.41313715102436,89,0.014250040054321289,5.006036043167114,,,38.962425231933594,38.962425231933594,,,70.95539855957031,20.955400466918945,
reinforce,,,50.0,1,400,175.26426971371504,90,0.013824701309204102,5.019974946975708,171.94993926456664,2.693456056880083,41.22142791748047,41.22142791748047,,,70.93000030517578,20.930004119873047,
reinforce,,,50.0,1,401,176.93361857127294,90,0.013974905014038086,5.069339275360107,,,45.62131118774414,45.62131118774414,,,71.9673843383789,21.967382431030273,
reinforce,,,50.0,1,402,169.89332370364062,87,0.013614892959594727,5.083069086074829,,,42.38475036621094,42.38475036621094,,,69.40471649169922,19.404720306396484,
reinforce,,,50.0,1,403,167.66023726835851,85,0.013349056243896484,5.096534013748169,,,38.54217529296875,38.54217529296875,,,68.62571716308594,18.625717163085938,
reinforce,,,50.0,1,404,173.22221207802184,88,0.013838768005371094,5.1104819774627686,,,41.29494094848633,41.29494094848633,,,70.7198257446289,20.719831466674805,
reinforce,,,50.0,1,405,70.80799810919055,38,0.00602269172668457,5.116603851318359,,,-33.316890716552734,-33.316890716552734,,,34.6026725769043,-15.397326469421387,
reinforce,,,50.0,1,406,172.3441425168006,88,0.013917207717895508,5.130596160888672,,,37.373321533203125,37.373321533203125,,,70.23258972167969,20.232585906982422,
reinforce,,,50.0,1,407,162.2823376213964,83,0.012897014617919922,5.14360499382019,,,38.433502197265625,38.433502197265625,,,66.55215454101562,16.552154541015625,
reinforce,,,50.0,1,408,170.2930690509837,87,0.013543844223022461,5.1572489738464355,,,39.48174285888672,39.48174285888672,,,69.5217514038086,19.521747589111328,
reinforce,,,50.0,1,409,172.48712400110804,88,0.013924121856689453,5.171255111694336,,,39.1177864074707,39.1177864074707,,,70.2939682006836,20.293964385986328,
reinforce,,,50.0,1,410,168.48413310113716,86,0.013426065444946289,5.184787034988403,,,34.81739807128906,34.81739807128906,,,68.74250793457031,18.742507934570312,
reinforce,,,50.0,1,411,169.81525797346643,87,0.013289213180541992,5.198170185089111,,,46.739723205566406,46.739723205566406,,,69.47518920898438,19.475189208984375,
reinforce,,,50.0,1,412,177.0228897681547,91,0.014152288436889648,5.21241021156311,,,50.491661071777344,50.491661071777344,,,71.49384307861328,21.49384117126465,
reinforce,,,50.0,1,413,170.61729903680646,87,0.013679742813110352,5.22618293762207,,,43.27983474731445,43.27983474731445,,,69.634765625,19.634765625,
reinforce,,,50.0,1,414,165.3328883034113,85,0.01314091682434082,5.2394139766693115,,,44.07896041870117,44.07896041870117,,,67.79786682128906,17.79786491394043,
reinforce,,,50.0,1,415,169.89547348542354,87,0.013558149337768555,5.2530670166015625,,,49.6474609375,49.6474609375,,,69.52975463867188,19.529747009277344,
reinforce,,,50.0,1,416,163.77759139699108,84,0.013041257858276367,5.2662131786346436,,,30.22553062438965,30.22553062438965,,,67.1856918334961,17.185691833496094,
reinforce,,,50.0,1,417,169.7196671941578,87,0.013356685638427734,5.279666900634766,,,49.64462661743164,49.64462661743164,,,69.6141586303711,19.614154815673828,
reinforce,,,50.0,1,418,167.58100832904037,86,0.013335704803466797,5.29309606552124,,,36.30807876586914,36.30807876586914,,,68.50495910644531,18.504959106445312,
reinforce,,,50.0,1,419,165.8811084793715,85,0.013260841369628906,5.3064610958099365,,,34.71424102783203,34.71424102783203,,,67.94898986816406,17.94898796081543,
reinforce,,,50.0,1,420,171.23643556826502,89,0.01370382308959961,5.320540904998779,166.49458016620824,3.2454019986220084,48.832786560058594,48.832786560058594,,,69.39032745361328,19.390329360961914,
reinforce,,,50.0,1,421,157.22177936508228,82,0.012876033782958984,5.367998123168945,,,31.592666625976562,31.592666625976562,,,64.45867156982422,14.458677291870117,
reinforce,,,50.0,1,422,160.3951080227991,83,0.012993812561035156,5.381073951721191,,,36.39339065551758,36.39339065551758,,,65.76943969726562,15.769442558288574,
reinforce,,,50.0,1,423,166.4375514144155,86,0.013485908508300781,5.394665956497192,,,40.775917053222656,40.775917053222656,,,68.11390686035156,18.11389923095703,
reinforce,,,50.0,1,424,158.12078403875674,82,0.012768030166625977,5.407519102096558,,,33.04021072387695,33.04021072387695,,,65.34178924560547,15.341791152954102,
reinforce,,,50.0,1,425,167.2572930839509,88,0.013855934143066406,5.421455144882202,,,43.75817108154297,43.75817108154297,,,67.60498809814453,17.604990005493164,
reinforce,,,50.0,1,426,161.30802083260855,84,0.013165950775146484,5.434713125228882,,,28.682388305664062,28.682388305664062,,,66.02259826660156,16.02260398864746,
reinforce,,,50.0,1,427,166.40881202200475,87,0.013288021087646484,5.448084115982056,,,27.144092559814453,27.144092559814453,,,67.65266418457031,17.652660369873047,
reinforce,,,50.0,1,428,160.50712187352545,84,0.013082742691040039,5.461246967315674,,,30.07425308227539,30.07425308227539,,,65.73826599121094,15.738269805908203,
reinforce,,,50.0,1,429,161.14196476222642,84,0.01328420639038086,5.474635124206543,,,32.18883514404297,32.18883514404297,,,65.916748046875,15.916748046875,
reinforce,,,50.0,1,430,154.95610459607343,81,0.012712955474853516,5.487452983856201,,,25.999486923217773,25.999486923217773,,,63.642845153808594,13.642848014831543,
reinforce,,,50.0,1,431,155.55472867160628,82,0.012655019760131836,5.500208139419556,,,28.77812385559082,28.77812385559082,,,63.81295394897461,13.812955856323242,
reinforce,,,50.0,1,432,150.6253965572281,80,0.012515068054199219,5.512809991836548,,,30.499103546142578,30.499103546142578,,,61.729774475097656,11.729776382446289,
reinforce,,,50.0,1,433,154.98337727026484,82,0.012906074523925781,5.525805234909058,,,23.839738845825195,23.839738845825195,,,63.59305953979492,13.593063354492188,
reinforce,,,50.0,1,434,164.17909138197356,86,0.013409852981567383,5.53930401802063,,,29.821924209594727,29.821924209594727,,,66.75232696533203,16.75232696533203,
reinforce,,,50.0,1,435,153.26538959494314,81,0.012754201889038086,5.552142143249512,,,28.008960723876953,28.008960723876953,,,63.16411590576172,13.164114952087402,
reinforce,,,50.0,1,436,154.02245247073623,81,0.01258087158203125,5.56479811668396,,,26.872806549072266,26.872806549072266,,,63.567604064941406,13.567605972290039,
reinforce,,,50.0,1,437,155.0291080215544,82,0.012688875198364258,5.577577114105225,,,36.625553131103516,36.625553131103516,,,64.12522888183594,14.125228881835938,
reinforce,,,50.0,1,438,163.09245435523368,86,0.01349186897277832,5.591149091720581,,,31.12604522705078,31.12604522705078,,,66.556884765625,16.556884765625,
reinforce,,,50.0,1,439,162.86451668044253,85,0.01308894157409668,5.604337930679321,,,28.506166458129883,28.506166458129883,,,66.89542388916016,16.895423889160156,
reinforce,,,50.0,1,440,167.58937553347437,88,0.013605117797851562,5.618042230606079,164.48107944345517,1.9961872518135193,39.837162017822266,39.837162017822266,,,68.0208511352539,18.020851135253906,
reinforce,,,50.0,1,441,158.43212805879904,83,0.012614965438842773,5.664828062057495,,,30.5849666595459,30.5849666595459,,,65.39486694335938,15.394862174987793,
reinforce,,,50.0,1,442,166.88184026802557,87,0.013597965240478516,5.67851710319519,,,36.0124626159668,36.0124626159668,,,68.40855407714844,18.40854835510254,
reinforce,,,50.0,1,443,164.60892727240048,86,0.013521909713745117,5.69212007522583,,,35.97817611694336,35.97817611694336,,,67.26583862304688,17.26584243774414,
reinforce,,,50.0,1,444,158.40626672261712,83,0.012967109680175781,5.705177068710327,,,31.688217163085938,31.688217163085938,,,65.24535369873047,15.245352745056152,
reinforce,,,50.0,1,445,166.38635095133606,85,0.01365208625793457,5.718915224075317,,,38.27494430541992,38.27494430541992,,,69.39142608642578,19.391429901123047,
reinforce,,,50.0,1,446,162.13378807876686,85,0.013581037521362305,5.73258113861084,,,38.48455047607422,38.48455047607422,,,66.45958709716797,16.45958709716797,
reinforce,,,50.0,1,447,169.27008492229112,85,0.013278007507324219,5.745964050292969,,,44.917442321777344,44.917442321777344,,,71.1325454711914,21.13254165649414,
reinforce,,,50.0,1,448,158.40257222414937,82,0.013035058975219727,5.75908899307251,,,34.655696868896484,34.655696868896484,,,65.77537536621094,15.775375366210938,
reinforce,,,50.0,1,449,154.18299709951293,81,0.012692928314208984,5.7718751430511475,,,23.04603385925293,23.04603385925293,,,63.896949768066406,13.896946907043457,
reinforce,,,50.0,1,450,164.9305098961474,84,0.013194084167480469,5.785158157348633,,,45.85763168334961,45.85763168334961,,,69.10690307617188,19.10689926147461,
reinforce,,,50.0,1,451,154.34587669712613,81,0.012691020965576172,5.797999143600464,,,29.519437789916992,29.519437789916992,,,63.4552116394043,13.455208778381348,
reinforce,,,50.0,1,452,152.73455918435903,80,0.012429952621459961,5.810526132583618,,,30.167728424072266,30.167728424072266,,,63.246376037597656,13.246374130249023,
reinforce,,,50.0,1,453,164.25068976291536,85,0.013499975204467773,5.82411003112793,,,36.903907775878906,36.903907775878906,,,67.94949340820312,17.949493408203125,
reinforce,,,50.0,1,454,162.2377264500251,85,0.013438224792480469,5.837648153305054,,,33.344696044921875,33.344696044921875,,,66.60576629638672,16.60576820373535,
reinforce,,,50.0,1,455,162.41895229071454,85,0.01314997673034668,5.8508970737457275,,,37.37435531616211,37.37435531616211,,,66.59181213378906,16.591812133789062,
reinforce,,,50.0,1,456,157.6548529448036,82,0.01258397102355957,5.863594055175781,,,32.29352951049805,32.29352951049805,,,65.39553833007812,15.395537376403809,
reinforce,,,50.0,1,457,162.68828716975807,85,0.01335597038269043,5.877040147781372,,,28.507841110229492,28.507841110229492,,,66.56129455566406,16.561290740966797,
reinforce,,,50.0,1,458,156.55275049052605,82,0.012877225875854492,5.8900251388549805,,,31.925670623779297,31.925670623779297,,,64.6382064819336,14.63821029663086,
reinforce,,,50.0,1,459,165.93068872747733,87,0.013683080673217773,5.9037981033325195,,,36.54452133178711,36.54452133178711,,,67.55014038085938,17.55013656616211,
reinforce,,,50.0,1,460,158.20452596979214,83,0.012929916381835938,5.91682505607605,162.48441787409405,3.567877833839641,35.82543182373047,35.82543182373047,,,65.2058334350586,15.20583438873291,
reinforce,,,50.0,1,461,152.8234510514165,80,0.012658834457397461,5.963402986526489,,,24.14733123779297,24.14733123779297,,,63.2939453125,13.293943405151367,
reinforce,,,50.0,1,462,167.5067930375944,86,0.01363992691040039,5.977143049240112,,,43.34638977050781,43.34638977050781,,,69.00480651855469,19.00480842590332,
reinforce,,,50.0,1,463,158.14442132794557,83,0.013137102127075195,5.9903810024261475,,,33.448184967041016,33.448184967041016,,,64.87313842773438,14.873135566711426,
reinforce,,,50.0,1,464,161.9041029373627,85,0.013350963592529297,6.003824949264526,,,38.295413970947266,38.295413970947266,,,66.19086456298828,16.19086265563965,
reinforce,,,50.0,1,465,167.00050579337534,87,0.01360321044921875,6.017529249191284,,,42.090328216552734,42.090328216552734,,,68.2531967163086,18.253192901611328,
reinforce,,,50.0,1,466,161.40587921168154,85,0.01335906982421875,6.030987024307251,,,34.210628509521484,34.210628509521484,,,65.89141845703125,15.891417503356934,
reinforce,,,50.0,1,467,161.15342010652859,84,0.013505935668945312,6.044574975967407,,,31.083566665649414,31.083566665649414,,,65.91130065917969,15.911295890808105,
reinforce,,,50.0,1,468,168.05389388306955,87,0.01375269889831543,6.058429956436157,,,41.53776168823242,41.53776168823242,,,68.84503936767578,18.84503173828125,
reinforce,,,50.0,1,469,162.4022286095193,85,0.013402938842773438,6.071922063827515,,,32.934326171875,32.934326171875,,,66.52228546142578,16.52228355407715,
reinforce,,,50.0,1,470,159.9805486948552,84,0.01337122917175293,6.0853822231292725,,,28.895248413085938,28.895248413085938,,,65.29962158203125,15.299626350402832,
reinforce,,,50.0,1,471,162.04125987591917,85,0.013251781463623047,6.0987389087677,,,31.831850051879883,31.831850051879883,,,66.16168212890625,16.161684036254883,
reinforce,,,50.0,1,472,159.5823019497925,83,0.01289987564086914,6.1117188930511475,,,35.66008377075195,35.66008377075195,,,65.59107208251953,15.591075897216797,
reinforce,,,50.0,1,473,162.87641166231765,86,0.013379096984863281,6.125195026397705,,,38.904632568359375,38.904632568359375,,,66.20895385742188,16.208953857421875,
reinforce,,,50.0,1,474,158.12586548999684,83,0.012968301773071289,6.138299226760864,,,29.909151077270508,29.909151077270508,,,64.7677993774414,14.767801284790039,
reinforce,,,50.0,1,475,161.53112402987003,84,0.012986183166503906,6.1514060497283936,,,29.649282455444336,29.649282455444336,,,66.12303924560547,16.12303924560547,
reinforce,,,50.0,1,476,155.66253849692376,82,0.01300191879272461,6.164504051208496,,,28.094541549682617,28.094541549682617,,,63.86679458618164,13.866800308227539,
reinforce,,,50.0,1,477,162.60716379137523,85,0.013325929641723633,6.177917003631592,,,29.21730613708496,29.21730613708496,,,66.54759979248047,16.547597885131836,
reinforce,,,50.0,1,478,165.8807339606099,87,0.01372075080871582,6.191717863082886,,,33.188140869140625,33.188140869140625,,,67.52102661132812,17.521020889282227,
reinforce,,,50.0,1,479,169.26113034195546,87,0.013377666473388672,6.205180883407593,,,41.07476806640625,41.07476806640625,,,69.46722412109375,19.467222213745117,
reinforce,,,50.0,1,480,170.05095810986947,88,0.013885974884033203,6.21915602684021,166.09950036487464,3.2654327197959456,40.66477966308594,40.66477966308594,,,69.06331634521484,19.063308715820312,
reinforce,,,50.0,1,481,170.00321038999448,89,0.013960838317871094,6.267730951309204,,,32.999759674072266,32.999759674072266,,,68.84269714355469,18.842687606811523,
reinforce,,,50.0,1,482,171.14828096266456,88,0.013730049133300781,6.281562089920044,,,41.31575012207031,41.31575012207031,,,69.85582733154297,19.855831146240234,
reinforce,,,50.0,1,483,166.58326569051812,86,0.013453006744384766,6.295096158981323,,,41.35783004760742,41.35783004760742,,,68.00910949707031,18.00910186767578,
reinforce,,,50.0,1,484,170.63824673887504,88,0.0138092041015625,6.30899715423584,,,45.848609924316406,45.848609924316406,,,69.50249481201172,19.50249671936035,
reinforce,,,50.0,1,485,169.87998273610742,88,0.013907909393310547,6.323009014129639,,,50.7722053527832,50.7722053527832,,,68.98509979248047,18.98509979248047,
reinforce,,,50.0,1,486,165.91347358267046,86,0.013576984405517578,6.336668014526367,,,37.21271514892578,37.21271514892578,,,67.77433776855469,17.77433967590332,
reinforce,,,50.0,1,487,171.4777787656794,88,0.013875961303710938,6.350646018981934,,,46.16242980957031,46.16242980957031,,,70.07008361816406,20.070083618164062,
reinforce,,,50.0,1,488,169.50236300986847,87,0.01355743408203125,6.36429500579834,,,36.90432357788086,36.90432357788086,,,69.17866516113281,19.178661346435547,
reinforce,,,50.0,1,489,162.98922274172926,84,0.01305699348449707,6.377435207366943,,,35.9918212890625,35.9918212890625,,,66.87255859375,16.872560501098633,
reinforce,,,50.0,1,490,167.64835178490947,86,0.013481855392456055,6.391021013259888,,,34.15810775756836,34.15810775756836,,,68.64778137207031,18.647785186767578,
reinforce,,,50.0,1,491,176.152543420474,90,0.014041900634765625,6.405159950256348,,,54.487300872802734,54.487300872802734,,,71.40987396240234,21.409873962402344,
reinforce,,,50.0,1,492,173.9532962940397,89,0.014181137084960938,6.419440269470215,,,49.69623565673828,49.69623565673828,,,70.79023742675781,20.790237426757812,
reinforce,,,50.0,1,493,166.79651964408498,85,0.013178825378417969,6.4327239990234375,,,38.391780853271484,38.391780853271484,,,68.50643920898438,18.506433486938477,
reinforce,,,50.0,1,494,164.1252180897615,84,0.013082027435302734,6.4458911418914795,,,34.080474853515625,34.080474853515625,,,67.6560287475586,17.65602684020996,
reinforce,,,50.0,1,495,168.95879309500623,86,0.013825178146362305,6.459811210632324,,,47.152103424072266,47.152103424072266,,,69.1116943359375,19.1116943359375,
reinforce,,,50.0,1,496,173.2913979188844,89,0.014081001281738281,6.473994970321655,,,46.539546966552734,46.539546966552734,,,70.42330932617188,20.423309326171875,
reinforce,,,50.0,1,497,170.57777725704628,87,0.013505935668945312,6.487604141235352,,,45.290191650390625,45.290191650390625,,,69.7219009399414,19.721904754638672,
reinforce,,,50.0,1,498,172.49395875761294,89,0.013912200927734375,6.501614093780518,,,42.387271881103516,42.387271881103516,,,70.0190200805664,20.019025802612305,
reinforce,,,50.0,1,499,156.46292581326668,81,0.012938976287841797,6.514652967453003,,,32.01512908935547,32.01512908935547,,,64.99088287353516,14.990886688232422,
reinforce,,,50.0,1,500,172.07187793825747,87,0.013721227645874023,6.528462171554565,173.6585642809284,1.5301348413175264,44.9110107421875,44.9110107421875,,,70.36376953125,20.363771438598633,
reinforce,,,50.0,1,501,164.8751345936976,84,0.012959957122802734,6.576262950897217,,,45.218772888183594,45.218772888183594,,,67.72283172607422,17.722829818725586,
reinforce,,,50.0,1,502,168.9802334898458,86,0.013242959976196289,6.589600086212158,,,41.01980972290039,41.01980972290039,,,69.13372039794922,19.133716583251953,
reinforce,,,50.0,1,503,171.18150097857225,87,0.013521194458007812,6.603216171264648,,,38.272274017333984,38.272274017333984,,,69.9052505493164,19.90525245666504,
reinforce,,,50.0,1,504,175.53220530478706,89,0.01402425765991211,6.6173272132873535,,,47.08548355102539,47.08548355102539,,,71.56887817382812,21.56887435913086,
reinforce,,,50.0,1,505,170.2849097941105,86,0.013232231140136719,6.630650281906128,,,35.273521423339844,35.273521423339844,,,70.00623321533203,20.006227493286133,
reinforce,,,50.0,1,506,156.4926664114361,81,0.012700080871582031,6.643454074859619,,,25.47276496887207,25.47276496887207,,,64.79951477050781,14.799518585205078,
reinforce,,,50.0,1,507,175.19672973416843,89,0.013799905776977539,6.657333135604858,,,44.51537322998047,44.51537322998047,,,71.34011840820312,21.340110778808594,
reinforce,,,50.0,1,508,166.81690580061021,85,0.013494014739990234,6.670927047729492,,,27.61018180847168,27.61018180847168,,,68.43719482421875,18.43720054626465,
reinforce,,,50.0,1,509,153.8826841920155,80,0.013413190841674805,6.6844642162323,,,27.243789672851562,27.243789672851562,,,64.06443786621094,14.06444263458252,
reinforce,,,50.0,1,510,154.01779514688758,80,0.012826919555664062,6.6974170207977295,,,30.46012306213379,30.46012306213379,,,63.897544860839844,13.897547721862793,
reinforce,,,50.0,1,511,166.69765614622546,85,0.013442039489746094,6.710947036743164,,,37.87973403930664,37.87973403930664,,,68.78273010253906,18.78273582458496,
reinforce,,,50.0,1,512,141.80796468361262,75,0.011875152587890625,6.722912073135376,,,14.503653526306152,14.503653526306152,,,58.993839263916016,8.993842124938965,
reinforce,,,50.0,1,513,90.79932322975435,49,0.007621288299560547,6.730639219284058,,,-15.388296127319336,-15.388296127319336,,,41.652713775634766,-8.34728717803955,
reinforce,,,50.0,1,514,79.31523387331144,43,0.006882905960083008,6.737607002258301,,,-26.734479904174805,-26.734479904174805,,,37.49151611328125,-12.5084867477417,
reinforce,,,50.0,1,515,73.65915256065205,40,0.006403684616088867,6.74409294128418,,,-35.91437530517578,-35.91437530517578,,,35.214088439941406,-14.785908699035645,
reinforce,,,50.0,1,516,70.36653836845952,38,0.005909919738769531,6.750088930130005,,,-35.3187255859375,-35.3187255859375,,,34.27363204956055,-15.726369857788086,
reinforce,,,50.0,1,517,65.82880101014443,35,0.005617856979370117,6.755768060684204,,,-38.08620834350586,-38.08620834350586,,,32.72613525390625,-17.273862838745117,
reinforce,,,50.0,1,518,174.82336012246557,89,0.014178991317749023,6.770028114318848,,,38.044368743896484,38.044368743896484,,,71.144775390625,21.1447811126709,
reinforce,,,50.0,1,519,176.21419333520282,89,0.014057397842407227,6.784187316894531,,,51.81306076049805,51.81306076049805,,,71.79461669921875,21.794620513916016,
reinforce,,,50.0,1,520,78.82266327780034,42,0.006643772125244141,6.790910959243774,171.1165770782257,2.2452759974635916,-23.764814376831055,-23.764814376831055,,,37.469078063964844,-12.530921936035156,
reinforce,,,50.0,1,521,169.10148069976805,86,0.013637781143188477,6.839915037155151,,,37.830448150634766,37.830448150634766,,,69.19995880126953,19.1999568939209,
reinforce,,,50.0,1,522,166.72596491495565,85,0.013340950012207031,6.853360891342163,,,37.170352935791016,37.170352935791016,,,68.37548828125,18.375492095947266,
reinforce,,,50.0,1,523,167.09285011330186,85,0.013487100601196289,6.866946220397949,,,35.59320831298828,35.59320831298828,,,68.49455261230469,18.494550704956055,
reinforce,,,50.0,1,524,158.92197151705307,81,0.012701988220214844,6.8797430992126465,,,34.8048210144043,34.8048210144043,,,66.16717529296875,16.167173385620117,
reinforce,,,50.0,1,525,171.2334837616728,87,0.01363992691040039,6.893464088439941,,,36.680763244628906,36.680763244628906,,,70.02130126953125,20.021305084228516,
reinforce,,,50.0,1,526,167.03529793279102,85,0.013308048248291016,6.906850099563599,,,34.83389663696289,34.83389663696289,,,68.90814971923828,18.90814781188965,
reinforce,,,50.0,1,527,69.09122124263955,37,0.005733966827392578,6.912676095962524,,,-27.070598602294922,-27.070598602294922,,,33.79707717895508,-16.202922821044922,
reinforce,,,50.0,1,528,167.4559428627931,85,0.013309955596923828,6.926054000854492,,,34.045894622802734,34.045894622802734,,,69.21359252929688,19.213590621948242,
reinforce,,,50.0,1,529,162.54594335626922,83,0.012866020202636719,6.939014196395874,,,43.99164581298828,43.99164581298828,,,67.39405822753906,17.394058227539062,
reinforce,,,50.0,1,530,165.2321450470864,84,0.013141870498657227,6.952229976654053,,,29.119632720947266,29.119632720947266,,,68.61088562011719,18.610889434814453,
reinforce,,,50.0,1,531,167.3185423853829,85,0.013416051864624023,6.965727090835571,,,35.7430419921875,35.7430419921875,,,69.16185760498047,19.161853790283203,
reinforce,,,50.0,1,532,140.49510999811386,74,0.011410713195800781,6.977313995361328,,,19.969850540161133,19.969850540161133,,,59.288902282714844,9.288904190063477,
reinforce,,,50.0,1,533,174.17098899773384,88,0.013981103897094727,6.991365194320679,,,52.69253158569336,52.69253158569336,,,71.6421890258789,21.642194747924805,
reinforce,,,50.0,1,534,179.96978912058287,91,0.014313220977783203,7.005786180496216,,,52.15278244018555,52.15278244018555,,,73.37687683105469,23.376873016357422,
reinforce,,,50.0,1,535,181.3031640641382,91,0.014418840408325195,7.020298004150391,,,44.84492111206055,44.84492111206055,,,74.35997772216797,24.359975814819336,
reinforce,,,50.0,1,536,183.7312772105521,92,0.014553070068359375,7.0349462032318115,,,47.473018646240234,47.473018646240234,,,75.14110565185547,25.14109992980957,
reinforce,,,50.0,1,537,188.59593122242836,90,0.014195919036865234,7.049278020858765,,,68.05733489990234,68.05733489990234,,,79.95012664794922,29.95012664794922,
reinforce,,,50.0,1,538,159.37262323306206,81,0.01270914077758789,7.062084197998047,,,33.71672439575195,33.71672439575195,,,66.56636047363281,16.566360473632812,
reinforce,,,50.0,1,539,180.1745034040655,91,0.014330148696899414,7.076503038406372,,,46.61199951171875,46.61199951171875,,,73.53536224365234,23.53536605834961,
reinforce,,,50.0,1,540,179.7651043683417,91,0.014490842819213867,7.09108304977417,179.96074174120403,1.354748329802769,53.994667053222656,53.994667053222656,,,73.25132751464844,23.251333236694336,
reinforce,,,50.0,1,541,176.51596516716765,89,0.014221906661987305,7.1417200565338135,,,45.51191329956055,45.51191329956055,,,72.35252380371094,22.352527618408203,
reinforce,,,50.0,1,542,180.37673173901572,89,0.013883113861083984,7.155703067779541,,,65.34981536865234,65.34981536865234,,,75.14044952392578,25.14044952392578,
reinforce,,,50.0,1,543,182.90124582729086,92,0.014285087585449219,7.170095205307007,,,56.52312469482422,56.52312469482422,,,74.6690444946289,24.66904640197754,
reinforce,,,50.0,1,544,176.90261356519025,89,0.014039039611816406,7.184222936630249,,,37.59346008300781,37.59346008300781,,,72.78338623046875,22.78337860107422,
reinforce,,,50.0,1,545,173.8758219879196,88,0.013809919357299805,7.1981189250946045,,,35.02833938598633,35.02833938598633,,,71.343994140625,21.343990325927734,
reinforce,,,50.0,1,546,182.09126000082568,92,0.014258146286010742,7.212463140487671,,,53.8848991394043,53.8848991394043,,,74.08094787597656,24.08095359802246,
reinforce,,,50.0,1,547,160.7998035448474,82,0.012840986251831055,7.225377082824707,,,38.11863327026367,38.11863327026367,,,66.6412582397461,16.64125633239746,
reinforce,,,50.0,1,548,177.7760526238415,90,0.013853073120117188,7.239304065704346,,,39.7004508972168,39.7004508972168,,,72.57300567626953,22.573009490966797,
reinforce,,,50.0,1,549,177.77403228659108,90,0.01412510871887207,7.253515005111694,,,46.2275390625,46.2275390625,,,72.49244689941406,22.49245262145996,
reinforce,,,50.0,1,550,171.63992865753352,87,0.013492107391357422,7.267101049423218,,,45.893646240234375,45.893646240234375,,,70.5053939819336,20.505393981933594,
reinforce,,,50.0,1,551,174.56492976799603,89,0.014097929000854492,7.281290054321289,,,38.206138610839844,38.206138610839844,,,71.42781066894531,21.42780876159668,
reinforce,,,50.0,1,552,172.5085720569553,88,0.013875961303710938,7.295262098312378,,,48.132808685302734,48.132808685302734,,,70.5098876953125,20.5098876953125,
reinforce,,,50.0,1,553,177.75405052609818,91,0.014400959014892578,7.309747934341431,,,36.097557067871094,36.097557067871094,,,72.15498352050781,22.154987335205078,
reinforce,,,50.0,1,554,164.77612934904712,84,0.013379096984863281,7.32321310043335,,,38.50189971923828,38.50189971923828,,,68.02765655517578,18.02765464782715,
reinforce,,,50.0,1,555,166.01552183873937,85,0.013277053833007812,7.336588144302368,,,37.902469635009766,37.902469635009766,,,68.62059783935547,18.620601654052734,
reinforce,,,50.0,1,556,164.58965687791445,84,0.01309514045715332,7.349774122238159,,,34.037994384765625,34.037994384765625,,,68.03153228759766,18.031532287597656,
reinforce,,,50.0,1,557,169.52757589202176,86,0.013596057891845703,7.363460063934326,,,38.35579299926758,38.35579299926758,,,69.97142028808594,19.971418380737305,
reinforce,,,50.0,1,558,168.35201196309404,86,0.013643026351928711,7.377202987670898,,,36.29349136352539,36.29349136352539,,,69.49268341064453,19.492679595947266,
reinforce,,,50.0,1,559,176.32772183990687,90,0.014101028442382812,7.391390085220337,,,45.63418960571289,45.63418960571289,,,71.90666961669922,21.90666961669922,
reinforce,,,50.0,1,560,167.52136519232656,86,0.01360321044921875,7.405078172683716,164.68416077247926,2.845398637070459,37.17863082885742,37.17863082885742,,,68.9097900390625,18.9097900390625,
reinforce,,,50.0,1,561,148.2687975777204,77,0.011829137802124023,7.450806140899658,,,26.086551666259766,26.086551666259766,,,61.943023681640625,11.943020820617676,
reinforce,,,50.0,1,562,166.63012293357713,85,0.013358116149902344,7.464261293411255,,,46.68745803833008,46.68745803833008,,,68.72444915771484,18.724449157714844,
reinforce,,,50.0,1,563,162.4797147007515,83,0.013243913650512695,7.477601051330566,,,39.235267639160156,39.235267639160156,,,67.3381118774414,17.33810806274414,
reinforce,,,50.0,1,564,161.19609437642166,83,0.013124942779541016,7.490818023681641,,,32.258522033691406,32.258522033691406,,,66.5965576171875,16.596553802490234,
reinforce,,,50.0,1,565,154.58735217059788,80,0.012591123580932617,7.503502130508423,,,24.187694549560547,24.187694549560547,,,64.24183654785156,14.241842269897461,
reinforce,,,50.0,1,566,161.72250044028672,83,0.013316154479980469,7.51689600944519,,,33.572120666503906,33.572120666503906,,,66.87797546386719,16.87798500061035,
reinforce,,,50.0,1,567,164.89109421792523,84,0.01312398910522461,7.530105113983154,,,34.36479568481445,34.36479568481445,,,68.61663055419922,18.616628646850586,
reinforce,,,50.0,1,568,163.13503828369159,84,0.013251066207885742,7.543459177017212,,,37.177669525146484,37.177669525146484,,,67.45463562011719,17.454635620117188,
reinforce,,,50.0,1,569,165.00845703694858,86,0.013355016708374023,7.556912899017334,,,28.79690933227539,28.79690933227539,,,67.56710815429688,17.567106246948242,
reinforce,,,50.0,1,570,162.1474095006241,84,0.013216018676757812,7.5702290534973145,,,33.74945831298828,33.74945831298828,,,66.98595428466797,16.98595428466797,
reinforce,,,50.0,1,571,158.97008891425872,82,0.012732982635498047,7.583065032958984,,,39.50129318237305,39.50129318237305,,,65.39535522460938,15.39536190032959,
reinforce,,,50.0,1,572,163.5272850541096,85,0.013570070266723633,7.596772193908691,,,35.49345779418945,35.49345779418945,,,67.37577056884766,17.375770568847656,
reinforce,,,50.0,1,573,165.62106588045822,86,0.013485908508300781,7.6103479862213135,,,38.37680435180664,38.37680435180664,,,67.56759643554688,17.56759262084961,
reinforce,,,50.0,1,574,149.0130187759084,78,0.012337923049926758,7.622794151306152,,,29.383529663085938,29.383529663085938,,,61.87213897705078,11.872138023376465,
reinforce,,,50.0,1,575,154.72532003113596,81,0.012635231018066406,7.635514259338379,,,22.41289520263672,22.41289520263672,,,63.992271423339844,13.992265701293945,
reinforce,,,50.0,1,576,154.03712625369815,81,0.012630939483642578,7.648221969604492,,,33.045040130615234,33.045040130615234,,,63.71050262451172,13.710503578186035,
reinforce,,,50.0,1,577,156.89251475375994,82,0.01287984848022461,7.661185026168823,,,35.73983383178711,35.73983383178711,,,64.6044692993164,14.60446548461914,
reinforce,,,50.0,1,578,154.90334793527433,81,0.0126800537109375,7.673938035964966,,,25.752613067626953,25.752613067626953,,,63.50678634643555,13.506784439086914,
reinforce,,,50.0,1,579,158.82786081692976,83,0.012923955917358398,7.686953067779541,,,28.081153869628906,28.081153869628906,,,65.04364013671875,15.043639183044434,
reinforce,,,50.0,1,580,159.8374027492493,84,0.013050079345703125,7.700098037719727,164.68896494259448,1.569113139275061,24.044204711914062,24.044204711914062,,,65.36612701416016,15.36613655090332,
reinforce,,,50.0,1,581,157.48362759549892,82,0.013083934783935547,7.747942924499512,,,29.919450759887695,29.919450759887695,,,64.64215850830078,14.642162322998047,
reinforce,,,50.0,1,582,164.78045195662907,86,0.013519048690795898,7.761551141738892,,,35.105140686035156,35.105140686035156,,,67.09213256835938,17.09212875366211,
reinforce,,,50.0,1,583,159.9188055620488,83,0.013163089752197266,7.774801969528198,,,34.439510345458984,34.439510345458984,,,65.65438842773438,15.654385566711426,
reinforce,,,50.0,1,584,166.02499559906119,87,0.013550043106079102,7.7884521484375,,,37.65569305419922,37.65569305419922,,,67.30707550048828,17.30707359313965,
reinforce,,,50.0,1,585,164.72434818535123,86,0.013629913330078125,7.802175045013428,,,34.07330322265625,34.07330322265625,,,67.08271026611328,17.08271026611328,
reinforce,,,50.0,1,586,163.25792402438566,86,0.013509750366210938,7.815760850906372,,,36.45711135864258,36.45711135864258,,,66.3239517211914,16.32394790649414,
reinforce,,,50.0,1,587,166.12529003220962,87,0.013699769973754883,7.829542875289917,,,30.70249366760254,30.70249366760254,,,67.7053451538086,17.705341339111328,
reinforce,,,50.0,1,588,165.39671171537915,86,0.014066934585571289,7.84369421005249,,,44.09086608886719,44.09086608886719,,,67.4427261352539,17.442726135253906,
reinforce,,,50.0,1,589,157.25647246426726,82,0.013605833053588867,7.857407093048096,,,30.842222213745117,30.842222213745117,,,64.58293914794922,14.58293628692627,
reinforce,,,50.0,1,590,157.01667575605086,82,0.013041973114013672,7.870558977127075,,,33.43164825439453,33.43164825439453,,,64.32876586914062,14.328766822814941,
reinforce,,,50.0,1,591,161.07297235404528,84,0.013336181640625,7.88400411605835,,,37.8985710144043,37.8985710144043,,,65.93537902832031,15.935378074645996,
reinforce,,,50.0,1,592,163.71260038302557,86,0.013887882232666016,7.897990942001343,,,35.55418395996094,35.55418395996094,,,66.48309326171875,16.483095169067383,
reinforce,,,50.0,1,593,162.6021879812971,84,0.013419151306152344,7.911508083343506,,,41.07534408569336,41.07534408569336,,,66.56710052490234,16.567092895507812,
reinforce,,,50.0,1,594,170.25879757604596,87,0.013604164123535156,7.925207138061523,,,46.218318939208984,46.218318939208984,,,70.06472778320312,20.064725875854492,
reinforce,,,50.0,1,595,163.01548737068677,84,0.013056039810180664,7.938355922698975,,,34.99054718017578,34.99054718017578,,,66.73863983154297,16.738636016845703,
reinforce,,,50.0,1,596,167.65223327782817,86,0.013305187225341797,7.9517502784729,,,40.21836853027344,40.21836853027344,,,68.6600570678711,18.660053253173828,
reinforce,,,50.0,1,597,161.25948943227993,84,0.013323068618774414,7.9651641845703125,,,36.026065826416016,36.026065826416016,,,66.02664184570312,16.02664566040039,
reinforce,,,50.0,1,598,169.86997621763624,87,0.013419628143310547,7.978673934936523,,,42.68734359741211,42.68734359741211,,,69.43635559082031,19.436351776123047,
reinforce,,,50.0,1,599,169.5737705471283,86,0.014068126678466797,7.992825269699097,,,42.62044143676758,42.62044143676758,,,69.9352035522461,19.935205459594727,
reinforce,,,50.0,1,600,169.13923109448163,87,0.013751983642578125,8.006704092025757,167.4357253523462,1.589172726080755,39.9222412109375,39.9222412109375,,,69.0420913696289,19.04208755493164,
reinforce,,,50.0,1,601,169.32658823028015,87,0.013355016708374023,8.054765224456787,,,44.226951599121094,44.226951599121094,,,69.16534423828125,19.16534423828125,
reinforce,,,50.0,1,602,146.97391348829595,77,0.01198720932006836,8.066853284835815,,,22.935279846191406,22.935279846191406,,,61.11989974975586,11.119903564453125,
reinforce,,,50.0,1,603,168.3121021912911,86,0.013572931289672852,8.08053994178772,,,36.76568603515625,36.76568603515625,,,69.00303649902344,19.00303840637207,
reinforce,,,50.0,1,604,171.6664055440568,87,0.013705253601074219,8.094341278076172,,,40.51731872558594,40.51731872558594,,,70.67581939697266,20.67582130432129,
reinforce,,,50.0,1,605,157.20733422352424,81,0.012727022171020508,8.107156991958618,,,24.38336181640625,24.38336181640625,,,64.86444091796875,14.864447593688965,
reinforce,,,50.0,1,606,156.76193014553905,81,0.01295781135559082,8.120213031768799,,,32.96907043457031,32.96907043457031,,,65.09864807128906,15.09864330291748,
reinforce,,,50.0,1,607,157.30485412743988,81,0.01277613639831543,8.133081197738647,,,31.547761917114258,31.547761917114258,,,65.47660827636719,15.476613998413086,
reinforce,,,50.0,1,608,169.74610359213492,86,0.013444185256958008,8.14661717414856,,,48.195396423339844,48.195396423339844,,,69.85089874267578,19.850894927978516,
reinforce,,,50.0,1,609,163.01860502815885,83,0.01301717758178711,8.159725189208984,,,32.628211975097656,32.628211975097656,,,67.9443359375,17.9443359375,
reinforce,,,50.0,1,610,170.4929449165687,84,0.013115882873535156,8.172924995422363,,,36.79736328125,36.79736328125,,,72.61619567871094,22.61618995666504,
reinforce,,,50.0,1,611,155.92174926107637,80,0.01260519027709961,8.185615062713623,,,28.42416763305664,28.42416763305664,,,65.5778579711914,15.577857971191406,
reinforce,,,50.0,1,612,168.57234569250386,85,0.013403177261352539,8.199097156524658,,,35.441650390625,35.441650390625,,,70.16828155517578,20.168285369873047,
reinforce,,,50.0,1,613,164.4677929453868,84,0.013128995895385742,8.212309122085571,,,36.39493179321289,36.39493179321289,,,68.20582580566406,18.205814361572266,
reinforce,,,50.0,1,614,167.78108806672034,84,0.013212919235229492,8.225595951080322,,,43.687843322753906,43.687843322753906,,,71.04578399658203,21.045785903930664,
reinforce,,,50.0,1,615,167.8475641173158,85,0.013506650924682617,8.239184856414795,,,40.06227111816406,40.06227111816406,,,69.84256744384766,19.84256362915039,
reinforce,,,50.0,1,616,159.72792548477267,82,0.012905359268188477,8.252187252044678,,,38.55126190185547,38.55126190185547,,,66.60738372802734,16.607391357421875,
reinforce,,,50.0,1,617,167.2993025421768,81,0.013039827346801758,8.26531195640564,,,40.80973434448242,40.80973434448242,,,72.54853820800781,22.54854393005371,
reinforce,,,50.0,1,618,166.11395008053557,84,0.01334381103515625,8.278733015060425,,,37.5775032043457,37.5775032043457,,,69.44039154052734,19.44038963317871,
reinforce,,,50.0,1,619,166.24712497024962,84,0.013301849365234375,8.292143106460571,,,47.45780563354492,47.45780563354492,,,69.73397064208984,19.733964920043945,
reinforce,,,50.0,1,620,169.10618498550764,83,0.012758970260620117,8.305047035217285,171.83895514518673,0.6470319305898543,35.88511276245117,35.88511276245117,,,72.17190551757812,22.17190170288086,
reinforce,,,50.0,1,621,163.95995798139003,82,0.013229846954345703,8.352263927459717,,,42.50332260131836,42.50332260131836,,,69.31343841552734,19.313444137573242,
reinforce,,,50.0,1,622,175.06079440698068,85,0.013458967208862305,8.36581301689148,,,53.26213836669922,53.26213836669922,,,74.94144439697266,24.941444396972656,
reinforce,,,50.0,1,623,171.2808394261688,85,0.0135040283203125,8.379407167434692,,,43.8182487487793,43.8182487487793,,,72.21672821044922,22.21672248840332,
reinforce,,,50.0,1,624,167.20723871840028,83,0.012986183166503906,8.392474174499512,,,40.74819564819336,40.74819564819336,,,71.32667541503906,21.326677322387695,
reinforce,,,50.0,1,625,173.12064394201113,84,0.013394832611083984,8.405944108963013,,,51.153743743896484,51.153743743896484,,,74.23066711425781,24.230667114257812,
reinforce,,,50.0,1,626,175.1538745940151,85,0.013458013534545898,8.419490098953247,,,48.296512603759766,48.296512603759766,,,74.84906005859375,24.84905433654785,
reinforce,,,50.0,1,627,176.4496883721863,82,0.012641668319702148,8.432220935821533,,,51.67411422729492,51.67411422729492,,,77.81948852539062,27.819490432739258,
reinforce,,,50.0,1,628,175.9551443633623,83,0.013092756271362305,8.445405960083008,,,56.621524810791016,56.621524810791016,,,77.36954498291016,27.36954689025879,
reinforce,,,50.0,1,629,180.31944370630413,83,0.013059139251708984,8.458580017089844,,,60.667694091796875,60.667694091796875,,,79.7170639038086,29.71706199645996,
reinforce,,,50.0,1,630,173.94212277457797,83,0.013195991516113281,8.471877098083496,,,51.03955841064453,51.03955841064453,,,75.51458740234375,25.51458168029785,
reinforce,,,50.0,1,631,175.0953317655077,85,0.013123035430908203,8.485092163085938,,,47.90763854980469,47.90763854980469,,,75.05223846435547,25.05224609375,
reinforce,,,50.0,1,632,176.15771448059814,84,0.013462066650390625,8.498661279678345,,,57.944034576416016,57.944034576416016,,,76.21315002441406,26.2131404876709,
reinforce,,,50.0,1,633,182.33347372280014,84,0.013271093368530273,8.512030124664307,,,61.38847351074219,61.38847351074219,,,80.32452392578125,30.32452392578125,
reinforce,,,50.0,1,634,175.69855907128243,86,0.013713836669921875,8.525835990905762,,,46.30942153930664,46.30942153930664,,,74.3503646850586,24.350366592407227,
reinforce,,,50.0,1,635,172.67439417797073,85,0.013488292694091797,8.539428234100342,,,49.61884307861328,49.61884307861328,,,73.27044677734375,23.270448684692383,
reinforce,,,50.0,1,636,184.24687954704254,84,0.013376712799072266,8.552891969680786,,,63.37660598754883,63.37660598754883,,,81.31891632080078,31.318918228149414,
reinforce,,,50.0,1,637,178.0960546073071,85,0.013430118560791016,8.566400051116943,,,52.62796401977539,52.62796401977539,,,76.57142639160156,26.57142448425293,
reinforce,,,50.0,1,638,176.39482863311818,83,0.013019323348999023,8.579521179199219,,,55.26490783691406,55.26490783691406,,,77.1948471069336,27.194841384887695,
reinforce,,,50.0,1,639,183.65413765563346,85,0.01343989372253418,8.59304404258728,,,65.10003662109375,65.10003662109375,,,80.28823852539062,30.28822898864746,
reinforce,,,50.0,1,640,179.37459683685134,83,0.013289928436279297,8.606416940689087,180.2370634120228,0.21631147711465396,58.60205841064453,58.60205841064453,,,79.0311050415039,29.031103134155273,
reinforce,,,50.0,1,641,181.0004140442055,84,0.013094902038574219,8.653223037719727,,,70.30712890625,70.30712890625,,,79.40589141845703,29.405893325805664,
reinforce,,,50.0,1,642,178.21335770975438,84,0.013087987899780273,8.66641116142273,,,56.00237274169922,56.00237274169922,,,77.70143127441406,27.701433181762695,
reinforce,,,50.0,1,643,179.38669505805882,87,0.013241052627563477,8.679768085479736,,,57.128807067871094,57.128807067871094,,,76.19488525390625,26.194889068603516,
reinforce,,,50.0,1,644,176.95449461553682,84,0.013400077819824219,8.693259000778198,,,55.4896354675293,55.4896354675293,,,76.42449951171875,26.424503326416016,
reinforce,,,50.0,1,645,174.66276521174822,84,0.013444185256958008,8.706831216812134,,,50.38184356689453,50.38184356689453,,,75.08821868896484,25.08822250366211,
reinforce,,,50.0,1,646,177.55637774428288,85,0.013386011123657227,8.720314264297485,,,54.50761795043945,54.50761795043945,,,76.11048126220703,26.11048126220703,
reinforce,,,50.0,1,647,177.90696650320965,84,0.013441801071166992,8.733851909637451,,,47.4118766784668,47.4118766784668,,,77.59265899658203,27.592647552490234,
reinforce,,,50.0,1,648,177.95203410241078,86,0.013399124145507812,8.747355222702026,,,43.87944412231445,43.87944412231445,,,75.78803253173828,25.788026809692383,
reinforce,,,50.0,1,649,177.03359287233894,86,0.013626813888549805,8.761065006256104,,,45.89948654174805,45.89948654174805,,,75.2423324584961,25.242328643798828,
reinforce,,,50.0,1,650,173.75867212045387,84,0.013378143310546875,8.774526119232178,,,44.352783203125,44.352783203125,,,74.42311096191406,24.42311668395996,
reinforce,,,50.0,1,651,174.80464767566636,86,0.013735055923461914,8.788358211517334,,,52.70176315307617,52.70176315307617,,,73.61371612548828,23.613718032836914,
reinforce,,,50.0,1,652,178.8640739922795,83,0.01322031021118164,8.801677227020264,,,59.357452392578125,59.357452392578125,,,78.74352264404297,28.74352264404297,
reinforce,,,50.0,1,653,177.6265158377511,83,0.01283717155456543,8.814596176147461,,,62.01987075805664,62.01987075805664,,,78.22608947753906,28.226083755493164,
reinforce,,,50.0,1,654,174.98556535069787,83,0.013231039047241211,8.827912092208862,,,57.2569580078125,57.2569580078125,,,76.05237579345703,26.05237579345703,
reinforce,,,50.0,1,655,176.29904985447925,87,0.013468265533447266,8.841466188430786,,,48.17519760131836,48.17519760131836,,,74.16210174560547,24.162092208862305,
reinforce,,,50.0,1,656,179.64963418875996,83,0.01306295394897461,8.854618072509766,,,58.061336517333984,58.061336517333984,,,78.8932113647461,28.89320182800293,
reinforce,,,50.0,1,657,179.74284701777157,84,0.013212203979492188,8.867983102798462,,,65.33854675292969,65.33854675292969,,,78.51823425292969,28.518232345581055,
reinforce,,,50.0,1,658,179.8934613765412,84,0.013052940368652344,8.881121158599854,,,57.66507339477539,57.66507339477539,,,78.64414978027344,28.644147872924805,
reinforce,,,50.0,1,659,181.08300643899716,84,0.012994050979614258,8.894206047058105,,,65.25675201416016,65.25675201416016,,,79.69406127929688,29.694059371948242,
reinforce,,,50.0,1,660,180.74229938818877,83,0.013216733932495117,8.90750503540039,179.25733434391367,1.6069152117041354,61.14816665649414,61.14816665649414,,,79.8431396484375,29.843137741088867,
reinforce,,,50.0,1,661,183.275117200353,85,0.01348567008972168,8.954813957214355,,,57.34137725830078,57.34137725830078,,,80.63188171386719,30.631887435913086,
reinforce,,,50.0,1,662,177.29814459167926,88,0.013737916946411133,8.968644142150879,,,59.94496154785156,59.94496154785156,,,74.6693344116211,24.669334411621094,
reinforce,,,50.0,1,663,180.08597968802343,83,0.013116836547851562,8.981847047805786,,,61.479576110839844,61.479576110839844,,,79.73627471923828,29.73627471923828,
reinforce,,,50.0,1,664,178.31565376306207,83,0.01312112808227539,8.995051145553589,,,56.318206787109375,56.318206787109375,,,78.71150207519531,28.711505889892578,
reinforce,,,50.0,1,665,183.34237923824347,84,0.013340234756469727,9.00847315788269,,,66.04013061523438,66.04013061523438,,,80.91030883789062,30.91031265258789,
reinforce,,,50.0,1,666,187.4520864989031,86,0.01373600959777832,9.022300004959106,,,70.12091064453125,70.12091064453125,,,82.66996765136719,32.66996765136719,
reinforce,,,50.0,1,667,177.00060851990654,86,0.013720989227294922,9.036116123199463,,,56.46616744995117,56.46616744995117,,,75.81159973144531,25.811599731445312,
reinforce,,,50.0,1,668,185.25180230277934,85,0.01353597640991211,9.04975414276123,,,61.921852111816406,61.921852111816406,,,81.5773696899414,31.57737159729004,
reinforce,,,50.0,1,669,188.97127253165283,86,0.013653039932250977,9.063508987426758,,,66.39373779296875,66.39373779296875,,,83.15923309326172,33.159236907958984,
reinforce,,,50.0,1,670,181.9724296876532,84,0.01314687728881836,9.076744079589844,,,76.26296997070312,76.26296997070312,,,80.25062561035156,30.250627517700195,
reinforce,,,50.0,1,671,175.93022584326982,84,0.013080120086669922,9.089922189712524,,,51.707542419433594,51.707542419433594,,,77.01007843017578,27.010082244873047,
reinforce,,,50.0,1,672,173.41636591346017,86,0.013395071029663086,9.103403091430664,,,62.809627532958984,62.809627532958984,,,73.3271255493164,23.327123641967773,
reinforce,,,50.0,1,673,179.59079396577397,84,0.013392925262451172,9.11689305305481,,,65.09974670410156,65.09974670410156,,,79.034423828125,29.0344181060791,
reinforce,,,50.0,1,674,180.98240497133895,84,0.01359701156616211,9.130582094192505,,,66.77426147460938,66.77426147460938,,,79.95220184326172,29.952199935913086,
reinforce,,,50.0,1,675,178.46831830763256,83,0.013238906860351562,9.143933057785034,,,49.80504608154297,49.80504608154297,,,78.84147644042969,28.841482162475586,
reinforce,,,50.0,1,676,180.93650815964114,84,0.013377189636230469,9.157396078109741,,,56.73539352416992,56.73539352416992,,,79.93165588378906,29.9316463470459,
reinforce,,,50.0,1,677,175.1016408883144,84,0.01328587532043457,9.17076301574707,,,53.095672607421875,53.095672607421875,,,75.99855041503906,25.998546600341797,
reinforce,,,50.0,1,678,180.62079850202423,84,0.013240814208984375,9.184092998504639,,,57.02490234375,57.02490234375,,,79.61917877197266,29.619184494018555,
reinforce,,,50.0,1,679,171.70817788445873,85,0.013428211212158203,9.19760513305664,,,49.82501220703125,49.82501220703125,,,73.0163803100586,23.016376495361328,
reinforce,,,50.0,1,680,182.66604189547354,84,0.013292074203491211,9.210981130599976,177.35478353084994,0.39822917772380095,61.688568115234375,61.688568115234375,,,80.68222045898438,30.682218551635742,
reinforce,,,50.0,1,681,180.93919577813816,84,0.013162851333618164,9.257766008377075,,,53.40961456298828,53.40961456298828,,,79.86888122558594,29.868873596191406,
reinforce,,,50.0,1,682,178.5833387027407,84,0.01306295394897461,9.270936012268066,,,50.591705322265625,50.591705322265625,,,78.62654876708984,28.62654685974121,
reinforce,,,50.0,1,683,175.32489127005076,83,0.01279306411743164,9.283820152282715,,,45.739479064941406,45.739479064941406,,,77.25152587890625,27.251523971557617,
reinforce,,,50.0,1,684,167.96163823648274,84,0.013422966003417969,9.297337055206299,,,51.760189056396484,51.760189056396484,,,71.52359008789062,21.523584365844727,
reinforce,,,50.0,1,685,173.65887758565373,83,0.013323068618774414,9.310760021209717,,,52.3304443359375,52.3304443359375,,,76.286376953125,26.286376953125,
reinforce,,,50.0,1,686,176.9199690178194,83,0.012938976287841797,9.323814868927002,,,63.03718185424805,63.03718185424805,,,78.51021575927734,28.510221481323242,
reinforce,,,50.0,1,687,183.434009141983,85,0.01332402229309082,9.337226152420044,,,70.17342376708984,70.17342376708984,,,81.14212799072266,31.142135620117188,
reinforce,,,50.0,1,688,180.1982463725983,84,0.013307809829711914,9.350614070892334,,,61.496246337890625,61.496246337890625,,,79.68820190429688,29.688199996948242,
reinforce,,,50.0,1,689,176.74574071209898,83,0.013010978698730469,9.363708972930908,,,65.28384399414062,65.28384399414062,,,78.42393493652344,28.423934936523438,
reinforce,,,50.0,1,690,185.0661151479974,85,0.013545036315917969,9.377341985702515,,,64.31790924072266,64.31790924072266,,,81.88677978515625,31.886781692504883,
reinforce,,,50.0,1,691,176.16057891100814,83,0.013051271438598633,9.390488147735596,,,56.387882232666016,56.387882232666016,,,77.88619232177734,27.886198043823242,
reinforce,,,50.0,1,692,182.71366009224394,84,0.013006925582885742,9.403584003448486,,,66.41361236572266,66.41361236572266,,,81.46903228759766,31.46902847290039,
reinforce,,,50.0,1,693,178.8903237607788,83,0.012946128845214844,9.416646242141724,,,57.81427764892578,57.81427764892578,,,79.34048461914062,29.340478897094727,
reinforce,,,50.0,1,694,181.81408327159608,84,0.013275861740112305,9.430001020431519,,,71.26548767089844,71.26548767089844,,,80.7959213256836,30.795915603637695,
reinforce,,,50.0,1,695,184.2321666584195,85,0.013153791427612305,9.443238973617554,,,61.376930236816406,61.376930236816406,,,81.6992416381836,31.699241638183594,
reinforce,,,50.0,1,696,190.71724433065344,87,0.013665199279785156,9.457016229629517,,,70.9648666381836,70.9648666381836,,,84.00160217285156,34.00160217285156,
reinforce,,,50.0,1,697,190.75615161218303,87,0.013740062713623047,9.470852136611938,,,66.04518127441406,66.04518127441406,,,84.15265655517578,34.15265655517578,
reinforce,,,50.0,1,698,182.25258529398587,85,0.013527154922485352,9.484467029571533,,,54.44287872314453,54.44287872314453,,,80.75495147705078,30.75494956970215,
reinforce,,,50.0,1,699,196.63890533448594,89,0.014046907424926758,9.498618125915527,,,72.8541259765625,72.8541259765625,,,86.44369506835938,36.443695068359375,
reinforce,,,50.0,1,700,195.33984084077886,89,0.014276981353759766,9.512989044189453,195.24563509772526,0.8777948673476174,65.3176040649414,65.3176040649414,,,85.7025375366211,35.70253372192383,
reinforce,,,50.0,1,701,191.3038549142238,87,0.013593196868896484,9.562594175338745,,,70.8060531616211,70.8060531616211,,,84.40099334716797,34.401004791259766,
reinforce,,,50.0,1,702,192.88341392365325,88,0.01389169692993164,9.576592922210693,,,72.76811218261719,72.76811218261719,,,84.88481140136719,34.88481140136719,
reinforce,,,50.0,1,703,196.55914704446462,89,0.013899087905883789,9.590599060058594,,,75.4089126586914,75.4089126586914,,,86.48419952392578,36.48419952392578,
reinforce,,,50.0,1,704,196.3212822557161,89,0.013787031173706055,9.604560136795044,,,73.44420623779297,73.44420623779297,,,86.62657165527344,36.6265754699707,
reinforce,,,50.0,1,705,190.91593853117388,87,0.013567924499511719,9.618224143981934,,,69.86299896240234,69.86299896240234,,,84.33064270019531,34.33063888549805,
reinforce,,,50.0,1,706,195.26545842585682,88,0.013622045516967773,9.631992101669312,,,80.82491302490234,80.82491302490234,,,86.12830352783203,36.128299713134766,
reinforce,,,50.0,1,707,194.1738477588506,88,0.014283895492553711,9.646363973617554,,,73.302490234375,73.302490234375,,,85.57604217529297,35.576045989990234,
reinforce,,,50.0,1,708,180.23904242803198,84,0.013250112533569336,9.659722089767456,,,60.57975769042969,60.57975769042969,,,80.5913314819336,30.59133529663086,
reinforce,,,50.0,1,709,166.40951352767485,86,0.013286828994750977,9.673089027404785,,,46.37629318237305,46.37629318237305,,,74.88182830810547,24.881834030151367,
reinforce,,,50.0,1,710,167.09144530129078,81,0.013480901718139648,9.68666696548462,,,54.02951431274414,54.02951431274414,,,75.62555694580078,25.62555503845215,
reinforce,,,50.0,1,711,181.96161486574027,84,0.013654947280883789,9.700424909591675,,,61.3234977722168,61.3234977722168,,,81.25777435302734,31.257774353027344,
reinforce,,,50.0,1,712,161.94026554820977,78,0.013023853302001953,9.713563919067383,,,50.914588928222656,50.914588928222656,,,73.56820678710938,23.568212509155273,
reinforce,,,50.0,1,713,182.07044380462176,87,0.014414072036743164,9.728108167648315,,,77.15292358398438,77.15292358398438,,,81.24713897705078,31.247140884399414,
reinforce,,,50.0,1,714,195.83671303852054,89,0.014694929122924805,9.742961883544922,,,66.97896575927734,66.97896575927734,,,86.02569580078125,36.02570343017578,
reinforce,,,50.0,1,715,197.08000580571223,89,0.014718055725097656,9.757814168930054,,,77.21926879882812,77.21926879882812,,,86.76822662353516,36.76823043823242,
reinforce,,,50.0,1,716,197.0735389007854,89,0.014175891876220703,9.772112846374512,,,75.8411865234375,75.8411865234375,,,86.57283782958984,36.572837829589844,
reinforce,,,50.0,1,717,200.93825611080658,92,0.014899969100952148,9.787139177322388,,,73.3958511352539,73.3958511352539,,,87.93098449707031,37.93098831176758,
reinforce,,,50.0,1,718,199.08049625501027,90,0.014527082443237305,9.801787853240967,,,63.98599624633789,63.98599624633789,,,87.39566802978516,37.39566421508789,
reinforce,,,50.0,1,719,194.4336060728538,88,0.013875007629394531,9.815765142440796,,,77.8144760131836,77.8144760131836,,,85.74057006835938,35.74056625366211,
reinforce,,,50.0,1,720,193.9721569340221,88,0.01389002799987793,9.829766273498535,201.64949534317753,1.7973499339800945,79.68597412109375,79.68597412109375,,,85.70347595214844,35.70347213745117,
reinforce,,,50.0,1,721,196.78779869785754,89,0.014070987701416016,9.88096308708191,,,65.20063781738281,65.20063781738281,,,86.69338989257812,36.69338607788086,
reinforce,,,50.0,1,722,200.73591982255599,92,0.01474308967590332,9.895806074142456,,,84.91675567626953,84.91675567626953,,,88.01054382324219,38.01054000854492,
reinforce,,,50.0,1,723,200.6685701671062,90,0.01387786865234375,9.909808158874512,,,73.39309692382812,73.39309692382812,,,88.18933868408203,38.18933868408203,
reinforce,,,50.0,1,724,199.92101878149762,90,0.014365196228027344,9.924251317977905,,,83.2834701538086,83.2834701538086,,,87.81893157958984,37.81892776489258,
reinforce,,,50.0,1,725,204.2154559008114,93,0.01489567756652832,9.93926191329956,,,81.4156723022461,81.4156723022461,,,89.30384826660156,39.30384826660156,
reinforce,,,50.0,1,726,198.59728220427846,89,0.014297962188720703,9.953675985336304,,,73.0901107788086,73.0901107788086,,,87.61571502685547,37.615718841552734,
reinforce,,,50.0,1,727,201.86894023418492,92,0.014667987823486328,9.968455076217651,,,82.2976303100586,82.2976303100586,,,88.66394805908203,38.6639518737793,
reinforce,,,50.0,1,728,201.82714404378987,91,0.014339208602905273,9.982890129089355,,,78.4681396484375,78.4681396484375,,,88.54400634765625,38.544010162353516,
reinforce,,,50.0,1,729,208.6312279774686,96,0.01508188247680664,9.998074293136597,,,70.3927001953125,70.3927001953125,,,90.96529388427734,40.96529006958008,
reinforce,,,50.0,1,730,216.56103425243154,103,0.01627969741821289,10.014448881149292,,,89.5982437133789,89.5982437133789,,,93.29923248291016,43.29923629760742,
reinforce,,,50.0,1,731,212.24602070902932,99,0.015604972839355469,10.03015398979187,,,80.60108947753906,80.60108947753906,,,92.29762268066406,42.2976188659668,
reinforce,,,50.0,1,732,204.48003529839715,91,0.014304161071777344,10.04457402229309,,,85.30725860595703,85.30725860595703,,,89.90487670898438,39.90487289428711,
reinforce,,,50.0,1,733,209.47499726506223,95,0.014787912368774414,10.059461116790771,,,96.03606414794922,96.03606414794922,,,91.2128677368164,41.21286392211914,
reinforce,,,50.0,1,734,209.70246172042405,96,0.015338897705078125,10.074888944625854,,,86.7844467163086,86.7844467163086,,,91.73046112060547,41.730464935302734,
reinforce,,,50.0,1,735,215.96441622357324,100,0.01574993133544922,10.090728044509888,,,100.12921905517578,100.12921905517578,,,93.89314270019531,43.89315414428711,
reinforce,,,50.0,1,736,209.48928607717502,95,0.014940977096557617,10.105781078338623,,,88.9682388305664,88.9682388305664,,,90.96760559082031,40.96760940551758,
reinforce,,,50.0,1,737,225.32374071093417,111,0.01782083511352539,10.12371301651001,,,90.74280548095703,90.74280548095703,,,95.63291931152344,45.6329231262207,
reinforce,,,50.0,1,738,216.05065604309374,103,0.01621103286743164,10.140039920806885,,,84.10297393798828,84.10297393798828,,,93.07121276855469,43.07121658325195,
reinforce,,,50.0,1,739,222.5941196998442,110,0.017277002334594727,10.157427072525024,,,89.44315338134766,89.44315338134766,,,94.88237762451172,44.882381439208984,
reinforce,,,50.0,1,740,45.61316680473503,59,0.009399175643920898,10.1669282913208,215.6189140073568,1.1952309104283816,-63.51797103881836,-63.51797103881836,,,18.632108688354492,-31.367889404296875,
reinforce,,,50.0,1,741,228.51859339343883,114,0.01799607276916504,10.225418090820312,,,96.47321319580078,96.47321319580078,,,97.35970306396484,47.35969924926758,
reinforce,,,50.0,1,742,213.2233078065772,98,0.014976978302001953,10.240514039993286,,,84.82891845703125,84.82891845703125,,,93.03556823730469,43.03556442260742,
reinforce,,,50.0,1,743,210.95633660647977,93,0.014947891235351562,10.25554895401001,,,94.36141204833984,94.36141204833984,,,93.60074615478516,43.60074234008789,
reinforce,,,50.0,1,744,230.68574831230663,113,0.017926692962646484,10.27355694770813,,,106.2459716796875,106.2459716796875,,,98.51464080810547,48.5146369934082,
reinforce,,,50.0,1,745,231.24425936662342,115,0.01826786994934082,10.291944026947021,,,102.03284454345703,102.03284454345703,,,98.47743225097656,48.47742462158203,
reinforce,,,50.0,1,746,219.83614383310567,101,0.01570916175842285,10.307760238647461,,,94.44268035888672,94.44268035888672,,,95.56769561767578,45.56768798828125,
reinforce,,,50.0,1,747,217.6373053957063,101,0.016134023666381836,10.323995113372803,,,88.86885833740234,88.86885833740234,,,95.06903839111328,45.069034576416016,
reinforce,,,50.0,1,748,225.21921450915013,109,0.01716780662536621,10.341264963150024,,,93.9642333984375,93.9642333984375,,,97.30875396728516,47.308753967285156,
reinforce,,,50.0,1,749,235.5667372067698,118,0.018496036529541016,10.359864234924316,,,98.77626037597656,98.77626037597656,,,98.00569152832031,48.00569534301758,
reinforce,,,50.0,1,750,246.64745717762878,129,0.020717144012451172,10.380691051483154,,,98.51880645751953,98.51880645751953,,,96.55546569824219,46.55546569824219,
reinforce,,,50.0,1,751,230.37715786166416,112,0.018038034439086914,10.398826122283936,,,92.515869140625,92.515869140625,,,95.84516143798828,45.84516525268555,
reinforce,,,50.0,1,752,238.23685376122637,119,0.019409894943237305,10.418349027633667,,,93.95138549804688,93.95138549804688,,,95.98467254638672,45.98466110229492,
reinforce,,,50.0,1,753,235.24709222254685,119,0.018742084503173828,10.437197208404541,,,85.70271301269531,85.70271301269531,,,94.39186096191406,44.391868591308594,
reinforce,,,50.0,1,754,241.98365760148167,123,0.019468069076538086,10.456773281097412,,,97.90813446044922,97.90813446044922,,,98.22767639160156,48.2276725769043,
reinforce,,,50.0,1,755,254.922853769801,136,0.02199697494506836,10.47887897491455,,,99.45716857910156,99.45716857910156,,,97.30926513671875,47.309268951416016,
reinforce,,,50.0,1,756,253.6573748990779,136,0.021552085876464844,10.500535011291504,,,89.14021301269531,89.14021301269531,,,94.81304931640625,44.81306076049805,
reinforce,,,50.0,1,757,248.29563277739803,130,0.020451068878173828,10.521090030670166,,,92.56346130371094,92.56346130371094,,,96.76903533935547,46.76904296875,
reinforce,,,50.0,1,758,313.6206994552314,195,0.0323030948638916,10.553493022918701,,,118.34272766113281,118.34272766113281,,,103.03109741210938,53.03110885620117,
reinforce,,,50.0,1,759,319.4519377783838,203,0.03196096420288086,10.585584163665771,,,104.80020141601562,104.80020141601562,,,105.43013000488281,55.430118560791016,
reinforce,,,50.0,1,760,256.23760822151576,138,0.021673917770385742,10.607385158538818,281.64282011652347,7.680766466174685,90.7236328125,90.7236328125,,,97.76229858398438,47.762290954589844,
reinforce,,,50.0,1,761,280.8959906071268,160,0.02514171600341797,10.700412034988403,,,106.71797180175781,106.71797180175781,,,101.47820281982422,51.47820281982422,
reinforce,,,50.0,1,762,256.5514377853301,136,0.021419048309326172,10.721964120864868,,,87.42706298828125,87.42706298828125,,,96.55606842041016,46.55607223510742,
reinforce,,,50.0,1,763,288.79820179733224,169,0.027092933654785156,10.749157190322876,,,106.546630859375,106.546630859375,,,100.63705444335938,50.63705825805664,
reinforce,,,50.0,1,764,257.4249311590471,138,0.021880149841308594,10.77117395401001,,,88.61402893066406,88.61402893066406,,,95.39420318603516,45.39421463012695,
reinforce,,,50.0,1,765,290.19792061013953,176,0.027892112731933594,10.79918122291565,,,84.53276062011719,84.53276062011719,,,97.12966918945312,47.12967300415039,
reinforce,,,50.0,1,766,312.5459501574048,192,0.030710935592651367,10.830013990402222,,,111.5279312133789,111.5279312133789,,,101.54669189453125,51.54669189453125,
reinforce,,,50.0,1,767,313.4308924916411,192,0.030707836151123047,10.86084508895874,,,111.82177734375,111.82177734375,,,103.32687377929688,53.326873779296875,
reinforce,,,50.0,1,768,218.78256145156638,129,0.020643949508666992,10.881612062454224,,,72.09879302978516,72.09879302978516,,,84.64832305908203,34.64832305908203,
reinforce,,,50.0,1,769,239.49129430109218,140,0.022216081619262695,10.903939247131348,,,78.24321746826172,78.24321746826172,,,87.8687744140625,37.868778228759766,
reinforce,,,50.0,1,770,30.42374851793353,44,0.006936073303222656,10.911011219024658,,,-80.51107788085938,-80.51107788085938,,,12.489847183227539,-37.510154724121094,
reinforce,,,50.0,1,771,243.79961709082812,153,0.024398088455200195,10.935492277145386,,,76.95947265625,76.95947265625,,,89.07044219970703,39.070438385009766,
reinforce,,,50.0,1,772,307.9761581282465,195,0.030577898025512695,10.966196060180664,,,105.84400939941406,105.84400939941406,,,101.28167724609375,51.28167724609375,
reinforce,,,50.0,1,773,211.03437924223005,133,0.021235942840576172,10.987553119659424,,,57.679344177246094,57.679344177246094,,,80.75212860107422,30.752132415771484,
reinforce,,,50.0,1,774,190.59214007040651,104,0.016602039337158203,11.004281044006348,,,59.76813507080078,59.76813507080078,,,78.17771911621094,28.17771339416504,
reinforce,,,50.0,1,775,235.63737598058765,153,0.024918079376220703,11.029292106628418,,,65.29960632324219,65.29960632324219,,,84.8797607421875,34.8797607421875,
reinforce,,,50.0,1,776,177.33264899348075,110,0.017616987228393555,11.047039031982422,,,44.419315338134766,44.419315338134766,,,73.01644134521484,23.016447067260742,
reinforce,,,50.0,1,777,193.04949214054392,121,0.019723892211914062,11.066865921020508,,,55.39179229736328,55.39179229736328,,,77.02059936523438,27.020591735839844,
reinforce,,,50.0,1,778,178.21391197517315,102,0.0162961483001709,11.083279132843018,,,52.17549514770508,52.17549514770508,,,74.37675476074219,24.37675666809082,
reinforce,,,50.0,1,779,145.7002082246156,89,0.014154911041259766,11.097570180892944,,,32.08854675292969,32.08854675292969,,,63.5102653503418,13.510263442993164,
reinforce,,,50.0,1,780,154.72298428909266,88,0.014247894287109375,11.111918210983276,151.5018518675434,0.8342463079855433,29.2872314453125,29.2872314453125,,,66.15711975097656,16.157121658325195,
reinforce,,,50.0,1,781,188.02027436965543,108,0.01751089096069336,11.165680885314941,,,50.28132247924805,50.28132247924805,,,78.51514434814453,28.51515007019043,
reinforce,,,50.0,1,782,154.28644919537965,100,0.016006946563720703,11.18181300163269,,,39.821136474609375,39.821136474609375,,,66.63355255126953,16.63355255126953,
reinforce,,,50.0,1,783,181.12378965301758,101,0.016242265701293945,11.198159217834473,,,54.21352767944336,54.21352767944336,,,74.50579833984375,24.50579833984375,
reinforce,,,50.0,1,784,156.54658818780146,97,0.015738725662231445,11.213990926742554,,,33.207313537597656,33.207313537597656,,,66.49542236328125,16.49542808532715,
reinforce,,,50.0,1,785,149.10355432189994,85,0.013973712921142578,11.228060007095337,,,42.620391845703125,42.620391845703125,,,65.56884765625,15.568852424621582,
reinforce,,,50.0,1,786,158.7707299000542,89,0.014578104019165039,11.242737054824829,,,55.28911590576172,55.28911590576172,,,69.23863220214844,19.238624572753906,
reinforce,,,50.0,1,787,145.3473753460462,84,0.013681888580322266,11.256524085998535,,,32.10929489135742,32.10929489135742,,,64.24246978759766,14.242464065551758,
reinforce,,,50.0,1,788,131.48936646357458,81,0.012944936752319336,11.269577026367188,,,17.005483627319336,17.005483627319336,,,57.721065521240234,7.721066951751709,
reinforce,,,50.0,1,789,136.79722458636914,85,0.01369023323059082,11.283372163772583,,,15.36331844329834,15.36331844329834,,,57.93303680419922,7.933040618896484,
reinforce,,,50.0,1,790,176.6636351016893,108,0.01757502555847168,11.30104398727417,,,41.47294616699219,41.47294616699219,,,71.07313537597656,21.07313346862793,
reinforce,,,50.0,1,791,173.16523987738782,101,0.016176223754882812,11.317325115203857,,,45.02037811279297,45.02037811279297,,,73.44661712646484,23.44661521911621,
reinforce,,,50.0,1,792,147.61309048888128,86,0.013836860656738281,11.331266164779663,,,33.89760208129883,33.89760208129883,,,64.00740051269531,14.007391929626465,
reinforce,,,50.0,1,793,158.81741126821643,91,0.014391899108886719,11.345736026763916,,,46.45386505126953,46.45386505126953,,,68.73324584960938,18.733245849609375,
reinforce,,,50.0,1,794,146.94248275140836,86,0.013936758041381836,11.35977292060852,,,34.61181640625,34.61181640625,,,61.94950866699219,11.949509620666504,
reinforce,,,50.0,1,795,156.01958335686885,93,0.014719963073730469,11.374603033065796,,,34.96152877807617,34.96152877807617,,,68.10851287841797,18.108510971069336,
reinforce,,,50.0,1,796,201.75036088118216,120,0.01922297477722168,11.393938064575195,,,67.96550750732422,67.96550750732422,,,77.43830108642578,27.43830108642578,
reinforce,,,50.0,1,797,185.97900166139166,115,0.01840686798095703,11.41243600845337,,,47.92045211791992,47.92045211791992,,,72.27750396728516,22.277498245239258,
reinforce,,,50.0,1,798,153.13204780509477,90,0.014477014541625977,11.427012205123901,,,25.11747169494629,25.11747169494629,,,63.1980094909668,13.19801139831543,
reinforce,,,50.0,1,799,163.48771137020847,95,0.015171051025390625,11.442264080047607,,,36.4028434753418,36.4028434753418,,,66.68700408935547,16.6870059967041,
reinforce,,,50.0,1,800,151.71319096861328,83,0.013535022735595703,11.455913066864014,132.26430955238024,4.733570472330379,27.006641387939453,27.006641387939453,,,66.14620971679688,16.146211624145508,
reinforce,,,50.0,1,801,126.36046123062806,73,0.012130022048950195,11.502073049545288,,,13.135198593139648,13.135198593139648,,,56.936805725097656,6.936806678771973,
reinforce,,,50.0,1,802,159.40659714752059,94,0.015539169311523438,11.517713069915771,,,36.70734405517578,36.70734405517578,,,67.25780487060547,17.257802963256836,
reinforce,,,50.0,1,803,175.5470970700106,106,0.017184019088745117,11.535000085830688,,,41.384281158447266,41.384281158447266,,,71.024658203125,21.024660110473633,
reinforce,,,50.0,1,804,137.3387986558752,80,0.012897968292236328,11.548001050949097,,,22.666324615478516,22.666324615478516,,,60.61174392700195,10.61174201965332,
reinforce,,,50.0,1,805,155.1681349521604,83,0.013237714767456055,11.561339855194092,,,29.49109649658203,29.49109649658203,,,67.29352569580078,17.293527603149414,
reinforce,,,50.0,1,806,152.02176118475998,91,0.015016317367553711,11.576442241668701,,,26.630964279174805,26.630964279174805,,,62.910091400146484,12.910091400146484,
reinforce,,,50.0,1,807,136.0423847852439,81,0.013055801391601562,11.58960509300232,,,19.627788543701172,19.627788543701172,,,60.697994232177734,10.697994232177734,
reinforce,,,50.0,1,808,156.88660524957461,95,0.015276908874511719,11.604973077774048,,,27.423437118530273,27.423437118530273,,,65.6605453491211,15.660548210144043,
reinforce,,,50.0,1,809,165.46985160741028,99,0.016134023666381836,11.621206998825073,,,36.63593292236328,36.63593292236328,,,65.1070327758789,15.107035636901855,
reinforce,,,50.0,1,810,217.21895413587777,134,0.0214080810546875,11.642704963684082,,,50.081565856933594,50.081565856933594,,,77.35147857666016,27.35147476196289,
reinforce,,,50.0,1,811,146.6627656728286,88,0.01445627212524414,11.657263278961182,,,18.805370330810547,18.805370330810547,,,60.87446594238281,10.874463081359863,
reinforce,,,50.0,1,812,300.38654381731635,188,0.029874801635742188,11.687238931655884,,,85.73115539550781,85.73115539550781,,,92.71562957763672,42.71564483642578,
reinforce,,,50.0,1,813,208.1413439444091,132,0.021448373794555664,11.708806276321411,,,49.536460876464844,49.536460876464844,,,75.08564758300781,25.085649490356445,
reinforce,,,50.0,1,814,203.97431937360685,132,0.021013975143432617,11.72993803024292,,,47.14617919921875,47.14617919921875,,,72.70392608642578,22.703927993774414,
reinforce,,,50.0,1,815,214.0707127856067,145,0.022964954376220703,11.753014087677002,,,42.53340530395508,42.53340530395508,,,73.1609115600586,23.160917282104492,
reinforce,,,50.0,1,816,130.91185000291173,86,0.013782978057861328,11.766916275024414,,,4.437068462371826,4.437068462371826,,,52.600223541259766,2.6002228260040283,
reinforce,,,50.0,1,817,255.13402422656776,183,0.029389142990112305,11.796395063400269,,,58.29929733276367,58.29929733276367,,,79.46726989746094,29.46727180480957,
reinforce,,,50.0,1,818,181.31520725839144,123,0.02030205726623535,11.816822052001953,,,39.37577819824219,39.37577819824219,,,65.25972747802734,15.259727478027344,
reinforce,,,50.0,1,819,190.25681616754656,133,0.021274089813232422,11.838255167007446,,,41.809112548828125,41.809112548828125,,,66.77497100830078,16.77497100830078,
reinforce,,,50.0,1,820,369.55065561994485,272,0.04345703125,11.881819248199463,205.2063201618743,44.93430079263666,89.96162414550781,89.96162414550781,,,92.95735931396484,42.95735549926758,
reinforce,,,50.0,1,821,212.83192915103166,153,0.025423288345336914,11.973839282989502,,,41.437744140625,41.437744140625,,,72.21575927734375,22.21576690673828,
reinforce,,,50.0,1,822,428.6307129110211,306,0.0488739013671875,12.022850036621094,,,109.76325225830078,109.76325225830078,,,100.31391906738281,50.31392288208008,
reinforce,,,50.0,1,823,451.5439090072592,329,0.05215096473693848,12.07515811920166,,,108.52703857421875,108.52703857421875,,,101.2772216796875,51.277225494384766,
reinforce,,,50.0,1,824,211.32900307368598,162,0.0261690616607666,12.101455211639404,,,32.448307037353516,32.448307037353516,,,67.25344848632812,17.25345802307129,
reinforce,,,50.0,1,825,455.8007950441433,352,0.05724692344665527,12.158828020095825,,,96.06961059570312,96.06961059570312,,,96.44253540039062,46.44253921508789,
reinforce,,,50.0,1,826,537.9722059240829,411,0.06564092636108398,12.22463321685791,,,107.98762512207031,107.98762512207031,,,104.30162048339844,54.30161666870117,
reinforce,,,50.0,1,827,492.1135149557004,390,0.06151103973388672,12.286302089691162,,,97.54747772216797,97.54747772216797,,,96.8024673461914,46.80246353149414,
reinforce,,,50.0,1,828,610.2912112227073,479,0.0764780044555664,12.362941980361938,,,117.18070220947266,117.18070220947266,,,104.0881118774414,54.08811569213867,
reinforce,,,50.0,1,829,378.79140388505897,339,0.0543060302734375,12.417400121688843,,,61.45336151123047,61.45336151123047,,,80.89773559570312,30.897727966308594,
reinforce,,,50.0,1,830,754.1613742196998,623,0.100006103515625,12.517540216445923,,,109.2541732788086,109.2541732788086,,,103.65591430664062,53.65591812133789,
reinforce,,,50.0,1,831,629.5186160501238,561,0.08971786499023438,12.6073899269104,,,87.22955322265625,87.22955322265625,,,93.17343139648438,43.17344284057617,
reinforce,,,50.0,1,832,448.964758001311,410,0.06611204147338867,12.673657178878784,,,73.23267364501953,73.23267364501953,,,84.28423309326172,34.28423309326172,
reinforce,,,50.0,1,833,332.2786984358244,303,0.04863381385803223,12.722429037094116,,,49.86214065551758,49.86214065551758,,,75.58280181884766,25.582805633544922,
reinforce,,,50.0,1,834,523.5260747950855,462,0.07420015335083008,12.796759128570557,,,78.31929016113281,78.31929016113281,,,88.8475112915039,38.847511291503906,
reinforce,,,50.0,1,835,733.6477398804012,602,0.09795618057250977,12.894901037216187,,,118.40687561035156,118.40687561035156,,,104.01069641113281,54.01068878173828,
reinforce,,,50.0,1,836,440.69826451832887,399,0.06411314010620117,12.959172248840332,,,71.44050598144531,71.44050598144531,,,83.01531219482422,33.01531219482422,
reinforce,,,50.0,1,837,318.6864518897948,288,0.045690059661865234,13.005008220672607,,,48.90959167480469,48.90959167480469,,,76.26654052734375,26.266538619995117,
reinforce,,,50.0,1,838,397.1847271389614,333,0.05304074287414551,13.058183908462524,,,69.68666076660156,69.68666076660156,,,85.18358612060547,35.18358612060547,
reinforce,,,50.0,1,839,292.91630869889417,246,0.03940987586975098,13.09772801399231,,,51.884002685546875,51.884002685546875,,,75.47715759277344,25.477153778076172,
reinforce,,,50.0,1,840,510.8404513911667,384,0.06144404411315918,13.15931224822998,222.77919180290746,33.49242548644629,108.46663665771484,108.46663665771484,,,102.42269134521484,52.42269515991211,
reinforce,,,50.0,1,841,356.9474828930605,294,0.04763007164001465,13.286863088607788,,,66.86456298828125,66.86456298828125,,,83.32048797607422,33.32048416137695,
reinforce,,,50.0,1,842,341.1810127842847,278,0.04468703269958496,13.331691980361938,,,72.30854034423828,72.30854034423828,,,82.74479675292969,32.74479675292969,
reinforce,,,50.0,1,843,394.67714440453676,315,0.05054116249084473,13.382382154464722,,,77.82078552246094,77.82078552246094,,,89.78475952148438,39.784767150878906,
reinforce,,,50.0,1,844,199.81259029736304,153,0.024813175201416016,13.407349109649658,,,30.603069305419922,30.603069305419922,,,64.52696990966797,14.526971817016602,
reinforce,,,50.0,1,845,312.33420896467277,242,0.03864717483520508,13.447070121765137,,,64.88387298583984,64.88387298583984,,,81.36821746826172,31.36821746826172,
reinforce,,,50.0,1,846,496.79739588717104,370,0.058747291564941406,13.505966186523438,,,109.75563049316406,109.75563049316406,,,102.27289581298828,52.27290344238281,
reinforce,,,50.0,1,847,259.99848869878576,204,0.03268885612487793,13.538800954818726,,,47.86024475097656,47.86024475097656,,,74.21094512939453,24.210952758789062,
reinforce,,,50.0,1,848,313.88591205722247,224,0.03618216514587402,13.575106143951416,,,77.25659942626953,77.25659942626953,,,88.32868194580078,38.32868576049805,
reinforce,,,50.0,1,849,189.2860211070697,155,0.02540898323059082,13.600640058517456,,,22.839921951293945,22.839921951293945,,,60.45066833496094,10.450671195983887,
reinforce,,,50.0,1,850,232.8979932511148,188,0.030133962631225586,13.630882024765015,,,37.29258346557617,37.29258346557617,,,69.49105834960938,19.491056442260742,
reinforce,,,50.0,1,851,405.2122503784923,290,0.04615592956542969,13.677174091339111,,,104.34571838378906,104.34571838378906,,,97.36695098876953,47.366943359375,
reinforce,,,50.0,1,852,388.06576971299876,280,0.04430198669433594,13.721594095230103,,,89.72360229492188,89.72360229492188,,,94.60782623291016,44.60783386230469,
reinforce,,,50.0,1,853,371.4463331661302,257,0.04095101356506348,13.762686967849731,,,89.77943420410156,89.77943420410156,,,95.96495056152344,45.96494674682617,
reinforce,,,50.0,1,854,418.0357413022099,291,0.04567098617553711,13.80850625038147,,,113.05009460449219,113.05009460449219,,,101.00142669677734,51.00141525268555,
reinforce,,,50.0,1,855,416.2373116776422,298,0.04748797416687012,13.856123924255371,,,99.15938568115234,99.15938568115234,,,98.52751922607422,48.52751922607422,
reinforce,,,50.0,1,856,404.1842810551328,278,0.044016122817993164,13.900269031524658,,,105.75553894042969,105.75553894042969,,,100.38653564453125,50.38652801513672,
reinforce,,,50.0,1,857,371.2293155495841,242,0.03775286674499512,13.93814992904663,,,99.6434097290039,99.6434097290039,,,100.04374694824219,50.043758392333984,
reinforce,,,50.0,1,858,315.06095225759753,222,0.03537797927856445,13.973653078079224,,,74.4686279296875,74.4686279296875,,,87.70479583740234,37.70479202270508,
reinforce,,,50.0,1,859,389.43310647137776,273,0.042984962463378906,14.016777038574219,,,101.71244049072266,101.71244049072266,,,96.66331481933594,46.66331100463867,
reinforce,,,50.0,1,860,367.59073220634565,247,0.03923988342285156,14.056142091751099,256.32986605388714,58.47894479479811,92.17273712158203,92.17273712158203,,,97.01058959960938,47.01059341430664,
reinforce,,,50.0,1,861,269.00711319513374,189,0.030200958251953125,14.16436505317688,,,64.37516021728516,64.37516021728516,,,80.82731628417969,30.82732391357422,
reinforce,,,50.0,1,862,375.4133121936277,250,0.0399172306060791,14.204422235488892,,,100.3110122680664,100.3110122680664,,,98.57414245605469,48.57414245605469,
reinforce,,,50.0,1,863,312.68653002043743,217,0.03446793556213379,14.239016056060791,,,76.91968536376953,76.91968536376953,,,86.64741516113281,36.64741516113281,
reinforce,,,50.0,1,864,301.6262922328158,195,0.03104710578918457,14.270189046859741,,,87.0511245727539,87.0511245727539,,,89.78870391845703,39.7887077331543,
reinforce,,,50.0,1,865,321.5234758989322,211,0.03318309783935547,14.303497076034546,,,88.62551879882812,88.62551879882812,,,92.05512237548828,42.05512237548828,
reinforce,,,50.0,1,866,340.0802781217503,214,0.03433394432067871,14.337949991226196,,,102.09454345703125,102.09454345703125,,,98.28916931152344,48.28916931152344,
reinforce,,,50.0,1,867,320.54419663435743,200,0.031599998474121094,14.36965823173523,,,93.79945373535156,93.79945373535156,,,95.05818176269531,45.05818176269531,
reinforce,,,50.0,1,868,328.14849569623635,206,0.03250312805175781,14.40228009223938,,,92.64221954345703,92.64221954345703,,,96.80429077148438,46.804283142089844,
reinforce,,,50.0,1,869,299.72428844406755,183,0.029286861419677734,14.431686878204346,,,98.05738067626953,98.05738067626953,,,93.342041015625,43.342041015625,
reinforce,,,50.0,1,870,308.41776570895433,187,0.029820919036865234,14.461613178253174,,,87.95751953125,87.95751953125,,,93.79407501220703,43.79408645629883,
reinforce,,,50.0,1,871,297.7571637351628,173,0.027556896209716797,14.489288091659546,,,94.51056671142578,94.51056671142578,,,95.46735382080078,45.46735763549805,
reinforce,,,50.0,1,872,310.48879639145565,189,0.03048419952392578,14.519893169403076,,,99.76566314697266,99.76566314697266,,,95.4623031616211,45.46230697631836,
reinforce,,,50.0,1,873,299.51788581455537,185,0.029510974884033203,14.549510955810547,,,89.69007873535156,89.69007873535156,,,93.28205108642578,43.28206253051758,
reinforce,,,50.0,1,874,303.25542909037694,185,0.029247045516967773,14.578882217407227,,,93.99577331542969,93.99577331542969,,,93.9551010131836,43.95509338378906,
reinforce,,,50.0,1,875,299.28981148760187,179,0.028161048889160156,14.60717225074768,,,90.5886459350586,90.5886459350586,,,94.06112670898438,44.061134338378906,
reinforce,,,50.0,1,876,308.67191328486626,189,0.02995014190673828,14.637250185012817,,,92.0770263671875,92.0770263671875,,,93.8780517578125,43.878055572509766,
reinforce,,,50.0,1,877,315.5564974319096,195,0.03079819679260254,14.66816520690918,,,90.36572265625,90.36572265625,,,94.53074645996094,44.53074264526367,
reinforce,,,50.0,1,878,289.2544426191217,170,0.027451276779174805,14.695750951766968,,,85.83883666992188,85.83883666992188,,,93.16029357910156,43.1602897644043,
reinforce,,,50.0,1,879,303.646037402762,186,0.029753923416137695,14.725630044937134,,,87.42141723632812,87.42141723632812,,,93.0657730102539,43.06576919555664,
reinforce,,,50.0,1,880,311.6539647955271,190,0.030560016632080078,14.756355047225952,246.33154142254375,18.235338223348542,98.8096694946289,98.8096694946289,,,95.49617767333984,45.496177673339844,
reinforce,,,50.0,1,881,309.4083306944514,188,0.02982306480407715,14.854557037353516,,,89.29767608642578,89.29767608642578,,,96.05577087402344,46.05577850341797,
reinforce,,,50.0,1,882,305.3735500597348,181,0.028353214263916016,14.883058071136475,,,101.54629516601562,101.54629516601562,,,96.04290771484375,46.04290771484375,
reinforce,,,50.0,1,883,313.6383798691875,192,0.030144929885864258,14.913339138031006,,,97.72760009765625,97.72760009765625,,,95.6729965209961,45.67300033569336,
reinforce,,,50.0,1,884,330.5743149116,210,0.03295707702636719,14.946453094482422,,,98.76219177246094,98.76219177246094,,,96.14381408691406,46.14382553100586,
reinforce,,,50.0,1,885,304.5480488214525,183,0.029141902923583984,14.975723028182983,,,88.1107177734375,88.1107177734375,,,95.43402099609375,45.43402099609375,
reinforce,,,50.0,1,886,321.7276097285747,200,0.03170490264892578,15.007550954818726,,,92.87025451660156,92.87025451660156,,,95.43074035644531,45.43073272705078,
reinforce,,,50.0,1,887,332.74781756926,210,0.032971858978271484,15.040657043457031,,,101.45787811279297,101.45787811279297,,,98.02812194824219,48.02812194824219,
reinforce,,,50.0,1,888,305.34074595133853,185,0.029567956924438477,15.070358991622925,,,105.05308532714844,105.05308532714844,,,96.28572845458984,46.28573226928711,
reinforce,,,50.0,1,889,315.08893141711087,192,0.03071904182434082,15.101206064224243,,,88.6212387084961,88.6212387084961,,,96.67810821533203,46.67811584472656,
reinforce,,,50.0,1,890,337.3969162321859,213,0.03396201133728027,15.135289192199707,,,100.44400024414062,100.44400024414062,,,96.9674301147461,46.967430114746094,
reinforce,,,50.0,1,891,355.63443951685684,233,0.03685879707336426,15.172252893447876,,,103.85494995117188,103.85494995117188,,,98.12139892578125,48.121395111083984,
reinforce,,,50.0,1,892,340.4544027981164,215,0.03427910804748535,15.20665717124939,,,103.0078125,103.0078125,,,97.525634765625,47.525630950927734,
reinforce,,,50.0,1,893,321.4540139347902,199,0.03114795684814453,15.237920045852661,,,95.29660034179688,95.29660034179688,,,96.68321228027344,46.68321228027344,
reinforce,,,50.0,1,894,325.2007117483143,201,0.03184795379638672,15.269930124282837,,,96.04346466064453,96.04346466064453,,,97.50291442871094,47.5029182434082,
reinforce,,,50.0,1,895,310.47646442726995,189,0.029533863067626953,15.299596071243286,,,93.7537841796875,93.7537841796875,,,96.83641052246094,46.83641815185547,
reinforce,,,50.0,1,896,321.2006871531307,198,0.031434059143066406,15.33114504814148,,,96.74076843261719,96.74076843261719,,,95.31808471679688,45.318077087402344,
reinforce,,,50.0,1,897,343.52262089543075,221,0.03531289100646973,15.36661410331726,,,102.18673706054688,102.18673706054688,,,99.05705261230469,49.057064056396484,
reinforce,,,50.0,1,898,322.74094821195473,201,0.031542062759399414,15.398292064666748,,,93.19844055175781,93.19844055175781,,,96.73522186279297,46.73522186279297,
reinforce,,,50.0,1,899,319.96434379684075,196,0.031008005142211914,15.42943811416626,,,98.81879425048828,98.81879425048828,,,97.23616027832031,47.236148834228516,
reinforce,,,50.0,1,900,326.52282342506066,200,0.031141996383666992,15.460711002349854,260.2110687361249,20.33421657480577,97.69249725341797,97.69249725341797,,,98.5692367553711,48.569244384765625,
reinforce,,,50.0,1,901,342.97480165301056,224,0.03526782989501953,15.569767951965332,,,96.72294616699219,96.72294616699219,,,96.15370178222656,46.15371322631836,
reinforce,,,50.0,1,902,340.5191194230577,220,0.03473210334777832,15.604634284973145,,,96.23878479003906,96.23878479003906,,,97.99932861328125,47.99932861328125,
reinforce,,,50.0,1,903,327.6951548791028,204,0.03207111358642578,15.636835098266602,,,106.13220977783203,106.13220977783203,,,98.25862884521484,48.25863265991211,
reinforce,,,50.0,1,904,308.61717860970737,189,0.029686927795410156,15.666635990142822,,,89.24214935302734,89.24214935302734,,,95.0234603881836,45.02346420288086,
reinforce,,,50.0,1,905,343.90198799178773,223,0.035368919372558594,15.702131986618042,,,97.8297348022461,97.8297348022461,,,96.58710479736328,46.58710861206055,
reinforce,,,50.0,1,906,359.9087950175248,243,0.037986040115356445,15.740240097045898,,,92.60346221923828,92.60346221923828,,,96.18384552001953,46.183841705322266,
reinforce,,,50.0,1,907,167.6802563173917,122,0.01941990852355957,15.75978398323059,,,26.568714141845703,26.568714141845703,,,61.361629486083984,11.361628532409668,
reinforce,,,50.0,1,908,370.2412953131881,248,0.03901481628417969,15.798902988433838,,,98.79891967773438,98.79891967773438,,,98.23700714111328,48.23700714111328,
reinforce,,,50.0,1,909,185.29949987566943,140,0.022329092025756836,15.821369171142578,,,28.406810760498047,28.406810760498047,,,62.91778564453125,12.91778564453125,
reinforce,,,50.0,1,910,376.9241848193551,256,0.040292978286743164,15.861791133880615,,,97.95659637451172,97.95659637451172,,,98.73167419433594,48.73167419433594,
reinforce,,,50.0,1,911,401.25974908808934,279,0.04422783851623535,15.90615200996399,,,101.47431945800781,101.47431945800781,,,99.18949890136719,49.189491271972656,
reinforce,,,50.0,1,912,275.3608026754441,198,0.03163290023803711,15.9378981590271,,,67.77839660644531,67.77839660644531,,,81.85027313232422,31.85027313232422,
reinforce,,,50.0,1,913,429.1740320028357,303,0.047636985778808594,15.985656023025513,,,104.62163543701172,104.62163543701172,,,100.68449401855469,50.68449783325195,
reinforce,,,50.0,1,914,410.66471365554423,288,0.04544210433959961,16.031222105026245,,,106.87995147705078,106.87995147705078,,,100.03072357177734,50.03071594238281,
reinforce,,,50.0,1,915,239.16674552573716,179,0.028746843338012695,16.06012487411499,,,56.896697998046875,56.896697998046875,,,73.25694274902344,23.256942749023438,
reinforce,,,50.0,1,916,424.75942358533905,298,0.04624605178833008,16.106495141983032,,,103.93109130859375,103.93109130859375,,,102.34709930419922,52.34709930419922,
reinforce,,,50.0,1,917,361.23379365135537,240,0.03789687156677246,16.144535064697266,,,99.88978576660156,99.88978576660156,,,97.8623275756836,47.86233139038086,
reinforce,,,50.0,1,918,435.3719822401228,309,0.04858517646789551,16.193267107009888,,,105.4293212890625,105.4293212890625,,,102.21186065673828,52.21186065673828,
reinforce,,,50.0,1,919,415.9610251308046,291,0.045855045318603516,16.239265203475952,,,103.8797607421875,103.8797607421875,,,100.01500701904297,50.01500701904297,
reinforce,,,50.0,1,920,436.21065657393837,311,0.04927492141723633,16.288681030273438,265.04487937722536,58.57247424237664,102.94644927978516,102.94644927978516,,,100.9304428100586,50.9304313659668,
reinforce,,,50.0,1,921,438.65641850854183,313,0.04928421974182129,16.418573141098022,,,95.63826751708984,95.63826751708984,,,100.00144958496094,50.00144577026367,
reinforce,,,50.0,1,922,405.7265255938626,279,0.044116973876953125,16.46282696723938,,,116.2822265625,116.2822265625,,,101.15708923339844,51.15708541870117,
reinforce,,,50.0,1,923,467.6845475339367,340,0.05364680290222168,16.516604900360107,,,105.3312759399414,105.3312759399414,,,101.44708251953125,51.44708251953125,
reinforce,,,50.0,1,924,460.4274177108704,328,0.051962852478027344,16.568691968917847,,,109.16242980957031,109.16242980957031,,,103.14275360107422,53.142757415771484,
reinforce,,,50.0,1,925,343.2443994242484,218,0.03443789482116699,16.603265047073364,,,97.08682250976562,97.08682250976562,,,98.4129867553711,48.41299057006836,
reinforce,,,50.0,1,926,397.52954339230223,268,0.06785702705383301,16.671259880065918,,,111.96759796142578,111.96759796142578,,,101.12051391601562,51.120513916015625,
reinforce,,,50.0,1,927,387.5557472224079,261,0.040740966796875,16.712162017822266,,,101.53340148925781,101.53340148925781,,,101.73023986816406,51.7302360534668,
reinforce,,,50.0,1,928,420.03160594887265,295,0.04669904708862305,16.758995056152344,,,103.13296508789062,103.13296508789062,,,100.86975860595703,50.869754791259766,
reinforce,,,50.0,1,929,427.7591107938029,294,0.04639697074890137,16.80551505088806,,,107.710205078125,107.710205078125,,,102.65574645996094,52.65574264526367,
reinforce,,,50.0,1,930,408.4387650545725,275,0.04328298568725586,16.848933935165405,,,114.71546936035156,114.71546936035156,,,102.16029357910156,52.16028594970703,
reinforce,,,50.0,1,931,414.3469865966128,288,0.04576516151428223,16.89481806755066,,,107.44792938232422,107.44792938232422,,,100.80702209472656,50.80701446533203,
reinforce,,,50.0,1,932,419.85129211684654,294,0.04652881622314453,16.94149398803711,,,101.86711120605469,101.86711120605469,,,100.66472625732422,50.66472625732422,
reinforce,,,50.0,1,933,384.5668914626774,256,0.04102206230163574,16.98266911506653,,,109.30748748779297,109.30748748779297,,,100.66680908203125,50.66681671142578,
reinforce,,,50.0,1,934,403.7169731417745,277,0.044126033782958984,17.02692198753357,,,101.97596740722656,101.97596740722656,,,101.4808349609375,51.480831146240234,
reinforce,,,50.0,1,935,360.84850467326794,235,0.036795854568481445,17.063879013061523,,,106.13855743408203,106.13855743408203,,,99.68824005126953,49.688232421875,
reinforce,,,50.0,1,936,381.84882652884323,259,0.04097390174865723,17.104979991912842,,,101.26400756835938,101.26400756835938,,,99.38775634765625,49.387760162353516,
reinforce,,,50.0,1,937,356.7229973038124,235,0.037077903747558594,17.142160177230835,,,99.91496276855469,99.91496276855469,,,96.82833862304688,46.828346252441406,
reinforce,,,50.0,1,938,370.2114352192722,245,0.03844714164733887,17.180729150772095,,,108.55933380126953,108.55933380126953,,,99.53294372558594,49.53293991088867,
reinforce,,,50.0,1,939,358.5534744256166,238,0.03728890419006348,17.218153953552246,,,95.7695083618164,95.7695083618164,,,97.35016632080078,47.35016632080078,
reinforce,,,50.0,1,940,373.57391534193204,248,0.03880119323730469,17.257072925567627,234.99924681852008,19.577860882432525,100.88745880126953,100.88745880126953,,,99.15711975097656,49.15712356567383,
reinforce,,,50.0,1,941,327.0848387734987,233,0.03696393966674805,17.364421129226685,,,79.25204467773438,79.25204467773438,,,88.80403137207031,38.80403137207031,
reinforce,,,50.0,1,942,286.5733809972554,201,0.03178811073303223,17.3963520526886,,,63.9876594543457,63.9876594543457,,,83.14598846435547,33.1459846496582,
reinforce,,,50.0,1,943,387.68640214337125,268,0.04218792915344238,17.43866491317749,,,98.2510986328125,98.2510986328125,,,99.02363586425781,49.02363586425781,
reinforce,,,50.0,1,944,326.266088027727,223,0.03535914421081543,17.47417116165161,,,77.57150268554688,77.57150268554688,,,89.85261535644531,39.852622985839844,
reinforce,,,50.0,1,945,296.5060445642173,214,0.033840179443359375,17.508143186569214,,,67.56846618652344,67.56846618652344,,,81.85769653320312,31.85770034790039,
reinforce,,,50.0,1,946,286.5232974354465,211,0.0332331657409668,17.541508197784424,,,69.82714080810547,69.82714080810547,,,81.28887939453125,31.288875579833984,
reinforce,,,50.0,1,947,279.4353076188517,202,0.03212165832519531,17.57376790046692,,,68.92587280273438,68.92587280273438,,,81.177978515625,31.177976608276367,
reinforce,,,50.0,1,948,383.42664263587494,269,0.042513132095336914,17.616409063339233,,,96.14541625976562,96.14541625976562,,,96.55250549316406,46.55250930786133,
reinforce,,,50.0,1,949,267.94028361477064,191,0.029991865158081055,17.646547079086304,,,64.4146499633789,64.4146499633789,,,81.01567840576172,31.015676498413086,
reinforce,,,50.0,1,950,411.28040492332735,283,0.04439091682434082,17.691057920455933,,,101.39717864990234,101.39717864990234,,,101.15679168701172,51.15678405761719,
reinforce,,,50.0,1,951,329.8690961135151,248,0.03922295570373535,17.730422019958496,,,76.41952514648438,76.41952514648438,,,85.86894226074219,35.86894226074219,
reinforce,,,50.0,1,952,365.3727171493572,263,0.041914939880371094,17.772468090057373,,,92.39818572998047,92.39818572998047,,,91.84379577636719,41.84379196166992,
reinforce,,,50.0,1,953,259.2115367972574,199,0.03167390823364258,17.804264068603516,,,54.648643493652344,54.648643493652344,,,75.05906677246094,25.059066772460938,
reinforce,,,50.0,1,954,224.36568551301968,175,0.02767801284790039,17.832061052322388,,,49.07478713989258,49.07478713989258,,,69.48509216308594,19.485092163085938,
reinforce,,,50.0,1,955,408.13950838190704,304,0.048696041107177734,17.880862951278687,,,96.43832397460938,96.43832397460938,,,94.6903076171875,44.690303802490234,
reinforce,,,50.0,1,956,262.3427057667239,207,0.03301191329956055,17.91402816772461,,,55.31727600097656,55.31727600097656,,,75.90289306640625,25.90289306640625,
reinforce,,,50.0,1,957,347.64592345209525,261,0.04163002967834473,17.955785036087036,,,78.61589813232422,78.61589813232422,,,87.20355224609375,37.203548431396484,
reinforce,,,50.0,1,958,267.3174167491523,212,0.03453207015991211,17.99045705795288,,,51.59989547729492,51.59989547729492,,,74.68729400634766,24.687288284301758,
reinforce,,,50.0,1,959,450.19259552398705,339,0.054190874099731445,18.04476499557495,,,104.04378509521484,104.04378509521484,,,97.2364273071289,47.236427307128906,
reinforce,,,50.0,1,960,543.2328943969427,415,0.06557393074035645,18.110485076904297,214.25620297867908,49.477653897604206,106.68299102783203,106.68299102783203,,,101.1347427368164,51.13474655151367,
reinforce,,,50.0,1,961,321.3486578299311,248,0.05965709686279297,18.243924140930176,,,72.92870330810547,72.92870330810547,,,84.5992660522461,34.59926223754883,
reinforce,,,50.0,1,962,433.9598336832763,346,0.0546259880065918,18.29872417449951,,,89.74673461914062,89.74673461914062,,,92.27177429199219,42.27177810668945,
reinforce,,,50.0,1,963,451.6807079408256,345,0.05402207374572754,18.352901220321655,,,100.66598510742188,100.66598510742188,,,97.70382690429688,47.70382308959961,
reinforce,,,50.0,1,964,383.90480177824867,319,0.060027360916137695,18.41308331489563,,,67.55120849609375,67.55120849609375,,,85.00050354003906,35.00050354003906,
reinforce,,,50.0,1,965,559.8966569965495,442,0.105133056640625,18.51852011680603,,,104.00357818603516,104.00357818603516,,,100.66667938232422,50.66667556762695,
reinforce,,,50.0,1,966,542.4018378360616,414,0.06765484809875488,18.586354970932007,,,107.39090728759766,107.39090728759766,,,102.80398559570312,52.803985595703125,
reinforce,,,50.0,1,967,581.4633589881297,478,0.07863020896911621,18.66515827178955,,,97.44119262695312,97.44119262695312,,,98.2651138305664,48.265106201171875,
reinforce,,,50.0,1,968,561.2258069808446,462,0.08094477653503418,18.746290922164917,,,94.00897216796875,94.00897216796875,,,96.91542053222656,46.91542434692383,
reinforce,,,50.0,1,969,637.8413464230288,510,0.0994729995727539,18.845957279205322,,,99.97627258300781,99.97627258300781,,,102.05858612060547,52.0585823059082,
reinforce,,,50.0,1,970,567.8312499018446,471,0.07509803771972656,18.921245098114014,,,103.1468276977539,103.1468276977539,,,96.94743347167969,46.94744110107422,
reinforce,,,50.0,1,971,713.9433725950978,584,0.09242987632751465,19.013854026794434,,,112.55697631835938,112.55697631835938,,,103.6999740600586,53.699974060058594,
reinforce,,,50.0,1,972,633.8165829492837,500,0.07907414436340332,19.09310221672058,,,112.45880126953125,112.45880126953125,,,103.6701889038086,53.67018127441406,
reinforce,,,50.0,1,973,682.1759061106527,551,0.0865471363067627,19.179808139801025,,,104.74079895019531,104.74079895019531,,,103.1849136352539,53.184913635253906,
reinforce,,,50.0,1,974,702.6407636825736,568,0.08919286727905273,19.269175052642822,,,111.73748779296875,111.73748779296875,,,104.1480484008789,54.14804458618164,
reinforce,,,50.0,1,975,780.5942124034324,655,0.10410785675048828,19.373444080352783,,,108.22376251220703,108.22376251220703,,,102.85173797607422,52.85175323486328,
reinforce,,,50.0,1,976,539.9639522542267,407,0.06560492515563965,19.439234018325806,,,117.36909484863281,117.36909484863281,,,103.7098617553711,53.70985794067383,
reinforce,,,50.0,1,977,496.394268275924,437,0.06939101219177246,19.508782148361206,,,81.83447265625,81.83447265625,,,88.40182495117188,38.401824951171875,
reinforce,,,50.0,1,978,714.1608910977604,579,0.0920708179473877,19.601019859313965,,,109.5183334350586,109.5183334350586,,,103.7078628540039,53.70786666870117,
reinforce,,,50.0,1,979,630.9186571468551,502,0.07971620559692383,19.680902242660522,,,114.2578125,114.2578125,,,103.86575317382812,53.86574935913086,
reinforce,,,50.0,1,980,638.7795170904211,513,0.08157181739807129,19.76262092590332,206.51412769511836,41.4417000804417,106.92101287841797,106.92101287841797,,,102.47441864013672,52.47441864013672,
reinforce,,,50.0,1,981,635.9010103353268,505,0.07981705665588379,19.91782307624817,,,108.61576080322266,108.61576080322266,,,103.73550415039062,53.735511779785156,
reinforce,,,50.0,1,982,604.176252028371,479,0.07545018196105957,19.99341917037964,,,106.60052490234375,106.60052490234375,,,102.19982147216797,52.19982147216797,
reinforce,,,50.0,1,983,569.277678700655,443,0.06975984573364258,20.063343048095703,,,109.84263610839844,109.84263610839844,,,103.29353332519531,53.29353332519531,
reinforce,,,50.0,1,984,518.3954927242695,392,0.06134390830993652,20.124837160110474,,,109.43470764160156,109.43470764160156,,,101.9724349975586,51.97243881225586,
reinforce,,,50.0,1,985,575.4519929874514,447,0.07037186622619629,20.19536590576172,,,109.39229583740234,109.39229583740234,,,103.83758544921875,53.837589263916016,
reinforce,,,50.0,1,986,204.43988483618494,189,0.02998805046081543,20.225540161132812,,,20.472795486450195,20.472795486450195,,,60.55280303955078,10.552803993225098,
reinforce,,,50.0,1,987,507.43056639244685,380,0.05945324897766113,20.285126209259033,,,110.37981414794922,110.37981414794922,,,103.12322998046875,53.12324142456055,
reinforce,,,50.0,1,988,483.7645022416461,359,0.05648303031921387,20.34176802635193,,,101.00634002685547,101.00634002685547,,,101.83341217041016,51.833412170410156,
reinforce,,,50.0,1,989,467.5534350830819,341,0.0538020133972168,20.395706176757812,,,106.10871124267578,106.10871124267578,,,102.05258178710938,52.05257797241211,
reinforce,,,50.0,1,990,496.9984328328967,370,0.05797982215881348,20.453814029693604,,,108.57113647460938,108.57113647460938,,,101.84539794921875,51.84539794921875,
reinforce,,,50.0,1,991,493.77246313309575,365,0.05756497383117676,20.51150608062744,,,106.57418823242188,106.57418823242188,,,103.31961822509766,53.319618225097656,
reinforce,,,50.0,1,992,464.77899959645043,338,0.05320620536804199,20.564857244491577,,,111.32154846191406,111.32154846191406,,,102.96985626220703,52.969852447509766,
reinforce,,,50.0,1,993,398.5649095409094,286,0.04532885551452637,20.610335111618042,,,102.32925415039062,102.32925415039062,,,96.98363494873047,46.9836311340332,
reinforce,,,50.0,1,994,446.73838172372984,319,0.049918174743652344,20.66037917137146,,,110.45399475097656,110.45399475097656,,,102.7646713256836,52.76467514038086,
reinforce,,,50.0,1,995,369.7084289909285,242,0.037950992584228516,20.698482036590576,,,108.08826446533203,108.08826446533203,,,101.26130676269531,51.26131057739258,
reinforce,,,50.0,1,996,406.090662586877,281,0.04422807693481445,20.742849111557007,,,107.43526458740234,107.43526458740234,,,101.10965728759766,51.10966873168945,
reinforce,,,50.0,1,997,362.9351759566433,261,0.04097485542297363,20.783966064453125,,,85.0903091430664,85.0903091430664,,,92.56103515625,42.561031341552734,
reinforce,,,50.0,1,998,300.4170883706567,215,0.033712148666381836,20.817814111709595,,,77.73362731933594,77.73362731933594,,,84.77845001220703,34.77845001220703,
reinforce,,,50.0,1,999,396.18982749366074,268,0.0418391227722168,20.85979127883911,,,104.8633804321289,104.8633804321289,,,102.95220947265625,52.95220947265625,
reinforce,,,50.0,1,1000,362.8303159143587,247,0.038429975509643555,20.89835023880005,264.1058287010079,79.39903298679602,99.35979461669922,99.35979461669922,,,98.190185546875,48.1901969909668,
