algo,ac_variant,n_steps,baseline,seed,episode,episode_return,episode_steps,episode_time_sec,elapsed_time_sec,eval_mean_return,eval_std_return,loss,policy_loss,value_loss,entropy,mean_return,mean_advantage,advantage
reinforce,,,50.0,0,1,62.30948772976065,38,0.027096033096313477,0.02709817886352539,,,-39.99587631225586,-39.99587631225586,,,31.979774475097656,-18.020225524902344,
reinforce,,,50.0,0,2,56.84306343637972,35,0.006050825119018555,0.03324484825134277,,,-54.41363525390625,-54.41363525390625,,,29.647314071655273,-20.352685928344727,
reinforce,,,50.0,0,3,8.376106631758923,13,0.0023119449615478516,0.03564810752868652,,,-119.68342590332031,-119.68342590332031,,,3.31012225151062,-46.689876556396484,
reinforce,,,50.0,0,4,97.36188327869212,61,0.010712862014770508,0.04642891883850098,,,-12.741715431213379,-12.741715431213379,,,45.477909088134766,-4.522093772888184,
reinforce,,,50.0,0,5,55.68895990486077,41,0.0069408416748046875,0.05352187156677246,,,-53.98336410522461,-53.98336410522461,,,26.007604598999023,-23.992393493652344,
reinforce,,,50.0,0,6,17.68361045347156,20,0.003392934799194336,0.057034969329833984,,,-79.52162170410156,-79.52162170410156,,,7.819184303283691,-42.180816650390625,
reinforce,,,50.0,0,7,10.34053568791272,13,0.002418041229248047,0.059519052505493164,,,-105.96452331542969,-105.96452331542969,,,4.529596328735352,-45.47040557861328,
reinforce,,,50.0,0,8,61.82188632470237,38,0.006569862365722656,0.06615805625915527,,,-43.6276969909668,-43.6276969909668,,,31.633108139038086,-18.36688804626465,
reinforce,,,50.0,0,9,100.57348955892019,58,0.009954214096069336,0.07620620727539062,,,-5.0309343338012695,-5.0309343338012695,,,47.56421661376953,-2.4357857704162598,
reinforce,,,50.0,0,10,100.06838714190896,58,0.00960087776184082,0.08594894409179688,,,-12.333770751953125,-12.333770751953125,,,47.22858810424805,-2.7714121341705322,
reinforce,,,50.0,0,11,65.61035752675838,40,0.0069391727447509766,0.09299826622009277,,,-35.43757247924805,-35.43757247924805,,,33.429508209228516,-16.570491790771484,
reinforce,,,50.0,0,12,81.67348195870635,48,0.008048057556152344,0.10113906860351562,,,-16.58942413330078,-16.58942413330078,,,40.38134765625,-9.618653297424316,
reinforce,,,50.0,0,13,95.56696843834045,54,0.00908517837524414,0.1103520393371582,,,-6.8936591148376465,-6.8936591148376465,,,45.924442291259766,-4.075555801391602,
reinforce,,,50.0,0,14,117.51319002043819,65,0.011176109313964844,0.1216580867767334,,,10.72970199584961,10.72970199584961,,,53.521793365478516,3.5217907428741455,
reinforce,,,50.0,0,15,92.64189031391793,53,0.009037017822265625,0.13082218170166016,,,-11.529080390930176,-11.529080390930176,,,44.48003387451172,-5.519966125488281,
reinforce,,,50.0,0,16,130.83004804901051,70,0.012707233428955078,0.14367008209228516,,,18.87897491455078,18.87897491455078,,,58.8897819519043,8.889777183532715,
reinforce,,,50.0,0,17,100.52169924571541,56,0.009119987487792969,0.15295791625976562,,,-2.288007974624634,-2.288007974624634,,,48.98110580444336,-1.0188926458358765,
reinforce,,,50.0,0,18,58.026728279158135,35,0.005949974060058594,0.15905094146728516,,,-41.89616012573242,-41.89616012573242,,,30.196786880493164,-19.80320930480957,
reinforce,,,50.0,0,19,106.70426940411538,59,0.009826898574829102,0.1689910888671875,,,-3.689871072769165,-3.689871072769165,,,50.828495025634766,0.8284971117973328,
reinforce,,,50.0,0,20,74.6313046850068,44,0.007192134857177734,0.17629313468933105,108.71369708800493,4.400214304920477,-39.64371109008789,-39.64371109008789,,,37.217647552490234,-12.782355308532715,
reinforce,,,50.0,0,21,140.79609418821187,73,0.012169837951660156,0.21688389778137207,,,27.974933624267578,27.974933624267578,,,63.955078125,13.955076217651367,
reinforce,,,50.0,0,22,128.58599763131792,68,0.011288166046142578,0.2282731533050537,,,19.262401580810547,19.262401580810547,,,59.97021484375,9.970216751098633,
reinforce,,,50.0,0,23,131.7645565112187,69,0.011452913284301758,0.23985004425048828,,,25.95775604248047,25.95775604248047,,,60.57128143310547,10.571285247802734,
reinforce,,,50.0,0,24,173.89072043196455,89,0.01472616195678711,0.2547152042388916,,,54.309593200683594,54.309593200683594,,,73.69123077392578,23.691225051879883,
reinforce,,,50.0,0,25,211.80166877819937,107,0.01718306541442871,0.27207398414611816,,,82.2698745727539,82.2698745727539,,,84.87327575683594,34.8732795715332,
reinforce,,,50.0,0,26,216.4631882409897,112,0.018056869506835938,0.29024410247802734,,,67.91620635986328,67.91620635986328,,,84.70240783691406,34.70241165161133,
reinforce,,,50.0,0,27,202.66676880099402,110,0.017364025115966797,0.30773401260375977,,,59.55359649658203,59.55359649658203,,,78.76354217529297,28.763534545898438,
reinforce,,,50.0,0,28,198.20774056263605,106,0.01710200309753418,0.3249630928039551,,,66.22469329833984,66.22469329833984,,,78.44625854492188,28.446264266967773,
reinforce,,,50.0,0,29,178.61196154736425,101,0.01614093780517578,0.3412289619445801,,,48.089874267578125,48.089874267578125,,,70.69606018066406,20.696056365966797,
reinforce,,,50.0,0,30,85.13642472505269,56,0.008923768997192383,0.35026097297668457,,,-22.3232364654541,-22.3232364654541,,,38.883575439453125,-11.116424560546875,
reinforce,,,50.0,0,31,111.8115575612399,70,0.011243820190429688,0.3616209030151367,,,-7.370018005371094,-7.370018005371094,,,48.57619857788086,-1.423798680305481,
reinforce,,,50.0,0,32,180.29161054994987,101,0.01643991470336914,0.37816405296325684,,,37.845802307128906,37.845802307128906,,,71.72451782226562,21.724515914916992,
reinforce,,,50.0,0,33,193.10300213419572,105,0.016892194747924805,0.39518308639526367,,,52.626163482666016,52.626163482666016,,,76.52490234375,26.52490234375,
reinforce,,,50.0,0,34,192.57579946596718,107,0.01700878143310547,0.412308931350708,,,48.739845275878906,48.739845275878906,,,74.67588806152344,24.67589569091797,
reinforce,,,50.0,0,35,211.31945254943565,114,0.018349170684814453,0.4307830333709717,,,60.858734130859375,60.858734130859375,,,81.45047760009766,31.450481414794922,
reinforce,,,50.0,0,36,199.16541714410118,99,0.015813112258911133,0.4467132091522217,,,70.35069274902344,70.35069274902344,,,81.91293334960938,31.912933349609375,
reinforce,,,50.0,0,37,221.27180133324055,120,0.019431114196777344,0.4662470817565918,,,71.04483795166016,71.04483795166016,,,83.05622100830078,33.056217193603516,
reinforce,,,50.0,0,38,209.91008456597314,105,0.016792774200439453,0.4831569194793701,,,82.96285247802734,82.96285247802734,,,84.46649169921875,34.46649169921875,
reinforce,,,50.0,0,39,203.18264676163952,102,0.016458988189697266,0.499722957611084,,,65.89734649658203,65.89734649658203,,,82.33892822265625,32.33891677856445,
reinforce,,,50.0,0,40,183.15922141031854,93,0.014688968658447266,0.5145399570465088,149.43153998693992,4.295089164185753,53.93082046508789,53.93082046508789,,,77.03691101074219,27.03690528869629,
reinforce,,,50.0,0,41,180.16507668701414,93,0.01502084732055664,0.5624940395355225,,,50.02455139160156,50.02455139160156,,,75.07210540771484,25.072107315063477,
reinforce,,,50.0,0,42,168.84877917851887,85,0.01358175277709961,0.57619309425354,,,58.00742721557617,58.00742721557617,,,73.34203338623047,23.342029571533203,
reinforce,,,50.0,0,43,188.28753822240748,106,0.016911029815673828,0.593217134475708,,,57.04697799682617,57.04697799682617,,,73.04679870605469,23.046796798706055,
reinforce,,,50.0,0,44,126.34412352068894,67,0.010838031768798828,0.6041641235351562,,,15.127738952636719,15.127738952636719,,,58.358924865722656,8.358924865722656,
reinforce,,,50.0,0,45,128.8357277176555,70,0.011358976364135742,0.6156139373779297,,,19.008670806884766,19.008670806884766,,,58.462684631347656,8.462688446044922,
reinforce,,,50.0,0,46,234.3984915985153,126,0.01999211311340332,0.6357390880584717,,,77.84722137451172,77.84722137451172,,,84.77562713623047,34.775630950927734,
reinforce,,,50.0,0,47,173.66918899443738,93,0.01491093635559082,0.6507620811462402,,,45.3500862121582,45.3500862121582,,,71.47074127197266,21.470739364624023,
reinforce,,,50.0,0,48,180.48274684351617,100,0.016215801239013672,0.6670820713043213,,,46.9829216003418,46.9829216003418,,,72.2550277709961,22.255029678344727,
reinforce,,,50.0,0,49,155.9068060000839,86,0.013995170593261719,0.6811981201171875,,,46.715755462646484,46.715755462646484,,,66.45226287841797,16.452260971069336,
reinforce,,,50.0,0,50,217.30234174040245,127,0.020516157150268555,0.7018511295318604,,,62.5566291809082,62.5566291809082,,,79.79515838623047,29.7951602935791,
reinforce,,,50.0,0,51,233.99315879016459,150,0.023834228515625,0.7258090972900391,,,52.9902229309082,52.9902229309082,,,77.27763366699219,27.277626037597656,
reinforce,,,50.0,0,52,203.02079323130795,134,0.021333932876586914,0.7472491264343262,,,44.40729904174805,44.40729904174805,,,71.18050384521484,21.180500030517578,
reinforce,,,50.0,0,53,301.9824645633172,167,0.026773929595947266,0.774151086807251,,,106.01448822021484,106.01448822021484,,,98.4282455444336,48.42824935913086,
reinforce,,,50.0,0,54,338.70909497164234,218,0.036560773849487305,0.8108170032501221,,,96.90879821777344,96.90879821777344,,,96.75098419189453,46.75098419189453,
reinforce,,,50.0,0,55,174.6105935464914,118,0.019067764282226562,0.8300092220306396,,,33.86758804321289,33.86758804321289,,,62.139244079589844,12.139237403869629,
reinforce,,,50.0,0,56,412.5061811133877,273,0.04361295700073242,0.8737421035766602,,,119.51615142822266,119.51615142822266,,,104.1792984008789,54.17930221557617,
reinforce,,,50.0,0,57,186.75929117513846,147,0.023813247680664062,0.8976912498474121,,,22.91747283935547,22.91747283935547,,,60.25619125366211,10.256190299987793,
reinforce,,,50.0,0,58,242.70905694726483,178,0.028304100036621094,0.9261062145233154,,,44.582923889160156,44.582923889160156,,,73.67372131347656,23.673723220825195,
reinforce,,,50.0,0,59,171.8806503420178,135,0.021914958953857422,0.9481480121612549,,,9.86789608001709,9.86789608001709,,,56.87126541137695,6.871267318725586,
reinforce,,,50.0,0,60,243.78576193600694,202,0.0321810245513916,0.9804432392120361,1055.7989594645455,0.318265593712548,45.73371124267578,45.73371124267578,,,68.9574966430664,18.957502365112305,
reinforce,,,50.0,0,61,291.9354972677681,213,0.03457903861999512,1.4499430656433105,,,72.43993377685547,72.43993377685547,,,82.77420043945312,32.774200439453125,
reinforce,,,50.0,0,62,415.0794902151598,301,0.048279762268066406,1.4983758926391602,,,101.3280258178711,101.3280258178711,,,98.46060943603516,48.46060562133789,
reinforce,,,50.0,0,63,305.9501029818519,269,0.04318380355834961,1.5417258739471436,,,43.681983947753906,43.681983947753906,,,71.43181610107422,21.43181037902832,
reinforce,,,50.0,0,64,193.22932096928093,152,0.024317026138305664,1.5661840438842773,,,25.176586151123047,25.176586151123047,,,61.14582824707031,11.145825386047363,
reinforce,,,50.0,0,65,283.77399820629427,246,0.03929710388183594,1.6056010723114014,,,46.932010650634766,46.932010650634766,,,71.94842529296875,21.948427200317383,
reinforce,,,50.0,0,66,168.47223992760667,129,0.020717144012451172,1.626465082168579,,,15.255743980407715,15.255743980407715,,,58.059146881103516,8.059144973754883,
reinforce,,,50.0,0,67,142.80751881480424,110,0.017905235290527344,1.6444971561431885,,,11.028789520263672,11.028789520263672,,,52.503170013427734,2.503169059753418,
reinforce,,,50.0,0,68,257.88805202977204,227,0.036499977111816406,1.6811141967773438,,,40.68186569213867,40.68186569213867,,,66.40341186523438,16.40340805053711,
reinforce,,,50.0,0,69,257.3002169404185,225,0.03613090515136719,1.7173922061920166,,,36.424320220947266,36.424320220947266,,,67.23812866210938,17.238128662109375,
reinforce,,,50.0,0,70,254.3939070936047,218,0.03464698791503906,1.7521781921386719,,,39.380653381347656,39.380653381347656,,,68.14728546142578,18.14728546142578,
reinforce,,,50.0,0,71,201.77468251139524,175,0.027929067611694336,1.7802400588989258,,,22.91530418395996,22.91530418395996,,,60.26990509033203,10.269904136657715,
reinforce,,,50.0,0,72,162.32928070818025,136,0.02170705795288086,1.8020601272583008,,,6.22772741317749,6.22772741317749,,,53.6417236328125,3.64172625541687,
reinforce,,,50.0,0,73,223.08164416663027,190,0.03014397621154785,1.8323261737823486,,,29.657291412353516,29.657291412353516,,,62.98993682861328,12.989934921264648,
reinforce,,,50.0,0,74,273.96569881523476,236,0.04835200309753418,1.8808300495147705,,,43.46308898925781,43.46308898925781,,,70.98635864257812,20.986360549926758,
reinforce,,,50.0,0,75,370.70822875981366,341,0.054527997970581055,1.9355370998382568,,,49.157779693603516,49.157779693603516,,,75.29788970947266,25.297889709472656,
reinforce,,,50.0,0,76,176.07683607855523,149,0.024203062057495117,1.959888219833374,,,9.107441902160645,9.107441902160645,,,56.12685012817383,6.126852512359619,
reinforce,,,50.0,0,77,298.9029867610402,257,0.04112100601196289,2.001145124435425,,,47.36027526855469,47.36027526855469,,,72.85308074951172,22.853078842163086,
reinforce,,,50.0,0,78,381.59527431828724,334,0.05343317985534668,2.0547242164611816,,,61.293888092041016,61.293888092041016,,,79.32801818847656,29.328020095825195,
reinforce,,,50.0,0,79,314.846984337747,265,0.04233407974243164,2.097201108932495,,,59.394920349121094,59.394920349121094,,,77.59993743896484,27.599937438964844,
reinforce,,,50.0,0,80,304.5183784767853,265,0.04272294044494629,2.1400530338287354,1056.8095125931663,0.7661637740726436,44.12889099121094,44.12889099121094,,,72.05601501464844,22.05601692199707,
reinforce,,,50.0,0,81,287.35653177657696,239,0.03858804702758789,2.5998270511627197,,,52.791709899902344,52.791709899902344,,,75.53720092773438,25.537212371826172,
reinforce,,,50.0,0,82,520.3687404390777,411,0.0654141902923584,2.6653921604156494,,,103.95144653320312,103.95144653320312,,,97.54988861083984,47.549888610839844,
reinforce,,,50.0,0,83,491.8702005200737,401,0.06375694274902344,2.7292978763580322,,,91.9949951171875,91.9949951171875,,,93.4365234375,43.43651580810547,
reinforce,,,50.0,0,84,346.6114650122602,304,0.04884910583496094,2.77828311920166,,,60.294189453125,60.294189453125,,,78.04566955566406,28.04566764831543,
reinforce,,,50.0,0,85,602.176137823953,496,0.07902002334594727,2.857450008392334,,,103.61946868896484,103.61946868896484,,,97.0523452758789,47.05234909057617,
reinforce,,,50.0,0,86,721.2400358780393,675,0.10874509811401367,2.9663569927215576,,,90.15777587890625,90.15777587890625,,,89.79824829101562,39.798240661621094,
reinforce,,,50.0,0,87,700.9564015573699,585,0.09437680244445801,3.060905933380127,,,106.0071029663086,106.0071029663086,,,99.70513916015625,49.705135345458984,
reinforce,,,50.0,0,88,564.6618968662655,474,0.07562112808227539,3.136690139770508,,,94.98681640625,94.98681640625,,,94.70296478271484,44.70296096801758,
reinforce,,,50.0,0,89,602.566600060752,485,0.07735800743103027,3.2142140865325928,,,110.40611267089844,110.40611267089844,,,100.24683380126953,50.2468376159668,
reinforce,,,50.0,0,90,733.1767013061976,612,0.09762001037597656,3.312016248703003,,,111.93091583251953,111.93091583251953,,,100.9104232788086,50.91041946411133,
reinforce,,,50.0,0,91,433.0225276976984,375,0.059632062911987305,3.3718020915985107,,,73.9246597290039,73.9246597290039,,,84.71401977539062,34.714019775390625,
reinforce,,,50.0,0,92,380.9426607929357,320,0.05107402801513672,3.423056125640869,,,68.47100830078125,68.47100830078125,,,82.71437072753906,32.7143669128418,
reinforce,,,50.0,0,93,521.6959830097364,406,0.06482100486755371,3.4880380630493164,,,106.35944366455078,106.35944366455078,,,99.70975494384766,49.70975112915039,
reinforce,,,50.0,0,94,388.5979826598091,323,0.05144619941711426,3.539647102355957,,,75.03784942626953,75.03784942626953,,,84.41851043701172,34.41849899291992,
reinforce,,,50.0,0,95,223.35231094856684,180,0.028940200805664062,3.5687460899353027,,,37.01590347290039,37.01590347290039,,,67.77877807617188,17.778776168823242,
reinforce,,,50.0,0,96,245.3508428755016,197,0.03161811828613281,3.6004981994628906,,,43.655921936035156,43.655921936035156,,,70.8089828491211,20.808984756469727,
reinforce,,,50.0,0,97,265.1060451748583,213,0.03419923782348633,3.634827136993408,,,46.040931701660156,46.040931701660156,,,72.7590103149414,22.75900650024414,
reinforce,,,50.0,0,98,358.5740013198601,285,0.04563117027282715,3.6806070804595947,,,76.69039154052734,76.69039154052734,,,85.30883026123047,35.30883026123047,
reinforce,,,50.0,0,99,154.98628975310473,118,0.01930999755859375,3.7000510692596436,,,9.550519943237305,9.550519943237305,,,54.66751480102539,4.667512893676758,
reinforce,,,50.0,0,100,171.3879186409742,134,0.021780967712402344,3.7220239639282227,180.61275428553057,2.628604034251997,15.994964599609375,15.994964599609375,,,58.774261474609375,8.774260520935059,
reinforce,,,50.0,0,101,156.1813587586009,117,0.019062042236328125,3.80004620552063,,,18.8362979888916,18.8362979888916,,,56.548458099365234,6.548457622528076,
reinforce,,,50.0,0,102,211.1497637400501,159,0.025736093521118164,3.833381175994873,,,40.6214485168457,40.6214485168457,,,67.61442565917969,17.61442756652832,
reinforce,,,50.0,0,103,159.60852203859878,117,0.01874709129333496,3.8522720336914062,,,12.760931968688965,12.760931968688965,,,56.942256927490234,6.942254066467285,
reinforce,,,50.0,0,104,248.04715313419152,200,0.032050132751464844,3.8844401836395264,,,41.02003479003906,41.02003479003906,,,70.20454406738281,20.204544067382812,
reinforce,,,50.0,0,105,194.69702527633805,150,0.024224042892456055,3.9088051319122314,,,28.58755874633789,28.58755874633789,,,63.831138610839844,13.831137657165527,
reinforce,,,50.0,0,106,228.14449467018918,178,0.028731107711791992,3.9376790523529053,,,37.124000549316406,37.124000549316406,,,68.87721252441406,18.877208709716797,
reinforce,,,50.0,0,107,406.6674361816883,320,0.051241159439086914,3.989049196243286,,,81.79190826416016,81.79190826416016,,,89.33241271972656,39.3324089050293,
reinforce,,,50.0,0,108,484.43729213474586,348,0.05660271644592285,4.045813083648682,,,113.12190246582031,113.12190246582031,,,103.74592590332031,53.74592590332031,
reinforce,,,50.0,0,109,517.0837870169966,405,0.0648488998413086,4.110830068588257,,,107.4654541015625,107.4654541015625,,,97.77796936035156,47.77796936035156,
reinforce,,,50.0,0,110,522.1540538352708,412,0.06572604179382324,4.176736116409302,,,103.67518615722656,103.67518615722656,,,97.99577331542969,47.99577713012695,
reinforce,,,50.0,0,111,604.3929564151822,563,0.09137701988220215,4.268283128738403,,,80.92691040039062,80.92691040039062,,,86.57115936279297,36.57115936279297,
reinforce,,,50.0,0,112,973.1081261860444,940,0.15444684028625488,4.4229021072387695,,,88.12238311767578,88.12238311767578,,,90.91511535644531,40.91511535644531,
reinforce,,,50.0,0,113,292.6023029823784,263,0.043709754943847656,4.466793060302734,,,40.56016540527344,40.56016540527344,,,69.97956085205078,19.979564666748047,
reinforce,,,50.0,0,114,396.3262266109982,366,0.06024813652038574,4.527213096618652,,,57.41633224487305,57.41633224487305,,,77.22247314453125,27.222469329833984,
reinforce,,,50.0,0,115,378.35471886166533,347,0.05710601806640625,4.584493160247803,,,58.34242248535156,58.34242248535156,,,75.7894515991211,25.789451599121094,
reinforce,,,50.0,0,116,211.29555589492497,181,0.029787063598632812,4.614468097686768,,,25.294878005981445,25.294878005981445,,,62.52235412597656,12.522351264953613,
reinforce,,,50.0,0,117,137.13934465336564,117,0.020337820053100586,4.634948015213013,,,-5.871824264526367,-5.871824264526367,,,48.88817596435547,-1.1118245124816895,
reinforce,,,50.0,0,118,173.75957733432503,149,0.024586915969848633,4.659677982330322,,,13.34217357635498,13.34217357635498,,,55.818843841552734,5.818845748901367,
reinforce,,,50.0,0,119,166.8015958982605,143,0.02411484718322754,4.683938026428223,,,8.733290672302246,8.733290672302246,,,55.611328125,5.611327171325684,
reinforce,,,50.0,0,120,155.5274807843216,132,0.0220029354095459,4.7060768604278564,491.76192875251553,6.497029428169824,-2.114089012145996,-2.114089012145996,,,52.17687225341797,2.1768734455108643,
reinforce,,,50.0,0,121,192.33999961052265,159,0.0263669490814209,4.930950164794922,,,23.73489761352539,23.73489761352539,,,60.774566650390625,10.774567604064941,
reinforce,,,50.0,0,122,336.8244792763882,305,0.04994606971740723,4.981058120727539,,,50.82838821411133,50.82838821411133,,,74.34573364257812,24.345735549926758,
reinforce,,,50.0,0,123,303.43130761183426,270,0.04472494125366211,5.025943994522095,,,48.09833908081055,48.09833908081055,,,71.66012573242188,21.660127639770508,
reinforce,,,50.0,0,124,663.0821706172263,554,0.0900728702545166,5.116220951080322,,,104.84761810302734,104.84761810302734,,,98.86993408203125,48.869930267333984,
reinforce,,,50.0,0,125,500.21732513469647,408,0.06518673896789551,5.181577920913696,,,93.9859619140625,93.9859619140625,,,93.38326263427734,43.383262634277344,
reinforce,,,50.0,0,126,429.15637175096595,326,0.05223417282104492,5.233975172042847,,,96.49002838134766,96.49002838134766,,,94.64242553710938,44.642417907714844,
reinforce,,,50.0,0,127,862.1975028154849,750,0.12059903144836426,5.354728937149048,,,102.81439208984375,102.81439208984375,,,99.4874038696289,49.48740768432617,
reinforce,,,50.0,0,128,402.2480941288397,297,0.04771685600280762,5.402611970901489,,,93.61290740966797,93.61290740966797,,,94.04850769042969,44.04850769042969,
reinforce,,,50.0,0,129,348.6247107628152,248,0.03937196731567383,5.4421210289001465,,,85.17259216308594,85.17259216308594,,,91.33688354492188,41.33687973022461,
reinforce,,,50.0,0,130,542.6918348225753,435,0.06933808326721191,5.511611223220825,,,98.9788589477539,98.9788589477539,,,97.02861785888672,47.02861785888672,
reinforce,,,50.0,0,131,402.83831439814116,289,0.04616880416870117,5.55794882774353,,,101.4161605834961,101.4161605834961,,,96.93161010742188,46.931602478027344,
reinforce,,,50.0,0,132,448.73024062002185,330,0.07855701446533203,5.6366400718688965,,,103.88701629638672,103.88701629638672,,,98.64041137695312,48.64040756225586,
reinforce,,,50.0,0,133,477.32187202970823,353,0.05634498596191406,5.69316291809082,,,108.0856704711914,108.0856704711914,,,100.387451171875,50.38745880126953,
reinforce,,,50.0,0,134,468.77637078306543,351,0.055711984634399414,5.749042272567749,,,96.62869262695312,96.62869262695312,,,98.24092864990234,48.240928649902344,
reinforce,,,50.0,0,135,728.5048699591403,606,0.09658098220825195,5.845786094665527,,,107.8782958984375,107.8782958984375,,,100.07398986816406,50.073997497558594,
reinforce,,,50.0,0,136,440.8420619302728,329,0.05215907096862793,5.898118257522583,,,96.45244598388672,96.45244598388672,,,96.52996063232422,46.52996826171875,
reinforce,,,50.0,0,137,330.58930686065776,226,0.03621101379394531,5.934476137161255,,,93.44960021972656,93.44960021972656,,,92.26129150390625,42.26129150390625,
reinforce,,,50.0,0,138,499.322611646909,390,0.061884164810180664,5.996507167816162,,,96.44679260253906,96.44679260253906,,,97.18144989013672,47.18144989013672,
reinforce,,,50.0,0,139,555.5486789889313,433,0.06848812103271484,6.065160036087036,,,105.44377899169922,105.44377899169922,,,99.21438598632812,49.21438217163086,
reinforce,,,50.0,0,140,442.0126001971866,328,0.05182957649230957,6.1171488761901855,858.5663619910489,5.456790076745856,94.47267150878906,94.47267150878906,,,97.48290252685547,47.48290252685547,
reinforce,,,50.0,0,141,402.87315065566855,296,0.04747962951660156,6.4666218757629395,,,90.1637954711914,90.1637954711914,,,93.98619079589844,43.98618698120117,
reinforce,,,50.0,0,142,341.7987211246905,235,0.03918170928955078,6.505961894989014,,,92.0447006225586,92.0447006225586,,,92.74649810791016,42.746498107910156,
reinforce,,,50.0,0,143,358.84289524910054,242,0.03872108459472656,6.544849157333374,,,100.58763122558594,100.58763122558594,,,96.45093536376953,46.4509391784668,
reinforce,,,50.0,0,144,413.5399967806209,298,0.04714012145996094,6.5921242237091064,,,90.23960876464844,90.23960876464844,,,96.68791198730469,46.68791198730469,
reinforce,,,50.0,0,145,328.0777326708046,213,0.03392529487609863,6.626193284988403,,,95.10900115966797,95.10900115966797,,,95.41252136230469,45.41252136230469,
reinforce,,,50.0,0,146,371.70834244443034,255,0.04073786735534668,6.667058944702148,,,96.600830078125,96.600830078125,,,97.04731750488281,47.04731369018555,
reinforce,,,50.0,0,147,319.52542355950146,223,0.03554892539978027,6.702728986740112,,,82.45673370361328,82.45673370361328,,,88.73712158203125,38.73713302612305,
reinforce,,,50.0,0,148,356.96007164279337,243,0.03886914253234863,6.741717100143433,,,97.75765228271484,97.75765228271484,,,95.68254852294922,45.68254852294922,
reinforce,,,50.0,0,149,332.25410728189405,255,0.04048895835876465,6.782329082489014,,,67.22348022460938,67.22348022460938,,,82.65426635742188,32.654266357421875,
reinforce,,,50.0,0,150,331.35555511253017,230,0.03710794448852539,6.819591999053955,,,85.88291931152344,85.88291931152344,,,92.22676849365234,42.22676467895508,
reinforce,,,50.0,0,151,299.0645302140625,207,0.033145904541015625,6.852881908416748,,,77.1645736694336,77.1645736694336,,,86.5499496459961,36.549957275390625,
reinforce,,,50.0,0,152,315.39430655262754,216,0.03447985649108887,6.887497901916504,,,77.11380767822266,77.11380767822266,,,89.72406768798828,39.72406768798828,
reinforce,,,50.0,0,153,333.14521053822324,221,0.035505056381225586,6.923135042190552,,,93.78092193603516,93.78092193603516,,,94.52983856201172,44.52984619140625,
reinforce,,,50.0,0,154,327.948806264686,223,0.035607099533081055,6.958858013153076,,,93.8961181640625,93.8961181640625,,,90.82634735107422,40.82634735107422,
reinforce,,,50.0,0,155,439.60960980151305,340,0.054631948471069336,7.013612985610962,,,89.4348373413086,89.4348373413086,,,92.653076171875,42.653079986572266,
reinforce,,,50.0,0,156,546.1063967143684,446,0.07057714462280273,7.084338903427124,,,95.31632995605469,95.31632995605469,,,94.782470703125,44.782466888427734,
reinforce,,,50.0,0,157,297.1485409792536,195,0.03132486343383789,7.115821123123169,,,90.97303771972656,90.97303771972656,,,89.32170104980469,39.321712493896484,
reinforce,,,50.0,0,158,284.47492881375706,187,0.030974149703979492,7.146940231323242,,,79.54072570800781,79.54072570800781,,,87.37139892578125,37.371395111083984,
reinforce,,,50.0,0,159,324.6934560615412,226,0.03694915771484375,7.184044122695923,,,85.6663818359375,85.6663818359375,,,88.37506866455078,38.37506866455078,
reinforce,,,50.0,0,160,482.63335892088503,382,0.06108999252319336,7.245307207107544,292.1572217489922,1.6667181901573531,91.19168090820312,91.19168090820312,,,93.57207489013672,43.57207107543945,
reinforce,,,50.0,0,161,273.42522625244055,178,0.028962135314941406,7.355345249176025,,,72.27645874023438,72.27645874023438,,,85.67938232421875,35.67938232421875,
reinforce,,,50.0,0,162,293.1030724273259,192,0.030642986297607422,7.386145114898682,,,83.71818542480469,83.71818542480469,,,88.89673614501953,38.896732330322266,
reinforce,,,50.0,0,163,365.20930587486924,265,0.04199719429016113,7.4282732009887695,,,80.47797393798828,80.47797393798828,,,90.31815338134766,40.318153381347656,
reinforce,,,50.0,0,164,378.0539189386006,280,0.044447898864746094,7.47287392616272,,,85.21244049072266,85.21244049072266,,,90.10597229003906,40.10597229003906,
reinforce,,,50.0,0,165,343.2698782728479,241,0.03847193717956543,7.5115110874176025,,,84.8935775756836,84.8935775756836,,,90.8738784790039,40.873878479003906,
reinforce,,,50.0,0,166,284.4784348536458,183,0.02902507781982422,7.540679216384888,,,79.86614990234375,79.86614990234375,,,87.75833892822266,37.75833511352539,
reinforce,,,50.0,0,167,389.56030479302194,289,0.04596900939941406,7.586774110794067,,,91.73358917236328,91.73358917236328,,,92.39726257324219,42.397254943847656,
reinforce,,,50.0,0,168,483.83387841010637,385,0.061170101165771484,7.648081064224243,,,86.4384536743164,86.4384536743164,,,92.69515991210938,42.69516372680664,
reinforce,,,50.0,0,169,436.98774629464435,365,0.05820107460021973,7.70641827583313,,,76.94207763671875,76.94207763671875,,,85.97578430175781,35.97578811645508,
reinforce,,,50.0,0,170,431.52750417666147,332,0.05302929878234863,7.759599208831787,,,92.68707275390625,92.68707275390625,,,92.59288024902344,42.5928840637207,
reinforce,,,50.0,0,171,342.2840274653745,242,0.0385737419128418,7.7983129024505615,,,89.57479858398438,89.57479858398438,,,90.90931701660156,40.90932083129883,
reinforce,,,50.0,0,172,373.21211808709825,274,0.043627023696899414,7.8420610427856445,,,82.88175201416016,82.88175201416016,,,90.98260498046875,40.982608795166016,
reinforce,,,50.0,0,173,411.69094606712196,306,0.0488278865814209,7.8910369873046875,,,98.48955535888672,98.48955535888672,,,94.34056854248047,44.340572357177734,
reinforce,,,50.0,0,174,392.48598952758914,291,0.04653596878051758,7.937726974487305,,,92.14395904541016,92.14395904541016,,,92.8630142211914,42.863014221191406,
reinforce,,,50.0,0,175,368.3962768500692,270,0.04338216781616211,7.981255292892456,,,84.35685729980469,84.35685729980469,,,91.71124267578125,41.711246490478516,
reinforce,,,50.0,0,176,362.6249631408841,259,0.04092216491699219,8.022317171096802,,,91.11270141601562,91.11270141601562,,,92.0028076171875,42.002803802490234,
reinforce,,,50.0,0,177,389.81250322628455,296,0.08947396278381348,8.111932277679443,,,89.46961212158203,89.46961212158203,,,90.9256591796875,40.925655364990234,
reinforce,,,50.0,0,178,331.12218182871266,229,0.036676883697509766,8.14878797531128,,,89.99522399902344,89.99522399902344,,,91.06423950195312,41.06424331665039,
reinforce,,,50.0,0,179,297.14287219449574,205,0.032887935638427734,8.181823015213013,,,71.60196685791016,71.60196685791016,,,86.24754333496094,36.24753952026367,
reinforce,,,50.0,0,180,114.84468227076427,87,0.014063835144042969,8.196029901504517,529.3203081752561,2.8878892574010835,-18.439868927001953,-18.439868927001953,,,45.620975494384766,-4.379024982452393,
reinforce,,,50.0,0,181,281.60367373281747,187,0.030270099639892578,8.405231237411499,,,70.85057830810547,70.85057830810547,,,86.17120361328125,36.171199798583984,
reinforce,,,50.0,0,182,348.60872919081584,282,0.04529523849487305,8.450671195983887,,,70.51675415039062,70.51675415039062,,,81.18780517578125,31.187808990478516,
reinforce,,,50.0,0,183,432.2044014643396,335,0.053080081939697266,8.503900289535522,,,87.12234497070312,87.12234497070312,,,91.5872802734375,41.58728790283203,
reinforce,,,50.0,0,184,299.78883224963414,209,0.033265113830566406,8.53729510307312,,,75.63313293457031,75.63313293457031,,,85.00152587890625,35.00152587890625,
reinforce,,,50.0,0,185,253.19367488778494,154,0.024634122848510742,8.562063217163086,,,64.41804504394531,64.41804504394531,,,84.46727752685547,34.46727752685547,
reinforce,,,50.0,0,186,315.96954199898363,212,0.03361010551452637,8.595807075500488,,,88.6746597290039,88.6746597290039,,,90.03111267089844,40.03111267089844,
reinforce,,,50.0,0,187,258.81437526635347,163,0.026137113571166992,8.622083187103271,,,72.91812133789062,72.91812133789062,,,84.2376708984375,34.237667083740234,
reinforce,,,50.0,0,188,320.99900621614717,218,0.03457307815551758,8.656800985336304,,,82.04470825195312,82.04470825195312,,,89.81253051757812,39.81253433227539,
reinforce,,,50.0,0,189,336.894924594472,239,0.03816676139831543,8.695091009140015,,,76.16604614257812,76.16604614257812,,,88.06539154052734,38.065391540527344,
reinforce,,,50.0,0,190,290.3245934490763,186,0.0294492244720459,8.724658250808716,,,83.9102554321289,83.9102554321289,,,88.27095031738281,38.270957946777344,
reinforce,,,50.0,0,191,306.5891363415268,205,0.03257298469543457,8.757353067398071,,,78.19416809082031,78.19416809082031,,,89.2967529296875,39.2967643737793,
reinforce,,,50.0,0,192,273.57495387713067,170,0.02706313133239746,8.784540176391602,,,76.20401763916016,76.20401763916016,,,87.28533172607422,37.28533172607422,
reinforce,,,50.0,0,193,314.3926185395952,212,0.03384804725646973,8.818496942520142,,,82.55563354492188,82.55563354492188,,,88.91307830810547,38.91307830810547,
reinforce,,,50.0,0,194,286.18851220442235,187,0.030139684677124023,8.848765850067139,,,75.22256469726562,75.22256469726562,,,86.90544891357422,36.90544509887695,
reinforce,,,50.0,0,195,299.50898791572655,214,0.03417086601257324,8.883080005645752,,,70.612060546875,70.612060546875,,,82.08297729492188,32.08298110961914,
reinforce,,,50.0,0,196,254.3090218281336,150,0.02410101890563965,8.907318115234375,,,80.46295928955078,80.46295928955078,,,86.9317626953125,36.9317626953125,
reinforce,,,50.0,0,197,246.37266823226804,150,0.023942947387695312,8.931380033493042,,,72.48612976074219,72.48612976074219,,,83.06376647949219,33.06377029418945,
reinforce,,,50.0,0,198,246.79078574177433,152,0.0244290828704834,8.955928087234497,,,67.91271209716797,67.91271209716797,,,83.1895523071289,33.18955612182617,
reinforce,,,50.0,0,199,253.64860571967367,157,0.02550792694091797,8.981565952301025,,,64.27748107910156,64.27748107910156,,,83.86705780029297,33.867061614990234,
reinforce,,,50.0,0,200,227.6407689145582,132,0.021502017974853516,9.003245115280151,226.76183175133224,0.889272789101413,67.77212524414062,67.77212524414062,,,81.76718139648438,31.767181396484375,
reinforce,,,50.0,0,201,229.30558762738738,134,0.02181100845336914,9.078516960144043,,,63.17958450317383,63.17958450317383,,,81.77782440185547,31.77782440185547,
reinforce,,,50.0,0,202,226.93997949480365,130,0.020932912826538086,9.099595069885254,,,60.482242584228516,60.482242584228516,,,82.07286834716797,32.07286071777344,
reinforce,,,50.0,0,203,221.73743887506242,124,0.01950693130493164,9.119226217269897,,,74.65591430664062,74.65591430664062,,,82.36507415771484,32.365081787109375,
reinforce,,,50.0,0,204,189.63814927585722,97,0.015535116195678711,9.134894132614136,,,64.68705749511719,64.68705749511719,,,79.29917907714844,29.29918098449707,
reinforce,,,50.0,0,205,196.40720698076183,106,0.017271757125854492,9.152287006378174,,,59.956382751464844,59.956382751464844,,,77.92424011230469,27.92424774169922,
reinforce,,,50.0,0,206,185.72309545173744,97,0.015618085861206055,9.168045043945312,,,70.92724609375,70.92724609375,,,76.79815673828125,26.798158645629883,
reinforce,,,50.0,0,207,170.05623617644156,91,0.014680862426757812,9.182843208312988,,,41.74205780029297,41.74205780029297,,,71.67904663085938,21.679048538208008,
reinforce,,,50.0,0,208,158.28350658589912,85,0.013625860214233398,9.196576118469238,,,38.29595184326172,38.29595184326172,,,68.20780181884766,18.207799911499023,
reinforce,,,50.0,0,209,180.7662423021482,99,0.016004085540771484,9.21269702911377,,,53.12334442138672,53.12334442138672,,,73.2391357421875,23.239133834838867,
reinforce,,,50.0,0,210,148.17872254729593,83,0.013087034225463867,9.225902080535889,,,26.92482566833496,26.92482566833496,,,63.743553161621094,13.74355411529541,
reinforce,,,50.0,0,211,161.72354626829144,88,0.014042139053344727,9.240016222000122,,,39.2712516784668,39.2712516784668,,,68.63556671142578,18.635560989379883,
reinforce,,,50.0,0,212,154.44146781891283,83,0.013076066970825195,9.253199100494385,,,32.132076263427734,32.132076263427734,,,67.14556884765625,17.145566940307617,
reinforce,,,50.0,0,213,143.57872519509712,78,0.012774944305419922,9.266046047210693,,,37.050472259521484,37.050472259521484,,,63.59545135498047,13.595452308654785,
reinforce,,,50.0,0,214,154.70088776416995,88,0.014194011688232422,9.280356168746948,,,29.052350997924805,29.052350997924805,,,64.46976470947266,14.469766616821289,
reinforce,,,50.0,0,215,137.4030354575703,74,0.011950969696044922,9.292416095733643,,,29.992856979370117,29.992856979370117,,,62.193023681640625,12.193024635314941,
reinforce,,,50.0,0,216,144.53552316353142,79,0.01275014877319336,9.305258989334106,,,21.263559341430664,21.263559341430664,,,63.390647888183594,13.390649795532227,
reinforce,,,50.0,0,217,162.52046771383877,89,0.014362335205078125,9.319695234298706,,,29.506078720092773,29.506078720092773,,,68.3576431274414,18.357643127441406,
reinforce,,,50.0,0,218,146.82954073649475,89,0.014332771301269531,9.33413290977478,,,19.646728515625,19.646728515625,,,59.879093170166016,9.879091262817383,
reinforce,,,50.0,0,219,151.82082349621075,83,0.013280153274536133,9.347513198852539,,,37.42966842651367,37.42966842651367,,,65.5558853149414,15.555878639221191,
reinforce,,,50.0,0,220,150.22956427952403,88,0.014084815979003906,9.361685991287231,146.17429167767622,1.0589968827677123,25.584697723388672,25.584697723388672,,,62.014034271240234,12.01403522491455,
reinforce,,,50.0,0,221,144.5032749060667,82,0.013155221939086914,9.409269094467163,,,26.137344360351562,26.137344360351562,,,61.94915771484375,11.949156761169434,
reinforce,,,50.0,0,222,133.9613149484582,76,0.012337923049926758,9.421711206436157,,,15.409120559692383,15.409120559692383,,,58.842594146728516,8.842595100402832,
reinforce,,,50.0,0,223,156.15850734704426,96,0.015219926834106445,9.437042951583862,,,28.56373405456543,28.56373405456543,,,61.89271926879883,11.892719268798828,
reinforce,,,50.0,0,224,173.4453697621757,109,0.01793980598449707,9.455102920532227,,,24.967679977416992,24.967679977416992,,,65.24273681640625,15.242735862731934,
reinforce,,,50.0,0,225,182.7534790083884,115,0.018578767776489258,9.473800897598267,,,40.006954193115234,40.006954193115234,,,68.00676727294922,18.00676727294922,
reinforce,,,50.0,0,226,192.47749237939,118,0.018761873245239258,9.492677211761475,,,37.55361557006836,37.55361557006836,,,70.67145538330078,20.67145347595215,
reinforce,,,50.0,0,227,194.7517052369039,127,0.020121097564697266,9.512923240661621,,,38.525672912597656,38.525672912597656,,,68.52359771728516,18.52359962463379,
reinforce,,,50.0,0,228,194.19343382807264,123,0.019850969314575195,9.532901048660278,,,42.13992691040039,42.13992691040039,,,70.60008239746094,20.600082397460938,
reinforce,,,50.0,0,229,187.15400419084264,123,0.01964592933654785,9.552685022354126,,,35.747459411621094,35.747459411621094,,,67.4184341430664,17.418437957763672,
reinforce,,,50.0,0,230,202.136359227257,136,0.02196359634399414,9.574781894683838,,,45.59563446044922,45.59563446044922,,,70.07562255859375,20.075626373291016,
reinforce,,,50.0,0,231,201.86870113652637,136,0.021681785583496094,9.596585035324097,,,40.6912841796875,40.6912841796875,,,70.25811767578125,20.25811195373535,
reinforce,,,50.0,0,232,202.08393258665342,135,0.021703004837036133,9.618397951126099,,,42.844722747802734,42.844722747802734,,,70.7193374633789,20.71933937072754,
reinforce,,,50.0,0,233,224.81598200290975,155,0.02494215965270996,9.643462181091309,,,51.160194396972656,51.160194396972656,,,74.21142578125,24.211435317993164,
reinforce,,,50.0,0,234,226.49935794221938,148,0.023559093475341797,9.667148113250732,,,55.766395568847656,55.766395568847656,,,76.5938491821289,26.593854904174805,
reinforce,,,50.0,0,235,243.95029008507217,173,0.027688264846801758,9.694972276687622,,,58.54673767089844,58.54673767089844,,,76.79293823242188,26.79293441772461,
reinforce,,,50.0,0,236,292.3002890231528,216,0.03449225425720215,9.729595184326172,,,65.23341369628906,65.23341369628906,,,81.37406158447266,31.374059677124023,
reinforce,,,50.0,0,237,321.0412379606514,241,0.03864789009094238,9.768372058868408,,,79.00438690185547,79.00438690185547,,,84.69153594970703,34.69153594970703,
reinforce,,,50.0,0,238,305.5536848841545,228,0.03630971908569336,9.804807901382446,,,64.31375122070312,64.31375122070312,,,83.13581848144531,33.13581848144531,
reinforce,,,50.0,0,239,68.65139234407492,58,0.009356975555419922,9.814301013946533,,,-42.16779708862305,-42.16779708862305,,,30.57953453063965,-19.42046546936035,
reinforce,,,50.0,0,240,90.41450399600373,74,0.01208806037902832,9.826488018035889,58.35855192276421,1.855249974230823,-25.732620239257812,-25.732620239257812,,,38.8973503112793,-11.102651596069336,
reinforce,,,50.0,0,241,365.9462652828252,264,0.04234671592712402,9.890705823898315,,,87.65695190429688,87.65695190429688,,,93.21614837646484,43.21614456176758,
reinforce,,,50.0,0,242,55.77125356446925,45,0.00732111930847168,9.898154973983765,,,-55.668212890625,-55.668212890625,,,26.63983917236328,-23.36016082763672,
reinforce,,,50.0,0,243,25.22188240912972,26,0.004422187805175781,9.902705192565918,,,-86.36971282958984,-86.36971282958984,,,12.95719051361084,-37.042808532714844,
reinforce,,,50.0,0,244,42.56053895319522,38,0.006223917007446289,9.909013032913208,,,-62.904579162597656,-62.904579162597656,,,20.536386489868164,-29.4636173248291,
reinforce,,,50.0,0,245,91.13823298884233,76,0.012524127960205078,9.921622037887573,,,-21.0462703704834,-21.0462703704834,,,37.82926940917969,-12.170727729797363,
reinforce,,,50.0,0,246,79.98861808130697,67,0.010885000228881836,9.932613134384155,,,-32.84012222290039,-32.84012222290039,,,34.30900192260742,-15.690998077392578,
reinforce,,,50.0,0,247,36.246088854513474,36,0.006086111068725586,9.938799142837524,,,-81.82512664794922,-81.82512664794922,,,17.24034881591797,-32.75965118408203,
reinforce,,,50.0,0,248,68.3489253288054,60,0.009843826293945312,9.948746919631958,,,-46.449947357177734,-46.449947357177734,,,30.628637313842773,-19.371362686157227,
reinforce,,,50.0,0,249,330.11528407399203,244,0.03884387016296387,9.987874984741211,,,73.63195037841797,73.63195037841797,,,87.13658905029297,37.1365852355957,
reinforce,,,50.0,0,250,292.10205578550455,219,0.034642934799194336,10.022647142410278,,,66.9330825805664,66.9330825805664,,,81.39997863769531,31.399978637695312,
reinforce,,,50.0,0,251,262.9189097580122,193,0.03022313117980957,10.052988290786743,,,55.59090042114258,55.59090042114258,,,77.91590118408203,27.9158992767334,
reinforce,,,50.0,0,252,234.1597208732591,174,0.027373790740966797,10.080480098724365,,,46.93674087524414,46.93674087524414,,,72.1827163696289,22.182716369628906,
reinforce,,,50.0,0,253,246.56682732031297,184,0.02930617332458496,10.109926223754883,,,49.125244140625,49.125244140625,,,73.55075073242188,23.550752639770508,
reinforce,,,50.0,0,254,218.99439976383456,158,0.025415897369384766,10.1354820728302,,,38.87471008300781,38.87471008300781,,,70.10745239257812,20.10744857788086,
reinforce,,,50.0,0,255,222.91424415716114,162,0.026083707809448242,10.161682844161987,,,50.21795654296875,50.21795654296875,,,70.74685668945312,20.746864318847656,
reinforce,,,50.0,0,256,220.88597514152096,157,0.02508687973022461,10.186902046203613,,,39.76346206665039,39.76346206665039,,,69.79000854492188,19.790010452270508,
reinforce,,,50.0,0,257,229.87728796194935,163,0.02601790428161621,10.213052988052368,,,45.88231658935547,45.88231658935547,,,73.79154968261719,23.791553497314453,
reinforce,,,50.0,0,258,218.80077811359521,157,0.02489018440246582,10.23806118965149,,,48.232173919677734,48.232173919677734,,,70.0789566040039,20.078954696655273,
reinforce,,,50.0,0,259,215.97013947588283,158,0.025414228439331055,10.263599157333374,,,39.05665969848633,39.05665969848633,,,69.45075225830078,19.45075225830078,
reinforce,,,50.0,0,260,229.5932125616061,163,0.025628089904785156,10.289347171783447,223.34140143302335,1.3833233682798005,50.27418518066406,50.27418518066406,,,72.64598083496094,22.645978927612305,
reinforce,,,50.0,0,261,226.00836339029368,164,0.025966167449951172,10.382459163665771,,,39.9705696105957,39.9705696105957,,,70.09600067138672,20.09599494934082,
reinforce,,,50.0,0,262,218.24920445922993,157,0.024798870086669922,10.407385110855103,,,44.68416976928711,44.68416976928711,,,69.00746154785156,19.007463455200195,
reinforce,,,50.0,0,263,220.33255632701406,157,0.02519702911376953,10.43270492553711,,,45.09990692138672,45.09990692138672,,,71.08248901367188,21.082494735717773,
reinforce,,,50.0,0,264,208.4565984541794,151,0.023987770080566406,10.456825017929077,,,29.535783767700195,29.535783767700195,,,67.47762298583984,17.477624893188477,
reinforce,,,50.0,0,265,196.17316417901768,135,0.021878957748413086,10.47883415222168,,,30.572834014892578,30.572834014892578,,,67.40420532226562,17.404199600219727,
reinforce,,,50.0,0,266,202.47885284702087,142,0.022485017776489258,10.50143313407898,,,36.496559143066406,36.496559143066406,,,67.29225158691406,17.292251586914062,
reinforce,,,50.0,0,267,209.05436346163688,150,0.024015188217163086,10.525570154190063,,,35.47193908691406,35.47193908691406,,,68.1827621459961,18.182756423950195,
reinforce,,,50.0,0,268,216.91507475085984,154,0.024546146392822266,10.550236225128174,,,44.280826568603516,44.280826568603516,,,69.78654479980469,19.786542892456055,
reinforce,,,50.0,0,269,233.32284731021113,165,0.02629399299621582,10.576657056808472,,,50.60797119140625,50.60797119140625,,,73.6885986328125,23.688594818115234,
reinforce,,,50.0,0,270,216.92796469049142,155,0.024520158767700195,10.601295232772827,,,38.45433807373047,38.45433807373047,,,69.799560546875,19.799558639526367,
reinforce,,,50.0,0,271,260.908692928641,187,0.029747962951660156,10.631166934967041,,,61.28140640258789,61.28140640258789,,,77.14918518066406,27.149188995361328,
reinforce,,,50.0,0,272,226.4433476337262,151,0.02373194694519043,10.655016899108887,,,58.448699951171875,58.448699951171875,,,74.5023422241211,24.502338409423828,
reinforce,,,50.0,0,273,224.38805992774255,161,0.025574207305908203,10.68070912361145,,,50.105228424072266,50.105228424072266,,,70.84986877441406,20.849870681762695,
reinforce,,,50.0,0,274,231.50301209765973,164,0.02611398696899414,10.70697283744812,,,49.26643371582031,49.26643371582031,,,73.3521728515625,23.352169036865234,
reinforce,,,50.0,0,275,252.2993544388073,183,0.029404878616333008,10.736504077911377,,,57.85747528076172,57.85747528076172,,,74.9982681274414,24.998262405395508,
reinforce,,,50.0,0,276,230.09855291130467,157,0.0249941349029541,10.761644124984741,,,53.424407958984375,53.424407958984375,,,74.33197784423828,24.331981658935547,
reinforce,,,50.0,0,277,222.80662489334884,156,0.024815082550048828,10.786575078964233,,,46.596221923828125,46.596221923828125,,,71.74018096923828,21.74018669128418,
reinforce,,,50.0,0,278,236.68429616758164,169,0.02689981460571289,10.813591003417969,,,48.47602462768555,48.47602462768555,,,73.81847381591797,23.818466186523438,
reinforce,,,50.0,0,279,322.7155001994316,225,0.0355987548828125,10.849310874938965,,,73.4649429321289,73.4649429321289,,,87.87210083007812,37.872093200683594,
reinforce,,,50.0,0,280,257.6342305747307,180,0.029042959213256836,10.87848711013794,244.15340856751519,1.8241069554697478,61.842525482177734,61.842525482177734,,,78.71752166748047,28.7175235748291,
reinforce,,,50.0,0,281,206.21130330267906,146,0.023352861404418945,10.97603702545166,,,36.9512939453125,36.9512939453125,,,67.67375183105469,17.67375373840332,
reinforce,,,50.0,0,282,254.93699822659096,187,0.029780864715576172,11.005937099456787,,,51.01709747314453,51.01709747314453,,,75.41494750976562,25.414941787719727,
reinforce,,,50.0,0,283,243.28195757354112,179,0.028730154037475586,11.03481125831604,,,51.7791862487793,51.7791862487793,,,72.70954895019531,22.709548950195312,
reinforce,,,50.0,0,284,276.45319454177366,202,0.03198122978210449,11.066930294036865,,,58.8005256652832,58.8005256652832,,,78.62692260742188,28.626928329467773,
reinforce,,,50.0,0,285,283.89761770594566,215,0.03415513038635254,11.101227045059204,,,63.27867126464844,63.27867126464844,,,78.77658081054688,28.776580810546875,
reinforce,,,50.0,0,286,260.4845292425341,193,0.030807971954345703,11.13217306137085,,,49.15339660644531,49.15339660644531,,,76.94713592529297,26.947139739990234,
reinforce,,,50.0,0,287,248.53261551364866,186,0.029895782470703125,11.162187099456787,,,46.74152755737305,46.74152755737305,,,72.8294448852539,22.829452514648438,
reinforce,,,50.0,0,288,325.36844414287395,253,0.04018211364746094,11.202500104904175,,,66.52881622314453,66.52881622314453,,,82.58116149902344,32.58116149902344,
reinforce,,,50.0,0,289,282.05261044756105,216,0.03435969352722168,11.237022876739502,,,53.44363021850586,53.44363021850586,,,76.79658508300781,26.796592712402344,
reinforce,,,50.0,0,290,269.2604324297875,203,0.032327890396118164,11.269502878189087,,,59.82670211791992,59.82670211791992,,,77.12053680419922,27.120534896850586,
reinforce,,,50.0,0,291,280.3641967645518,209,0.0334477424621582,11.303076028823853,,,64.48987579345703,64.48987579345703,,,79.16852569580078,29.168527603149414,
reinforce,,,50.0,0,292,292.72109074890926,228,0.03584170341491699,11.339048862457275,,,58.52717208862305,58.52717208862305,,,78.57733917236328,28.57733726501465,
reinforce,,,50.0,0,293,294.5927672674123,226,0.03579592704772949,11.374974012374878,,,66.63990020751953,66.63990020751953,,,79.7794418334961,29.779443740844727,
reinforce,,,50.0,0,294,340.5302270384068,266,0.04238581657409668,11.417481899261475,,,70.16201782226562,70.16201782226562,,,84.7266616821289,34.726661682128906,
reinforce,,,50.0,0,295,293.24319165672506,224,0.035768985748291016,11.453400135040283,,,56.40163803100586,56.40163803100586,,,79.93733978271484,29.937347412109375,
reinforce,,,50.0,0,296,356.4845771933513,283,0.044963836669921875,11.498496055603027,,,72.6656265258789,72.6656265258789,,,85.00786590576172,35.00787353515625,
reinforce,,,50.0,0,297,322.6784853213036,249,0.03983497619628906,11.538480043411255,,,66.14970397949219,66.14970397949219,,,83.61166381835938,33.61166763305664,
reinforce,,,50.0,0,298,385.84143943193436,299,0.047250986099243164,11.585878133773804,,,83.08051300048828,83.08051300048828,,,89.86421966552734,39.86422348022461,
reinforce,,,50.0,0,299,309.7082345103395,224,0.03597283363342285,11.62201714515686,,,80.56171417236328,80.56171417236328,,,87.76982879638672,37.76982879638672,
reinforce,,,50.0,0,300,336.44332612874945,255,0.040695905685424805,11.662858963012695,490.63044222645294,1.410209638386726,82.14521789550781,82.14521789550781,,,86.35832977294922,36.35832977294922,
reinforce,,,50.0,0,301,359.7679267027743,270,0.042822837829589844,11.878741979598999,,,80.97825622558594,80.97825622558594,,,89.57916259765625,39.579166412353516,
reinforce,,,50.0,0,302,383.47618587298655,309,0.048599958419799805,11.92748212814331,,,78.42439270019531,78.42439270019531,,,85.49275970458984,35.49276351928711,
reinforce,,,50.0,0,303,359.9357470001617,291,0.04633188247680664,11.973963975906372,,,69.27879333496094,69.27879333496094,,,84.14427947998047,34.1442756652832,
reinforce,,,50.0,0,304,309.62018382490567,233,0.0370481014251709,12.011147022247314,,,74.30008697509766,74.30008697509766,,,82.81661224365234,32.816612243652344,
reinforce,,,50.0,0,305,339.4629411212888,258,0.041059017181396484,12.052329063415527,,,79.00642395019531,79.00642395019531,,,85.86589813232422,35.86589431762695,
reinforce,,,50.0,0,306,313.3813254289382,222,0.03526878356933594,12.08773398399353,,,76.43325805664062,76.43325805664062,,,87.82701873779297,37.827022552490234,
reinforce,,,50.0,0,307,292.03748358433364,220,0.034986019134521484,12.122865200042725,,,66.1393814086914,66.1393814086914,,,79.73468017578125,29.734668731689453,
reinforce,,,50.0,0,308,279.3891348221922,202,0.0330963134765625,12.156091213226318,,,68.3277587890625,68.3277587890625,,,80.9571304321289,30.957124710083008,
reinforce,,,50.0,0,309,267.8622891376089,194,0.030920982360839844,12.187155961990356,,,66.39927673339844,66.39927673339844,,,80.11357116699219,30.113563537597656,
reinforce,,,50.0,0,310,294.72168185476517,220,0.03521299362182617,12.222506046295166,,,62.223899841308594,62.223899841308594,,,80.7008285522461,30.700824737548828,
reinforce,,,50.0,0,311,257.23489535863564,187,0.02984762191772461,12.25246787071228,,,54.5077018737793,54.5077018737793,,,76.15392303466797,26.153926849365234,
reinforce,,,50.0,0,312,260.67445491960234,189,0.030137062072753906,12.282727241516113,,,57.59138488769531,57.59138488769531,,,77.11075592041016,27.110754013061523,
reinforce,,,50.0,0,313,239.72527611053295,169,0.026926040649414062,12.309774160385132,,,52.09695816040039,52.09695816040039,,,75.18345642089844,25.183448791503906,
reinforce,,,50.0,0,314,255.93155220995484,169,0.02701282501220703,12.336906909942627,,,72.30513763427734,72.30513763427734,,,82.31472778320312,32.31473159790039,
reinforce,,,50.0,0,315,301.26359410966404,214,0.03408098220825195,12.371122121810913,,,85.22876739501953,85.22876739501953,,,84.70462799072266,34.70463562011719,
reinforce,,,50.0,0,316,232.421059586443,155,0.024550914764404297,12.395799160003662,,,51.85794448852539,51.85794448852539,,,76.38700866699219,26.38700294494629,
reinforce,,,50.0,0,317,246.51793331251105,170,0.026940345764160156,12.422853231430054,,,53.61563491821289,53.61563491821289,,,77.33689880371094,27.336902618408203,
reinforce,,,50.0,0,318,261.10405260021093,181,0.02837681770324707,12.451348066329956,,,58.73420333862305,58.73420333862305,,,79.1633071899414,29.163301467895508,
reinforce,,,50.0,0,319,248.46156935703306,169,0.026767730712890625,12.478237867355347,,,56.902130126953125,56.902130126953125,,,78.10639190673828,28.10638999938965,
reinforce,,,50.0,0,320,208.5115723298159,141,0.02261209487915039,12.500985145568848,225.1640062789091,1.2599752635362989,39.7233772277832,39.7233772277832,,,70.38195037841797,20.381942749023438,
reinforce,,,50.0,0,321,198.15018835184037,133,0.021051883697509766,12.586781978607178,,,35.7760009765625,35.7760009765625,,,67.9170913696289,17.91708755493164,
reinforce,,,50.0,0,322,213.3513225101381,141,0.022461891174316406,12.609354972839355,,,50.01522445678711,50.01522445678711,,,72.76879119873047,22.768787384033203,
reinforce,,,50.0,0,323,234.18499179922912,164,0.026263952255249023,12.635738134384155,,,47.82069778442383,47.82069778442383,,,72.94518280029297,22.945180892944336,
reinforce,,,50.0,0,324,200.72793719821578,131,0.020987987518310547,12.656881093978882,,,37.71341323852539,37.71341323852539,,,69.89163208007812,19.89162826538086,
reinforce,,,50.0,0,325,227.35853058828735,155,0.024657726287841797,12.681643962860107,,,50.417747497558594,50.417747497558594,,,73.20244598388672,23.202442169189453,
reinforce,,,50.0,0,326,196.8127219319573,114,0.018207788467407227,12.699985980987549,,,53.65690994262695,53.65690994262695,,,75.0596923828125,25.059690475463867,
reinforce,,,50.0,0,327,194.0038946008973,113,0.01826000213623047,12.718361139297485,,,42.15754699707031,42.15754699707031,,,74.19819641113281,24.198198318481445,
reinforce,,,50.0,0,328,218.9853675280013,139,0.02205204963684082,12.740524053573608,,,54.8246955871582,54.8246955871582,,,75.87664031982422,25.876644134521484,
reinforce,,,50.0,0,329,232.25449378085895,162,0.025783777236938477,12.76640796661377,,,45.41864013671875,45.41864013671875,,,73.01117706298828,23.011178970336914,
reinforce,,,50.0,0,330,223.5390830956729,141,0.02244400978088379,12.78895902633667,,,58.102149963378906,58.102149963378906,,,77.08236694335938,27.082366943359375,
reinforce,,,50.0,0,331,212.05447414570986,124,0.019524097442626953,12.808590173721313,,,60.58603286743164,60.58603286743164,,,78.56426239013672,28.564266204833984,
reinforce,,,50.0,0,332,243.51384875338445,165,0.026388883590698242,12.835087060928345,,,56.48520278930664,56.48520278930664,,,78.3674087524414,28.367408752441406,
reinforce,,,50.0,0,333,237.05607306934974,144,0.022827863693237305,12.858031034469604,,,73.92180633544922,73.92180633544922,,,82.09683227539062,32.09682846069336,
reinforce,,,50.0,0,334,256.30819930007806,181,0.028558969497680664,12.88669204711914,,,60.07377624511719,60.07377624511719,,,77.59626770019531,27.596267700195312,
reinforce,,,50.0,0,335,274.0679054276849,187,0.029925107955932617,12.916754007339478,,,63.86155319213867,63.86155319213867,,,83.21407318115234,33.21407699584961,
reinforce,,,50.0,0,336,289.32518878716974,214,0.033988237380981445,12.950873136520386,,,58.73937225341797,58.73937225341797,,,79.78446960449219,29.78447151184082,
reinforce,,,50.0,0,337,293.2945923402252,223,0.03545379638671875,12.986482858657837,,,56.917049407958984,56.917049407958984,,,78.73567199707031,28.735671997070312,
reinforce,,,50.0,0,338,51.17787978735606,43,0.007029294967651367,12.993650913238525,,,-57.7360954284668,-57.7360954284668,,,24.368093490600586,-25.631906509399414,
reinforce,,,50.0,0,339,286.42412503996326,198,0.031939029693603516,13.025697946548462,,,70.88389587402344,70.88389587402344,,,84.5359878540039,34.535987854003906,
reinforce,,,50.0,0,340,297.0061962178545,222,0.03529500961303711,13.061136245727539,324.045084652972,1.025705413202461,73.27127838134766,73.27127838134766,,,81.06141662597656,31.06141471862793,
reinforce,,,50.0,0,341,280.34933145087734,203,0.03202986717224121,13.201014041900635,,,62.97174072265625,62.97174072265625,,,80.98651123046875,30.98651123046875,
reinforce,,,50.0,0,342,313.7560304858022,243,0.03875422477722168,13.239915132522583,,,73.09858703613281,73.09858703613281,,,81.15419006347656,31.154191970825195,
reinforce,,,50.0,0,343,299.5407797083252,237,0.03787517547607422,13.277915239334106,,,53.046241760253906,53.046241760253906,,,77.29696655273438,27.29696273803711,
reinforce,,,50.0,0,344,323.8213132912657,243,0.03871512413024902,13.31675386428833,,,69.59107971191406,69.59107971191406,,,84.44544982910156,34.4454460144043,
reinforce,,,50.0,0,345,293.9085232117065,226,0.03606414794921875,13.352940082550049,,,57.6571044921875,57.6571044921875,,,78.39427185058594,28.394277572631836,
reinforce,,,50.0,0,346,378.0021705570417,311,0.04905295372009277,13.40416407585144,,,69.45634460449219,69.45634460449219,,,83.61585998535156,33.61586380004883,
reinforce,,,50.0,0,347,316.1547339865834,249,0.03986930847167969,13.444165229797363,,,61.12236404418945,61.12236404418945,,,80.19929504394531,30.199291229248047,
reinforce,,,50.0,0,348,373.0704525659798,304,0.048937082290649414,13.493247032165527,,,69.7008285522461,69.7008285522461,,,83.61553955078125,33.615543365478516,
reinforce,,,50.0,0,349,419.12445837079963,348,0.05559706687927246,13.549020290374756,,,78.62665557861328,78.62665557861328,,,86.42889404296875,36.428890228271484,
reinforce,,,50.0,0,350,361.6553982000526,291,0.04645514488220215,13.595619201660156,,,68.0411605834961,68.0411605834961,,,84.26777648925781,34.26777267456055,
reinforce,,,50.0,0,351,372.09852699818543,302,0.04842805862426758,13.644191980361938,,,71.3209228515625,71.3209228515625,,,84.31774139404297,34.317745208740234,
reinforce,,,50.0,0,352,399.655436231675,330,0.05280900001525879,13.697150945663452,,,77.06417846679688,77.06417846679688,,,85.25648498535156,35.25648880004883,
reinforce,,,50.0,0,353,108.44009117069189,88,0.014271020889282227,13.711557149887085,,,-16.979408264160156,-16.979408264160156,,,43.01315689086914,-6.986843585968018,
reinforce,,,50.0,0,354,572.1068509463662,498,0.07947635650634766,13.791153192520142,,,84.91696166992188,84.91696166992188,,,91.11763000488281,41.11762619018555,
reinforce,,,50.0,0,355,513.317718509291,439,0.06928586959838867,13.860608100891113,,,84.17359924316406,84.17359924316406,,,89.75720977783203,39.757205963134766,
reinforce,,,50.0,0,356,445.90879791033507,361,0.05724310874938965,13.918001174926758,,,92.16988372802734,92.16988372802734,,,90.67781829833984,40.67781448364258,
reinforce,,,50.0,0,357,453.77193330106405,371,0.05959486961364746,13.977744102478027,,,84.03472137451172,84.03472137451172,,,90.0868148803711,40.08681106567383,
reinforce,,,50.0,0,358,632.42929406744,557,0.08931207656860352,14.067175149917603,,,84.56442260742188,84.56442260742188,,,92.0584716796875,42.058475494384766,
reinforce,,,50.0,0,359,90.75305893783779,75,0.012665748596191406,14.0800199508667,,,-25.062406539916992,-25.062406539916992,,,36.86171340942383,-13.138286590576172,
reinforce,,,50.0,0,360,421.3047495861084,342,0.05363583564758301,14.133770942687988,844.813682100574,1.1234481839539443,78.23954010009766,78.23954010009766,,,88.56563568115234,38.56563949584961,
reinforce,,,50.0,0,361,589.0113155898222,516,0.08257365226745605,14.528351068496704,,,85.7729721069336,85.7729721069336,,,90.91426849365234,40.914268493652344,
reinforce,,,50.0,0,362,513.057682411866,436,0.06855916976928711,14.597082138061523,,,81.91910552978516,81.91910552978516,,,90.044189453125,40.044193267822266,
reinforce,,,50.0,0,363,523.9269581951658,439,0.06966495513916016,14.666889905929565,,,87.56299591064453,87.56299591064453,,,91.6401596069336,41.64016342163086,
reinforce,,,50.0,0,364,436.76538632420215,354,0.05609416961669922,14.723132133483887,,,84.57159423828125,84.57159423828125,,,89.00545501708984,39.005455017089844,
reinforce,,,50.0,0,365,613.9487654575508,522,0.08203315734863281,14.805317163467407,,,92.59020233154297,92.59020233154297,,,94.04512786865234,44.045135498046875,
reinforce,,,50.0,0,366,403.6189967295942,315,0.049469947814941406,14.854923963546753,,,84.55821228027344,84.55821228027344,,,89.33068084716797,39.330684661865234,
reinforce,,,50.0,0,367,510.3070696091136,428,0.06753706932067871,14.922600030899048,,,78.61954498291016,78.61954498291016,,,90.4935531616211,40.493553161621094,
reinforce,,,50.0,0,368,86.24482497333115,65,0.010515928268432617,14.93324589729309,,,-23.881881713867188,-23.881881713867188,,,37.21648406982422,-12.783515930175781,
reinforce,,,50.0,0,369,430.41214764860365,360,0.057187795639038086,14.990545988082886,,,78.2626953125,78.2626953125,,,85.2922592163086,35.29226303100586,
reinforce,,,50.0,0,370,69.18016860738813,52,0.008492708206176758,14.999200105667114,,,-37.10874938964844,-37.10874938964844,,,32.79611587524414,-17.20388412475586,
reinforce,,,50.0,0,371,260.36258494936783,154,0.024892330169677734,15.024206161499023,,,81.19392395019531,81.19392395019531,,,89.17399597167969,39.17399978637695,
reinforce,,,50.0,0,372,286.81136240623397,182,0.028450965881347656,15.052819013595581,,,79.87190246582031,79.87190246582031,,,89.22124481201172,39.22124099731445,
reinforce,,,50.0,0,373,256.87069312232427,142,0.02249908447265625,15.07545018196106,,,84.32689666748047,84.32689666748047,,,92.626953125,42.626953125,
reinforce,,,50.0,0,374,248.00367894904142,133,0.021154165267944336,15.096769094467163,,,82.25543212890625,82.25543212890625,,,92.32009887695312,42.320098876953125,
reinforce,,,50.0,0,375,252.1342630738101,133,0.021240234375,15.118151187896729,,,97.33470916748047,97.33470916748047,,,94.16141510009766,44.16141128540039,
reinforce,,,50.0,0,376,259.1556724788062,136,0.02151012420654297,15.13978385925293,,,105.69892120361328,105.69892120361328,,,95.78316497802734,45.78316879272461,
reinforce,,,50.0,0,377,239.15640728603816,119,0.01900482177734375,15.158915996551514,,,89.70890808105469,89.70890808105469,,,94.57154846191406,44.571556091308594,
reinforce,,,50.0,0,378,234.19624130499713,121,0.01909017562866211,15.17812705039978,,,82.81035614013672,82.81035614013672,,,91.07752990722656,41.077537536621094,
reinforce,,,50.0,0,379,244.5975386749615,124,0.01982712745666504,15.19807505607605,,,93.18248748779297,93.18248748779297,,,94.2807388305664,44.280731201171875,
reinforce,,,50.0,0,380,28.246765570968936,25,0.0039479732513427734,15.202143907546997,121.30643607315167,98.01563122415551,-73.0079574584961,-73.0079574584961,,,14.995024681091309,-35.004974365234375,
reinforce,,,50.0,0,381,31.30030779311292,27,0.004518270492553711,15.235343217849731,,,-84.07723236083984,-84.07723236083984,,,16.524757385253906,-33.475242614746094,
reinforce,,,50.0,0,382,234.0753148073684,118,0.018914222717285156,15.254326105117798,,,87.33518981933594,87.33518981933594,,,91.85406494140625,41.85406494140625,
reinforce,,,50.0,0,383,256.71578076329587,132,0.021129846572875977,15.275588035583496,,,94.56473541259766,94.56473541259766,,,96.31514739990234,46.31515121459961,
reinforce,,,50.0,0,384,29.635670685449348,26,0.004211902618408203,15.279926061630249,,,-65.9440689086914,-65.9440689086914,,,15.688735961914062,-34.31126403808594,
reinforce,,,50.0,0,385,249.3833395713287,128,0.020123958587646484,15.30011796951294,,,88.59130096435547,88.59130096435547,,,94.89382934570312,44.89382553100586,
reinforce,,,50.0,0,386,221.52197165854912,115,0.01835918426513672,15.318595170974731,,,81.62791442871094,81.62791442871094,,,87.54855346679688,37.54856491088867,
reinforce,,,50.0,0,387,221.36376943124748,118,0.018770933151245117,15.33748197555542,,,68.16990661621094,68.16990661621094,,,85.84143829345703,35.8414421081543,
reinforce,,,50.0,0,388,221.91151155944527,121,0.018826961517333984,15.35643219947815,,,83.064453125,83.064453125,,,84.62491607666016,34.62492370605469,
reinforce,,,50.0,0,389,228.85502632336883,123,0.019626140594482422,15.376171112060547,,,63.0987663269043,63.0987663269043,,,87.05970764160156,37.0597038269043,
reinforce,,,50.0,0,390,227.29976099639723,122,0.019181013107299805,15.395470142364502,,,74.01708221435547,74.01708221435547,,,86.9266586303711,36.926658630371094,
reinforce,,,50.0,0,391,226.9331656790109,120,0.018573999404907227,15.414143085479736,,,85.79142761230469,85.79142761230469,,,87.32312774658203,37.32313537597656,
reinforce,,,50.0,0,392,240.20802540785488,137,0.021817684173583984,15.436097145080566,,,74.51224517822266,74.51224517822266,,,86.77678680419922,36.77678680419922,
reinforce,,,50.0,0,393,242.67627549190897,147,0.023223161697387695,15.459448099136353,,,73.13944244384766,73.13944244384766,,,83.73088073730469,33.73087692260742,
reinforce,,,50.0,0,394,55.40718518718474,41,0.006596088409423828,15.46616816520691,,,-51.47517013549805,-51.47517013549805,,,28.013225555419922,-21.986772537231445,
reinforce,,,50.0,0,395,37.12382279582989,31,0.005084037780761719,15.471342086791992,,,-71.65106964111328,-71.65106964111328,,,19.429407119750977,-30.570594787597656,
reinforce,,,50.0,0,396,82.61033125003817,55,0.008799314498901367,15.480231285095215,,,-19.786720275878906,-19.786720275878906,,,39.99736022949219,-10.002638816833496,
reinforce,,,50.0,0,397,270.0264057363944,163,0.02588796615600586,15.50619912147522,,,77.57130432128906,77.57130432128906,,,89.62336730957031,39.62337112426758,
reinforce,,,50.0,0,398,1052.3614290773621,1000,0.15879297256469727,15.665127992630005,,,92.63438415527344,92.63438415527344,,,92.76468658447266,42.76469421386719,
reinforce,,,50.0,0,399,95.23952081719413,67,0.01096487045288086,15.676297903060913,,,-13.999849319458008,-13.999849319458008,,,42.082664489746094,-7.917333126068115,
reinforce,,,50.0,0,400,671.124218728856,567,0.0893259048461914,15.765738010406494,1048.6995254914127,0.5904165373369488,95.05219268798828,95.05219268798828,,,96.41781616210938,46.41781997680664,
reinforce,,,50.0,0,401,294.9937298174289,180,0.02860403060913086,16.206076860427856,,,102.27808380126953,102.27808380126953,,,93.13208770751953,43.132083892822266,
reinforce,,,50.0,0,402,320.095199663708,213,0.033796072006225586,16.239996194839478,,,97.78099060058594,97.78099060058594,,,91.66883087158203,41.6688346862793,
reinforce,,,50.0,0,403,332.6035201514097,222,0.034996986389160156,16.27512812614441,,,85.31687927246094,85.31687927246094,,,92.50507354736328,42.50508117675781,
reinforce,,,50.0,0,404,383.69123922557077,287,0.0450592041015625,16.320311069488525,,,82.64089965820312,82.64089965820312,,,89.55276489257812,39.55276870727539,
reinforce,,,50.0,0,405,314.1561359888204,221,0.034957170486450195,16.35539722442627,,,83.64509582519531,83.64509582519531,,,86.70770263671875,36.707706451416016,
reinforce,,,50.0,0,406,362.00827662671344,275,0.04273796081542969,16.398247957229614,,,70.6241683959961,70.6241683959961,,,85.81877899169922,35.81877899169922,
reinforce,,,50.0,0,407,395.13073857958966,314,0.049260854721069336,16.447643041610718,,,77.34751892089844,77.34751892089844,,,85.93734741210938,35.93735122680664,
reinforce,,,50.0,0,408,265.95992751113164,170,0.02677011489868164,16.474565029144287,,,64.56440734863281,64.56440734863281,,,85.62883758544922,35.62883758544922,
reinforce,,,50.0,0,409,264.37096416692583,178,0.027764081954956055,16.502454042434692,,,66.30541229248047,66.30541229248047,,,80.674560546875,30.6745548248291,
reinforce,,,50.0,0,410,277.8438541684711,191,0.030252933502197266,16.53282403945923,,,69.96114349365234,69.96114349365234,,,82.1345443725586,32.13454055786133,
reinforce,,,50.0,0,411,233.17921081664255,142,0.02263498306274414,16.555583953857422,,,65.50728607177734,65.50728607177734,,,80.12586212158203,30.125856399536133,
reinforce,,,50.0,0,412,246.4767927362111,165,0.0260469913482666,16.58174705505371,,,66.50544738769531,66.50544738769531,,,78.8715591430664,28.871559143066406,
reinforce,,,50.0,0,413,245.8960956900226,163,0.02604222297668457,16.607920169830322,,,57.776084899902344,57.776084899902344,,,79.32476043701172,29.324769973754883,
reinforce,,,50.0,0,414,218.6707956969269,133,0.020787954330444336,16.628818035125732,,,59.66615676879883,59.66615676879883,,,77.26697540283203,27.2669677734375,
reinforce,,,50.0,0,415,273.87273098779644,188,0.029456138610839844,16.658385276794434,,,61.05598068237305,61.05598068237305,,,81.3554916381836,31.35549545288086,
reinforce,,,50.0,0,416,221.32763669559006,137,0.021820783615112305,16.680320978164673,,,54.84067153930664,54.84067153930664,,,76.80843353271484,26.808441162109375,
reinforce,,,50.0,0,417,254.8652787614589,174,0.027742862701416016,16.70816707611084,,,57.38209915161133,57.38209915161133,,,78.43694305419922,28.43695068359375,
reinforce,,,50.0,0,418,221.55596286695857,139,0.0221250057220459,16.730422019958496,,,50.11307144165039,50.11307144165039,,,76.02796173095703,26.027956008911133,
reinforce,,,50.0,0,419,242.63887473350087,162,0.02551579475402832,16.756051063537598,,,52.28559494018555,52.28559494018555,,,76.95591735839844,26.95591926574707,
reinforce,,,50.0,0,420,261.2586745192948,181,0.028576135635375977,16.784738063812256,229.66350835633648,2.4484424160235125,57.3716926574707,57.3716926574707,,,78.12360382080078,28.123600006103516,
reinforce,,,50.0,0,421,227.372698301036,137,0.02167797088623047,16.864382028579712,,,63.024330139160156,63.024330139160156,,,79.53775024414062,29.537750244140625,
reinforce,,,50.0,0,422,235.62263359059966,147,0.023446083068847656,16.887948036193848,,,60.7656364440918,60.7656364440918,,,79.39118194580078,29.391176223754883,
reinforce,,,50.0,0,423,218.47944588476588,128,0.02040719985961914,16.908839225769043,,,64.77751159667969,64.77751159667969,,,78.92147064208984,28.921470642089844,
reinforce,,,50.0,0,424,255.54608667077812,166,0.02640509605407715,16.93536400794983,,,61.42266845703125,61.42266845703125,,,81.26473236083984,31.26473045349121,
reinforce,,,50.0,0,425,254.03510228084505,169,0.026559829711914062,16.962049961090088,,,54.43812561035156,54.43812561035156,,,79.54241180419922,29.54241371154785,
reinforce,,,50.0,0,426,219.72264796894459,127,0.020247220993041992,16.98244619369507,,,64.6032943725586,64.6032943725586,,,80.25759887695312,30.25758934020996,
reinforce,,,50.0,0,427,242.67709299334535,152,0.024281978607177734,17.006850004196167,,,57.31279373168945,57.31279373168945,,,80.72236633300781,30.722366333007812,
reinforce,,,50.0,0,428,197.44673044397027,105,0.016705036163330078,17.02367901802063,,,63.50614929199219,63.50614929199219,,,79.08416748046875,29.08417510986328,
reinforce,,,50.0,0,429,217.88538326638547,125,0.019821643829345703,17.043624877929688,,,61.93363952636719,61.93363952636719,,,80.28292083740234,30.282917022705078,
reinforce,,,50.0,0,430,229.07298466073533,131,0.02086615562438965,17.06460213661194,,,78.6763687133789,78.6763687133789,,,83.14649200439453,33.1464958190918,
reinforce,,,50.0,0,431,205.40126611656947,111,0.01772904396057129,17.082463026046753,,,58.05888748168945,58.05888748168945,,,80.32398986816406,30.323986053466797,
reinforce,,,50.0,0,432,201.04550640301613,106,0.01674199104309082,17.099324941635132,,,68.02518463134766,68.02518463134766,,,80.69269561767578,30.692691802978516,
reinforce,,,50.0,0,433,222.40710218106707,126,0.020302295684814453,17.1197292804718,,,58.466400146484375,58.466400146484375,,,82.1166763305664,32.116676330566406,
reinforce,,,50.0,0,434,215.08700636349712,116,0.019054889678955078,17.138910055160522,,,74.9863510131836,74.9863510131836,,,82.95551300048828,32.95551681518555,
reinforce,,,50.0,0,435,203.32866159777743,107,0.01791691780090332,17.156935930252075,,,59.707496643066406,59.707496643066406,,,81.58869934082031,31.588703155517578,
reinforce,,,50.0,0,436,214.216541611685,115,0.018934965133666992,17.176005125045776,,,73.7667465209961,73.7667465209961,,,83.36951446533203,33.369510650634766,
reinforce,,,50.0,0,437,205.192679276029,106,0.01708388328552246,17.19322395324707,,,75.02481079101562,75.02481079101562,,,83.13877868652344,33.1387825012207,
reinforce,,,50.0,0,438,196.32505522843428,102,0.01625800132751465,17.209604024887085,,,66.82864379882812,66.82864379882812,,,80.28005981445312,30.28006362915039,
reinforce,,,50.0,0,439,200.99388217237785,101,0.016479015350341797,17.226182222366333,,,66.80522918701172,66.80522918701172,,,83.72509002685547,33.725093841552734,
reinforce,,,50.0,0,440,203.06710100970045,104,0.016518831253051758,17.24282693862915,202.71536842510744,1.0590406460028603,61.529136657714844,61.529136657714844,,,82.87873840332031,32.87873840332031,
reinforce,,,50.0,0,441,201.41076755950013,102,0.016340255737304688,17.30151128768921,,,64.39957427978516,64.39957427978516,,,83.05683135986328,33.05683517456055,
reinforce,,,50.0,0,442,200.9177567997397,102,0.01630687713623047,17.317913055419922,,,70.3096694946289,70.3096694946289,,,82.96735382080078,32.96735763549805,
reinforce,,,50.0,0,443,212.51089747884032,110,0.017454147338867188,17.335474252700806,,,72.96221923828125,72.96221923828125,,,84.93272399902344,34.93272399902344,
reinforce,,,50.0,0,444,211.99137779964047,108,0.0174558162689209,17.353044986724854,,,78.55908203125,78.55908203125,,,85.26890563964844,35.26891326904297,
reinforce,,,50.0,0,445,214.78624742775963,112,0.01788806915283203,17.372847080230713,,,72.14833068847656,72.14833068847656,,,84.99649810791016,34.99650192260742,
reinforce,,,50.0,0,446,214.31206793851428,111,0.03845787048339844,17.411423921585083,,,64.52403259277344,64.52403259277344,,,85.26566314697266,35.26565933227539,
reinforce,,,50.0,0,447,211.85475782063887,111,0.023355722427368164,17.434943914413452,,,76.27180480957031,76.27180480957031,,,84.4918212890625,34.4918212890625,
reinforce,,,50.0,0,448,213.88160691244067,113,0.017721176147460938,17.45281720161438,,,72.93814086914062,72.93814086914062,,,84.29327392578125,34.29327392578125,
reinforce,,,50.0,0,449,209.55687031652005,112,0.01793217658996582,17.470872163772583,,,62.242191314697266,62.242191314697266,,,82.49784088134766,32.49783706665039,
reinforce,,,50.0,0,450,212.27726065722933,114,0.01837325096130371,17.48936915397644,,,79.1460952758789,79.1460952758789,,,82.9728775024414,32.97288513183594,
reinforce,,,50.0,0,451,47.00530512270187,36,0.005798816680908203,17.495296955108643,,,-53.54882049560547,-53.54882049560547,,,24.519731521606445,-25.480268478393555,
reinforce,,,50.0,0,452,210.45880058468236,116,0.01839303970336914,17.513771057128906,,,67.11714172363281,67.11714172363281,,,81.2694320678711,31.269426345825195,
reinforce,,,50.0,0,453,41.45810074003327,33,0.005312919616699219,17.51919412612915,,,-63.65386199951172,-63.65386199951172,,,21.59666633605957,-28.403331756591797,
reinforce,,,50.0,0,454,204.5592736729426,111,0.017688989639282227,17.536952018737793,,,66.16341400146484,66.16341400146484,,,80.64551544189453,30.645509719848633,
reinforce,,,50.0,0,455,211.2319740932217,112,0.017746925354003906,17.554816007614136,,,69.10499572753906,69.10499572753906,,,83.48340606689453,33.483402252197266,
reinforce,,,50.0,0,456,211.87575284354187,114,0.018192768096923828,17.57312297821045,,,63.71596145629883,63.71596145629883,,,82.88648986816406,32.8864860534668,
reinforce,,,50.0,0,457,213.31890722973824,113,0.01806497573852539,17.59130597114563,,,63.596248626708984,63.596248626708984,,,83.96704864501953,33.96704864501953,
reinforce,,,50.0,0,458,214.463826926597,112,0.017796754837036133,17.60921597480774,,,75.87623596191406,75.87623596191406,,,84.90948486328125,34.909481048583984,
reinforce,,,50.0,0,459,207.88358690298458,108,0.017121076583862305,17.62645411491394,,,76.91617584228516,76.91617584228516,,,83.1995620727539,33.19956588745117,
reinforce,,,50.0,0,460,214.62024140302685,111,0.01796722412109375,17.644537210464478,214.2546573160529,1.5789062021154894,79.89311218261719,79.89311218261719,,,85.37612915039062,35.37612533569336,
reinforce,,,50.0,0,461,212.62446294797084,110,0.01726984977722168,17.70701789855957,,,70.15791320800781,70.15791320800781,,,84.6883773803711,34.68838119506836,
reinforce,,,50.0,0,462,213.9780840580082,111,0.01742076873779297,17.724562883377075,,,71.66490936279297,71.66490936279297,,,85.13529205322266,35.13529586791992,
reinforce,,,50.0,0,463,212.3362656283382,109,0.017461776733398438,17.74212098121643,,,72.94338989257812,72.94338989257812,,,84.89922332763672,34.899234771728516,
reinforce,,,50.0,0,464,210.48219872775007,108,0.017320871353149414,17.759555101394653,,,64.63361358642578,64.63361358642578,,,84.57349395751953,34.57349395751953,
reinforce,,,50.0,0,465,207.71714007373495,105,0.016578197479248047,17.776235103607178,,,73.7623519897461,73.7623519897461,,,84.73411560058594,34.734107971191406,
reinforce,,,50.0,0,466,208.18487165324828,106,0.016829967498779297,17.7931809425354,,,64.08268737792969,64.08268737792969,,,84.5675277709961,34.567535400390625,
reinforce,,,50.0,0,467,201.9689828909393,104,0.016477346420288086,17.809767961502075,,,66.12574005126953,66.12574005126953,,,82.19223022460938,32.192237854003906,
reinforce,,,50.0,0,468,210.08029944902245,107,0.016930818557739258,17.82681393623352,,,83.32455444335938,83.32455444335938,,,84.82869720458984,34.828697204589844,
reinforce,,,50.0,0,469,203.55397773460595,103,0.016591787338256836,17.84349799156189,,,80.21620178222656,80.21620178222656,,,83.5503921508789,33.55039596557617,
reinforce,,,50.0,0,470,202.1535805917395,102,0.01592087745666504,17.859532117843628,,,80.31707000732422,80.31707000732422,,,83.30742645263672,33.30741882324219,
reinforce,,,50.0,0,471,206.1982406838179,105,0.01694011688232422,17.876589059829712,,,52.22288513183594,52.22288513183594,,,83.79988861083984,33.79989242553711,
reinforce,,,50.0,0,472,204.8302411173211,104,0.016806364059448242,17.893518209457397,,,78.11194610595703,78.11194610595703,,,83.40591430664062,33.405906677246094,
reinforce,,,50.0,0,473,205.73670817814596,104,0.016300201416015625,17.909932136535645,,,74.45350646972656,74.45350646972656,,,84.22872924804688,34.22873306274414,
reinforce,,,50.0,0,474,209.93782439795797,107,0.01700568199157715,17.92702889442444,,,83.181396484375,83.181396484375,,,84.7036361694336,34.70363998413086,
reinforce,,,50.0,0,475,208.650864345101,106,0.016767024993896484,17.943894147872925,,,68.0482406616211,68.0482406616211,,,84.36439514160156,34.364402770996094,
reinforce,,,50.0,0,476,205.28467654856215,104,0.016466856002807617,17.96048402786255,,,80.55708312988281,80.55708312988281,,,83.66442108154297,33.66442108154297,
reinforce,,,50.0,0,477,211.8265122231392,108,0.01730513572692871,17.97788429260254,,,75.02738952636719,75.02738952636719,,,84.85260772705078,34.85260772705078,
reinforce,,,50.0,0,478,211.01352693680803,107,0.016664981842041016,17.994653940200806,,,61.35578918457031,61.35578918457031,,,85.2212905883789,35.221282958984375,
reinforce,,,50.0,0,479,209.41413545736114,107,0.017138242721557617,18.011888027191162,,,76.891357421875,76.891357421875,,,84.56011199951172,34.56010437011719,
reinforce,,,50.0,0,480,213.3871023792491,109,0.01746392250061035,18.02946400642395,211.65886991715644,1.3021629596829434,78.77667236328125,78.77667236328125,,,85.3641357421875,35.364131927490234,
reinforce,,,50.0,0,481,211.6612215388058,109,0.017307043075561523,18.091181993484497,,,77.56498718261719,77.56498718261719,,,84.67768859863281,34.67768859863281,
reinforce,,,50.0,0,482,212.93276742520868,110,0.017452001571655273,18.108756065368652,,,66.42638397216797,66.42638397216797,,,84.71484375,34.71484375,
reinforce,,,50.0,0,483,210.00463623772578,108,0.01691722869873047,18.125810146331787,,,79.5353012084961,79.5353012084961,,,84.00443267822266,34.00444030761719,
reinforce,,,50.0,0,484,208.71585046397854,108,0.01722097396850586,18.143120050430298,,,70.7104263305664,70.7104263305664,,,83.55435943603516,33.55437088012695,
reinforce,,,50.0,0,485,208.51878982429827,110,0.01783299446105957,18.161070108413696,,,70.44145202636719,70.44145202636719,,,82.79984283447266,32.799842834472656,
reinforce,,,50.0,0,486,211.89463015981994,111,0.017774105072021484,18.17895817756653,,,69.73623657226562,69.73623657226562,,,83.65286254882812,33.652862548828125,
reinforce,,,50.0,0,487,209.23261608670128,109,0.017179250717163086,18.196250200271606,,,79.92686462402344,79.92686462402344,,,83.55341339111328,33.55341339111328,
reinforce,,,50.0,0,488,207.59425112623637,109,0.017588376998901367,18.213937282562256,,,67.10999298095703,67.10999298095703,,,82.59312438964844,32.59312057495117,
reinforce,,,50.0,0,489,202.53871280168883,108,0.017171859741210938,18.23122811317444,,,60.750030517578125,60.750030517578125,,,80.59310913085938,30.59311294555664,
reinforce,,,50.0,0,490,205.79230213334742,108,0.017223834991455078,18.248568058013916,,,67.95156860351562,67.95156860351562,,,82.16324615478516,32.16324234008789,
reinforce,,,50.0,0,491,200.38491458471495,106,0.016604900360107422,18.265282154083252,,,66.57535552978516,66.57535552978516,,,80.36185455322266,30.361852645874023,
reinforce,,,50.0,0,492,201.61787936561757,107,0.017231225967407227,18.282605171203613,,,57.53242874145508,57.53242874145508,,,80.62043762207031,30.620445251464844,
reinforce,,,50.0,0,493,204.1030451341029,107,0.016710996627807617,18.29943299293518,,,72.64392852783203,72.64392852783203,,,81.6531982421875,31.653202056884766,
reinforce,,,50.0,0,494,202.2043009798266,106,0.016900062561035156,18.31644320487976,,,68.37715148925781,68.37715148925781,,,81.45431518554688,31.454309463500977,
reinforce,,,50.0,0,495,205.02422960238505,108,0.017261266708374023,18.33382821083069,,,68.15740203857422,68.15740203857422,,,81.885986328125,31.885986328125,
reinforce,,,50.0,0,496,205.81882642215862,107,0.016974925994873047,18.350933074951172,,,61.42736053466797,61.42736053466797,,,82.43406677246094,32.43407440185547,
reinforce,,,50.0,0,497,204.2693749587029,108,0.01695704460144043,18.36809206008911,,,74.99441528320312,74.99441528320312,,,81.22929382324219,31.22928810119629,
reinforce,,,50.0,0,498,205.3104476662098,107,0.01710200309753418,18.385303020477295,,,56.715755462646484,56.715755462646484,,,81.9591293334961,31.959123611450195,
reinforce,,,50.0,0,499,203.9890888053619,105,0.016632080078125,18.40204119682312,,,58.42109298706055,58.42109298706055,,,82.36743927001953,32.3674430847168,
reinforce,,,50.0,0,500,203.3644651597284,105,0.01656198501586914,18.418709993362427,200.99510573747304,0.694929929803942,74.66361236572266,74.66361236572266,,,82.08032989501953,32.080326080322266,
reinforce,,,50.0,0,501,201.43831372863136,103,0.016535043716430664,18.477715969085693,,,63.46335983276367,63.46335983276367,,,82.46409606933594,32.46409225463867,
reinforce,,,50.0,0,502,199.95734427941963,103,0.016100168228149414,18.493925094604492,,,65.42768859863281,65.42768859863281,,,81.47301483154297,31.47301483154297,
reinforce,,,50.0,0,503,194.34535706045054,99,0.015624761581420898,18.509641885757446,,,65.9786376953125,65.9786376953125,,,80.71794128417969,30.71794319152832,
reinforce,,,50.0,0,504,195.9481294083872,100,0.01593804359436035,18.525662899017334,,,52.158653259277344,52.158653259277344,,,80.93335723876953,30.933359146118164,
reinforce,,,50.0,0,505,187.98050976469816,96,0.015280008316040039,18.54105806350708,,,56.46892166137695,56.46892166137695,,,78.91072845458984,28.91072654724121,
reinforce,,,50.0,0,506,198.3486953905426,102,0.01619887351989746,18.55737805366516,,,64.2336196899414,64.2336196899414,,,81.15665435791016,31.156654357910156,
reinforce,,,50.0,0,507,196.2083131530201,101,0.016050100326538086,18.57352113723755,,,62.57796096801758,62.57796096801758,,,80.57415771484375,30.574155807495117,
reinforce,,,50.0,0,508,198.46340015147487,101,0.015997886657714844,18.589618921279907,,,66.78380584716797,66.78380584716797,,,81.79647064208984,31.796464920043945,
reinforce,,,50.0,0,509,198.29068526621884,101,0.015796184539794922,18.605510234832764,,,64.1952133178711,64.1952133178711,,,81.60542297363281,31.60542106628418,
reinforce,,,50.0,0,510,186.19947504491506,95,0.015213966369628906,18.62082815170288,,,61.18100357055664,61.18100357055664,,,78.34516906738281,28.345169067382812,
reinforce,,,50.0,0,511,191.2152612706783,100,0.01568913459777832,18.636619091033936,,,55.6488151550293,55.6488151550293,,,78.30069732666016,28.300697326660156,
reinforce,,,50.0,0,512,191.4658727145383,97,0.015292882919311523,18.65201997756958,,,57.65964889526367,57.65964889526367,,,80.18661499023438,30.186616897583008,
reinforce,,,50.0,0,513,195.96631544944924,100,0.015823841094970703,18.66793394088745,,,65.84967041015625,65.84967041015625,,,80.9259262084961,30.925918579101562,
reinforce,,,50.0,0,514,196.2252392181545,100,0.015837907791137695,18.683861017227173,,,55.38450241088867,55.38450241088867,,,81.20800018310547,31.2080020904541,
reinforce,,,50.0,0,515,197.26448794019552,101,0.016059160232543945,18.7000150680542,,,58.92041015625,58.92041015625,,,81.3029556274414,31.302959442138672,
reinforce,,,50.0,0,516,196.14873840361875,101,0.01558995246887207,18.71570110321045,,,57.474754333496094,57.474754333496094,,,80.36097717285156,30.36098289489746,
reinforce,,,50.0,0,517,198.25445206473475,101,0.016247034072875977,18.732028245925903,,,69.82703399658203,69.82703399658203,,,81.77062225341797,31.770618438720703,
reinforce,,,50.0,0,518,204.3347526908284,104,0.01660919189453125,18.74872398376465,,,71.25119018554688,71.25119018554688,,,83.10694885253906,33.10694885253906,
reinforce,,,50.0,0,519,201.82327606899028,104,0.01677107810974121,18.76560401916504,,,72.72916412353516,72.72916412353516,,,82.26571655273438,32.265724182128906,
reinforce,,,50.0,0,520,201.97624987922296,103,0.016408920288085938,18.78211212158203,205.31520144592923,0.9881477324187494,70.30211639404297,70.30211639404297,,,82.58692169189453,32.58692169189453,
reinforce,,,50.0,0,521,198.23132448423445,101,0.01609969139099121,18.840978860855103,,,70.85160827636719,70.85160827636719,,,81.67365264892578,31.673654556274414,
reinforce,,,50.0,0,522,206.8219783846909,106,0.0167388916015625,18.857825994491577,,,65.60147857666016,65.60147857666016,,,83.52094268798828,33.52094268798828,
reinforce,,,50.0,0,523,206.46375027296585,106,0.016910076141357422,18.87484908103943,,,84.23637390136719,84.23637390136719,,,83.60626220703125,33.606258392333984,
reinforce,,,50.0,0,524,208.88247560092267,107,0.017034053802490234,18.8919780254364,,,71.81077575683594,71.81077575683594,,,84.00350189208984,34.003501892089844,
reinforce,,,50.0,0,525,209.05501766099604,106,0.016831159591674805,18.90891408920288,,,73.0271987915039,73.0271987915039,,,84.72361755371094,34.72360610961914,
reinforce,,,50.0,0,526,212.92124261520306,110,0.017405986785888672,18.92643094062805,,,71.54765319824219,71.54765319824219,,,84.7431869506836,34.743186950683594,
reinforce,,,50.0,0,527,210.13012405113787,107,0.01726698875427246,18.943811178207397,,,65.27275085449219,65.27275085449219,,,84.80594635009766,34.80595016479492,
reinforce,,,50.0,0,528,205.23169181958124,104,0.016748905181884766,18.96066904067993,,,57.310733795166016,57.310733795166016,,,83.78412628173828,33.784114837646484,
reinforce,,,50.0,0,529,207.1482080332949,106,0.01731085777282715,18.978095054626465,,,67.9798355102539,67.9798355102539,,,83.76544189453125,33.76544952392578,
reinforce,,,50.0,0,530,205.91281253657328,104,0.017552852630615234,18.995753049850464,,,55.15650177001953,55.15650177001953,,,83.94692993164062,33.94692611694336,
reinforce,,,50.0,0,531,209.15300414150747,106,0.017946958541870117,19.013837099075317,,,66.94330596923828,66.94330596923828,,,84.58828735351562,34.588287353515625,
reinforce,,,50.0,0,532,211.1891148701989,108,0.017808914184570312,19.03181004524231,,,72.14600372314453,72.14600372314453,,,84.93851470947266,34.93851089477539,
reinforce,,,50.0,0,533,203.1353164413842,102,0.016654014587402344,19.048609972000122,,,67.47257995605469,67.47257995605469,,,83.58076477050781,33.58076095581055,
reinforce,,,50.0,0,534,198.99435432036606,100,0.016119003295898438,19.064855098724365,,,70.19144439697266,70.19144439697266,,,82.50269317626953,32.50270080566406,
reinforce,,,50.0,0,535,197.88727875785378,99,0.015528202056884766,19.080506086349487,,,73.095703125,73.095703125,,,82.36751556396484,32.36751937866211,
reinforce,,,50.0,0,536,220.9682954660936,110,0.017715930938720703,19.098335027694702,,,86.0319595336914,86.0319595336914,,,88.32030487060547,38.3203010559082,
reinforce,,,50.0,0,537,205.57500810713591,102,0.01639103889465332,19.11486005783081,,,71.05172729492188,71.05172729492188,,,84.59608459472656,34.59608459472656,
reinforce,,,50.0,0,538,189.32955332189306,94,0.01529693603515625,19.130280017852783,,,56.61394500732422,56.61394500732422,,,80.47053527832031,30.470531463623047,
reinforce,,,50.0,0,539,193.90158680793246,97,0.015753984451293945,19.146149158477783,,,74.85430908203125,74.85430908203125,,,80.97872924804688,30.978734970092773,
reinforce,,,50.0,0,540,192.68873853405455,96,0.01534724235534668,19.161607265472412,186.0148901940699,1.431571483688193,66.74285125732422,66.74285125732422,,,81.03173065185547,31.0317325592041,
reinforce,,,50.0,0,541,185.53537771164633,93,0.01517176628112793,19.215070009231567,,,59.946651458740234,59.946651458740234,,,78.9244613647461,28.924455642700195,
reinforce,,,50.0,0,542,180.2677976045927,90,0.014488935470581055,19.229669094085693,,,56.31349182128906,56.31349182128906,,,77.73060607910156,27.73060417175293,
reinforce,,,50.0,0,543,183.61880792848493,91,0.01459503173828125,19.244362115859985,,,63.20984649658203,63.20984649658203,,,78.84630584716797,28.846298217773438,
reinforce,,,50.0,0,544,172.48525076992982,86,0.013865947723388672,19.258339166641235,,,62.523231506347656,62.523231506347656,,,75.76326751708984,25.763269424438477,
reinforce,,,50.0,0,545,176.47009146843345,88,0.014123916625976562,19.27255392074585,,,55.43630599975586,55.43630599975586,,,76.89828491210938,26.898286819458008,
reinforce,,,50.0,0,546,167.29950418590656,84,0.013566017150878906,19.286216974258423,,,47.04541778564453,47.04541778564453,,,73.53128814697266,23.531278610229492,
reinforce,,,50.0,0,547,157.05509597850227,80,0.012824773788452148,19.299124002456665,,,44.81243896484375,44.81243896484375,,,70.13267517089844,20.132671356201172,
reinforce,,,50.0,0,548,170.50408479397257,86,0.013852834701538086,19.313063859939575,,,59.62726593017578,59.62726593017578,,,74.51406860351562,24.51407241821289,
reinforce,,,50.0,0,549,154.8420298375469,78,0.01252126693725586,19.325660228729248,,,35.721214294433594,35.721214294433594,,,69.99785614013672,19.997846603393555,
reinforce,,,50.0,0,550,153.38537789466375,78,0.012418031692504883,19.33816695213318,,,41.22395706176758,41.22395706176758,,,68.97669219970703,18.976696014404297,
reinforce,,,50.0,0,551,163.08619559293524,82,0.012953996658325195,19.351226091384888,,,38.82241439819336,38.82241439819336,,,72.30271911621094,22.302722930908203,
reinforce,,,50.0,0,552,153.0426553215015,79,0.012323856353759766,19.363647937774658,,,35.20683288574219,35.20683288574219,,,68.18257904052734,18.182575225830078,
reinforce,,,50.0,0,553,144.5950992124231,75,0.011985063552856445,19.3757381439209,,,31.930429458618164,31.930429458618164,,,65.70425415039062,15.704262733459473,
reinforce,,,50.0,0,554,161.74957622447562,84,0.013482093811035156,19.38933300971985,,,45.007049560546875,45.007049560546875,,,70.80906677246094,20.809066772460938,
reinforce,,,50.0,0,555,157.08857908848307,80,0.013014078140258789,19.40243411064148,,,49.681095123291016,49.681095123291016,,,70.24777221679688,20.24777603149414,
reinforce,,,50.0,0,556,180.21662484581677,92,0.014369010925292969,19.416896104812622,,,55.32734298706055,55.32734298706055,,,76.4110336303711,26.41103744506836,
reinforce,,,50.0,0,557,166.7335597956432,86,0.013777971267700195,19.43076515197754,,,47.8147087097168,47.8147087097168,,,72.2374038696289,22.237407684326172,
reinforce,,,50.0,0,558,164.8829213297442,86,0.013645172119140625,19.444496154785156,,,45.32038116455078,45.32038116455078,,,70.9021987915039,20.902198791503906,
reinforce,,,50.0,0,559,181.52758603064697,95,0.015083074569702148,19.459676265716553,,,55.97647476196289,55.97647476196289,,,75.15162658691406,25.151628494262695,
reinforce,,,50.0,0,560,178.5895574949438,94,0.014913797378540039,19.47467589378357,172.22940935214388,1.1514635485086704,51.72538757324219,51.72538757324219,,,74.15959930419922,24.15960121154785,
reinforce,,,50.0,0,561,167.49157643402154,89,0.014338970184326172,19.52646017074585,,,44.954803466796875,44.954803466796875,,,71.03413391113281,21.034133911132812,
reinforce,,,50.0,0,562,170.06072907797693,95,0.015327930450439453,19.541892051696777,,,35.30051040649414,35.30051040649414,,,69.03257751464844,19.032581329345703,
reinforce,,,50.0,0,563,176.46883050128002,92,0.014815092086791992,19.556812047958374,,,55.481719970703125,55.481719970703125,,,73.97822570800781,23.97823143005371,
reinforce,,,50.0,0,564,176.87811648521128,92,0.01474618911743164,19.57167410850525,,,45.0025520324707,45.0025520324707,,,74.46376037597656,24.463760375976562,
reinforce,,,50.0,0,565,171.37786569111324,92,0.01470804214477539,19.586472034454346,,,41.517879486083984,41.517879486083984,,,71.31109619140625,21.311094284057617,
reinforce,,,50.0,0,566,180.01480425831505,96,0.015352964401245117,19.60191512107849,,,51.1095085144043,51.1095085144043,,,73.69036865234375,23.69036865234375,
reinforce,,,50.0,0,567,178.90545299276647,94,0.0149078369140625,19.61691904067993,,,50.51335906982422,50.51335906982422,,,74.3482666015625,24.3482666015625,
reinforce,,,50.0,0,568,168.7258891482847,90,0.014339685440063477,19.631349086761475,,,43.79127502441406,43.79127502441406,,,70.89002990722656,20.89003562927246,
reinforce,,,50.0,0,569,171.2886125122164,90,0.01425313949584961,19.645698070526123,,,44.36455535888672,44.36455535888672,,,72.0182876586914,22.01828384399414,
reinforce,,,50.0,0,570,160.4999877887645,84,0.013293027877807617,19.65906810760498,,,38.56648254394531,38.56648254394531,,,69.35767364501953,19.35767364501953,
reinforce,,,50.0,0,571,156.4792816035062,82,0.013177871704101562,19.67233896255493,,,39.72968292236328,39.72968292236328,,,68.25664520263672,18.256635665893555,
reinforce,,,50.0,0,572,156.2962464297951,81,0.013068199157714844,19.685489177703857,,,39.35781478881836,39.35781478881836,,,68.50006866455078,18.500078201293945,
reinforce,,,50.0,0,573,161.72243107650561,86,0.013813018798828125,19.69939398765564,,,42.7001953125,42.7001953125,,,68.84649658203125,18.846500396728516,
reinforce,,,50.0,0,574,145.69536662988958,76,0.012086153030395508,19.7115740776062,,,34.945316314697266,34.945316314697266,,,65.26493072509766,15.264927864074707,
reinforce,,,50.0,0,575,153.0599482994616,81,0.012749195098876953,19.724398136138916,,,32.99580001831055,32.99580001831055,,,66.74409484863281,16.744094848632812,
reinforce,,,50.0,0,576,141.64592261362304,76,0.012073040008544922,19.73655915260315,,,33.28596496582031,33.28596496582031,,,62.77470779418945,12.774714469909668,
reinforce,,,50.0,0,577,135.4136183010714,71,0.011431217193603516,19.748082160949707,,,30.465225219726562,30.465225219726562,,,61.84038162231445,11.840383529663086,
reinforce,,,50.0,0,578,146.1981445948483,76,0.011919975280761719,19.760107040405273,,,29.53375244140625,29.53375244140625,,,65.54420471191406,15.544200897216797,
reinforce,,,50.0,0,579,140.12852053399166,73,0.01182413101196289,19.77201509475708,,,26.694774627685547,26.694774627685547,,,63.68657684326172,13.686574935913086,
reinforce,,,50.0,0,580,142.14112438894665,74,0.011860847473144531,19.783957958221436,139.07167484010975,2.819725489668197,24.264232635498047,24.264232635498047,,,63.891456604003906,13.891461372375488,
reinforce,,,50.0,0,581,134.35559134792567,71,0.011510133743286133,19.82586121559143,,,21.34889030456543,21.34889030456543,,,61.14006042480469,11.140056610107422,
reinforce,,,50.0,0,582,138.81194034460796,72,0.011687755584716797,19.837631940841675,,,29.81870460510254,29.81870460510254,,,63.13606643676758,13.136067390441895,
reinforce,,,50.0,0,583,132.29721234808338,70,0.011102914810180664,19.848840951919556,,,19.6710262298584,19.6710262298584,,,60.03190612792969,10.031901359558105,
reinforce,,,50.0,0,584,128.10585895501606,68,0.011108875274658203,19.860032081604004,,,22.159032821655273,22.159032821655273,,,58.515380859375,8.515384674072266,
reinforce,,,50.0,0,585,130.0716150280031,69,0.011008024215698242,19.8711359500885,,,21.487415313720703,21.487415313720703,,,59.32463836669922,9.324640274047852,
reinforce,,,50.0,0,586,131.46116794187324,70,0.0113983154296875,19.882628202438354,,,25.501262664794922,25.501262664794922,,,59.44024658203125,9.4402494430542,
reinforce,,,50.0,0,587,138.86811390028248,73,0.011878013610839844,19.894612073898315,,,22.4383487701416,22.4383487701416,,,62.17974853515625,12.179746627807617,
reinforce,,,50.0,0,588,127.16813835114009,68,0.010751008987426758,19.90546417236328,,,15.34406566619873,15.34406566619873,,,57.77305603027344,7.773059844970703,
reinforce,,,50.0,0,589,99.06884492702466,56,0.009250879287719727,19.914788007736206,,,-7.793382167816162,-7.793382167816162,,,46.21236038208008,-3.787642240524292,
reinforce,,,50.0,0,590,138.5639673569949,73,0.011716842651367188,19.92661190032959,,,26.32211685180664,26.32211685180664,,,61.909446716308594,11.90944766998291,
reinforce,,,50.0,0,591,98.8226320561668,56,0.00908803939819336,19.93579411506653,,,-6.718928813934326,-6.718928813934326,,,46.03074264526367,-3.9692556858062744,
reinforce,,,50.0,0,592,120.22979025855044,65,0.010284185409545898,19.9461932182312,,,8.223044395446777,8.223044395446777,,,54.808998107910156,4.808995723724365,
reinforce,,,50.0,0,593,106.7634378138375,59,0.009557962417602539,19.955836057662964,,,-2.282057523727417,-2.282057523727417,,,49.308841705322266,-0.6911604404449463,
reinforce,,,50.0,0,594,90.33820004203274,52,0.008260011672973633,19.964208126068115,,,-19.641061782836914,-19.641061782836914,,,42.29081344604492,-7.709187030792236,
reinforce,,,50.0,0,595,106.4586649027063,59,0.009518146514892578,19.973806142807007,,,-0.15011732280254364,-0.15011732280254364,,,49.35877990722656,-0.6412186622619629,
reinforce,,,50.0,0,596,89.01447153793087,52,0.008449077606201172,19.982341051101685,,,-17.649702072143555,-17.649702072143555,,,41.514339447021484,-8.485665321350098,
reinforce,,,50.0,0,597,99.67921765095335,56,0.008983850479125977,19.991417169570923,,,-0.9662265181541443,-0.9662265181541443,,,46.29330825805664,-3.706691265106201,
reinforce,,,50.0,0,598,108.58682205055572,60,0.009616851806640625,20.001128911972046,,,-8.660268783569336,-8.660268783569336,,,50.145023345947266,0.14502395689487457,
reinforce,,,50.0,0,599,86.8626082252156,51,0.008224964141845703,20.00943422317505,,,-20.08938217163086,-20.08938217163086,,,40.535770416259766,-9.464227676391602,
reinforce,,,50.0,0,600,78.75241067023845,47,0.007752180099487305,20.017275094985962,89.51195367606944,4.245089875550899,-28.42522621154785,-28.42522621154785,,,36.980064392089844,-13.019936561584473,
reinforce,,,50.0,0,601,101.05967760131351,57,0.009221792221069336,20.048546075820923,,,-9.047595024108887,-9.047595024108887,,,46.86273193359375,-3.1372666358947754,
reinforce,,,50.0,0,602,91.65271038046988,53,0.008529901504516602,20.057180881500244,,,-17.397686004638672,-17.397686004638672,,,42.585689544677734,-7.414313316345215,
reinforce,,,50.0,0,603,107.69423406629457,60,0.009371757507324219,20.066633939743042,,,4.713141918182373,4.713141918182373,,,49.45924377441406,-0.5407620668411255,
reinforce,,,50.0,0,604,123.11766489985447,66,0.010502815246582031,20.077236890792847,,,7.811744689941406,7.811744689941406,,,56.30430603027344,6.304307460784912,
reinforce,,,50.0,0,605,110.10549046696337,61,0.009572029113769531,20.086896181106567,,,-2.183657646179199,-2.183657646179199,,,50.68827819824219,0.6882747411727905,
reinforce,,,50.0,0,606,121.21659357553892,65,0.01039886474609375,20.0973858833313,,,4.309442043304443,4.309442043304443,,,55.8321533203125,5.832150459289551,
reinforce,,,50.0,0,607,132.5412235642544,70,0.011245012283325195,20.108716011047363,,,16.58344078063965,16.58344078063965,,,60.194236755371094,10.194241523742676,
reinforce,,,50.0,0,608,147.64410074662234,76,0.012229204177856445,20.121074199676514,,,38.23976516723633,38.23976516723633,,,66.17888641357422,16.178884506225586,
reinforce,,,50.0,0,609,138.92601507463357,73,0.011768817901611328,20.13292694091797,,,22.996326446533203,22.996326446533203,,,62.63274383544922,12.632743835449219,
reinforce,,,50.0,0,610,129.08298417297024,69,0.01116800308227539,20.144209146499634,,,16.583576202392578,16.583576202392578,,,58.70198440551758,8.701987266540527,
reinforce,,,50.0,0,611,132.07662812921544,70,0.011046886444091797,20.155352115631104,,,24.34310531616211,24.34310531616211,,,60.36207962036133,10.362079620361328,
reinforce,,,50.0,0,612,133.48803450536928,70,0.011211633682250977,20.16665291786194,,,22.912708282470703,22.912708282470703,,,61.15839767456055,11.15839958190918,
reinforce,,,50.0,0,613,127.59394350432402,68,0.010769128799438477,20.17751908302307,,,21.076248168945312,21.076248168945312,,,58.647945404052734,8.647944450378418,
reinforce,,,50.0,0,614,145.47031703396993,75,0.012051820755004883,20.1896870136261,,,39.24092483520508,39.24092483520508,,,65.86128997802734,15.861289024353027,
reinforce,,,50.0,0,615,126.7019188462856,67,0.010438919067382812,20.20021104812622,,,15.813484191894531,15.813484191894531,,,58.332664489746094,8.332667350769043,
reinforce,,,50.0,0,616,145.14247449423559,76,0.012198925018310547,20.212504148483276,,,28.736587524414062,28.736587524414062,,,64.97025299072266,14.970248222351074,
reinforce,,,50.0,0,617,144.3516931270938,75,0.011839151382446289,20.2244291305542,,,34.20083236694336,34.20083236694336,,,65.19381713867188,15.193819999694824,
reinforce,,,50.0,0,618,141.89914593392174,74,0.012066125869750977,20.236577033996582,,,27.91187858581543,27.91187858581543,,,64.50276184082031,14.502753257751465,
reinforce,,,50.0,0,619,147.04834882452798,76,0.01213216781616211,20.24881410598755,,,34.83296585083008,34.83296585083008,,,66.36551666259766,16.365514755249023,
reinforce,,,50.0,0,620,145.2346155252563,76,0.011886119842529297,20.260784149169922,142.42345433272652,1.2628093702549865,27.885366439819336,27.885366439819336,,,65.06068420410156,15.060683250427246,
reinforce,,,50.0,0,621,133.70146918631428,71,0.01130223274230957,20.30256414413452,,,20.133325576782227,20.133325576782227,,,60.86295700073242,10.862957000732422,
reinforce,,,50.0,0,622,155.19400879844665,81,0.012798070907592773,20.31545400619507,,,40.06605529785156,40.06605529785156,,,68.70402526855469,18.704021453857422,
reinforce,,,50.0,0,623,146.41111385406117,76,0.01193094253540039,20.327476978302002,,,25.69328498840332,25.69328498840332,,,65.99681854248047,15.996818542480469,
reinforce,,,50.0,0,624,148.24180297166987,79,0.012640953063964844,20.340211868286133,,,32.78801345825195,32.78801345825195,,,65.43933868408203,15.439340591430664,
reinforce,,,50.0,0,625,148.3085738109649,77,0.012238025665283203,20.352537155151367,,,35.17417526245117,35.17417526245117,,,66.68635559082031,16.686357498168945,
reinforce,,,50.0,0,626,132.2372623406294,75,0.011797904968261719,20.364428997039795,,,16.192787170410156,16.192787170410156,,,57.195091247558594,7.195095062255859,
reinforce,,,50.0,0,627,150.65754219654045,79,0.012820959091186523,20.377328157424927,,,34.820255279541016,34.820255279541016,,,66.45709228515625,16.457090377807617,
reinforce,,,50.0,0,628,151.00404712616802,82,0.012984752655029297,20.3903968334198,,,30.637144088745117,30.637144088745117,,,65.23350524902344,15.23351001739502,
reinforce,,,50.0,0,629,156.3701767860644,83,0.013102054595947266,20.40357494354248,,,30.615690231323242,30.615690231323242,,,67.85557556152344,17.855571746826172,
reinforce,,,50.0,0,630,170.8474467062343,93,0.014662981033325195,20.41832709312439,,,51.34702682495117,51.34702682495117,,,70.85845184326172,20.85845375061035,
reinforce,,,50.0,0,631,160.7113720898796,83,0.013209819793701172,20.43161392211914,,,43.8857307434082,43.8857307434082,,,70.74171447753906,20.741708755493164,
reinforce,,,50.0,0,632,177.90643502281122,98,0.015424966812133789,20.44712805747986,,,40.25775146484375,40.25775146484375,,,71.88727569580078,21.88728141784668,
reinforce,,,50.0,0,633,168.26813605975315,92,0.014515161514282227,20.4617440700531,,,47.96873474121094,47.96873474121094,,,69.84795379638672,19.847949981689453,
reinforce,,,50.0,0,634,191.07352913364687,113,0.0177459716796875,20.479603052139282,,,43.785369873046875,43.785369873046875,,,71.78718566894531,21.78718376159668,
reinforce,,,50.0,0,635,198.78634390935343,119,0.018782854080200195,20.498480081558228,,,46.347164154052734,46.347164154052734,,,73.05612182617188,23.056123733520508,
reinforce,,,50.0,0,636,198.22265766388696,117,0.018338918685913086,20.516932010650635,,,47.48843002319336,47.48843002319336,,,73.49751281738281,23.497516632080078,
reinforce,,,50.0,0,637,190.99698966243918,111,0.017419099807739258,20.534462928771973,,,46.008506774902344,46.008506774902344,,,72.42926025390625,22.429262161254883,
reinforce,,,50.0,0,638,182.54922625054442,107,0.016698837280273438,20.55126190185547,,,47.68117141723633,47.68117141723633,,,69.6807632446289,19.680761337280273,
reinforce,,,50.0,0,639,189.57865318474768,111,0.01750779151916504,20.568862915039062,,,41.8775749206543,41.8775749206543,,,71.48797607421875,21.48796844482422,
reinforce,,,50.0,0,640,218.16666089137078,132,0.020633935928344727,20.589590072631836,197.93692353379208,8.863894928581747,61.79627227783203,61.79627227783203,,,77.26026153564453,27.260257720947266,
reinforce,,,50.0,0,641,205.19153001387605,121,0.01920795440673828,20.6554958820343,,,50.07440948486328,50.07440948486328,,,75.45047760009766,25.45047378540039,
reinforce,,,50.0,0,642,208.76499924249217,123,0.019012928009033203,20.674623012542725,,,52.980201721191406,52.980201721191406,,,76.03628540039062,26.036285400390625,
reinforce,,,50.0,0,643,188.06354769673086,109,0.01696300506591797,20.691683053970337,,,43.903831481933594,43.903831481933594,,,71.61165618896484,21.61166000366211,
reinforce,,,50.0,0,644,188.56732852432035,109,0.017288923263549805,20.70907998085022,,,47.51618194580078,47.51618194580078,,,71.91142272949219,21.911415100097656,
reinforce,,,50.0,0,645,185.02999334513524,107,0.016936063766479492,20.726119995117188,,,40.871395111083984,40.871395111083984,,,70.78018951416016,20.780183792114258,
reinforce,,,50.0,0,646,170.50053934154514,98,0.015317916870117188,20.741549015045166,,,33.175437927246094,33.175437927246094,,,67.28378295898438,17.283784866333008,
reinforce,,,50.0,0,647,203.2657676215564,120,0.018533945083618164,20.7601900100708,,,43.34417724609375,43.34417724609375,,,74.99739837646484,24.997400283813477,
reinforce,,,50.0,0,648,166.31851980741828,95,0.015075922012329102,20.775367975234985,,,29.879234313964844,29.879234313964844,,,66.24601745605469,16.246013641357422,
reinforce,,,50.0,0,649,181.27836824916727,104,0.016099929809570312,20.79156994819641,,,35.32713317871094,35.32713317871094,,,70.32746887207031,20.327472686767578,
reinforce,,,50.0,0,650,174.47908713151492,99,0.015468835830688477,20.807135105133057,,,44.82783508300781,44.82783508300781,,,68.71595764160156,18.715957641601562,
reinforce,,,50.0,0,651,184.22925256968767,106,0.016819000244140625,20.824042081832886,,,47.07569885253906,47.07569885253906,,,70.83924865722656,20.83924102783203,
reinforce,,,50.0,0,652,172.26482466675893,98,0.015310049057006836,20.839450120925903,,,31.935951232910156,31.935951232910156,,,67.71350860595703,17.713512420654297,
reinforce,,,50.0,0,653,191.12925630945134,110,0.01707291603088379,20.856630086898804,,,48.229469299316406,48.229469299316406,,,72.71627044677734,22.716272354125977,
reinforce,,,50.0,0,654,174.65290064135996,100,0.01584005355834961,20.872568130493164,,,36.551292419433594,36.551292419433594,,,68.40576171875,18.40576171875,
reinforce,,,50.0,0,655,181.9589310242763,104,0.016192197799682617,20.88887119293213,,,43.770572662353516,43.770572662353516,,,70.57330322265625,20.573301315307617,
reinforce,,,50.0,0,656,188.87349683768946,108,0.017024993896484375,20.905985116958618,,,44.12485122680664,44.12485122680664,,,72.10197448730469,22.101972579956055,
reinforce,,,50.0,0,657,169.54447720566822,96,0.014893054962158203,20.92097520828247,,,34.706180572509766,34.706180572509766,,,67.1577377319336,17.157737731933594,
reinforce,,,50.0,0,658,173.73075371722717,99,0.015388011932373047,20.93646216392517,,,34.77009582519531,34.77009582519531,,,68.42668914794922,18.42669105529785,
reinforce,,,50.0,0,659,172.7759545054508,98,0.015260934829711914,20.951823234558105,,,33.41160583496094,33.41160583496094,,,68.36138916015625,18.361391067504883,
reinforce,,,50.0,0,660,177.4116714456168,101,0.01596808433532715,20.967883110046387,175.55496140392998,7.2330917907247,43.02576446533203,43.02576446533203,,,69.21661376953125,19.216609954833984,
reinforce,,,50.0,0,661,173.4566102490333,98,0.01527714729309082,21.023537158966064,,,37.4221076965332,37.4221076965332,,,68.39840698242188,18.39840316772461,
reinforce,,,50.0,0,662,169.97580122126632,97,0.015575647354125977,21.03921890258789,,,36.68513870239258,36.68513870239258,,,66.87556457519531,16.875560760498047,
reinforce,,,50.0,0,663,171.99285799748145,98,0.01540994644165039,21.054749011993408,,,40.52432632446289,40.52432632446289,,,67.50041961669922,17.500415802001953,
reinforce,,,50.0,0,664,176.97838245100255,101,0.016060829162597656,21.070910930633545,,,37.34746170043945,37.34746170043945,,,69.14535522460938,19.14535140991211,
reinforce,,,50.0,0,665,170.45612514206098,97,0.015378236770629883,21.08638620376587,,,32.49684143066406,32.49684143066406,,,67.31766510009766,17.317665100097656,
reinforce,,,50.0,0,666,156.4672069065914,88,0.01405787467956543,21.100544929504395,,,23.547149658203125,23.547149658203125,,,63.823177337646484,13.823175430297852,
reinforce,,,50.0,0,667,177.9281350580249,101,0.016026973724365234,21.116689920425415,,,44.02101516723633,44.02101516723633,,,69.62410736083984,19.62411117553711,
reinforce,,,50.0,0,668,159.6743196189315,89,0.014165163040161133,21.13096022605896,,,28.140167236328125,28.140167236328125,,,64.89268493652344,14.892682075500488,
reinforce,,,50.0,0,669,176.87512941901474,101,0.0162050724029541,21.147266149520874,,,49.41349792480469,49.41349792480469,,,68.97382354736328,18.973825454711914,
reinforce,,,50.0,0,670,182.9261236328071,105,0.01647019386291504,21.163832187652588,,,41.882381439208984,41.882381439208984,,,70.60708618164062,20.607080459594727,
reinforce,,,50.0,0,671,170.65691205780251,96,0.015115022659301758,21.179052114486694,,,39.01130676269531,39.01130676269531,,,67.8528060913086,17.852800369262695,
reinforce,,,50.0,0,672,182.2938359301452,104,0.01651477813720703,21.195667028427124,,,40.538028717041016,40.538028717041016,,,70.70989227294922,20.709890365600586,
reinforce,,,50.0,0,673,175.8624164183821,100,0.015652179718017578,21.21141815185547,,,41.431880950927734,41.431880950927734,,,69.27949523925781,19.279497146606445,
reinforce,,,50.0,0,674,199.98588805613682,121,0.019052982330322266,21.230574131011963,,,42.19072723388672,42.19072723388672,,,73.18489074707031,23.184898376464844,
reinforce,,,50.0,0,675,190.1725158716336,111,0.017413854598999023,21.248085021972656,,,51.57203674316406,51.57203674316406,,,71.98555755615234,21.98556137084961,
reinforce,,,50.0,0,676,187.64766703481254,110,0.01736903190612793,21.26555609703064,,,50.03840637207031,50.03840637207031,,,71.35612487792969,21.356122970581055,
reinforce,,,50.0,0,677,195.18566410633275,118,0.018488645553588867,21.284138917922974,,,48.43524932861328,48.43524932861328,,,72.2893295288086,22.289335250854492,
reinforce,,,50.0,0,678,196.894134771284,122,0.018854141235351562,21.303099155426025,,,39.99067687988281,39.99067687988281,,,71.74430084228516,21.74430274963379,
reinforce,,,50.0,0,679,184.20560105025314,111,0.017436981201171875,21.320648908615112,,,43.27344512939453,43.27344512939453,,,69.61579895019531,19.61580467224121,
reinforce,,,50.0,0,680,198.17490500195314,122,0.019321918487548828,21.340065002441406,202.1960503702805,4.839231413081325,40.45070266723633,40.45070266723633,,,72.42491149902344,22.424911499023438,
reinforce,,,50.0,0,681,196.94678042034138,122,0.019419193267822266,21.41041612625122,,,44.10696029663086,44.10696029663086,,,71.78107452392578,21.781068801879883,
reinforce,,,50.0,0,682,193.32630307967614,121,0.019109725952148438,21.42963194847107,,,44.95945358276367,44.95945358276367,,,70.44746398925781,20.447467803955078,
reinforce,,,50.0,0,683,208.62314047412966,136,0.02152395248413086,21.451276063919067,,,47.316261291503906,47.316261291503906,,,72.24653625488281,22.246540069580078,
reinforce,,,50.0,0,684,232.26380306371374,161,0.02533578872680664,21.47671389579773,,,50.40495300292969,50.40495300292969,,,74.52120208740234,24.52120590209961,
reinforce,,,50.0,0,685,206.87284863804956,136,0.021440982818603516,21.49828815460205,,,41.676578521728516,41.676578521728516,,,71.6158218383789,21.615819931030273,
reinforce,,,50.0,0,686,249.51491206932937,174,0.027415037155151367,21.52582812309265,,,59.090816497802734,59.090816497802734,,,77.53944396972656,27.539453506469727,
reinforce,,,50.0,0,687,179.1166314604584,152,0.02389669418334961,21.549855947494507,,,9.79004955291748,9.79004955291748,,,54.22658157348633,4.226576805114746,
reinforce,,,50.0,0,688,257.9364122214408,187,0.029512882232666016,21.57948589324951,,,60.21406173706055,60.21406173706055,,,76.74748992919922,26.747499465942383,
reinforce,,,50.0,0,689,77.72605319950236,55,0.008709192276000977,21.588316202163696,,,-30.37962532043457,-30.37962532043457,,,34.97049331665039,-15.029502868652344,
reinforce,,,50.0,0,690,18.100026955019686,17,0.0028519630432128906,21.59124994277954,,,-94.00729370117188,-94.00729370117188,,,9.697822570800781,-40.302181243896484,
reinforce,,,50.0,0,691,256.6657946985358,181,0.028657913208007812,21.619977951049805,,,55.36463165283203,55.36463165283203,,,78.19068145751953,28.190685272216797,
reinforce,,,50.0,0,692,324.0139034202483,248,0.03868293762207031,21.658796072006226,,,71.29871368408203,71.29871368408203,,,82.95986938476562,32.959869384765625,
reinforce,,,50.0,0,693,242.96572048955215,166,0.02599310874938965,21.684916019439697,,,50.34197235107422,50.34197235107422,,,76.9045639038086,26.90456771850586,
reinforce,,,50.0,0,694,270.1002330081712,186,0.029162168502807617,21.71418023109436,,,59.21459197998047,59.21459197998047,,,81.83009338378906,31.830097198486328,
reinforce,,,50.0,0,695,267.7764157987212,183,0.028891324996948242,21.74319314956665,,,64.85247802734375,64.85247802734375,,,81.59129333496094,31.591289520263672,
reinforce,,,50.0,0,696,278.17934613326264,192,0.030334949493408203,21.77365803718567,,,67.73307037353516,67.73307037353516,,,82.7057876586914,32.70579147338867,
reinforce,,,50.0,0,697,236.4655241004739,151,0.023543834686279297,21.797333002090454,,,56.63447952270508,56.63447952270508,,,79.40771484375,29.4077091217041,
reinforce,,,50.0,0,698,250.99200316805758,163,0.025809049606323242,21.82325005531311,,,69.61215209960938,69.61215209960938,,,81.20911407470703,31.209121704101562,
reinforce,,,50.0,0,699,229.31672993437667,142,0.022351980209350586,21.845721006393433,,,61.85834503173828,61.85834503173828,,,79.74822998046875,29.748231887817383,
reinforce,,,50.0,0,700,267.29099341850247,178,0.028031349182128906,21.873884201049805,228.74067655086978,6.193038678737018,74.14656829833984,74.14656829833984,,,83.06401824951172,33.06401824951172,
reinforce,,,50.0,0,701,211.38906653642655,117,0.01859593391418457,21.948353052139282,,,66.92631530761719,66.92631530761719,,,81.44544982910156,31.44544219970703,
reinforce,,,50.0,0,702,235.73911249337038,145,0.02301502227783203,21.971492052078247,,,74.81034851074219,74.81034851074219,,,81.0725326538086,31.072534561157227,
reinforce,,,50.0,0,703,215.99444799802512,124,0.019346237182617188,21.990962266921997,,,67.87051391601562,67.87051391601562,,,79.97171783447266,29.971723556518555,
reinforce,,,50.0,0,704,205.65343154566443,111,0.01751399040222168,22.008589029312134,,,65.69283294677734,65.69283294677734,,,81.1402359008789,31.140241622924805,
reinforce,,,50.0,0,705,212.5407345994938,128,0.020308971405029297,22.029019117355347,,,55.557830810546875,55.557830810546875,,,76.29133605957031,26.291339874267578,
reinforce,,,50.0,0,706,202.57373856643397,110,0.017153024673461914,22.04628825187683,,,57.94919967651367,57.94919967651367,,,79.87179565429688,29.871793746948242,
reinforce,,,50.0,0,707,196.38629997659103,103,0.01630115509033203,22.06269907951355,,,56.930416107177734,56.930416107177734,,,80.25332641601562,30.253328323364258,
reinforce,,,50.0,0,708,199.57802529454955,121,0.018937110900878906,22.081745147705078,,,50.03043746948242,50.03043746948242,,,73.37120819091797,23.371206283569336,
reinforce,,,50.0,0,709,194.29245177190032,101,0.015717267990112305,22.09756326675415,,,73.60014343261719,73.60014343261719,,,80.15164947509766,30.151657104492188,
reinforce,,,50.0,0,710,204.73780417016812,117,0.018670082092285156,22.11631202697754,,,60.851158142089844,60.851158142089844,,,77.67180633544922,27.671802520751953,
reinforce,,,50.0,0,711,212.37943330284708,128,0.02034902572631836,22.1367769241333,,,47.243526458740234,47.243526458740234,,,76.77293395996094,26.772933959960938,
reinforce,,,50.0,0,712,217.06624827701458,133,0.022068023681640625,22.15894913673401,,,51.5019645690918,51.5019645690918,,,76.75709533691406,26.757089614868164,
reinforce,,,50.0,0,713,213.9506908521191,128,0.020695924758911133,22.179800987243652,,,57.390228271484375,57.390228271484375,,,77.35494995117188,27.354948043823242,
reinforce,,,50.0,0,714,203.2815740412219,117,0.018618106842041016,22.19854211807251,,,55.68855285644531,55.68855285644531,,,77.04268646240234,27.04268455505371,
reinforce,,,50.0,0,715,208.5973670107138,119,0.018883228302001953,22.21754813194275,,,59.07032775878906,59.07032775878906,,,78.69412994384766,28.694135665893555,
reinforce,,,50.0,0,716,229.4124269556715,142,0.04154396057128906,22.259204149246216,,,55.98965835571289,55.98965835571289,,,79.05513763427734,29.055137634277344,
reinforce,,,50.0,0,717,202.08227004786562,110,0.022509098052978516,22.281893253326416,,,50.954193115234375,50.954193115234375,,,79.45967864990234,29.459680557250977,
reinforce,,,50.0,0,718,206.75107662909082,113,0.01789116859436035,22.2999370098114,,,63.408817291259766,63.408817291259766,,,80.6158218383789,30.61581802368164,
reinforce,,,50.0,0,719,228.988541299396,139,0.021452903747558594,22.321513891220093,,,57.71613693237305,57.71613693237305,,,80.35191345214844,30.351913452148438,
reinforce,,,50.0,0,720,230.31992070498808,141,0.022290945053100586,22.34393286705017,220.95617627218553,6.990052764344261,59.79355239868164,59.79355239868164,,,79.99053192138672,29.99053192138672,
reinforce,,,50.0,0,721,246.73356582735704,157,0.02465987205505371,22.420180082321167,,,65.66216278076172,65.66216278076172,,,81.36471557617188,31.364715576171875,
reinforce,,,50.0,0,722,218.84286704039383,127,0.01987314224243164,22.44017720222473,,,64.1807632446289,64.1807632446289,,,80.50239562988281,30.502403259277344,
reinforce,,,50.0,0,723,228.95726956565989,139,0.021406888961791992,22.461701154708862,,,58.235626220703125,58.235626220703125,,,80.28946685791016,30.289466857910156,
reinforce,,,50.0,0,724,222.82010398915935,133,0.021496057510375977,22.48333215713501,,,62.71554183959961,62.71554183959961,,,80.38520812988281,30.38520622253418,
reinforce,,,50.0,0,725,219.34972620127922,129,0.020352840423583984,22.50381302833557,,,68.68060302734375,68.68060302734375,,,80.05147552490234,30.051475524902344,
reinforce,,,50.0,0,726,238.0552312584587,151,0.02369523048400879,22.52763319015503,,,71.12715148925781,71.12715148925781,,,80.24441528320312,30.244409561157227,
reinforce,,,50.0,0,727,255.3283940932283,168,0.0263822078704834,22.55412721633911,,,61.7745475769043,61.7745475769043,,,81.33448791503906,31.334489822387695,
reinforce,,,50.0,0,728,206.97318154062435,113,0.01762986183166504,22.571882009506226,,,71.92315673828125,71.92315673828125,,,80.95527648925781,30.955280303955078,
reinforce,,,50.0,0,729,242.5745400016125,157,0.02472400665283203,22.596707105636597,,,70.51347351074219,70.51347351074219,,,79.97978973388672,29.979787826538086,
reinforce,,,50.0,0,730,266.83049062141373,180,0.02804088592529297,22.62485408782959,,,65.90715789794922,65.90715789794922,,,82.55224609375,32.552249908447266,
reinforce,,,50.0,0,731,253.65156466721615,169,0.026484251022338867,22.651463270187378,,,56.162086486816406,56.162086486816406,,,80.58588409423828,30.585886001586914,
reinforce,,,50.0,0,732,232.8664183408575,151,0.02374410629272461,22.675307035446167,,,60.807289123535156,60.807289123535156,,,77.91053771972656,27.910547256469727,
reinforce,,,50.0,0,733,247.3378337249502,167,0.032881736755371094,22.70828104019165,,,61.258689880371094,61.258689880371094,,,78.95238494873047,28.952394485473633,
reinforce,,,50.0,0,734,219.09937405996135,140,0.045092105865478516,22.75353217124939,,,55.4388542175293,55.4388542175293,,,75.6058349609375,25.6058349609375,
reinforce,,,50.0,0,735,239.97073730442435,162,0.028178930282592773,22.782016038894653,,,51.903541564941406,51.903541564941406,,,77.28551483154297,27.285511016845703,
reinforce,,,50.0,0,736,291.9881057461714,212,0.03929424285888672,22.821478128433228,,,61.64517593383789,61.64517593383789,,,82.2873306274414,32.28732681274414,
reinforce,,,50.0,0,737,237.9485857353395,161,0.026905059814453125,22.84854006767273,,,55.014732360839844,55.014732360839844,,,76.89401245117188,26.89402198791504,
reinforce,,,50.0,0,738,234.88640902552433,163,0.0267641544342041,22.875473260879517,,,51.43009567260742,51.43009567260742,,,75.26371002197266,25.263713836669922,
reinforce,,,50.0,0,739,218.4214062884777,147,0.02406597137451172,22.899718046188354,,,45.9807243347168,45.9807243347168,,,73.3844985961914,23.38450050354004,
reinforce,,,50.0,0,740,79.32262148026125,57,0.009748220443725586,22.90969228744507,221.24583710060816,11.267911672853964,-30.643898010253906,-30.643898010253906,,,35.256370544433594,-14.743626594543457,
reinforce,,,50.0,0,741,205.0458249802924,136,0.0222928524017334,22.994719982147217,,,46.40493392944336,46.40493392944336,,,71.08253479003906,21.0825252532959,
reinforce,,,50.0,0,742,221.9312232250355,157,0.028530120849609375,23.02341914176941,,,41.82769012451172,41.82769012451172,,,71.45096588134766,21.450965881347656,
reinforce,,,50.0,0,743,175.53010812570196,111,0.02034902572631836,23.043960094451904,,,34.61243438720703,34.61243438720703,,,65.82157135009766,15.821574211120605,
reinforce,,,50.0,0,744,178.20577545476868,113,0.03920316696166992,23.08340311050415,,,34.80397033691406,34.80397033691406,,,66.19447326660156,16.194473266601562,
reinforce,,,50.0,0,745,76.83239804919849,54,0.016358137130737305,23.099932193756104,,,-35.83637619018555,-35.83637619018555,,,34.79573440551758,-15.204265594482422,
reinforce,,,50.0,0,746,82.90191968198054,58,0.009235858917236328,23.10931396484375,,,-33.36439514160156,-33.36439514160156,,,36.566062927246094,-13.43393611907959,
reinforce,,,50.0,0,747,185.52433737399778,121,0.019259929656982422,23.128690242767334,,,41.84912109375,41.84912109375,,,67.39175415039062,17.391754150390625,
reinforce,,,50.0,0,748,192.69143744864715,126,0.019433975219726562,23.148290157318115,,,40.987220764160156,40.987220764160156,,,68.76014709472656,18.760149002075195,
reinforce,,,50.0,0,749,220.74651655177075,154,0.024163007736206055,23.172571182250977,,,47.796146392822266,47.796146392822266,,,72.07927703857422,22.07928466796875,
reinforce,,,50.0,0,750,178.23631862998107,114,0.017776012420654297,23.190487146377563,,,27.608049392700195,27.608049392700195,,,66.07200622558594,16.07200050354004,
reinforce,,,50.0,0,751,184.04105913931417,119,0.019070863723754883,23.209679126739502,,,39.71747970581055,39.71747970581055,,,67.24009704589844,17.240102767944336,
reinforce,,,50.0,0,752,172.13325746953166,108,0.01728200912475586,23.227107048034668,,,32.27165603637695,32.27165603637695,,,65.1238784790039,15.123876571655273,
reinforce,,,50.0,0,753,193.0340524206659,129,0.020309925079345703,23.247547149658203,,,34.36043167114258,34.36043167114258,,,68.03609466552734,18.036094665527344,
reinforce,,,50.0,0,754,182.39082643889427,119,0.01864910125732422,23.26630711555481,,,32.98343276977539,32.98343276977539,,,66.68898010253906,16.688982009887695,
reinforce,,,50.0,0,755,172.24738607492588,112,0.017781972885131836,23.28420400619507,,,32.76187515258789,32.76187515258789,,,64.04393768310547,14.043938636779785,
reinforce,,,50.0,0,756,177.01667116089934,115,0.018208026885986328,23.302520036697388,,,30.15390968322754,30.15390968322754,,,65.5329818725586,15.532979965209961,
reinforce,,,50.0,0,757,80.2479862333999,56,0.008818864822387695,23.311455965042114,,,-25.53286361694336,-25.53286361694336,,,35.65329360961914,-14.346708297729492,
reinforce,,,50.0,0,758,104.42907640625572,72,0.011289119720458984,23.322829008102417,,,-15.484211921691895,-15.484211921691895,,,43.4875373840332,-6.5124616622924805,
reinforce,,,50.0,0,759,189.32596812060305,127,0.020291805267333984,23.343209981918335,,,43.7259635925293,43.7259635925293,,,67.00140380859375,17.00140380859375,
reinforce,,,50.0,0,760,94.42892726495707,65,0.010295629501342773,23.353628873825073,175.64482633108787,4.851232435332375,-24.1021785736084,-24.1021785736084,,,40.386260986328125,-9.613739013671875,
reinforce,,,50.0,0,761,192.07569795668377,128,0.020411014556884766,23.420809030532837,,,33.04434585571289,33.04434585571289,,,67.81996154785156,17.819965362548828,
reinforce,,,50.0,0,762,173.86086610067377,113,0.017736196517944336,23.438672065734863,,,31.678272247314453,31.678272247314453,,,64.44025421142578,14.440253257751465,
reinforce,,,50.0,0,763,179.69120777928046,119,0.018831968307495117,23.45761799812317,,,30.109161376953125,30.109161376953125,,,65.2049560546875,15.204955101013184,
reinforce,,,50.0,0,764,163.87428405325474,101,0.015735149383544922,23.47346520423889,,,26.16975975036621,26.16975975036621,,,63.81697082519531,13.816967010498047,
reinforce,,,50.0,0,765,175.20626199626616,114,0.017961978912353516,23.4915189743042,,,38.60529708862305,38.60529708862305,,,64.98028564453125,14.980283737182617,
reinforce,,,50.0,0,766,174.88649381320258,112,0.01751875877380371,23.509151935577393,,,28.5595645904541,28.5595645904541,,,65.01346588134766,15.013467788696289,
reinforce,,,50.0,0,767,180.2978165265361,116,0.018236160278320312,23.527494192123413,,,34.815895080566406,34.815895080566406,,,66.2900161743164,16.290016174316406,
reinforce,,,50.0,0,768,182.48092286629569,120,0.01828908920288086,23.54589605331421,,,28.666627883911133,28.666627883911133,,,66.29688262939453,16.296876907348633,
reinforce,,,50.0,0,769,170.95004407541273,108,0.016644954681396484,23.562663078308105,,,30.43657684326172,30.43657684326172,,,64.61531829833984,14.615313529968262,
reinforce,,,50.0,0,770,166.7671943638799,103,0.016485929489135742,23.57925510406494,,,25.47651481628418,25.47651481628418,,,64.01517486572266,14.015172004699707,
reinforce,,,50.0,0,771,157.5645844780871,96,0.014807939529418945,23.594177961349487,,,28.396196365356445,28.396196365356445,,,62.08784866333008,12.087845802307129,
reinforce,,,50.0,0,772,174.34586897852435,112,0.01748490333557129,23.61177396774292,,,33.313880920410156,33.313880920410156,,,64.90581512451172,14.90581226348877,
reinforce,,,50.0,0,773,167.6130998860758,106,0.016510963439941406,23.62840700149536,,,24.351686477661133,24.351686477661133,,,63.57028579711914,13.570283889770508,
reinforce,,,50.0,0,774,166.7959776738301,105,0.016396045684814453,23.64492702484131,,,28.732587814331055,28.732587814331055,,,63.3060417175293,13.306041717529297,
reinforce,,,50.0,0,775,173.59791601503633,108,0.016829967498779297,23.66184902191162,,,37.14799880981445,37.14799880981445,,,65.92561340332031,15.925614356994629,
reinforce,,,50.0,0,776,183.3324926049669,118,0.01850295066833496,23.680455923080444,,,26.481767654418945,26.481767654418945,,,66.97080993652344,16.97081184387207,
reinforce,,,50.0,0,777,172.78947274570388,106,0.016664981842041016,23.697221040725708,,,32.093116760253906,32.093116760253906,,,65.9444351196289,15.944430351257324,
reinforce,,,50.0,0,778,185.71250480469342,119,0.018115997314453125,23.715450048446655,,,37.326663970947266,37.326663970947266,,,67.74260711669922,17.742605209350586,
reinforce,,,50.0,0,779,185.3616136041897,116,0.01845717430114746,23.734010219573975,,,35.46794891357422,35.46794891357422,,,68.45110321044922,18.451107025146484,
reinforce,,,50.0,0,780,167.2747441206206,99,0.015149831771850586,23.749268054962158,175.21663084353014,4.359066129508354,44.383399963378906,44.383399963378906,,,65.56672668457031,15.566727638244629,
reinforce,,,50.0,0,781,181.170008855885,112,0.017796039581298828,23.810543060302734,,,37.79080581665039,37.79080581665039,,,67.91068267822266,17.910680770874023,
reinforce,,,50.0,0,782,177.34595179362844,110,0.01697516441345215,23.82763123512268,,,31.971921920776367,31.971921920776367,,,66.5346908569336,16.534692764282227,
reinforce,,,50.0,0,783,179.58744548498606,111,0.017467021942138672,23.84519124031067,,,35.216705322265625,35.216705322265625,,,67.3420639038086,17.34206771850586,
reinforce,,,50.0,0,784,176.59810126298703,108,0.017050981521606445,23.862344980239868,,,29.391359329223633,29.391359329223633,,,66.88494873046875,16.884950637817383,
reinforce,,,50.0,0,785,177.54674696231712,107,0.01675868034362793,23.879207849502563,,,31.771575927734375,31.771575927734375,,,67.61504364013672,17.615047454833984,
reinforce,,,50.0,0,786,179.24878454385228,108,0.01686406135559082,23.896188974380493,,,40.81608200073242,40.81608200073242,,,68.18084716796875,18.18084716796875,
reinforce,,,50.0,0,787,180.94114034918906,112,0.017530202865600586,23.91381812095642,,,41.05437088012695,41.05437088012695,,,67.46703338623047,17.4670352935791,
reinforce,,,50.0,0,788,174.90284338985322,107,0.016630172729492188,23.930546283721924,,,34.74079513549805,34.74079513549805,,,66.2912368774414,16.29123306274414,
reinforce,,,50.0,0,789,182.80129195248756,112,0.017580747604370117,23.948242902755737,,,36.50516891479492,36.50516891479492,,,68.29048156738281,18.290483474731445,
reinforce,,,50.0,0,790,170.11422445401675,104,0.016141176223754883,23.964482069015503,,,27.309560775756836,27.309560775756836,,,65.30884552001953,15.308844566345215,
reinforce,,,50.0,0,791,182.10462014289007,111,0.017657995223999023,23.982248067855835,,,41.47713851928711,41.47713851928711,,,68.36941528320312,18.369413375854492,
reinforce,,,50.0,0,792,170.65546804088288,103,0.016893863677978516,23.999253034591675,,,29.554683685302734,29.554683685302734,,,65.66207885742188,15.662078857421875,
reinforce,,,50.0,0,793,175.9362765308796,105,0.016736984252929688,24.016128063201904,,,32.896141052246094,32.896141052246094,,,67.36591339111328,17.36591148376465,
reinforce,,,50.0,0,794,173.59827352172286,104,0.016772031784057617,24.033048152923584,,,27.737342834472656,27.737342834472656,,,66.77978515625,16.77978515625,
reinforce,,,50.0,0,795,177.17150789796932,106,0.016512632369995117,24.04970383644104,,,45.67837905883789,45.67837905883789,,,67.95310974121094,17.953105926513672,
reinforce,,,50.0,0,796,175.96104289516705,106,0.016934871673583984,24.066755056381226,,,28.002456665039062,28.002456665039062,,,67.2022476196289,17.202251434326172,
reinforce,,,50.0,0,797,181.657738727623,110,0.01752018928527832,24.084391117095947,,,36.995853424072266,36.995853424072266,,,68.56206512451172,18.562063217163086,
reinforce,,,50.0,0,798,186.6931285720034,114,0.01776885986328125,24.102272033691406,,,34.3029899597168,34.3029899597168,,,69.5391616821289,19.539165496826172,
reinforce,,,50.0,0,799,176.1445906808097,107,0.017071008682250977,24.119446992874146,,,33.42820358276367,33.42820358276367,,,67.0264663696289,17.026470184326172,
reinforce,,,50.0,0,800,184.70326653859172,112,0.017792940139770508,24.137342929840088,175.97615699307423,5.602551780599698,41.409725189208984,41.409725189208984,,,69.24864196777344,19.248638153076172,
reinforce,,,50.0,0,801,179.4140940869518,110,0.017277956008911133,24.198441982269287,,,29.711153030395508,29.711153030395508,,,67.7489242553711,17.748924255371094,
reinforce,,,50.0,0,802,173.9469642429331,109,0.01712512969970703,24.215684175491333,,,31.40058135986328,31.40058135986328,,,65.47638702392578,15.476387023925781,
reinforce,,,50.0,0,803,176.4771735600776,113,0.01780414581298828,24.233591079711914,,,26.694625854492188,26.694625854492188,,,65.28079986572266,15.280802726745605,
reinforce,,,50.0,0,804,195.59287777991014,131,0.020721912384033203,24.25442409515381,,,39.08957290649414,39.08957290649414,,,68.2959213256836,18.29591941833496,
reinforce,,,50.0,0,805,169.39776319479557,107,0.016795873641967773,24.27131700515747,,,21.909107208251953,21.909107208251953,,,63.95635986328125,13.956360816955566,
reinforce,,,50.0,0,806,167.2937105964552,106,0.016997814178466797,24.288414001464844,,,26.44440269470215,26.44440269470215,,,63.327728271484375,13.327730178833008,
reinforce,,,50.0,0,807,169.66033915365176,109,0.017063140869140625,24.305593013763428,,,25.758996963500977,25.758996963500977,,,63.4157600402832,13.415760040283203,
reinforce,,,50.0,0,808,179.5524542663731,117,0.0182797908782959,24.323977947235107,,,35.776100158691406,35.776100158691406,,,65.5896987915039,15.589698791503906,
reinforce,,,50.0,0,809,168.317117619654,108,0.01668572425842285,24.34076690673828,,,31.81624984741211,31.81624984741211,,,63.183837890625,13.183838844299316,
reinforce,,,50.0,0,810,166.33469806427664,107,0.016811847686767578,24.357666969299316,,,25.73420524597168,25.73420524597168,,,62.482139587402344,12.482136726379395,
reinforce,,,50.0,0,811,160.47549626480952,101,0.016008853912353516,24.373790979385376,,,21.305742263793945,21.305742263793945,,,61.84946060180664,11.849456787109375,
reinforce,,,50.0,0,812,158.6173240344064,99,0.015810012817382812,24.389732122421265,,,17.729106903076172,17.729106903076172,,,61.62632751464844,11.626327514648438,
reinforce,,,50.0,0,813,178.04174096431123,118,0.018605709075927734,24.408434867858887,,,31.70245933532715,31.70245933532715,,,64.49822998046875,14.498226165771484,
reinforce,,,50.0,0,814,174.2022515552908,114,0.01774907112121582,24.42628002166748,,,32.43968963623047,32.43968963623047,,,64.0079574584961,14.00795841217041,
reinforce,,,50.0,0,815,124.3710457990983,86,0.013965129852294922,24.440343141555786,,,-2.469780206680298,-2.469780206680298,,,48.77789306640625,-1.2221077680587769,
reinforce,,,50.0,0,816,170.349021196992,113,0.0175931453704834,24.458020210266113,,,26.67540168762207,26.67540168762207,,,62.541744232177734,12.541742324829102,
reinforce,,,50.0,0,817,173.01316445233968,115,0.018151283264160156,24.47628426551819,,,26.6270694732666,26.6270694732666,,,62.92999267578125,12.929988861083984,
reinforce,,,50.0,0,818,176.68673725157015,118,0.018353939056396484,24.494734048843384,,,33.320884704589844,33.320884704589844,,,63.75341796875,13.753421783447266,
reinforce,,,50.0,0,819,77.47553171096328,55,0.008596181869506836,24.5034282207489,,,-34.536033630371094,-34.536033630371094,,,34.324851989746094,-15.675146102905273,
reinforce,,,50.0,0,820,171.72444733503454,111,0.01767587661743164,24.521225929260254,183.35631814553784,5.491021835286741,26.280248641967773,26.280248641967773,,,63.678165435791016,13.678168296813965,
reinforce,,,50.0,0,821,200.03394890246213,140,0.021613121032714844,24.592597007751465,,,39.87907409667969,39.87907409667969,,,67.50961303710938,17.509614944458008,
reinforce,,,50.0,0,822,198.2740307243846,136,0.02138495445251465,24.61409091949463,,,28.49298858642578,28.49298858642578,,,67.52006530761719,17.520061492919922,
reinforce,,,50.0,0,823,179.079684418616,119,0.01868295669555664,24.632883071899414,,,31.104991912841797,31.104991912841797,,,64.56012725830078,14.560125350952148,
reinforce,,,50.0,0,824,190.2221685938316,125,0.019824981689453125,24.65282106399536,,,37.42258834838867,37.42258834838867,,,67.55038452148438,17.550378799438477,
reinforce,,,50.0,0,825,176.74820956774644,113,0.017951011657714844,24.670877933502197,,,23.731672286987305,23.731672286987305,,,64.9770736694336,14.977076530456543,
reinforce,,,50.0,0,826,184.2489530019868,120,0.018976926803588867,24.689950942993164,,,31.101961135864258,31.101961135864258,,,66.06757354736328,16.06757354736328,
reinforce,,,50.0,0,827,199.25890541689614,135,0.021514892578125,24.711582899093628,,,35.77482604980469,35.77482604980469,,,68.32634735107422,18.326345443725586,
reinforce,,,50.0,0,828,176.1897750366716,115,0.01804494857788086,24.729732036590576,,,36.02083206176758,36.02083206176758,,,64.31031799316406,14.310317993164062,
reinforce,,,50.0,0,829,202.6650311046621,136,0.021124839782714844,24.750967979431152,,,38.50703430175781,38.50703430175781,,,69.45582580566406,19.455825805664062,
reinforce,,,50.0,0,830,171.7901536943701,107,0.016826152801513672,24.767889261245728,,,23.981887817382812,23.981887817382812,,,64.77880096435547,14.778806686401367,
reinforce,,,50.0,0,831,190.6359334260702,125,0.019302845001220703,24.787297010421753,,,30.55177116394043,30.55177116394043,,,67.47981262207031,17.479808807373047,
reinforce,,,50.0,0,832,165.9825865270914,102,0.016176939010620117,24.803574085235596,,,28.722909927368164,28.722909927368164,,,63.38093566894531,13.380934715270996,
reinforce,,,50.0,0,833,170.79430257442934,103,0.016047000885009766,24.819727182388306,,,33.250648498535156,33.250648498535156,,,65.41691589355469,15.416923522949219,
reinforce,,,50.0,0,834,172.93145048200444,108,0.01680302619934082,24.836624145507812,,,26.888118743896484,26.888118743896484,,,64.79125213623047,14.791254997253418,
reinforce,,,50.0,0,835,199.0509273839636,126,0.019974946975708008,24.856690883636475,,,39.405887603759766,39.405887603759766,,,70.48420715332031,20.484201431274414,
reinforce,,,50.0,0,836,177.4757766795028,109,0.017010211944580078,24.873807191848755,,,32.52731704711914,32.52731704711914,,,66.58882141113281,16.588825225830078,
reinforce,,,50.0,0,837,174.09376574053533,106,0.016793012619018555,24.890711069107056,,,34.26974105834961,34.26974105834961,,,65.81551361083984,15.815507888793945,
reinforce,,,50.0,0,838,168.49237122982214,100,0.015383005142211914,24.90618896484375,,,30.8035888671875,30.8035888671875,,,65.19825744628906,15.198259353637695,
reinforce,,,50.0,0,839,185.03457635124326,115,0.0178987979888916,24.924181938171387,,,45.126094818115234,45.126094818115234,,,68.06112670898438,18.061124801635742,
reinforce,,,50.0,0,840,180.87522961869345,109,0.017219066619873047,24.941500186920166,176.92022045512033,3.8253487509488364,30.96533203125,30.96533203125,,,68.0171890258789,18.017189025878906,
reinforce,,,50.0,0,841,199.83295257749316,126,0.020071983337402344,25.00482416152954,,,43.87669372558594,43.87669372558594,,,70.6032485961914,20.60325050354004,
reinforce,,,50.0,0,842,180.6159484060093,108,0.016870975494384766,25.021799087524414,,,33.35057830810547,33.35057830810547,,,68.21534729003906,18.215354919433594,
reinforce,,,50.0,0,843,175.90933095459965,105,0.016750812530517578,25.038634061813354,,,42.02177429199219,42.02177429199219,,,66.89940643310547,16.89940643310547,
reinforce,,,50.0,0,844,165.61751528635233,98,0.015298604965209961,25.054056882858276,,,29.330930709838867,29.330930709838867,,,64.29051971435547,14.290522575378418,
reinforce,,,50.0,0,845,159.91136505517892,94,0.01520681381225586,25.06937599182129,,,24.2647647857666,24.2647647857666,,,63.00215148925781,13.002150535583496,
reinforce,,,50.0,0,846,164.02692442612602,98,0.015657901763916016,25.085165977478027,,,24.519424438476562,24.519424438476562,,,63.37506866455078,13.375069618225098,
reinforce,,,50.0,0,847,176.46478029003995,107,0.017134904861450195,25.102411031723022,,,35.57084655761719,35.57084655761719,,,66.56487274169922,16.56487464904785,
reinforce,,,50.0,0,848,171.63344138902136,102,0.01594686508178711,25.11847496032715,,,33.57905960083008,33.57905960083008,,,65.70854187011719,15.708535194396973,
reinforce,,,50.0,0,849,185.43393445742095,112,0.01781773567199707,25.136383056640625,,,41.37269973754883,41.37269973754883,,,69.03899383544922,19.038997650146484,
reinforce,,,50.0,0,850,193.82034167272008,122,0.019436120986938477,25.155925035476685,,,46.60676956176758,46.60676956176758,,,69.79601287841797,19.796018600463867,
reinforce,,,50.0,0,851,187.62477322739375,115,0.01811814308166504,25.174159049987793,,,39.7957763671875,39.7957763671875,,,69.09717559814453,19.097171783447266,
reinforce,,,50.0,0,852,185.76453415307276,112,0.01762104034423828,25.19188094139099,,,50.2979850769043,50.2979850769043,,,69.16704559326172,19.167049407958984,
reinforce,,,50.0,0,853,160.7860603290742,94,0.014731168746948242,25.20671010017395,,,27.46564292907715,27.46564292907715,,,63.522254943847656,13.522250175476074,
reinforce,,,50.0,0,854,182.07140552199277,110,0.017376184463500977,25.22418212890625,,,40.696834564208984,40.696834564208984,,,68.11410522460938,18.114107131958008,
reinforce,,,50.0,0,855,162.34748204364752,95,0.015050888061523438,25.239341020584106,,,24.575456619262695,24.575456619262695,,,63.830387115478516,13.830388069152832,
reinforce,,,50.0,0,856,188.7487727832378,115,0.017589330673217773,25.257031202316284,,,46.6680793762207,46.6680793762207,,,69.62844848632812,19.62844467163086,
reinforce,,,50.0,0,857,176.98242261462335,106,0.01676487922668457,25.273895978927612,,,40.91411209106445,40.91411209106445,,,67.76742553710938,17.767425537109375,
reinforce,,,50.0,0,858,184.2450072792652,112,0.017721176147460938,25.291704177856445,,,40.26238250732422,40.26238250732422,,,68.45806121826172,18.458059310913086,
reinforce,,,50.0,0,859,168.8538432908072,100,0.015868186950683594,25.307664155960083,,,32.61948776245117,32.61948776245117,,,65.50407409667969,15.504075050354004,
reinforce,,,50.0,0,860,185.19622217308182,113,0.017846107482910156,25.325616121292114,178.0168932535575,2.0622317318109356,35.547061920166016,35.547061920166016,,,68.55944061279297,18.55943489074707,
reinforce,,,50.0,0,861,172.3761442806225,102,0.016263246536254883,25.384764194488525,,,30.706079483032227,30.706079483032227,,,66.61280059814453,16.61279296875,
reinforce,,,50.0,0,862,187.83461569387686,114,0.017719030380249023,25.402587175369263,,,33.25006103515625,33.25006103515625,,,69.62723541259766,19.627235412597656,
reinforce,,,50.0,0,863,181.35473270458826,108,0.016967296600341797,25.419653177261353,,,35.703678131103516,35.703678131103516,,,68.83489227294922,18.834884643554688,
reinforce,,,50.0,0,864,178.49757949812783,106,0.01673412322998047,25.436475038528442,,,31.729040145874023,31.729040145874023,,,68.42276000976562,18.42275619506836,
reinforce,,,50.0,0,865,182.776825414239,107,0.01708698272705078,25.453678131103516,,,36.702518463134766,36.702518463134766,,,69.87673950195312,19.876741409301758,
reinforce,,,50.0,0,866,192.7362698312693,115,0.01801013946533203,25.471792221069336,,,35.513248443603516,35.513248443603516,,,71.63130187988281,21.631305694580078,
reinforce,,,50.0,0,867,176.12860226640308,103,0.01607203483581543,25.487959146499634,,,39.191688537597656,39.191688537597656,,,67.82620239257812,17.826204299926758,
reinforce,,,50.0,0,868,185.7477930952549,106,0.01666092872619629,25.504728078842163,,,42.22312545776367,42.22312545776367,,,71.96373748779297,21.96373748779297,
reinforce,,,50.0,0,869,178.9357218755528,105,0.016244888305664062,25.521083116531372,,,43.541038513183594,43.541038513183594,,,68.5793685913086,18.579364776611328,
reinforce,,,50.0,0,870,170.97438682104905,98,0.015362024307250977,25.536548137664795,,,38.81699752807617,38.81699752807617,,,67.22698974609375,17.226985931396484,
reinforce,,,50.0,0,871,171.94081919211985,98,0.015591859817504883,25.552233934402466,,,40.48820114135742,40.48820114135742,,,68.05703735351562,18.05704116821289,
reinforce,,,50.0,0,872,186.80263737759262,107,0.016913175582885742,25.569244146347046,,,38.177242279052734,38.177242279052734,,,71.94956970214844,21.949569702148438,
reinforce,,,50.0,0,873,187.5984582965149,105,0.01645970344543457,25.58582091331482,,,59.17189407348633,59.17189407348633,,,73.20707702636719,23.207077026367188,
reinforce,,,50.0,0,874,171.73654335749546,100,0.0158689022064209,25.60179305076599,,,38.880985260009766,38.880985260009766,,,67.01045989990234,17.010452270507812,
reinforce,,,50.0,0,875,179.4630177886252,107,0.016705989837646484,25.618602991104126,,,35.48420715332031,35.48420715332031,,,68.45317840576172,18.45318031311035,
reinforce,,,50.0,0,876,176.69949569051082,103,0.01626420021057129,25.634960174560547,,,39.10771560668945,39.10771560668945,,,68.07457733154297,18.0745792388916,
reinforce,,,50.0,0,877,163.1842055691682,95,0.015060901641845703,25.65011191368103,,,29.34684181213379,29.34684181213379,,,64.70963287353516,14.70963191986084,
reinforce,,,50.0,0,878,169.60389473350432,99,0.015558958053588867,25.66577410697937,,,29.691083908081055,29.691083908081055,,,66.23246002197266,16.232458114624023,
reinforce,,,50.0,0,879,168.74721468281058,98,0.015437126159667969,25.68131709098816,,,34.80911636352539,34.80911636352539,,,66.68522644042969,16.685232162475586,
reinforce,,,50.0,0,880,166.91803105278893,99,0.015677928924560547,25.697077989578247,165.9728505034141,2.4735910223393343,24.271120071411133,24.271120071411133,,,65.25184631347656,15.251842498779297,
reinforce,,,50.0,0,881,174.29278582899224,102,0.016102075576782227,25.75250816345215,,,35.10791778564453,35.10791778564453,,,67.83392333984375,17.83393096923828,
reinforce,,,50.0,0,882,173.5579589760121,101,0.016131877899169922,25.768747091293335,,,31.370880126953125,31.370880126953125,,,67.73108673095703,17.7310848236084,
reinforce,,,50.0,0,883,166.85288632345876,98,0.015397071838378906,25.78424906730652,,,28.584596633911133,28.584596633911133,,,65.4362564086914,15.436256408691406,
reinforce,,,50.0,0,884,191.98620386660016,113,0.0179898738861084,25.802317142486572,,,43.20224380493164,43.20224380493164,,,72.2501220703125,22.250110626220703,
reinforce,,,50.0,0,885,164.6936752356587,96,0.015313863754272461,25.817736864089966,,,34.79142761230469,34.79142761230469,,,65.2823715209961,15.28237247467041,
reinforce,,,50.0,0,886,167.891396868902,99,0.015848875045776367,25.833691120147705,,,31.405017852783203,31.405017852783203,,,65.51605987548828,15.516058921813965,
reinforce,,,50.0,0,887,183.58757089273948,110,0.017426013946533203,25.851232051849365,,,45.91328048706055,45.91328048706055,,,69.4570541381836,19.457056045532227,
reinforce,,,50.0,0,888,168.0010908633507,98,0.015459060668945312,25.866788148880005,,,30.589696884155273,30.589696884155273,,,66.12530517578125,16.125303268432617,
reinforce,,,50.0,0,889,172.51289389847872,100,0.01556396484375,25.882442951202393,,,35.11573791503906,35.11573791503906,,,67.37240600585938,17.372406005859375,
reinforce,,,50.0,0,890,176.56936398536664,105,0.01663804054260254,25.899156093597412,,,30.013330459594727,30.013330459594727,,,67.98636627197266,17.986371994018555,
reinforce,,,50.0,0,891,172.6341230247385,102,0.016161203384399414,25.915420293807983,,,36.67974090576172,36.67974090576172,,,66.82210540771484,16.822107315063477,
reinforce,,,50.0,0,892,169.83195698512395,100,0.01557612419128418,25.9311101436615,,,33.419952392578125,33.419952392578125,,,66.51953125,16.519535064697266,
reinforce,,,50.0,0,893,177.63203093960078,105,0.01649308204650879,25.947697162628174,,,38.847599029541016,38.847599029541016,,,68.31460571289062,18.314599990844727,
reinforce,,,50.0,0,894,182.5713359488676,110,0.017409086227416992,25.965200185775757,,,37.47356033325195,37.47356033325195,,,68.90187072753906,18.901872634887695,
reinforce,,,50.0,0,895,186.47987843328914,113,0.017890214920043945,25.983196258544922,,,38.31174850463867,38.31174850463867,,,69.53068542480469,19.53068733215332,
reinforce,,,50.0,0,896,180.75149269475173,107,0.016740083694458008,26.00004816055298,,,30.661426544189453,30.661426544189453,,,69.06458282470703,19.0645809173584,
reinforce,,,50.0,0,897,177.21016022865092,105,0.016501903533935547,26.016649961471558,,,32.17714309692383,32.17714309692383,,,68.0345458984375,18.0345458984375,
reinforce,,,50.0,0,898,179.00993039860614,107,0.01710200309753418,26.03383708000183,,,27.99125862121582,27.99125862121582,,,68.2967758178711,18.29677391052246,
reinforce,,,50.0,0,899,169.20471287724888,98,0.015452146530151367,26.049394130706787,,,30.779556274414062,30.779556274414062,,,66.6291732788086,16.629175186157227,
reinforce,,,50.0,0,900,195.67746335695745,118,0.018524169921875,26.06800627708435,175.4079785319196,4.17230127284677,40.369388580322266,40.369388580322266,,,72.06369018554688,22.063690185546875,
reinforce,,,50.0,0,901,172.92009380262118,100,0.015806913375854492,26.12484097480774,,,37.9215202331543,37.9215202331543,,,67.57218933105469,17.57219123840332,
reinforce,,,50.0,0,902,170.13313088538476,98,0.015624046325683594,26.1405770778656,,,33.72263717651367,33.72263717651367,,,67.04589080810547,17.04588508605957,
reinforce,,,50.0,0,903,182.66130658555863,107,0.016695737838745117,26.157365083694458,,,40.31220245361328,40.31220245361328,,,69.8272476196289,19.82724952697754,
reinforce,,,50.0,0,904,180.34652366433556,105,0.01641535758972168,26.17387318611145,,,39.729087829589844,39.729087829589844,,,69.57586669921875,19.575862884521484,
reinforce,,,50.0,0,905,185.81910439304767,108,0.017302989959716797,26.19126605987549,,,43.37665557861328,43.37665557861328,,,70.86624908447266,20.866247177124023,
reinforce,,,50.0,0,906,180.531257150869,104,0.016218185424804688,26.207587003707886,,,49.32405090332031,49.32405090332031,,,70.05351257324219,20.05351448059082,
reinforce,,,50.0,0,907,182.28414848497482,107,0.016703128814697266,26.224385023117065,,,40.60052490234375,40.60052490234375,,,69.6749496459961,19.674943923950195,
reinforce,,,50.0,0,908,187.3400941389008,109,0.016752243041992188,26.241233110427856,,,44.26371383666992,44.26371383666992,,,71.30265808105469,21.30265235900879,
reinforce,,,50.0,0,909,198.7253644906168,121,0.01901102066040039,26.260337114334106,,,49.7347526550293,49.7347526550293,,,72.36155700683594,22.36155891418457,
reinforce,,,50.0,0,910,179.86452397763375,104,0.0163419246673584,26.27678108215332,,,34.5023193359375,34.5023193359375,,,69.61497497558594,19.61497688293457,
reinforce,,,50.0,0,911,183.4729319569884,106,0.01677107810974121,26.293643951416016,,,40.744361877441406,40.744361877441406,,,70.5162582397461,20.516260147094727,
reinforce,,,50.0,0,912,193.66249217961177,114,0.017879009246826172,26.311623096466064,,,45.235008239746094,45.235008239746094,,,72.32142639160156,22.321426391601562,
reinforce,,,50.0,0,913,196.1130703606111,118,0.018703937530517578,26.330420970916748,,,39.31756591796875,39.31756591796875,,,72.46827697753906,22.468278884887695,
reinforce,,,50.0,0,914,182.5716537618243,106,0.01665782928466797,26.347187995910645,,,40.74835968017578,40.74835968017578,,,70.29551696777344,20.29552459716797,
reinforce,,,50.0,0,915,186.63009520850014,109,0.01712203025817871,26.364408016204834,,,43.368656158447266,43.368656158447266,,,70.97837829589844,20.978378295898438,
reinforce,,,50.0,0,916,179.32638569952542,105,0.016553878784179688,26.381043910980225,,,41.02513122558594,41.02513122558594,,,69.27394104003906,19.27394676208496,
reinforce,,,50.0,0,917,179.20455627495295,106,0.016428232192993164,26.39755916595459,,,47.49712371826172,47.49712371826172,,,68.77757263183594,18.77757453918457,
reinforce,,,50.0,0,918,190.71594711433522,113,0.017776012420654297,26.41542410850525,,,41.069786071777344,41.069786071777344,,,71.53910064697266,21.53909683227539,
reinforce,,,50.0,0,919,180.0553717731848,106,0.016494035720825195,26.432024002075195,,,39.38587188720703,39.38587188720703,,,68.99903106689453,18.99903106689453,
reinforce,,,50.0,0,920,180.66054872128507,107,0.016942262649536133,26.449047088623047,180.14145783867218,4.7672660903107,42.9132080078125,42.9132080078125,,,69.27206420898438,19.272064208984375,
reinforce,,,50.0,0,921,180.43951488486243,106,0.01683187484741211,26.50890588760376,,,36.6224479675293,36.6224479675293,,,69.24712371826172,19.24712371826172,
reinforce,,,50.0,0,922,171.83505921161466,100,0.015967845916748047,26.524965047836304,,,28.066064834594727,28.066064834594727,,,67.28697967529297,17.2869815826416,
reinforce,,,50.0,0,923,184.2381112638442,110,0.017229080200195312,26.542299270629883,,,43.89597702026367,43.89597702026367,,,69.64810180664062,19.648103713989258,
reinforce,,,50.0,0,924,193.1800467788608,117,0.01834392547607422,26.56073498725891,,,44.72428512573242,44.72428512573242,,,71.56047821044922,21.560476303100586,
reinforce,,,50.0,0,925,184.37135004966484,111,0.01728224754333496,26.5781192779541,,,40.535614013671875,40.535614013671875,,,69.40347290039062,19.403472900390625,
reinforce,,,50.0,0,926,178.93204198360135,106,0.016634702682495117,26.594833850860596,,,42.192935943603516,42.192935943603516,,,68.43496704101562,18.434967041015625,
reinforce,,,50.0,0,927,186.30852591872477,112,0.017746925354003906,26.612689971923828,,,45.43429183959961,45.43429183959961,,,70.09291076660156,20.09290885925293,
reinforce,,,50.0,0,928,196.25511076797082,119,0.01877617835998535,26.631564140319824,,,36.975040435791016,36.975040435791016,,,71.95136260986328,21.95136070251465,
reinforce,,,50.0,0,929,201.67128102875677,125,0.01934194564819336,26.651005029678345,,,43.29155731201172,43.29155731201172,,,72.58522033691406,22.58522605895996,
reinforce,,,50.0,0,930,197.76511020132008,123,0.019475936889648438,26.67058300971985,,,40.02540969848633,40.02540969848633,,,71.5677261352539,21.567720413208008,
reinforce,,,50.0,0,931,182.12330550802716,108,0.01698899269104004,26.6876699924469,,,34.09653091430664,34.09653091430664,,,69.43773651123047,19.43773651123047,
reinforce,,,50.0,0,932,187.0376432647696,113,0.017643213272094727,26.70540428161621,,,37.48232650756836,37.48232650756836,,,69.90460968017578,19.90460968017578,
reinforce,,,50.0,0,933,185.01226665506215,111,0.01728677749633789,26.72278594970703,,,38.28102493286133,38.28102493286133,,,69.72149658203125,19.721498489379883,
reinforce,,,50.0,0,934,186.75724992179337,113,0.01758575439453125,26.740458965301514,,,42.611915588378906,42.611915588378906,,,69.87225341796875,19.87224578857422,
reinforce,,,50.0,0,935,191.5649383342562,116,0.01796102523803711,26.75852108001709,,,37.86671447753906,37.86671447753906,,,71.04444885253906,21.044458389282227,
reinforce,,,50.0,0,936,206.4416920482018,131,0.020984888076782227,26.779603958129883,,,45.246891021728516,45.246891021728516,,,72.68809509277344,22.688095092773438,
reinforce,,,50.0,0,937,182.61740240139298,109,0.01715564727783203,26.79686188697815,,,38.90887451171875,38.90887451171875,,,69.30426025390625,19.30426025390625,
reinforce,,,50.0,0,938,207.54958740962113,131,0.02032303810119629,26.81727409362793,,,41.0408935546875,41.0408935546875,,,73.19231414794922,23.192317962646484,
reinforce,,,50.0,0,939,188.33472232313528,115,0.018011093139648438,26.83538818359375,,,40.84903335571289,40.84903335571289,,,70.09819793701172,20.098201751708984,
reinforce,,,50.0,0,940,187.21653227660588,114,0.018117904663085938,26.853609085083008,183.43418541973307,2.0301350494701205,40.23308563232422,40.23308563232422,,,69.81382751464844,19.813831329345703,
reinforce,,,50.0,0,941,212.59582196993324,139,0.021924734115600586,26.920022010803223,,,49.52861785888672,49.52861785888672,,,72.8736801147461,22.873680114746094,
reinforce,,,50.0,0,942,195.4787801505529,122,0.019041776657104492,26.939164876937866,,,48.75369644165039,48.75369644165039,,,70.74771118164062,20.747711181640625,
reinforce,,,50.0,0,943,183.81610504459383,111,0.01763606071472168,26.956900119781494,,,46.98002624511719,46.98002624511719,,,69.13328552246094,19.133277893066406,
reinforce,,,50.0,0,944,186.53053849703593,115,0.018090009689331055,26.975107192993164,,,33.672916412353516,33.672916412353516,,,69.18373107910156,19.183732986450195,
reinforce,,,50.0,0,945,204.94361644739513,131,0.020129919052124023,26.995336055755615,,,53.96330642700195,53.96330642700195,,,72.15552520751953,22.155529022216797,
reinforce,,,50.0,0,946,190.9306912136235,120,0.019006967544555664,27.014461040496826,,,39.664249420166016,39.664249420166016,,,69.68659973144531,19.686594009399414,
reinforce,,,50.0,0,947,192.88156629501063,122,0.01896500587463379,27.03353500366211,,,40.780433654785156,40.780433654785156,,,69.76221466064453,19.76222038269043,
reinforce,,,50.0,0,948,222.35929369097818,150,0.023609161376953125,27.057255268096924,,,45.0167350769043,45.0167350769043,,,73.57437133789062,23.574369430541992,
reinforce,,,50.0,0,949,210.4194188043271,139,0.021893024444580078,27.07926607131958,,,55.17448043823242,55.17448043823242,,,71.94235229492188,21.942350387573242,
reinforce,,,50.0,0,950,183.24635181838423,114,0.01790618896484375,27.097286224365234,,,34.69812774658203,34.69812774658203,,,68.03199005126953,18.0319881439209,
reinforce,,,50.0,0,951,247.52802379924478,176,0.027793169021606445,27.12522315979004,,,43.9773063659668,43.9773063659668,,,75.972412109375,25.9724063873291,
reinforce,,,50.0,0,952,236.05522947028945,162,0.026565074920654297,27.15190029144287,,,52.34961700439453,52.34961700439453,,,75.70735168457031,25.707351684570312,
reinforce,,,50.0,0,953,237.35764210073611,163,0.025909900665283203,27.177960872650146,,,53.55302047729492,53.55302047729492,,,75.70549774169922,25.70549201965332,
reinforce,,,50.0,0,954,213.05370085516876,138,0.021784067153930664,27.1998770236969,,,44.8912239074707,44.8912239074707,,,73.46627044677734,23.466272354125977,
reinforce,,,50.0,0,955,212.68060268455855,140,0.021989107131958008,27.222000122070312,,,45.16831588745117,45.16831588745117,,,72.67621612548828,22.676210403442383,
reinforce,,,50.0,0,956,211.02928937604202,137,0.02144908905029297,27.24356508255005,,,47.98649215698242,47.98649215698242,,,72.91146850585938,22.91147232055664,
reinforce,,,50.0,0,957,209.81008941404386,136,0.02123713493347168,27.26491117477417,,,48.9962158203125,48.9962158203125,,,72.80242919921875,22.802425384521484,
reinforce,,,50.0,0,958,222.51830040324754,149,0.023543834686279297,27.288563013076782,,,40.4545783996582,40.4545783996582,,,73.97245025634766,23.97245979309082,
reinforce,,,50.0,0,959,216.77343815994263,140,0.021876811981201172,27.310560941696167,,,52.618778228759766,52.618778228759766,,,74.81599426269531,24.815988540649414,
reinforce,,,50.0,0,960,234.69953230111153,159,0.02478194236755371,27.335464000701904,225.46920139326352,5.140991361440281,51.046600341796875,51.046600341796875,,,75.86151885986328,25.861520767211914,
reinforce,,,50.0,0,961,239.2536955045015,163,0.025593042373657227,27.421626091003418,,,52.683414459228516,52.683414459228516,,,76.56763458251953,26.567636489868164,
reinforce,,,50.0,0,962,193.8327680033915,115,0.018106698989868164,27.439841985702515,,,44.321739196777344,44.321739196777344,,,73.60507202148438,23.605070114135742,
reinforce,,,50.0,0,963,219.44716694372832,147,0.0233151912689209,27.463269233703613,,,50.167938232421875,50.167938232421875,,,73.20626068115234,23.206260681152344,
reinforce,,,50.0,0,964,233.0552058210319,161,0.025330781936645508,27.488714933395386,,,49.81427001953125,49.81427001953125,,,74.57025146484375,24.57025146484375,
reinforce,,,50.0,0,965,225.43609269694133,154,0.024142742156982422,27.512990951538086,,,45.85088348388672,45.85088348388672,,,73.55767822265625,23.55768585205078,
reinforce,,,50.0,0,966,202.17770220101235,127,0.020079851150512695,27.533183097839355,,,50.84718704223633,50.84718704223633,,,72.66316986083984,22.663177490234375,
reinforce,,,50.0,0,967,194.68023505710727,114,0.017970800399780273,27.55126190185547,,,52.790550231933594,52.790550231933594,,,74.26697540283203,24.26697540283203,
reinforce,,,50.0,0,968,231.07349056619165,159,0.024825096130371094,27.576184034347534,,,48.470497131347656,48.470497131347656,,,74.48871612548828,24.488719940185547,
reinforce,,,50.0,0,969,218.63999787001217,143,0.022547006607055664,27.598854064941406,,,46.61463165283203,46.61463165283203,,,74.40310668945312,24.403108596801758,
reinforce,,,50.0,0,970,187.60686870189622,107,0.016676664352416992,27.615638971328735,,,49.87500762939453,49.87500762939453,,,73.45466613769531,23.454668045043945,
reinforce,,,50.0,0,971,190.7753362507882,109,0.01701188087463379,27.632767915725708,,,48.218955993652344,48.218955993652344,,,74.56527709960938,24.565277099609375,
reinforce,,,50.0,0,972,222.75945070490326,147,0.022789716720581055,27.655648946762085,,,51.87681198120117,51.87681198120117,,,74.90303802490234,24.903030395507812,
reinforce,,,50.0,0,973,235.18688441704558,161,0.025189876556396484,27.680948972702026,,,52.71885299682617,52.71885299682617,,,75.59101104736328,25.59100914001465,
reinforce,,,50.0,0,974,198.33491862929242,123,0.019266128540039062,27.70033621788025,,,50.37003707885742,50.37003707885742,,,72.79325103759766,22.793251037597656,
reinforce,,,50.0,0,975,221.73315630042234,149,0.023554086685180664,27.72400403022766,,,39.19758987426758,39.19758987426758,,,73.92974090576172,23.92974281311035,
reinforce,,,50.0,0,976,192.07771161251097,119,0.018873214721679688,27.742992162704468,,,46.3853645324707,46.3853645324707,,,71.21800994873047,21.218008041381836,
reinforce,,,50.0,0,977,196.0375765446435,122,0.019156932830810547,27.762258052825928,,,43.69162368774414,43.69162368774414,,,71.83997344970703,21.839967727661133,
reinforce,,,50.0,0,978,232.56155482174205,164,0.025925874710083008,27.78828501701355,,,41.92816925048828,41.92816925048828,,,73.66000366210938,23.660003662109375,
reinforce,,,50.0,0,979,255.41294884589036,189,0.029675960540771484,27.81807804107666,,,51.02869415283203,51.02869415283203,,,75.18536376953125,25.18536949157715,
reinforce,,,50.0,0,980,76.51825420806342,53,0.008414268493652344,27.826609134674072,215.19729770524364,8.899132605170434,-29.976163864135742,-29.976163864135742,,,35.81501007080078,-14.184989929199219,
reinforce,,,50.0,0,981,186.80327498022544,111,0.01730203628540039,27.90336513519287,,,40.66514587402344,40.66514587402344,,,71.93689727783203,21.93689727783203,
reinforce,,,50.0,0,982,210.77449755564504,141,0.02223515510559082,27.92570209503174,,,42.33769607543945,42.33769607543945,,,72.08580017089844,22.085796356201172,
reinforce,,,50.0,0,983,227.08979771334575,159,0.025217056274414062,27.951025247573853,,,47.44181823730469,47.44181823730469,,,72.86868286132812,22.868682861328125,
reinforce,,,50.0,0,984,244.40805657035745,177,0.027784109115600586,27.97891616821289,,,53.39308166503906,53.39308166503906,,,74.51595306396484,24.515953063964844,
reinforce,,,50.0,0,985,215.9664407801941,145,0.023149967193603516,28.002206087112427,,,49.61219787597656,49.61219787597656,,,72.73421478271484,22.734216690063477,
reinforce,,,50.0,0,986,201.82608557551558,130,0.020176172256469727,28.02250909805298,,,44.16542053222656,44.16542053222656,,,72.06015014648438,22.060150146484375,
reinforce,,,50.0,0,987,197.44259405868942,126,0.01998424530029297,28.0426082611084,,,44.96905517578125,44.96905517578125,,,71.38300323486328,21.383005142211914,
reinforce,,,50.0,0,988,185.02361657378611,111,0.017477989196777344,28.060203075408936,,,43.4979133605957,43.4979133605957,,,71.00357055664062,21.003576278686523,
reinforce,,,50.0,0,989,200.64363476381854,129,0.020179033279418945,28.0804762840271,,,47.178226470947266,47.178226470947266,,,71.75426483154297,21.7542667388916,
reinforce,,,50.0,0,990,185.85385371860787,113,0.01760411262512207,28.098176956176758,,,42.168155670166016,42.168155670166016,,,70.97087860107422,20.970876693725586,
reinforce,,,50.0,0,991,190.50381684995196,115,0.018288135528564453,28.11656904220581,,,41.620506286621094,41.620506286621094,,,72.14315795898438,22.143152236938477,
reinforce,,,50.0,0,992,217.7025316802184,142,0.022027969360351562,28.138696908950806,,,50.493560791015625,50.493560791015625,,,74.90640258789062,24.906402587890625,
reinforce,,,50.0,0,993,193.43534318501014,115,0.018224239349365234,28.15703821182251,,,53.70197677612305,53.70197677612305,,,73.69310760498047,23.693103790283203,
reinforce,,,50.0,0,994,197.13454598790312,121,0.01923084259033203,28.176379203796387,,,52.32160568237305,52.32160568237305,,,72.95187377929688,22.951873779296875,
reinforce,,,50.0,0,995,190.96673350987527,110,0.017234086990356445,28.193724155426025,,,50.42396926879883,50.42396926879883,,,74.38677978515625,24.386775970458984,
reinforce,,,50.0,0,996,194.25319703440687,115,0.017953157424926758,28.211771249771118,,,60.1588249206543,60.1588249206543,,,74.11378479003906,24.113784790039062,
reinforce,,,50.0,0,997,195.55967755346603,117,0.018707752227783203,28.230589866638184,,,45.610191345214844,45.610191345214844,,,73.86736297607422,23.867359161376953,
reinforce,,,50.0,0,998,221.14346536021222,144,0.022578001022338867,28.253282070159912,,,49.57004928588867,49.57004928588867,,,75.41610717773438,25.41610336303711,
reinforce,,,50.0,0,999,191.38971458528022,109,0.017482995986938477,28.27087116241455,,,53.3643913269043,53.3643913269043,,,75.04336547851562,25.04336929321289,
reinforce,,,50.0,0,1000,192.29221723531683,112,0.01736593246459961,28.288331985473633,192.25057132381306,0.5121204704068415,50.83487319946289,50.83487319946289,,,74.45243072509766,24.452425003051758,
