algo,ac_variant,n_steps,baseline,seed,episode,episode_return,episode_steps,episode_time_sec,elapsed_time_sec,eval_mean_return,eval_std_return,loss,policy_loss,value_loss,entropy,mean_return,mean_advantage,advantage
actor_critic,n_step,10,,2,1,7.37265178158169,13,0.053288936614990234,0.053292036056518555,,,12.20352554321289,5.201261520385742,10.003233909606934,2.156815528869629,2.5585641860961914,2.373385190963745,2.373385190963745
actor_critic,n_step,10,,2,2,14.299534368675655,33,0.007550954818725586,0.060984134674072266,,,17.38826560974121,6.808932304382324,15.113333702087402,2.156315565109253,2.9747607707977295,2.707441568374634,2.707441568374634
actor_critic,n_step,10,,2,3,28.062409078602755,53,0.012112140655517578,0.07328629493713379,,,30.852088928222656,9.686285018920898,30.23686408996582,2.15669846534729,4.625837326049805,4.274672508239746,4.274672508239746
actor_critic,n_step,10,,2,4,15.535887776160148,35,0.007973909378051758,0.08141899108886719,,,17.491260528564453,4.918910503387451,17.960500717163086,2.156742811203003,3.3598291873931885,2.857848644256592,2.857848644256592
actor_critic,n_step,10,,2,5,29.156600177120207,58,0.011802196502685547,0.09340214729309082,,,21.961273193359375,7.883123397827148,20.11164093017578,2.1564719676971436,4.526341915130615,3.9081759452819824,3.9081759452819824
actor_critic,n_step,10,,2,6,11.684636153339502,17,0.003995180130004883,0.09754228591918945,,,30.411746978759766,8.613471984863281,31.140392303466797,2.1560590267181396,4.622092247009277,3.726616859436035,3.726616859436035
actor_critic,n_step,10,,2,7,18.11160283188236,45,0.010043859481811523,0.1077120304107666,,,14.810518264770508,4.997682571411133,14.01833724975586,2.155994176864624,3.510430335998535,2.6094906330108643,2.6094906330108643
actor_critic,n_step,10,,2,8,33.63864727370841,47,0.009627819061279297,0.1175680160522461,,,40.76420211791992,12.537324905395508,40.32411193847656,2.1558122634887695,6.562379837036133,5.678093433380127,5.678093433380127
actor_critic,n_step,10,,2,9,36.887367652721906,68,0.013943195343017578,0.13166117668151855,,,25.88199234008789,9.071297645568848,24.015275955200195,2.1557185649871826,5.364102840423584,4.314479827880859,4.314479827880859
actor_critic,n_step,10,,2,10,32.144192214867125,40,0.008475780487060547,0.1403040885925293,,,47.63383865356445,12.257923126220703,50.537025451660156,2.155609130859375,7.345547676086426,6.241826057434082,6.241826057434082
actor_critic,n_step,10,,2,11,24.357933412710324,48,0.01041722297668457,0.15084624290466309,,,21.801902770996094,8.251276016235352,19.3580379486084,2.1554243564605713,4.790470123291016,3.617910623550415,3.617910623550415
actor_critic,n_step,10,,2,12,29.236640341017235,32,0.007302045822143555,0.15828418731689453,,,62.83484649658203,17.24734878540039,65.125,2.15535569190979,8.175188064575195,7.064653396606445,7.064653396606445
actor_critic,n_step,10,,2,13,50.51694836005985,80,0.01687312126159668,0.17533326148986816,,,35.35730743408203,10.982789039611816,34.82073974609375,2.155377149581909,6.740149021148682,5.2123565673828125,5.2123565673828125
actor_critic,n_step,10,,2,14,71.66831235117719,77,0.01556086540222168,0.19106721878051758,,,69.75772094726562,17.668643951416016,74.4129638671875,2.1553421020507812,9.401905059814453,8.051426887512207,8.051426887512207
actor_critic,n_step,10,,2,15,20.43846522140034,35,0.00731205940246582,0.1985611915588379,,,21.298234939575195,7.489729881286621,19.726436614990234,2.1553101539611816,5.329067707061768,3.7751986980438232,3.7751986980438232
actor_critic,n_step,10,,2,16,80.28852541159335,109,0.02220892906188965,0.22092413902282715,,,44.41596221923828,13.606307983398438,44.0137939453125,2.155219793319702,8.220696449279785,6.32470703125,6.32470703125
actor_critic,n_step,10,,2,17,29.593180384983672,28,0.0059719085693359375,0.22707724571228027,,,69.04307556152344,19.618501663208008,70.60653686523438,2.1551506519317627,9.432181358337402,7.8745903968811035,7.8745903968811035
actor_critic,n_step,10,,2,18,138.56049809293174,161,0.0318913459777832,0.2591433525085449,,,62.79053497314453,15.268244743347168,67.88898468017578,2.155170440673828,9.650052070617676,7.667404651641846,7.667404651641846
actor_critic,n_step,10,,2,19,35.4906317840451,38,0.007938623428344727,0.26728391647338867,,,63.677818298339844,15.903711318969727,68.24872589111328,2.1550629138946533,9.031625747680664,7.1429443359375,7.1429443359375
actor_critic,n_step,10,,2,20,64.96826718232685,79,0.01578497886657715,0.2832071781158447,174.05169426011034,2.780856775227254,53.40730285644531,14.31782054901123,55.84211730957031,2.154984474182129,9.028961181640625,6.860928058624268,6.860928058624268
actor_critic,n_step,10,,2,21,122.57562537088361,110,0.021693944931030273,0.37328624725341797,,,96.23908233642578,21.5226993560791,106.7376937866211,2.1548824310302734,11.883007049560547,9.887367248535156,9.887367248535156
actor_critic,n_step,10,,2,22,130.61210972797986,126,0.024963855743408203,0.3983891010284424,,,84.16146850585938,20.15167236328125,91.44256591796875,2.1548068523406982,11.348605155944824,9.180245399475098,9.180245399475098
actor_critic,n_step,10,,2,23,177.25177742257208,148,0.028997182846069336,0.4275681972503662,,,111.68404388427734,23.320755004882812,126.2332763671875,2.154741048812866,13.132769584655762,10.769031524658203,10.769031524658203
actor_critic,n_step,10,,2,24,17.66376044888618,20,0.004353046417236328,0.4320790767669678,,,37.26082229614258,10.737571716308594,37.890357971191406,2.1546943187713623,7.652230262756348,4.933188438415527,4.933188438415527
actor_critic,n_step,10,,2,25,57.12008848338456,56,0.011307716369628906,0.44355106353759766,,,76.84481048583984,19.1507511138916,82.42008972167969,2.1546761989593506,11.030577659606934,8.241486549377441,8.241486549377441
actor_critic,n_step,10,,2,26,156.22525492912757,163,0.03179430961608887,0.4755063056945801,,,73.35433959960938,16.684507369995117,80.9569091796875,2.1547698974609375,11.220877647399902,8.463284492492676,8.463284492492676
actor_critic,n_step,10,,2,27,31.268686139314163,34,0.006804227828979492,0.48250818252563477,,,52.75401306152344,14.752177238464355,54.28833770751953,2.154663562774658,9.649413108825684,6.434597015380859,6.434597015380859
actor_critic,n_step,10,,2,28,50.89839184588109,55,0.011248111724853516,0.4939582347869873,,,60.24299621582031,15.002157211303711,64.62976837158203,2.1546413898468018,10.563233375549316,7.166508197784424,7.166508197784424
actor_critic,n_step,10,,2,29,207.72024573885895,151,0.029324054718017578,0.523442268371582,,,140.49024963378906,26.876773834228516,162.3049774169922,2.1546175479888916,15.441803932189941,12.354040145874023,12.354040145874023
actor_critic,n_step,10,,2,30,78.08117898097096,64,0.013490915298461914,0.5371010303497314,,,104.0788803100586,20.739973068237305,119.05558013916016,2.1546120643615723,13.216392517089844,10.164468765258789,10.164468765258789
actor_critic,n_step,10,,2,31,144.65956969633618,101,0.019805908203125,0.5570731163024902,,,145.13320922851562,27.451339721679688,168.11695861816406,2.1545753479003906,15.832335472106934,12.630738258361816,12.630738258361816
actor_critic,n_step,10,,2,32,146.5574945430709,119,0.023194074630737305,0.5804142951965332,,,109.54454040527344,23.728511810302734,122.59432983398438,2.1545350551605225,14.133352279663086,10.784879684448242,10.784879684448242
actor_critic,n_step,10,,2,33,127.53450883759818,91,0.017754077911376953,0.5983211994171143,,,140.30117797851562,25.00162696838379,164.71363830566406,2.154553174972534,15.636181831359863,12.178688049316406,12.178688049316406
actor_critic,n_step,10,,2,34,178.75337494260157,139,0.026739835739135742,0.6252121925354004,,,123.09339141845703,25.271087646484375,139.74615478515625,2.1544816493988037,14.993608474731445,11.43420696258545,11.43420696258545
actor_critic,n_step,10,,2,35,242.39155133474506,172,0.03318023681640625,0.6585583686828613,,,143.203857421875,24.78301239013672,169.17262268066406,2.1545097827911377,16.69620704650879,12.593108177185059,12.593108177185059
actor_critic,n_step,10,,2,36,263.8054073590972,198,0.040441036224365234,0.6991500854492188,,,127.88333129882812,25.069473266601562,146.87693786621094,2.154327392578125,16.01356315612793,11.910725593566895,11.910725593566895
actor_critic,n_step,10,,2,37,150.5119507975556,103,0.02012014389038086,0.7194843292236328,,,153.4521484375,29.537429809570312,177.0210418701172,2.1541025638580322,17.066940307617188,12.680583000183105,12.680583000183105
actor_critic,n_step,10,,2,38,222.71391439335846,130,0.024914026260375977,0.7445602416992188,,,203.4923095703125,28.62891387939453,249.80487060546875,2.154055595397949,19.759164810180664,15.267956733703613,15.267956733703613
actor_critic,n_step,10,,2,39,127.98588835485984,88,0.01756119728088379,0.7623071670532227,,,148.25396728515625,27.62498664855957,172.32711791992188,2.15380859375,17.20630645751953,12.506415367126465,12.506415367126465
actor_critic,n_step,10,,2,40,131.50567954378343,96,0.018381118774414062,0.7808451652526855,102.6217604801185,12.599942274510328,129.90830993652344,24.185749053955078,151.0322265625,2.1536171436309814,16.259761810302734,11.692641258239746,11.692641258239746
actor_critic,n_step,10,,2,41,127.94882469368761,88,0.017564058303833008,0.8270473480224609,,,145.09515380859375,27.896141052246094,167.42715454101562,2.153381109237671,17.382505416870117,12.353318214416504,12.353318214416504
actor_critic,n_step,10,,2,42,124.5147739899018,78,0.015492916107177734,0.8426871299743652,,,167.19482421875,27.099864959716797,200.13565063476562,2.1532344818115234,18.920923233032227,13.47347640991211,13.47347640991211
actor_critic,n_step,10,,2,43,113.64185962682186,70,0.013666152954101562,0.856525182723999,,,181.59600830078125,29.479034423828125,217.30996704101562,2.152986764907837,19.000324249267578,13.60272216796875,13.60272216796875
actor_critic,n_step,10,,2,44,95.33278712239095,67,0.013432025909423828,0.8701081275939941,,,130.59913635253906,25.509754180908203,150.12770080566406,2.1527724266052246,17.258710861206055,11.555153846740723,11.555153846740723
actor_critic,n_step,10,,2,45,108.42473507716666,69,0.013733148574829102,0.8840150833129883,,,152.15798950195312,23.501197814941406,183.79541015625,2.1525955200195312,18.698965072631836,12.967411041259766,12.967411041259766
actor_critic,n_step,10,,2,46,157.83164610733655,102,0.020016908645629883,0.9041731357574463,,,158.84669494628906,27.092588424682617,188.22015380859375,2.1521849632263184,19.519609451293945,13.163034439086914,13.163034439086914
actor_critic,n_step,10,,2,47,124.79630401647427,73,0.014622926712036133,0.9189701080322266,,,196.04806518554688,32.35715103149414,233.84417724609375,2.151768207550049,20.797653198242188,14.335676193237305,14.335676193237305
actor_critic,n_step,10,,2,48,118.46854929605789,68,0.013786077499389648,0.9329142570495605,,,203.3430938720703,30.910934448242188,246.3316650390625,2.1514463424682617,21.1468505859375,14.466279029846191,14.466279029846191
actor_critic,n_step,10,,2,49,190.08313108299694,141,0.027431964874267578,0.9604899883270264,,,132.40899658203125,23.541854858398438,155.52450561523438,2.151148796081543,17.9677734375,11.622651100158691,11.622651100158691
actor_critic,n_step,10,,2,50,268.5159458557447,160,0.03125405311584473,0.9919123649597168,,,199.05670166015625,33.46036148071289,236.5662078857422,2.1508097648620605,21.453149795532227,14.78590202331543,14.78590202331543
actor_critic,n_step,10,,2,51,106.09352055296998,64,0.013015985488891602,1.005113124847412,,,177.3203125,26.686981201171875,215.1904754638672,2.150585651397705,20.844087600708008,13.480231285095215,13.480231285095215
actor_critic,n_step,10,,2,52,128.2604417858966,75,0.015218019485473633,1.0204951763153076,,,185.8702392578125,27.13395118713379,226.76611328125,2.1502723693847656,21.689334869384766,14.120094299316406,14.120094299316406
actor_critic,n_step,10,,2,53,141.83440089697305,79,0.015996932983398438,1.0366542339324951,,,210.39625549316406,29.231901168823242,258.80621337890625,2.149813413619995,22.461612701416016,15.011993408203125,15.011993408203125
actor_critic,n_step,10,,2,54,92.31977343959475,60,0.012104988098144531,1.0489401817321777,,,153.42945861816406,29.553030014038086,176.96632385253906,2.1492819786071777,19.556354522705078,12.066940307617188,12.066940307617188
actor_critic,n_step,10,,2,55,249.64202531357643,128,0.024744272232055664,1.0738413333892822,,,256.97869873046875,37.73716354370117,313.20220947265625,2.1489322185516357,24.76951789855957,16.951871871948242,16.951871871948242
actor_critic,n_step,10,,2,56,93.02057921462378,58,0.01163792610168457,1.0856540203094482,,,168.38961791992188,32.97197341918945,193.45379638671875,2.148660898208618,20.91590690612793,12.594916343688965,12.594916343688965
actor_critic,n_step,10,,2,57,117.31445834099557,64,0.013065099716186523,1.0988552570343018,,,212.6403350830078,31.199161529541016,259.2016906738281,2.1486456394195557,23.3397216796875,14.849267959594727,14.849267959594727
actor_critic,n_step,10,,2,58,110.15047236989906,65,0.013228893280029297,1.1122150421142578,,,183.3261260986328,29.292438507080078,220.0481414794922,2.148615837097168,22.053556442260742,13.455815315246582,13.455815315246582
actor_critic,n_step,10,,2,59,69.08273570330954,42,0.00894308090209961,1.1213061809539795,,,162.1409454345703,27.468652725219727,192.38897705078125,2.1486072540283203,21.070051193237305,11.864940643310547,11.864940643310547
actor_critic,n_step,10,,2,60,79.07066443112255,47,0.009963035583496094,1.1314382553100586,123.53105374129284,0.9093722667429905,165.79605102539062,26.305946350097656,199.2715606689453,2.1486358642578125,21.740642547607422,12.441679954528809,12.441679954528809
actor_critic,n_step,10,,2,61,160.84009963003305,90,0.0183718204498291,1.179948091506958,,,206.5548858642578,28.998355865478516,253.65219116210938,2.1486549377441406,24.153390884399414,14.787995338439941,14.787995338439941
actor_critic,n_step,10,,2,62,164.63916444304394,91,0.017657041549682617,1.1977601051330566,,,210.63803100585938,31.231042861938477,256.2956848144531,2.1485488414764404,24.576284408569336,14.925032615661621,14.925032615661621
actor_critic,n_step,10,,2,63,72.18849910167087,44,0.009130001068115234,1.207082986831665,,,154.4307861328125,25.422529220581055,184.29751586914062,2.1484200954437256,21.455007553100586,11.793384552001953,11.793384552001953
actor_critic,n_step,10,,2,64,75.99056550980862,45,0.009311199188232422,1.216555118560791,,,166.5536651611328,28.105703353881836,197.78280639648438,2.1483099460601807,22.354473114013672,12.206485748291016,12.206485748291016
actor_critic,n_step,10,,2,65,130.24259915034816,68,0.013965845108032227,1.2306561470031738,,,232.26072692871094,31.429990768432617,286.90106201171875,2.148303747177124,25.483190536499023,15.344846725463867,15.344846725463867
actor_critic,n_step,10,,2,66,71.19896497728138,43,0.008682966232299805,1.2394862174987793,,,158.82827758789062,25.117773056030273,191.0150146484375,2.148242235183716,22.161239624023438,11.75728988647461,11.75728988647461
actor_critic,n_step,10,,2,67,88.12118885657345,51,0.010333061218261719,1.2499721050262451,,,173.5690155029297,28.332324981689453,207.4810028076172,2.1481850147247314,23.367538452148438,12.770670890808105,12.770670890808105
actor_critic,n_step,10,,2,68,109.48932297370426,60,0.012099027633666992,1.2622191905975342,,,202.11471557617188,27.23406219482422,249.8295135498047,2.148200035095215,24.773225784301758,14.169964790344238,14.169964790344238
actor_critic,n_step,10,,2,69,95.2378352656685,54,0.010731697082519531,1.2731201648712158,,,179.9358367919922,26.823209762573242,218.73231506347656,2.1480813026428223,24.013078689575195,13.25667667388916,13.25667667388916
actor_critic,n_step,10,,2,70,75.14158032677359,45,0.009497880935668945,1.282776117324829,,,152.41339111328125,24.67591667175293,182.4821014404297,2.1478819847106934,22.74182891845703,11.761407852172852,11.761407852172852
actor_critic,n_step,10,,2,71,102.6399398637905,58,0.011809825897216797,1.294741153717041,,,192.74095153808594,28.187047958374023,235.0770263671875,2.147688388824463,24.462705612182617,13.479031562805176,13.479031562805176
actor_critic,n_step,10,,2,72,70.60876760577077,43,0.009039163589477539,1.3039600849151611,,,155.06417846679688,27.293506622314453,182.52952575683594,2.1474905014038086,22.497150421142578,11.258357048034668,11.258357048034668
actor_critic,n_step,10,,2,73,98.29793877607565,58,0.012187957763671875,1.3163120746612549,,,176.96682739257812,27.768888473510742,213.13992309570312,2.1474053859710693,23.846866607666016,12.718330383300781,12.718330383300781
actor_critic,n_step,10,,2,74,89.60003042182889,52,0.010553121566772461,1.3270761966705322,,,171.6597900390625,26.10192108154297,207.93983459472656,2.147350788116455,24.1116943359375,12.567402839660645,12.567402839660645
actor_critic,n_step,10,,2,75,91.70138418580069,53,0.011146068572998047,1.3383762836456299,,,180.34649658203125,30.135831832885742,214.586669921875,2.147258758544922,24.130027770996094,12.714272499084473,12.714272499084473
actor_critic,n_step,10,,2,76,127.66835642201265,68,0.013992071151733398,1.3525302410125732,,,221.84222412109375,32.587074279785156,270.364501953125,2.1472902297973633,26.5825252532959,14.614959716796875,14.614959716796875
actor_critic,n_step,10,,2,77,257.9167348340296,128,0.02527594566345215,1.3779470920562744,,,269.7306213378906,37.98257064819336,331.06866455078125,2.1473658084869385,28.991378784179688,16.959503173828125,16.959503173828125
actor_critic,n_step,10,,2,78,142.8606187717357,74,0.014868974685668945,1.3929741382598877,,,233.76162719726562,33.35560989379883,286.2943115234375,2.147508382797241,27.4633846282959,15.234926223754883,15.234926223754883
actor_critic,n_step,10,,2,79,106.02794199484313,59,0.01141500473022461,1.4045491218566895,,,189.6365203857422,27.527332305908203,231.58456420898438,2.1476504802703857,25.713159561157227,13.534696578979492,13.534696578979492
actor_critic,n_step,10,,2,80,124.20746003184232,71,0.01424098014831543,1.418919324874878,102.54386834928611,7.264889718631071,186.5404510498047,26.342575073242188,228.85411071777344,2.1477227210998535,25.843339920043945,13.3734130859375,13.3734130859375
actor_critic,n_step,10,,2,81,128.58989024687781,74,0.014715909957885742,1.4590630531311035,,,188.50143432617188,30.18239402770996,226.17007446289062,2.147697925567627,25.615917205810547,13.322996139526367,13.322996139526367
actor_critic,n_step,10,,2,82,95.31755795869336,54,0.010991096496582031,1.4702153205871582,,,173.69219970703125,27.926437377929688,208.23680114746094,2.1477320194244385,25.389114379882812,12.730369567871094,12.730369567871094
actor_critic,n_step,10,,2,83,131.66432638514988,75,0.01513814926147461,1.4854950904846191,,,195.19754028320312,32.18709182739258,232.87208557128906,2.1477837562561035,26.251750946044922,13.506080627441406,13.506080627441406
actor_critic,n_step,10,,2,84,266.65760519972423,130,0.025310039520263672,1.5109491348266602,,,280.1981201171875,40.142852783203125,342.9361267089844,2.1479244232177734,29.936721801757812,17.246440887451172,17.246440887451172
actor_critic,n_step,10,,2,85,200.36221371936713,102,0.020134925842285156,1.5312540531158447,,,241.9208526611328,33.502349853515625,297.74072265625,2.148143768310547,29.10926055908203,15.958426475524902,15.958426475524902
actor_critic,n_step,10,,2,86,123.62842244810798,69,0.014001131057739258,1.545436143875122,,,198.4007110595703,27.024921417236328,244.82257080078125,2.1483030319213867,26.668365478515625,13.587057113647461,13.587057113647461
actor_critic,n_step,10,,2,87,272.215679668961,132,0.025480031967163086,1.571094036102295,,,264.89202880859375,33.36614227294922,330.7512512207031,2.1483163833618164,30.265029907226562,17.260026931762695,17.260026931762695
actor_critic,n_step,10,,2,88,152.2868358997927,86,0.01743006706237793,1.588698148727417,,,194.06210327148438,27.054872512817383,238.58175659179688,2.1481409072875977,27.2216854095459,13.721659660339355,13.721659660339355
actor_critic,n_step,10,,2,89,111.48823972452244,63,0.013370990753173828,1.6022491455078125,,,194.2054901123047,29.395185470581055,235.44329833984375,2.147879123687744,26.553035736083984,13.088138580322266,13.088138580322266
actor_critic,n_step,10,,2,90,285.7176426081819,151,0.030260086059570312,1.6326642036437988,,,222.015869140625,32.982948303222656,270.0470275878906,2.1477084159851074,29.055301666259766,15.73303508758545,15.73303508758545
actor_critic,n_step,10,,2,91,285.9540061890297,143,0.027917146682739258,1.660764217376709,,,247.91165161132812,32.1788444519043,308.1897277832031,2.1475274562835693,30.256460189819336,16.720449447631836,16.720449447631836
actor_critic,n_step,10,,2,92,269.03570484280533,134,0.025858163833618164,1.6868133544921875,,,254.986083984375,34.602989196777344,314.8330078125,2.1471445560455322,30.355728149414062,16.66707992553711,16.66707992553711
actor_critic,n_step,10,,2,93,154.41567137625265,87,0.01764822006225586,1.704634189605713,,,194.0613555908203,28.911577224731445,235.9282684326172,2.14674973487854,27.66364097595215,13.687578201293945,13.687578201293945
actor_critic,n_step,10,,2,94,284.39467130633545,146,0.02874279022216797,1.7335679531097412,,,238.76812744140625,32.174659729003906,295.1335144042969,2.146373987197876,30.01324462890625,16.176851272583008,16.176851272583008
actor_critic,n_step,10,,2,95,297.7142579440938,156,0.03037285804748535,1.7641000747680664,,,230.85415649414062,34.97228240966797,279.8312683105469,2.1458380222320557,29.779741287231445,15.863007545471191,15.863007545471191
actor_critic,n_step,10,,2,96,144.27745483840536,81,0.016288042068481445,1.7805330753326416,,,189.24212646484375,26.398115158081055,232.63430786132812,2.145406723022461,27.785852432250977,13.578028678894043,13.578028678894043
actor_critic,n_step,10,,2,97,298.3646440445677,159,0.03080296516418457,1.811481237411499,,,219.80923461914062,33.26113510131836,266.4972839355469,2.144871473312378,29.61872673034668,15.552266120910645,15.552266120910645
actor_critic,n_step,10,,2,98,277.49391986243677,141,0.027420759201049805,1.8390300273895264,,,245.0584716796875,34.10687255859375,301.35943603515625,2.1443822383880615,30.607290267944336,16.2367000579834,16.2367000579834
actor_critic,n_step,10,,2,99,268.58409906682664,141,0.027797937393188477,1.8669521808624268,,,225.10409545898438,31.166154861450195,277.05419921875,2.1439034938812256,30.117734909057617,15.603209495544434,15.603209495544434
actor_critic,n_step,10,,2,100,261.0831397360719,135,0.026942014694213867,1.8940370082855225,273.53471247859636,1.4680649793365144,238.1849822998047,36.30467224121094,288.40045166015625,2.1433799266815186,30.458969116210938,15.848770141601562,15.848770141601562
actor_critic,n_step,10,,2,101,277.7402094547066,146,0.02916693687438965,1.9864351749420166,,,223.85137939453125,33.70512008666992,271.63751220703125,2.1429922580718994,30.24759864807129,15.597624778747559,15.597624778747559
actor_critic,n_step,10,,2,102,266.05205860268944,139,0.027225017547607422,2.013822317123413,,,229.3877716064453,36.00954818725586,276.2546081542969,2.1426620483398438,30.371902465820312,15.625948905944824,15.625948905944824
actor_critic,n_step,10,,2,103,262.9528889189419,132,0.026234149932861328,2.040220260620117,,,248.1149444580078,35.11262130737305,304.2890319824219,2.1424694061279297,31.17923927307129,16.306671142578125,16.306671142578125
actor_critic,n_step,10,,2,104,267.5638483434877,145,0.028577089309692383,2.068946361541748,,,210.58750915527344,29.45897102355957,258.75506591796875,2.1423070430755615,29.9289493560791,14.991145133972168,14.991145133972168
actor_critic,n_step,10,,2,105,265.07238151829904,135,0.02669692039489746,2.0958070755004883,,,238.83358764648438,32.737064361572266,294.4236145019531,2.1419925689697266,31.147754669189453,16.00405502319336,16.00405502319336
actor_critic,n_step,10,,2,106,287.57724912787046,146,0.028614044189453125,2.124575138092041,,,243.16468811035156,35.24480056762695,297.0284118652344,2.1416354179382324,31.298330307006836,16.16642951965332,16.16642951965332
actor_critic,n_step,10,,2,107,251.7343950101455,126,0.0249788761138916,2.1497080326080322,,,248.584228515625,36.443336486816406,303.05841064453125,2.1413486003875732,31.533918380737305,16.222505569458008,16.222505569458008
actor_critic,n_step,10,,2,108,267.2225132325202,139,0.02832794189453125,2.178209066390991,,,233.43165588378906,37.36103439331055,280.10089111328125,2.1411759853363037,30.992036819458008,15.673957824707031,15.673957824707031
actor_critic,n_step,10,,2,109,263.31652186384565,126,0.024843931198120117,2.2032063007354736,,,273.93646240234375,36.26463317871094,339.53118896484375,2.1411843299865723,32.61207962036133,17.068735122680664,17.068735122680664
actor_critic,n_step,10,,2,110,261.8901894647232,146,0.028376102447509766,2.23177433013916,,,198.13876342773438,29.82257843017578,240.45167541503906,2.1411819458007812,29.936803817749023,14.439867973327637,14.439867973327637
actor_critic,n_step,10,,2,111,227.7159748398768,113,0.022405147552490234,2.254354238510132,,,251.84765625,34.1947135925293,310.9327697753906,2.141143560409546,31.879117965698242,16.13518714904785,16.13518714904785
actor_critic,n_step,10,,2,112,254.79632323185845,133,0.026227951049804688,2.2806992530822754,,,225.74066162109375,33.472557067871094,274.6687316894531,2.141101837158203,31.155981063842773,15.443631172180176,15.443631172180176
actor_critic,n_step,10,,2,113,234.90306268369847,121,0.024447917938232422,2.305338144302368,,,227.9849853515625,32.50542068481445,279.25653076171875,2.1410951614379883,31.316905975341797,15.53670883178711,15.53670883178711
actor_critic,n_step,10,,2,114,229.37791835753868,115,0.022909879684448242,2.3284082412719727,,,247.2708740234375,32.67856216430664,306.5604553222656,2.141055107116699,31.892728805541992,15.982383728027344,15.982383728027344
actor_critic,n_step,10,,2,115,275.5014912862765,152,0.0298922061920166,2.3584771156311035,,,202.29965209960938,30.61675262451172,245.2613067626953,2.140932083129883,30.54633140563965,14.586310386657715,14.586310386657715
actor_critic,n_step,10,,2,116,242.1587146827515,128,0.025456905364990234,2.384080171585083,,,222.0577850341797,31.806093215942383,271.78814697265625,2.14080548286438,31.22136688232422,15.104559898376465,15.104559898376465
actor_critic,n_step,10,,2,117,225.96806266858263,122,0.023634910583496094,2.4078710079193115,,,211.60397338867188,31.014488220214844,257.9849853515625,2.14067006111145,30.865571975708008,14.627691268920898,14.627691268920898
actor_critic,n_step,10,,2,118,260.30859002096736,134,0.026497840881347656,2.4344961643218994,,,233.1719207763672,33.47090530395508,285.28717041015625,2.1405370235443115,31.939769744873047,15.615548133850098,15.615548133850098
actor_critic,n_step,10,,2,119,277.0408970962602,144,0.028191804885864258,2.46287202835083,,,228.5644989013672,31.835874557495117,281.0408935546875,2.1404221057891846,31.82872200012207,15.518787384033203,15.518787384033203
actor_critic,n_step,10,,2,120,257.8592735316806,122,0.023478031158447266,2.4865012168884277,268.7457593495756,0.8662639841578811,279.334228515625,38.57771301269531,343.9378967285156,2.140256881713867,33.566680908203125,17.058902740478516,17.058902740478516
actor_critic,n_step,10,,2,121,252.64387232725295,130,0.025966167449951172,2.573768377304077,,,235.1891632080078,34.2667121887207,287.0320739746094,2.1401774883270264,32.13292694091797,15.545965194702148,15.545965194702148
actor_critic,n_step,10,,2,122,278.971778033955,154,0.02979898452758789,2.6037230491638184,,,200.58279418945312,31.200695037841797,241.97442626953125,2.1401445865631104,31.117992401123047,14.48879623413086,14.48879623413086
actor_critic,n_step,10,,2,123,174.12561618058388,102,0.0204160213470459,2.624300003051758,,,182.98147583007812,30.128387451171875,218.36155700683594,2.1401312351226807,29.563207626342773,12.971208572387695,12.971208572387695
actor_critic,n_step,10,,2,124,284.81362076677664,145,0.028560876846313477,2.6530351638793945,,,236.30224609375,33.149986267089844,290.2174987792969,2.1402342319488525,32.690982818603516,15.848730087280273,15.848730087280273
actor_critic,n_step,10,,2,125,268.8353769445738,144,0.02825307846069336,2.6814541816711426,,,213.7884063720703,32.180599212646484,259.4397277832031,2.1402952671051025,31.807979583740234,14.91042709350586,14.91042709350586
actor_critic,n_step,10,,2,126,293.43045507244307,167,0.03270292282104492,2.7143239974975586,,,192.14068603515625,33.263816833496094,226.9669647216797,2.140371799468994,30.952499389648438,14.031683921813965,14.031683921813965
actor_critic,n_step,10,,2,127,142.2211813451759,81,0.01636791229248047,2.7308590412139893,,,188.49267578125,27.491830825805664,230.00120544433594,2.140545606613159,29.82146453857422,12.819632530212402,12.819632530212402
actor_critic,n_step,10,,2,128,277.67067697081507,145,0.02844071388244629,2.759500026702881,,,225.21995544433594,30.270797729492188,278.4988098144531,2.1407060623168945,32.506874084472656,15.355677604675293,15.355677604675293
actor_critic,n_step,10,,2,129,293.16016542954065,157,0.030827999114990234,2.790478229522705,,,215.60052490234375,34.061012268066406,259.3421630859375,2.1407129764556885,32.191078186035156,14.977825164794922,14.977825164794922
actor_critic,n_step,10,,2,130,298.74395671736414,162,0.031655073165893555,2.8222920894622803,,,206.8492431640625,31.715511322021484,250.1910400390625,2.140850782394409,32.04602813720703,14.758584022521973,14.758584022521973
actor_critic,n_step,10,,2,131,271.9410583175989,137,0.026980876922607422,2.849452018737793,,,245.3705291748047,35.816341400146484,299.3631286621094,2.1409854888916016,33.281166076660156,15.896224021911621,15.896224021911621
actor_critic,n_step,10,,2,132,305.88360336848154,165,0.03229689598083496,2.8819351196289062,,,209.17047119140625,31.583518981933594,253.69564819335938,2.141162872314453,32.31613540649414,14.850432395935059,14.850432395935059
actor_critic,n_step,10,,2,133,291.2305931092582,152,0.029585838317871094,2.911679983139038,,,222.24920654296875,31.872617721557617,271.966552734375,2.1413168907165527,32.90083312988281,15.317782402038574,15.317782402038574
actor_critic,n_step,10,,2,134,300.63474657050494,164,0.031453847885131836,2.943303346633911,,,205.15040588378906,31.813594818115234,247.6240234375,2.141411066055298,32.2822380065918,14.616602897644043,14.616602897644043
actor_critic,n_step,10,,2,135,292.66800105764287,161,0.031094074249267578,2.9745683670043945,,,197.5787811279297,27.823802947998047,242.50711059570312,2.1415207386016846,32.19370651245117,14.430314064025879,14.430314064025879
actor_critic,n_step,10,,2,136,132.84417698589482,81,0.016098976135253906,2.9908320903778076,,,163.50885009765625,28.2507381439209,193.22589111328125,2.141378402709961,29.19449806213379,11.514899253845215,11.514899253845215
actor_critic,n_step,10,,2,137,105.27156260398543,66,0.013653993606567383,3.0046141147613525,,,154.90904235839844,23.96388053894043,187.06451416015625,2.141522169113159,28.232973098754883,10.535737037658691,10.535737037658691
actor_critic,n_step,10,,2,138,277.53349314074364,143,0.027934789657592773,3.0327060222625732,,,229.21295166015625,32.18598937988281,281.46710205078125,2.1417243480682373,33.436763763427734,15.422308921813965,15.422308921813965
actor_critic,n_step,10,,2,139,156.4973832297034,90,0.018253087997436523,3.0511081218719482,,,182.51412963867188,25.77222442626953,223.91700744628906,2.1418776512145996,30.673063278198242,12.638025283813477,12.638025283813477
actor_critic,n_step,10,,2,140,292.85149879885677,156,0.02989482879638672,3.081165075302124,215.20328837828689,48.348295824250215,213.35391235351562,32.802085876464844,257.9311828613281,2.1419224739074707,33.03968048095703,14.894472122192383,14.894472122192383
actor_critic,n_step,10,,2,141,150.2021674912378,85,0.01706218719482422,3.153116226196289,,,192.945556640625,29.513870239257812,233.4738311767578,2.142000198364258,30.967870712280273,12.745684623718262,12.745684623718262
actor_critic,n_step,10,,2,142,297.99675191943004,153,0.029829740524291992,3.183104991912842,,,232.7246551513672,34.289974212646484,283.4781188964844,2.14217472076416,33.832279205322266,15.546128273010254,15.546128273010254
actor_critic,n_step,10,,2,143,307.1349504716087,165,0.03177905082702637,3.2150321006774902,,,212.83370971679688,31.308269500732422,259.3220520019531,2.1423897743225098,33.166603088378906,14.807719230651855,14.807719230651855
actor_critic,n_step,10,,2,144,325.3726596763004,184,0.03589296340942383,3.251081943511963,,,189.6409454345703,31.666797637939453,225.6773681640625,2.142566204071045,32.46226119995117,14.01511001586914,14.01511001586914
actor_critic,n_step,10,,2,145,305.61729190289657,170,0.032829999923706055,3.284072160720825,,,195.68777465820312,31.594905853271484,234.4183807373047,2.1428372859954834,32.72541809082031,14.176044464111328,14.176044464111328
actor_critic,n_step,10,,2,146,118.23258657553622,74,0.014910221099853516,3.299166202545166,,,148.32708740234375,21.86319351196289,180.66270446777344,2.1431407928466797,29.182798385620117,10.68504524230957,10.68504524230957
actor_critic,n_step,10,,2,147,324.50984212756936,187,0.03655290603637695,3.3358230590820312,,,181.56658935546875,29.74330711364746,216.89041137695312,2.1433775424957275,32.408790588378906,13.699116706848145,13.699116706848145
actor_critic,n_step,10,,2,148,307.6923603115073,162,0.03150200843811035,3.3674771785736084,,,214.57904052734375,29.258634567260742,264.7434387207031,2.143629312515259,33.86837387084961,15.069844245910645,15.069844245910645
actor_critic,n_step,10,,2,149,132.2280885269136,83,0.01686382293701172,3.3844799995422363,,,155.6904754638672,25.25409507751465,186.33770751953125,2.1436643600463867,29.62180519104004,10.906255722045898,10.906255722045898
actor_critic,n_step,10,,2,150,329.7498679030241,193,0.03715991973876953,3.421776294708252,,,174.8542938232422,28.273717880249023,209.4008331298828,2.1437888145446777,32.34845733642578,13.425536155700684,13.425536155700684
actor_critic,n_step,10,,2,151,310.683349829221,177,0.0345458984375,3.4564599990844727,,,188.76461791992188,31.457382202148438,224.72462463378906,2.1438677310943604,32.805519104003906,13.785943984985352,13.785943984985352
actor_critic,n_step,10,,2,152,329.73808008624184,193,0.0852200984954834,3.5418312549591064,,,175.4154052734375,28.950773239135742,209.23519897460938,2.144054412841797,32.487178802490234,13.410601615905762,13.410601615905762
actor_critic,n_step,10,,2,153,345.599266519248,196,0.04849815368652344,3.5904712677001953,,,188.10581970214844,29.73762321472168,226.2402801513672,2.1442432403564453,33.07453918457031,13.948335647583008,13.948335647583008
actor_critic,n_step,10,,2,154,331.66708133986583,192,0.04690194129943848,3.637590169906616,,,179.01980590820312,28.377626419067383,215.20310974121094,2.1444108486175537,32.78240203857422,13.567303657531738,13.567303657531738
actor_critic,n_step,10,,2,155,149.78992241999268,95,0.019989967346191406,3.657731056213379,,,156.33688354492188,27.609067916870117,183.89688110351562,2.144500970840454,30.215578079223633,10.985149383544922,10.985149383544922
actor_critic,n_step,10,,2,156,357.02312955366403,213,0.04158473014831543,3.6994659900665283,,,170.50900268554688,29.00788688659668,202.1444549560547,2.144906997680664,32.53860092163086,13.177844047546387,13.177844047546387
actor_critic,n_step,10,,2,157,350.14348125346424,214,0.044429779052734375,3.744044065475464,,,160.3271484375,26.492515563964844,191.19235229492188,2.1453189849853516,32.24010467529297,12.770612716674805,12.770612716674805
actor_critic,n_step,10,,2,158,346.47869689002044,204,0.04151606559753418,3.7857091426849365,,,172.3994598388672,28.514162063598633,205.55043029785156,2.145644426345825,32.852901458740234,13.30001449584961,13.30001449584961
actor_critic,n_step,10,,2,159,186.9463044871224,119,0.02419304847717285,3.8100621700286865,,,148.541015625,23.92049789428711,178.02931213378906,2.145942449569702,30.907148361206055,11.328089714050293,11.328089714050293
actor_critic,n_step,10,,2,160,351.59713899090076,221,0.043396949768066406,3.8535940647125244,377.34970011717644,1.388597574581182,149.400390625,24.946653366088867,177.7910614013672,2.146190881729126,32.0333251953125,12.34227180480957,12.34227180480957
actor_critic,n_step,10,,2,161,369.23278430541234,227,0.04446578025817871,3.9995839595794678,,,157.63526916503906,26.462247848510742,187.39002990722656,2.1462249755859375,32.42289733886719,12.715543746948242,12.715543746948242
actor_critic,n_step,10,,2,162,305.64973720462615,195,0.03910684585571289,4.038838148117065,,,146.66574096679688,26.694551467895508,171.38742065429688,2.146178960800171,31.79741096496582,11.949586868286133,11.949586868286133
actor_critic,n_step,10,,2,163,346.470555275781,214,0.0427858829498291,4.081767320632935,,,156.22705078125,26.206661224365234,185.743408203125,2.146211624145508,32.473628997802734,12.537948608398438,12.537948608398438
actor_critic,n_step,10,,2,164,152.44780156236277,104,0.022149085998535156,4.10410213470459,,,130.15272521972656,22.56422996520996,153.69784545898438,2.1462018489837646,29.826740264892578,9.981131553649902,9.981131553649902
actor_critic,n_step,10,,2,165,327.79858040953735,203,0.04109001159667969,4.1453471183776855,,,155.20350646972656,27.6519832611084,182.2164764404297,2.146277904510498,32.50316619873047,12.421751976013184,12.421751976013184
actor_critic,n_step,10,,2,166,291.34974210862623,206,0.04172706604003906,4.187261343002319,,,120.75021362304688,23.712738037109375,138.62496948242188,2.1464133262634277,30.630146026611328,10.508716583251953,10.508716583251953
actor_critic,n_step,10,,2,167,340.58474093725886,226,0.0465848445892334,4.2340171337127686,,,135.29798889160156,26.103551864624023,155.9920654296875,2.1466140747070312,31.69475555419922,11.486711502075195,11.486711502075195
actor_critic,n_step,10,,2,168,175.71707741814907,125,0.0258638858795166,4.260047197341919,,,121.09434509277344,22.669170379638672,140.60739135742188,2.1469380855560303,29.868297576904297,9.762825012207031,9.762825012207031
actor_critic,n_step,10,,2,169,319.9253415616163,231,0.0463109016418457,4.30652117729187,,,113.24883270263672,21.363662719726562,131.2645263671875,2.1473138332366943,30.6667423248291,10.336698532104492,10.336698532104492
actor_critic,n_step,10,,2,170,304.92419414274235,201,0.040856122970581055,4.347545146942139,,,133.2201385498047,22.69476890563965,157.8933868408203,2.147563934326172,31.869159698486328,11.430051803588867,11.430051803588867
actor_critic,n_step,10,,2,171,340.41453189407457,236,0.0477299690246582,4.395459175109863,,,120.34979248046875,21.501014709472656,141.21253967285156,2.1476054191589355,31.369173049926758,10.862895965576172,10.862895965576172
actor_critic,n_step,10,,2,172,348.69379836079935,245,0.04746103286743164,4.443089246749878,,,120.80452728271484,24.881690979003906,137.03262329101562,2.1474623680114746,31.29514503479004,10.721545219421387,10.721545219421387
actor_critic,n_step,10,,2,173,312.1268953471472,212,0.04132413864135742,4.484584331512451,,,126.81063079833984,22.837890625,148.53248596191406,2.147521495819092,31.698471069335938,11.031779289245605,11.031779289245605
actor_critic,n_step,10,,2,174,315.6845187186426,224,0.04358196258544922,4.5283262729644775,,,117.52383422851562,22.901193618774414,135.17520141601562,2.147512197494507,31.194204330444336,10.467720985412598,10.467720985412598
actor_critic,n_step,10,,2,175,269.17193874943547,206,0.04067397117614746,4.569172143936157,,,105.31364440917969,20.796566009521484,120.73867797851562,2.1475791931152344,30.16292953491211,9.403936386108398,9.403936386108398
actor_critic,n_step,10,,2,176,270.49094234093633,201,0.03925895690917969,4.6086201667785645,,,110.03754425048828,21.337562561035156,126.71426391601562,2.1476993560791016,30.606765747070312,9.728907585144043,9.728907585144043
actor_critic,n_step,10,,2,177,342.3456260935044,233,0.04574108123779297,4.654536247253418,,,125.44641876220703,23.210372924804688,146.05149841308594,2.147850275039673,32.04703903198242,11.048624992370605,11.048624992370605
actor_critic,n_step,10,,2,178,323.7295077317127,229,0.043930768966674805,4.6986329555511475,,,116.50000762939453,21.11566162109375,136.2633514404297,2.1479544639587402,31.517885208129883,10.489608764648438,10.489608764648438
actor_critic,n_step,10,,2,179,322.0974027503084,231,0.044404029846191406,4.743210077285767,,,115.893310546875,23.369430541992188,132.17697143554688,2.1478655338287354,31.435894012451172,10.295890808105469,10.295890808105469
actor_critic,n_step,10,,2,180,320.4043777878027,228,0.04440569877624512,4.7877960205078125,347.6586105859341,1.3956477981504092,115.23017883300781,21.673433303833008,133.65249633789062,2.147930145263672,31.601547241210938,10.381132125854492,10.381132125854492
actor_critic,n_step,10,,2,181,320.6070946721354,237,0.04578518867492676,4.9447181224823,,,107.92879486083984,21.130552291870117,123.99748992919922,2.147918224334717,31.15864372253418,9.90595531463623,9.90595531463623
actor_critic,n_step,10,,2,182,296.25292121904556,197,0.03870797157287598,4.983642101287842,,,132.8443145751953,23.361167907714844,156.4044952392578,2.1478993892669678,32.48628616333008,11.14302921295166,11.14302921295166
actor_critic,n_step,10,,2,183,257.26223460281903,181,0.03573870658874512,5.019551992416382,,,120.26011657714844,21.361083984375,141.28433227539062,2.1478493213653564,31.71527862548828,10.234514236450195,10.234514236450195
actor_critic,n_step,10,,2,184,298.3600677116336,218,0.04276895523071289,5.06252121925354,,,111.68512725830078,21.986520767211914,128.140869140625,2.1477580070495605,31.454160690307617,9.947175979614258,9.947175979614258
actor_critic,n_step,10,,2,185,293.3458940452962,195,0.03748202323913574,5.1001811027526855,,,132.50054931640625,23.415027618408203,155.8364715576172,2.147737503051758,32.73041534423828,11.110106468200684,11.110106468200684
actor_critic,n_step,10,,2,186,235.1326530734982,170,0.03289389610290527,5.133251190185547,,,115.47120666503906,20.266780853271484,136.00631713867188,2.1476917266845703,31.427642822265625,9.753005981445312,9.753005981445312
actor_critic,n_step,10,,2,187,310.8714099089818,209,0.03942418098449707,5.172844171524048,,,128.4192657470703,23.417848587036133,150.00201416015625,2.1476078033447266,32.781368255615234,11.001175880432129,11.001175880432129
actor_critic,n_step,10,,2,188,249.2230857045321,167,0.032608747482299805,5.205620050430298,,,132.70962524414062,23.747495651245117,155.66018676757812,2.1475160121917725,32.57072448730469,10.745600700378418,10.745600700378418
actor_critic,n_step,10,,2,189,250.7902966484483,166,0.032705068588256836,5.23848819732666,,,136.0678253173828,24.14771842956543,159.8858642578125,2.1475181579589844,32.87873458862305,10.894452095031738,10.894452095031738
actor_critic,n_step,10,,2,190,273.99132969140425,180,0.03523993492126465,5.2738611698150635,,,135.42428588867188,23.39310073852539,160.0445556640625,2.147594451904297,33.14971923828125,11.112122535705566,11.112122535705566
actor_critic,n_step,10,,2,191,271.4672111682641,188,0.03659224510192871,5.310643196105957,,,120.9690170288086,20.601423263549805,143.3822784423828,2.147642135620117,32.51748275756836,10.41418743133545,10.41418743133545
actor_critic,n_step,10,,2,192,299.84089103221055,194,0.03810405731201172,5.348932266235352,,,140.5734405517578,25.534082412719727,164.34194946289062,2.1474876403808594,33.5830192565918,11.42714786529541,11.42714786529541
actor_critic,n_step,10,,2,193,241.08618398939444,162,0.03140687942504883,5.380503177642822,,,130.23231506347656,21.54281234741211,155.27072143554688,2.1474411487579346,32.860774993896484,10.592957496643066,10.592957496643066
actor_critic,n_step,10,,2,194,220.81652049525093,147,0.028996706008911133,5.409631967544556,,,136.48257446289062,23.668474197387695,161.1630096435547,2.147298812866211,32.924564361572266,10.572761535644531,10.572761535644531
actor_critic,n_step,10,,2,195,248.44479955175308,158,0.030863046646118164,5.4406561851501465,,,144.82945251464844,23.780614852905273,172.9269256591797,2.147233724594116,33.793785095214844,11.34378433227539,11.34378433227539
actor_critic,n_step,10,,2,196,194.20491129406764,119,0.023731231689453125,5.464572191238403,,,162.29637145996094,26.091920852661133,194.57778930664062,2.1471426486968994,33.903995513916016,11.394658088684082,11.394658088684082
actor_critic,n_step,10,,2,197,185.09673500381342,126,0.024818897247314453,5.48954701423645,,,133.19561767578125,21.32956314086914,159.80865478515625,2.1471309661865234,32.51155090332031,9.947369575500488,9.947369575500488
actor_critic,n_step,10,,2,198,219.1254912618454,133,0.02595806121826172,5.515709161758423,,,163.363525390625,26.44464874267578,195.598388671875,2.1471214294433594,34.390663146972656,11.723564147949219,11.723564147949219
actor_critic,n_step,10,,2,199,245.69180178435485,150,0.029148101806640625,5.545022249221802,,,157.29489135742188,26.252168655395508,187.2039031982422,2.1471707820892334,34.596702575683594,11.832021713256836,11.832021713256836
actor_critic,n_step,10,,2,200,257.0832481640677,163,0.03135180473327637,5.5765650272369385,251.24326281807802,1.2282752185617498,144.27487182617188,22.260892868041992,174.30569458007812,2.1472702026367188,34.21465301513672,11.375554084777832,11.375554084777832
actor_critic,n_step,10,,2,201,256.94859328156235,157,0.031075000762939453,5.675112247467041,,,154.1848602294922,23.891340255737305,186.13360595703125,2.1471710205078125,34.77104187011719,11.868186950683594,11.868186950683594
actor_critic,n_step,10,,2,202,233.57437008734178,144,0.028051376342773438,5.703325271606445,,,158.46316528320312,27.213144302368164,187.50003051757812,2.1469452381134033,34.55474853515625,11.592564582824707,11.592564582824707
actor_critic,n_step,10,,2,203,241.00055700751625,138,0.02693486213684082,5.730415105819702,,,176.69371032714844,24.952238082885742,216.77352905273438,2.1468677520751953,35.737518310546875,12.68631649017334,12.68631649017334
actor_critic,n_step,10,,2,204,204.96507289269033,119,0.023710012435913086,5.754273176193237,,,177.16546630859375,25.82904815673828,216.1949005126953,2.1466643810272217,35.289825439453125,12.153037071228027,12.153037071228027
actor_critic,n_step,10,,2,205,276.4806457002933,164,0.032000064849853516,5.7864320278167725,,,163.76055908203125,25.557279586791992,197.43325805664062,2.1464672088623047,35.57498550415039,12.373828887939453,12.373828887939453
actor_critic,n_step,10,,2,206,270.9673826124825,156,0.03033304214477539,5.816922187805176,,,175.32418823242188,27.207759857177734,211.5948944091797,2.1462557315826416,36.062049865722656,12.774407386779785,12.774407386779785
actor_critic,n_step,10,,2,207,261.30724009997914,152,0.029712915420532227,5.8467981815338135,,,172.00296020507812,26.744304656982422,207.51235961914062,2.1460578441619873,35.90089797973633,12.562942504882812,12.562942504882812
actor_critic,n_step,10,,2,208,257.421934900531,154,0.0302736759185791,5.877227067947388,,,160.87847900390625,25.743745803833008,193.04962158203125,2.145873785018921,35.51533508300781,12.102096557617188,12.102096557617188
actor_critic,n_step,10,,2,209,296.52832080681355,156,0.030174970626831055,5.907581329345703,,,208.38192749023438,30.373355865478516,254.2979736328125,2.1457035541534424,37.80324935913086,14.28475284576416,14.28475284576416
actor_critic,n_step,10,,2,210,235.51733311619228,133,0.026234149932861328,5.933980226516724,,,185.8526611328125,28.62021827697754,224.61776733398438,2.145541191101074,36.3474235534668,12.757258415222168,12.757258415222168
actor_critic,n_step,10,,2,211,300.19101016424304,186,0.03540611267089844,5.9695820808410645,,,149.43492126464844,24.300952911376953,178.7628173828125,2.1454789638519287,35.446563720703125,11.811402320861816,11.811402320861816
actor_critic,n_step,10,,2,212,318.3970686503118,185,0.035452842712402344,6.00520920753479,,,169.086181640625,26.47672462463379,203.727783203125,2.1453776359558105,36.51668167114258,12.81302547454834,12.81302547454834
actor_critic,n_step,10,,2,213,314.0132799241418,183,0.03557085990905762,6.040922164916992,,,168.642333984375,26.1049747467041,203.62478637695312,2.14524507522583,36.51814270019531,12.732081413269043,12.732081413269043
actor_critic,n_step,10,,2,214,275.0843616538484,169,0.03306388854980469,6.074149131774902,,,152.2786407470703,25.20462989807129,181.5343017578125,2.1450400352478027,35.61474609375,11.760347366333008,11.760347366333008
actor_critic,n_step,10,,2,215,319.10309283029864,187,0.03621983528137207,6.110538005828857,,,163.92283630371094,24.430652618408203,199.27456665039062,2.144857406616211,36.581661224365234,12.644864082336426,12.644864082336426
actor_critic,n_step,10,,2,216,329.0450607612105,181,0.03553414344787598,6.146243095397949,,,188.18267822265625,27.519515991210938,229.518798828125,2.144446611404419,37.65400695800781,13.660325050354004,13.660325050354004
actor_critic,n_step,10,,2,217,333.90402352696367,199,0.03834104537963867,6.18473219871521,,,161.2296142578125,26.30913543701172,192.74356079101562,2.1439456939697266,36.51787185668945,12.436005592346191,12.436005592346191
actor_critic,n_step,10,,2,218,355.5483285195874,217,0.04184985160827637,6.226763010025024,,,151.97152709960938,24.97950553894043,181.41717529296875,2.1434693336486816,36.286495208740234,12.154561996459961,12.154561996459961
actor_critic,n_step,10,,2,219,333.2032213811703,200,0.03852701187133789,6.265509128570557,,,158.6710662841797,25.96514320373535,189.5798797607422,2.1429636478424072,36.531307220458984,12.31406021118164,12.31406021118164
actor_critic,n_step,10,,2,220,337.26915093984496,198,0.0383760929107666,6.304063081741333,363.82760244331706,1.10221430086362,166.48683166503906,26.451189041137695,200.05091857910156,2.1424899101257324,36.93101119995117,12.638301849365234,12.638301849365234
actor_critic,n_step,10,,2,221,348.71362522041744,213,0.04124617576599121,6.440691232681274,,,153.39540100097656,26.98577308654785,180.58517456054688,2.142019748687744,36.43324661254883,12.090775489807129,12.090775489807129
actor_critic,n_step,10,,2,222,385.2483412203533,243,0.04688000679016113,6.4877612590789795,,,143.5272216796875,24.507734298706055,170.02784729003906,2.1417043209075928,36.12679672241211,11.750741004943848,11.750741004943848
actor_critic,n_step,10,,2,223,342.2801389505283,201,0.03929591178894043,6.527269124984741,,,167.93963623046875,29.34000015258789,197.99949645996094,2.141386032104492,37.12743377685547,12.631159782409668,12.631159782409668
actor_critic,n_step,10,,2,224,348.29505563177537,211,0.04095721244812012,6.568401336669922,,,154.7308349609375,24.029964447021484,186.7155303955078,2.141214609146118,36.75508499145508,12.18303394317627,12.18303394317627
actor_critic,n_step,10,,2,225,341.9487190230584,201,0.03875136375427246,6.607337236404419,,,164.60708618164062,26.69072914123535,197.0233612060547,2.140880823135376,37.22727584838867,12.588443756103516,12.588443756103516
actor_critic,n_step,10,,2,226,324.33211594326485,209,0.04893994331359863,6.65642523765564,,,135.8115234375,22.607322692871094,161.72027587890625,2.1405656337738037,35.93374252319336,11.210241317749023,11.210241317749023
actor_critic,n_step,10,,2,227,338.88375367758323,205,0.04142618179321289,6.698014259338379,,,154.92825317382812,25.918745040893555,184.29930114746094,2.1401939392089844,36.91685104370117,12.14101791381836,12.14101791381836
actor_critic,n_step,10,,2,228,356.5951830583409,214,0.042268991470336914,6.7404632568359375,,,158.81170654296875,25.553173065185547,190.36932373046875,2.139860153198242,37.157264709472656,12.319526672363281,12.319526672363281
actor_critic,n_step,10,,2,229,355.26549452273053,214,0.043212890625,6.783902168273926,,,156.45510864257812,25.85420799255371,186.57272338867188,2.1395223140716553,37.170894622802734,12.244186401367188,12.244186401367188
actor_critic,n_step,10,,2,230,355.16700388251957,210,0.04477858543395996,6.828874111175537,,,163.8651123046875,27.050676345825195,195.44920349121094,2.139190435409546,37.513492584228516,12.510793685913086,12.510793685913086
actor_critic,n_step,10,,2,231,316.93150171618436,181,0.03803205490112305,6.867092132568359,,,175.57513427734375,28.173376083374023,210.57394409179688,2.138925552368164,37.94413375854492,12.862957954406738,12.862957954406738
actor_critic,n_step,10,,2,232,325.98799501184004,172,0.03760170936584473,6.9049060344696045,,,206.965576171875,31.642250061035156,250.46189880371094,2.1387102603912354,39.302337646484375,14.14193058013916,14.14193058013916
actor_critic,n_step,10,,2,233,368.2089443018662,237,0.05055427551269531,6.955645322799683,,,137.75111389160156,25.107515335083008,160.91943359375,2.1386008262634277,36.50616455078125,11.312259674072266,11.312259674072266
actor_critic,n_step,10,,2,234,356.84711098523456,220,0.047547101974487305,7.003397226333618,,,148.8822784423828,25.602327346801758,176.1142120361328,2.138547897338867,37.142704010009766,11.861605644226074,11.861605644226074
actor_critic,n_step,10,,2,235,340.638049464789,203,0.043686866760253906,7.047354221343994,,,157.47274780273438,23.409526824951172,191.51889038085938,2.138514995574951,37.64866256713867,12.280342102050781,12.280342102050781
actor_critic,n_step,10,,2,236,352.54627640294683,220,0.04651904106140137,7.09410834312439,,,145.12477111816406,25.420610427856445,171.0059356689453,2.138242483139038,37.077552795410156,11.658352851867676,11.658352851867676
actor_critic,n_step,10,,2,237,358.81763908282943,216,0.04579615592956543,7.140174150466919,,,157.65631103515625,26.917898178100586,186.7691650390625,2.1380367279052734,37.68064498901367,12.19059944152832,12.19059944152832
actor_critic,n_step,10,,2,238,364.804561087621,225,0.04620480537414551,7.186593055725098,,,148.10122680664062,24.957382202148438,175.91978454589844,2.1379241943359375,37.41315841674805,11.841230392456055,11.841230392456055
actor_critic,n_step,10,,2,239,362.1627301650916,213,0.04245305061340332,7.229234218597412,,,162.56497192382812,25.835004806518555,195.32852172851562,2.1377885341644287,38.15896987915039,12.516776084899902,12.516776084899902
actor_critic,n_step,10,,2,240,346.56648159807986,198,0.03973197937011719,7.269186019897461,374.52712368456065,1.6380026105208663,172.58126831054688,25.790794372558594,209.70069885253906,2.137615442276001,38.613739013671875,12.90369987487793,12.90369987487793
actor_critic,n_step,10,,2,241,352.37222535664523,206,0.04073500633239746,7.413402080535889,,,165.02780151367188,26.62042999267578,197.72483825683594,2.1373157501220703,38.34132385253906,12.559037208557129,12.559037208557129
actor_critic,n_step,10,,2,242,354.22313957370983,212,0.04102611541748047,7.45464015007019,,,155.96031188964844,24.769418716430664,187.41555786132812,2.1370317935943604,38.06538391113281,12.199708938598633,12.199708938598633
actor_critic,n_step,10,,2,243,379.8064687883823,236,0.046150922775268555,7.500974178314209,,,144.85464477539062,23.624494552612305,173.18594360351562,2.1367058753967285,37.653228759765625,11.738532066345215,11.738532066345215
actor_critic,n_step,10,,2,244,364.9753320910297,229,0.044528961181640625,7.5456671714782715,,,144.2118682861328,25.375606536865234,169.76609802246094,2.136282205581665,37.5469856262207,11.548949241638184,11.548949241638184
actor_critic,n_step,10,,2,245,367.47003894722735,225,0.04532504081726074,7.591170072555542,,,150.42918395996094,24.797481536865234,179.47386169433594,2.135948657989502,37.96207809448242,11.892142295837402,11.892142295837402
actor_critic,n_step,10,,2,246,378.8814527605083,231,0.09032511711120605,7.681694269180298,,,150.4117431640625,24.77556610107422,179.48025512695312,2.135611057281494,38.11324691772461,11.986224174499512,11.986224174499512
actor_critic,n_step,10,,2,247,361.08501101012456,214,0.049983978271484375,7.7318642139434814,,,159.49269104003906,25.487239837646484,191.4363555908203,2.1352710723876953,38.53476333618164,12.321223258972168,12.321223258972168
actor_critic,n_step,10,,2,248,353.63915772076643,207,0.042501211166381836,7.774547338485718,,,164.32382202148438,26.433992385864258,196.9854736328125,2.134932041168213,38.759132385253906,12.470922470092773,12.470922470092773
actor_critic,n_step,10,,2,249,369.8744853935148,221,0.047387123107910156,7.822096109390259,,,159.22987365722656,27.086275100708008,188.77658081054688,2.134612560272217,38.570655822753906,12.22425651550293,12.22425651550293
actor_critic,n_step,10,,2,250,353.318857792995,208,0.044486284255981445,7.866811275482178,,,163.2626953125,27.75025749206543,193.58920288085938,2.1343748569488525,38.79810333251953,12.365968704223633,12.365968704223633
actor_critic,n_step,10,,2,251,375.3659980436044,233,0.04939007759094238,7.91638708114624,,,147.0358123779297,26.120946884155273,172.73553466796875,2.134237289428711,38.160491943359375,11.668230056762695,11.668230056762695
actor_critic,n_step,10,,2,252,383.5242871128833,234,0.049928903579711914,7.966529130935669,,,151.90579223632812,25.53533172607422,180.5292205810547,2.1341893672943115,38.4924201965332,11.939245223999023,11.939245223999023
actor_critic,n_step,10,,2,253,375.468291531309,219,0.047579288482666016,8.014291286468506,,,163.73300170898438,25.5401668548584,197.41835021972656,2.134159564971924,39.179691314697266,12.55440616607666,12.55440616607666
actor_critic,n_step,10,,2,254,370.93526914947233,223,0.048828840255737305,8.063338041305542,,,156.1395721435547,25.281709671020508,186.9398193359375,2.1340529918670654,38.775062561035156,12.082714080810547,12.082714080810547
actor_critic,n_step,10,,2,255,358.84428431998526,212,0.0502321720123291,8.113797187805176,,,160.43435668945312,25.983543395996094,192.07260131835938,2.133920669555664,39.06322479248047,12.277764320373535,12.277764320373535
actor_critic,n_step,10,,2,256,380.8526478314427,232,0.05744314193725586,8.171450138092041,,,151.74176025390625,26.18276023864746,179.3699951171875,2.1337926387786865,38.757080078125,11.911802291870117,11.911802291870117
actor_critic,n_step,10,,2,257,358.8326092680135,210,0.04796314239501953,8.219643115997314,,,163.10086059570312,25.00956153869629,197.27328491210938,2.1337389945983887,39.3338737487793,12.4058198928833,12.4058198928833
actor_critic,n_step,10,,2,258,342.9757533714552,206,0.04325079917907715,8.26310396194458,,,156.960205078125,26.33128547668457,186.6127471923828,2.1335716247558594,38.94332504272461,11.938286781311035,11.938286781311035
actor_critic,n_step,10,,2,259,364.698848582135,223,0.04757809638977051,8.310884237289429,,,150.4692840576172,25.57206153869629,178.4246063232422,2.133465051651001,38.819210052490234,11.768327713012695,11.768327713012695
actor_critic,n_step,10,,2,260,342.21325913917553,194,0.04172325134277344,8.35282826423645,371.8751593196628,0.5145637498785287,177.06298828125,28.486934661865234,212.2515106201172,2.1334266662597656,39.9376220703125,12.786078453063965,12.786078453063965
actor_critic,n_step,10,,2,261,349.3509454674795,194,0.0412290096282959,8.497944116592407,,,183.31166076660156,28.614486694335938,220.99595642089844,2.1334590911865234,40.34165573120117,13.133646011352539,13.133646011352539
actor_critic,n_step,10,,2,262,341.2304748472237,198,0.04241299629211426,8.540558099746704,,,168.58192443847656,28.939128875732422,199.4897003173828,2.1335289478302,39.70267868041992,12.405665397644043,12.405665397644043
actor_critic,n_step,10,,2,263,358.20946971836565,211,0.046170949935913086,8.5869140625,,,159.6925506591797,24.971248626708984,192.45899963378906,2.133769989013672,39.60539627075195,12.244154930114746,12.244154930114746
actor_critic,n_step,10,,2,264,351.5704460668681,204,0.04480481147766113,8.631947994232178,,,164.53102111816406,24.955629348754883,199.39341735839844,2.1338772773742676,39.848533630371094,12.440422058105469,12.440422058105469
actor_critic,n_step,10,,2,265,353.0822910444502,212,0.04560995101928711,8.677763223648071,,,155.496337890625,24.55634307861328,187.05714416503906,2.1338791847229004,39.43206024169922,11.926953315734863,11.926953315734863
actor_critic,n_step,10,,2,266,333.7633409402029,198,0.04389691352844238,8.72184705734253,,,158.84225463867188,27.162479400634766,188.1139678955078,2.133840322494507,39.58598709106445,12.027886390686035,12.027886390686035
actor_critic,n_step,10,,2,267,359.3050502198408,215,0.0480189323425293,8.770103216171265,,,154.86219787597656,24.5683650970459,186.13406372070312,2.1338775157928467,39.618072509765625,11.982019424438477,11.982019424438477
actor_critic,n_step,10,,2,268,336.1653793939259,192,0.03990817070007324,8.810205221176147,,,173.12008666992188,27.54034423828125,207.9710693359375,2.1338560581207275,40.28125762939453,12.56737995147705,12.56737995147705
actor_critic,n_step,10,,2,269,347.8094935178217,197,0.0397181510925293,8.850119352340698,,,175.84078979492188,28.874046325683594,209.95248413085938,2.133909225463867,40.51348876953125,12.739788055419922,12.739788055419922
actor_critic,n_step,10,,2,270,323.516662509667,177,0.0348050594329834,8.885127305984497,,,186.8079071044922,27.777040481567383,227.1869659423828,2.134023666381836,41.01328659057617,13.14731502532959,13.14731502532959
actor_critic,n_step,10,,2,271,333.5046876666697,190,0.03952193260192871,8.924782037734985,,,172.19017028808594,26.63100242614746,207.94168090820312,2.134114980697632,40.48674392700195,12.561453819274902,12.561453819274902
actor_critic,n_step,10,,2,272,324.0393800809828,179,0.03620791435241699,8.96118712425232,,,182.40994262695312,27.39815902709961,221.44540405273438,2.1341917514801025,40.98390197753906,12.98250675201416,12.98250675201416
actor_critic,n_step,10,,2,273,347.7327751088446,210,0.04169487953186035,9.003100156784058,,,155.2153778076172,27.661073684692383,182.22042846679688,2.1342504024505615,39.79723358154297,11.740675926208496,11.740675926208496
actor_critic,n_step,10,,2,274,323.15450930769254,167,0.03230786323547363,9.035597085952759,,,212.06356811523438,31.454463958740234,258.01300048828125,2.1345016956329346,42.17987060546875,14.03311824798584,14.03311824798584
actor_critic,n_step,10,,2,275,322.4672827394963,184,0.03592705726623535,9.071710348129272,,,172.48402404785156,27.096324920654297,207.69671630859375,2.134850263595581,40.6614990234375,12.446715354919434,12.446715354919434
actor_critic,n_step,10,,2,276,328.53944532034507,186,0.03616023063659668,9.108043193817139,,,174.6725311279297,27.341554641723633,210.4728240966797,2.1352059841156006,40.85807800292969,12.579876899719238,12.579876899719238
actor_critic,n_step,10,,2,277,329.90193284086104,189,0.03687572479248047,9.145107984542847,,,166.3815155029297,23.92647361755371,203.50721740722656,2.1355535984039307,40.747344970703125,12.402029037475586,12.402029037475586
actor_critic,n_step,10,,2,278,351.7223537945449,208,0.040216684341430664,9.185524940490723,,,158.86831665039062,26.761627197265625,188.72384643554688,2.1357150077819824,40.43110656738281,12.015140533447266,12.015140533447266
actor_critic,n_step,10,,2,279,351.770465116599,196,0.03830122947692871,9.224019289016724,,,180.00833129882812,27.67580223083496,217.61790466308594,2.1359214782714844,41.38539505004883,12.905219078063965,12.905219078063965
actor_critic,n_step,10,,2,280,331.0592093551563,190,0.03635001182556152,9.260557174682617,334.65127532369644,1.0731623177774183,169.09295654296875,26.561630249023438,203.61618041992188,2.1361138820648193,40.9147834777832,12.348069190979004,12.348069190979004
actor_critic,n_step,10,,2,281,314.27897065199784,169,0.03281116485595703,9.375500202178955,,,190.64419555664062,27.26744270324707,233.39537048339844,2.136305332183838,41.89955520629883,13.253717422485352,13.253717422485352
actor_critic,n_step,10,,2,282,335.70786280392986,195,0.037734031677246094,9.413395166397095,,,163.7035369873047,25.279098510742188,197.7491912841797,2.1364331245422363,40.880226135253906,12.175196647644043,12.175196647644043
actor_critic,n_step,10,,2,283,329.5031757093034,186,0.03536820411682129,9.448958158493042,,,174.77102661132812,26.281410217285156,212.12802124023438,2.1365084648132324,41.34385299682617,12.562888145446777,12.562888145446777
actor_critic,n_step,10,,2,284,332.66530985735164,196,0.03705024719238281,9.486193180084229,,,160.05999755859375,24.39229393005371,193.81101989746094,2.1365489959716797,40.774654388427734,11.930810928344727,11.930810928344727
actor_critic,n_step,10,,2,285,334.8325489918844,186,0.03554677963256836,9.52190899848938,,,179.78443908691406,26.738065719604492,218.63768005371094,2.1364996433258057,41.73247146606445,12.810029983520508,12.810029983520508
actor_critic,n_step,10,,2,286,327.5466438733328,182,0.03503298759460449,9.55711317062378,,,180.31930541992188,27.185840606689453,218.76210021972656,2.1364285945892334,41.75092697143555,12.765266418457031,12.765266418457031
actor_critic,n_step,10,,2,287,360.313406087099,209,0.040323734283447266,9.597620010375977,,,164.8692169189453,25.476469039916992,199.13250732421875,2.1363637447357178,41.2865104675293,12.249581336975098,12.249581336975098
actor_critic,n_step,10,,2,288,333.61916168147025,202,0.038864850997924805,9.636644124984741,,,152.56857299804688,25.598243713378906,181.3861846923828,2.1362743377685547,40.58609390258789,11.500039100646973,11.500039100646973
actor_critic,n_step,10,,2,289,337.0934693781784,193,0.03693413734436035,9.673766136169434,,,168.84315490722656,25.103052139282227,205.34300231933594,2.1362457275390625,41.51628875732422,12.324281692504883,12.324281692504883
actor_critic,n_step,10,,2,290,348.95770030591723,208,0.03952598571777344,9.713483095169067,,,154.63180541992188,24.434471130371094,185.99620056152344,2.136138439178467,41.02679443359375,11.771221160888672,11.771221160888672
actor_critic,n_step,10,,2,291,319.78289055938313,158,0.031019926071166992,9.744683980941772,,,232.1341552734375,34.28929901123047,282.6355285644531,2.135988235473633,43.93427276611328,14.595227241516113,14.595227241516113
actor_critic,n_step,10,,2,292,363.0331942514253,213,0.04103970527648926,9.785939931869507,,,160.6239776611328,26.183259963989258,192.05816650390625,2.135998010635376,41.433162689208984,12.044161796569824,12.044161796569824
actor_critic,n_step,10,,2,293,361.96484956447796,217,0.0421600341796875,9.828235149383545,,,154.39593505859375,26.26009178161621,183.05120849609375,2.136040449142456,41.165531158447266,11.712440490722656,11.712440490722656
actor_critic,n_step,10,,2,294,350.8005607482259,205,0.03970909118652344,9.868109226226807,,,159.80894470214844,24.033580780029297,193.96481323242188,2.1361961364746094,41.57204818725586,12.035506248474121,12.035506248474121
actor_critic,n_step,10,,2,295,340.8996120346203,190,0.03675436973571777,9.905043363571167,,,176.98794555664062,25.54044532775879,216.35357666015625,2.1361730098724365,42.30317687988281,12.694610595703125,12.694610595703125
actor_critic,n_step,10,,2,296,342.0845786027204,197,0.03966212272644043,9.944857120513916,,,167.54217529296875,26.42382049560547,201.59765625,2.1360397338867188,41.86972427368164,12.189623832702637,12.189623832702637
actor_critic,n_step,10,,2,297,354.96050006258116,206,0.043987274169921875,9.989042282104492,,,165.816650390625,27.66754150390625,197.35586547851562,2.1359519958496094,41.8736572265625,12.12905216217041,12.12905216217041
actor_critic,n_step,10,,2,298,358.6562846226023,220,0.047338008880615234,10.036567211151123,,,143.5699005126953,22.886274337768555,172.40518188476562,2.1359598636627197,41.13920593261719,11.321870803833008,11.321870803833008
actor_critic,n_step,10,,2,299,357.79753183674137,222,0.04944610595703125,10.08624815940857,,,141.77259826660156,23.155824661254883,169.45252990722656,2.135890483856201,41.03125762939453,11.152719497680664,11.152719497680664
actor_critic,n_step,10,,2,300,328.762033309119,210,0.04850912094116211,10.135026216506958,362.73277038932935,1.3553764200795952,134.70492553710938,22.353906631469727,160.50146484375,2.135782241821289,40.57241439819336,10.617838859558105,10.617838859558105
actor_critic,n_step,10,,2,301,341.4404751136917,191,0.041787147521972656,10.28162932395935,,,177.10537719726562,26.622234344482422,214.9759063720703,2.1356618404388428,42.609283447265625,12.585888862609863,12.585888862609863
actor_critic,n_step,10,,2,302,359.57502574532305,210,0.044339895248413086,10.32616114616394,,,162.23826599121094,25.76289176940918,194.96481323242188,2.1355440616607666,42.093963623046875,11.997272491455078,11.997272491455078
actor_critic,n_step,10,,2,303,352.61803251856736,211,0.04471015930175781,10.371124029159546,,,151.7539520263672,24.01209831237793,182.48837280273438,2.1354498863220215,41.75792694091797,11.600337982177734,11.600337982177734
actor_critic,n_step,10,,2,304,269.2032564769045,170,0.037451982498168945,10.40877103805542,,,140.21408081054688,21.021175384521484,170.27557373046875,2.135303258895874,40.627044677734375,10.393024444580078,10.393024444580078
actor_critic,n_step,10,,2,305,327.1464276408234,177,0.0388031005859375,10.447742223739624,,,189.96429443359375,28.125438690185547,231.1983642578125,2.1351239681243896,43.29439926147461,12.981583595275879,12.981583595275879
actor_critic,n_step,10,,2,306,363.94915091443454,220,0.04813408851623535,10.496101140975952,,,151.39634704589844,24.90871810913086,180.6966094970703,2.1349904537200928,41.843406677246094,11.477805137634277,11.477805137634277
actor_critic,n_step,10,,2,307,349.51275090292177,208,0.04608798027038574,10.542381048202515,,,152.52493286132812,23.40302276611328,184.45985412597656,2.1348986625671387,42.072086334228516,11.638518333435059,11.638518333435059
actor_critic,n_step,10,,2,308,346.2404652735595,201,0.04359793663024902,10.586168050765991,,,164.79116821289062,26.827821731567383,197.0904998779297,2.1347320079803467,42.4893798828125,11.976725578308105,11.976725578308105
actor_critic,n_step,10,,2,309,359.4061029725284,218,0.0459139347076416,10.632308006286621,,,149.1592254638672,24.833145141601562,177.6086883544922,2.134645700454712,41.962738037109375,11.38371467590332,11.38371467590332
actor_critic,n_step,10,,2,310,356.62798536944683,222,0.04723191261291504,10.679769039154053,,,138.84771728515625,22.138587951660156,166.7273406982422,2.1346259117126465,41.64441680908203,10.996828079223633,10.996828079223633
actor_critic,n_step,10,,2,311,349.94399639398057,210,0.045361995697021484,10.725328207015991,,,150.64080810546875,23.420368194580078,181.7434844970703,2.134490728378296,42.18639373779297,11.471863746643066,11.471863746643066
actor_critic,n_step,10,,2,312,341.7496055696776,198,0.04299187660217285,10.768566131591797,,,164.2727508544922,26.7425537109375,196.47171020507812,2.1343071460723877,42.733909606933594,11.940247535705566,11.940247535705566
actor_critic,n_step,10,,2,313,353.7048825666618,215,0.04566693305969238,10.814441204071045,,,148.8603973388672,24.902667999267578,177.0824737548828,2.1342525482177734,42.139461517333984,11.295207023620605,11.295207023620605
actor_critic,n_step,10,,2,314,357.771394950431,221,0.04635214805603027,10.86104130744934,,,145.58985900878906,24.75674057006836,172.61874389648438,2.1342697143554688,42.00284194946289,11.076518058776855,11.076518058776855
actor_critic,n_step,10,,2,315,337.05683673449647,203,0.042482852935791016,10.903768062591553,,,153.6396942138672,27.284833908081055,180.50694274902344,2.1343483924865723,42.32291030883789,11.326910018920898,11.326910018920898
actor_critic,n_step,10,,2,316,329.84874032777157,195,0.04101109504699707,10.945009231567383,,,158.80148315429688,25.287227630615234,190.73464965820312,2.134587049484253,42.62331771850586,11.545045852661133,11.545045852661133
actor_critic,n_step,10,,2,317,269.9645723041615,164,0.034101009368896484,10.979284048080444,,,154.0054168701172,25.035186767578125,184.24317932128906,2.1348609924316406,41.9418830871582,10.796189308166504,10.796189308166504
actor_critic,n_step,10,,2,318,335.4610927999321,198,0.04151010513305664,11.020999193191528,,,154.63706970214844,23.009119033813477,188.03993225097656,2.135204792022705,42.781654357910156,11.585216522216797,11.585216522216797
actor_critic,n_step,10,,2,319,330.5953432819248,197,0.040144920349121094,11.0613272190094,,,158.0415496826172,27.704883575439453,186.19525146484375,2.135406255722046,42.68852996826172,11.415887832641602,11.415887832641602
actor_critic,n_step,10,,2,320,237.38271554127607,156,0.03079986572265625,11.092280149459839,314.4512155680849,3.824022551742926,135.32546997070312,19.37790298461914,165.63937377929688,2.1358799934387207,40.814849853515625,9.473104476928711,9.473104476928711
actor_critic,n_step,10,,2,321,243.78404548221033,161,0.03509783744812012,11.213930130004883,,,133.16404724121094,21.058238983154297,160.15115356445312,2.1362717151641846,40.861019134521484,9.460206031799316,9.460206031799316
actor_critic,n_step,10,,2,322,252.21323071934702,158,0.043504953384399414,11.25759220123291,,,147.36434936523438,23.224979400634766,177.34194946289062,2.1366727352142334,41.666770935058594,10.186917304992676,10.186917304992676
actor_critic,n_step,10,,2,323,271.8021599798027,172,0.04233813285827637,11.300121068954468,,,141.3515167236328,22.234800338745117,170.166748046875,2.1371428966522217,41.74371337890625,10.185198783874512,10.185198783874512
actor_critic,n_step,10,,2,324,299.212260845567,174,0.03761696815490723,11.337934255599976,,,162.97775268554688,23.396711349487305,199.4014892578125,2.1376137733459473,43.17155456542969,11.532014846801758,11.532014846801758
actor_critic,n_step,10,,2,325,215.42614174846958,143,0.0917198657989502,11.42982816696167,,,134.13653564453125,17.360742568969727,166.8225555419922,2.13796067237854,40.762046813964844,9.076398849487305,9.076398849487305
actor_critic,n_step,10,,2,326,173.01183401247093,118,0.03774285316467285,11.467936992645264,,,136.92547607421875,19.455333709716797,167.81448364257812,2.1380562782287598,39.94222640991211,8.202817916870117,8.202817916870117
actor_critic,n_step,10,,2,327,320.9111019089842,189,0.04306507110595703,11.511248111724854,,,159.1402587890625,25.219894409179688,191.3148193359375,2.1382393836975098,43.282806396484375,11.450004577636719,11.450004577636719
actor_critic,n_step,10,,2,328,332.6490511532681,199,0.11434483528137207,11.625762224197388,,,149.84664916992188,22.010906219482422,182.6224822998047,2.1384449005126953,43.176002502441406,11.278070449829102,11.278070449829102
actor_critic,n_step,10,,2,329,292.1304976266298,183,0.051640987396240234,11.677581071853638,,,142.2727813720703,23.126266479492188,170.2093048095703,2.138519287109375,42.35858917236328,10.39688491821289,10.39688491821289
actor_critic,n_step,10,,2,330,230.0769083982127,157,0.03529810905456543,11.713057041168213,,,129.66815185546875,20.240312576293945,156.3254852294922,2.1386373043060303,40.86967086791992,8.839436531066895,8.839436531066895
actor_critic,n_step,10,,2,331,326.5582890704713,195,0.04193592071533203,11.7552011013031,,,153.16676330566406,23.25701332092285,185.58534240722656,2.138842821121216,43.3483772277832,11.235358238220215,11.235358238220215
actor_critic,n_step,10,,2,332,236.455465950084,160,0.033818960189819336,11.789226055145264,,,132.1488037109375,19.11197853088379,161.48118591308594,2.138988494873047,41.1510124206543,8.985602378845215,8.985602378845215
actor_critic,n_step,10,,2,333,338.04562658820026,198,0.04695391654968262,11.836371183395386,,,162.38035583496094,26.5184268951416,194.0884552001953,2.1391184329986572,43.80807113647461,11.559657096862793,11.559657096862793
actor_critic,n_step,10,,2,334,336.39190456373683,203,0.04475522041320801,11.881354093551636,,,151.00392150878906,25.735177993774414,178.95535278320312,2.139320135116577,43.41898727416992,11.108931541442871,11.108931541442871
actor_critic,n_step,10,,2,335,249.68951273260225,163,0.03537321090698242,11.916948080062866,,,137.41146850585938,21.36781883239746,165.77664184570312,2.1397347450256348,41.87873077392578,9.498085975646973,9.498085975646973
actor_critic,n_step,10,,2,336,341.09361728346613,206,0.04378080368041992,11.960899114608765,,,149.33372497558594,24.16524887084961,178.81210327148438,2.1401898860931396,43.561126708984375,11.110123634338379,11.110123634338379
actor_critic,n_step,10,,2,337,335.23237298888824,206,0.045562028884887695,12.006691217422485,,,142.13818359375,21.601970672607422,172.19459533691406,2.1406424045562744,43.344905853271484,10.822020530700684,10.822020530700684
actor_critic,n_step,10,,2,338,337.5002115462655,208,0.05479717254638672,12.061764240264893,,,142.8740234375,22.165969848632812,172.44007873535156,2.1409454345703125,43.3760986328125,10.781740188598633,10.781740188598633
actor_critic,n_step,10,,2,339,349.24429969497965,215,0.0507051944732666,12.112690210342407,,,141.83761596679688,22.23305892944336,170.86366271972656,2.1411266326904297,43.50040817260742,10.841243743896484,10.841243743896484
actor_critic,n_step,10,,2,340,332.9581761151148,204,0.04391002655029297,12.156838178634644,354.89126948186885,1.14801339225314,146.05247497558594,23.351863861083984,175.28659057617188,2.1412410736083984,43.554443359375,10.817398071289062,10.817398071289062
actor_critic,n_step,10,,2,341,343.658788151841,207,0.04159903526306152,12.303566217422485,,,151.21141052246094,24.940610885620117,180.38685607910156,2.141357660293579,43.90065002441406,11.10379409790039,11.10379409790039
actor_critic,n_step,10,,2,342,355.08742058673937,217,0.06316471099853516,12.366891145706177,,,143.235107421875,22.083282470703125,173.07403564453125,2.141542434692383,43.80636215209961,10.939906120300293,10.939906120300293
actor_critic,n_step,10,,2,343,348.8104054314196,216,0.05424189567565918,12.421324014663696,,,144.04885864257812,24.633010864257812,170.5940704345703,2.141620397567749,43.65919876098633,10.71908950805664,10.71908950805664
actor_critic,n_step,10,,2,344,333.9367742235304,200,0.06810975074768066,12.489622116088867,,,151.8736114501953,23.7360782623291,183.05361938476562,2.141864776611328,44.116207122802734,11.105774879455566,11.105774879455566
actor_critic,n_step,10,,2,345,338.47626774009797,203,0.04220104217529297,12.532037258148193,,,149.6061553955078,22.605682373046875,181.4292449951172,2.142087936401367,44.17521286010742,11.100374221801758,11.100374221801758
actor_critic,n_step,10,,2,346,339.40427820494904,202,0.042970895767211914,12.575180053710938,,,153.44825744628906,24.454477310180664,184.27682495117188,2.1421966552734375,44.352027893066406,11.212718963623047,11.212718963623047
actor_critic,n_step,10,,2,347,347.3765724945045,200,0.042932987213134766,12.618306159973145,,,163.30209350585938,25.117080688476562,197.40716552734375,2.1423301696777344,44.92695617675781,11.719554901123047,11.719554901123047
actor_critic,n_step,10,,2,348,357.2391344597577,230,0.04708290100097656,12.665587186813354,,,130.251220703125,22.58881378173828,153.80345153808594,2.142455816268921,43.45878982543945,10.177887916564941,10.177887916564941
actor_critic,n_step,10,,2,349,349.32799122047476,213,0.042063236236572266,12.707844257354736,,,145.0707244873047,22.34007453918457,175.32949829101562,2.142627716064453,44.232147216796875,10.88219165802002,10.88219165802002
actor_critic,n_step,10,,2,350,338.5652627982517,190,0.037641048431396484,12.74563717842102,,,172.55426025390625,25.968318939208984,209.40847778320312,2.142721652984619,45.44590377807617,12.024398803710938,12.024398803710938
actor_critic,n_step,10,,2,351,367.53165222793353,233,0.045119285583496094,12.790931940078735,,,133.85244750976562,22.30912971496582,159.34759521484375,2.1428186893463135,43.888118743896484,10.407870292663574,10.407870292663574
actor_critic,n_step,10,,2,352,335.25374144037625,200,0.04147601127624512,12.832602262496948,,,151.87069702148438,22.843421936035156,184.32469177246094,2.1429131031036377,44.649234771728516,11.094477653503418,11.094477653503418
actor_critic,n_step,10,,2,353,317.9473788106699,177,0.03913283348083496,12.871948003768921,,,176.53369140625,25.606704711914062,215.6099853515625,2.142940044403076,45.63626480102539,12.006643295288086,12.006643295288086
actor_critic,n_step,10,,2,354,348.0583929017556,214,0.04557228088378906,12.91774320602417,,,142.2230224609375,22.019311904907227,171.71958923339844,2.14296293258667,44.401466369628906,10.712874412536621,10.712874412536621
actor_critic,n_step,10,,2,355,349.6798364278297,205,0.0466008186340332,12.964548110961914,,,156.97723388671875,24.303760528564453,189.53353881835938,2.1429085731506348,45.14908218383789,11.387762069702148,11.387762069702148
actor_critic,n_step,10,,2,356,345.477173266956,205,0.046688079833984375,13.011576175689697,,,152.88888549804688,23.408523559570312,184.97195434570312,2.1428582668304443,45.018070220947266,11.181721687316895,11.181721687316895
actor_critic,n_step,10,,2,357,339.3707993849711,199,0.03975987434387207,13.05151104927063,,,160.3928680419922,27.560806274414062,189.7600860595703,2.1427860260009766,45.2106819152832,11.317343711853027,11.317343711853027
actor_critic,n_step,10,,2,358,342.46058934894785,206,0.042852163314819336,13.094532251358032,,,149.78114318847656,23.896602630615234,179.83505249023438,2.1429412364959717,44.91868591308594,10.953147888183594,10.953147888183594
actor_critic,n_step,10,,2,359,322.51988706554494,177,0.05005311965942383,13.144761085510254,,,180.9879150390625,25.371078491210938,222.3097686767578,2.1431162357330322,46.23556137084961,12.190643310546875,12.190643310546875
actor_critic,n_step,10,,2,360,315.88337913298204,186,0.04699516296386719,13.19196629524231,341.5018960409456,0.5184728328796911,160.04095458984375,26.767744064331055,190.3903045654297,2.143226385116577,45.20024871826172,11.0927734375,11.0927734375
actor_critic,n_step,10,,2,361,358.0602488416218,219,0.046617984771728516,13.338966131210327,,,145.1145477294922,22.723264694213867,174.84469604492188,2.1434473991394043,44.93515396118164,10.765531539916992,10.765531539916992
actor_critic,n_step,10,,2,362,335.5529435210649,192,0.039663076400756836,13.378809213638306,,,166.5563201904297,26.618825912475586,199.9107208251953,2.143636703491211,45.84822463989258,11.606694221496582,11.606694221496582
actor_critic,n_step,10,,2,363,331.7002277690173,186,0.03600621223449707,13.414994239807129,,,174.33786010742188,27.396156311035156,209.9167022705078,2.1439568996429443,46.18989562988281,11.879074096679688,11.879074096679688
actor_critic,n_step,10,,2,364,328.897830418979,196,0.04145407676696777,13.456622123718262,,,154.3294677734375,24.02483558654785,186.14947509765625,2.14436674118042,45.33893585205078,10.954728126525879,10.954728126525879
actor_critic,n_step,10,,2,365,349.47299595157773,211,0.0455019474029541,13.502317190170288,,,148.65260314941406,24.234771728515625,177.73976135253906,2.144779682159424,45.309783935546875,10.864123344421387,10.864123344421387
actor_critic,n_step,10,,2,366,338.536760629501,198,0.04007101058959961,13.542549133300781,,,158.725830078125,22.67868995666504,194.35305786132812,2.1452276706695557,45.78034210205078,11.263163566589355,11.263163566589355
actor_critic,n_step,10,,2,367,317.34468973882616,182,0.03585004806518555,13.578580141067505,,,166.26156616210938,25.49062728881836,201.10134887695312,2.1455724239349365,45.999786376953125,11.418370246887207,11.418370246887207
actor_critic,n_step,10,,2,368,323.22509899327645,191,0.037081241607666016,13.615848302841187,,,155.16464233398438,22.959596633911133,188.86436462402344,2.1459176540374756,45.66215896606445,11.006632804870605,11.006632804870605
actor_critic,n_step,10,,2,369,327.33184782864816,189,0.03695082664489746,13.652989149093628,,,163.0359649658203,23.57993507385254,199.22288513183594,2.1461925506591797,46.07191848754883,11.350160598754883,11.350160598754883
actor_critic,n_step,10,,2,370,333.50532338061646,198,0.038411617279052734,13.691571950912476,,,154.13885498046875,24.090614318847656,185.783203125,2.1463961601257324,45.76656723022461,10.973297119140625,10.973297119140625
actor_critic,n_step,10,,2,371,348.37615783445693,209,0.04050183296203613,13.732259035110474,,,148.6866912841797,21.93758773803711,181.07015991210938,2.146608591079712,45.75807571411133,10.902152061462402,10.902152061462402
actor_critic,n_step,10,,2,372,327.03546930123446,186,0.036170005798339844,13.768580198287964,,,168.856201171875,25.098079681396484,205.36874389648438,2.1467013359069824,46.47834777832031,11.543644905090332,11.543644905090332
actor_critic,n_step,10,,2,373,349.21839573524517,207,0.04011893272399902,13.808853149414062,,,154.2678985595703,23.82843589782715,186.34210205078125,2.1468067169189453,46.05131149291992,11.055072784423828,11.055072784423828
actor_critic,n_step,10,,2,374,335.45241368445977,189,0.03671693801879883,13.845739126205444,,,170.047119140625,25.432109832763672,206.59286499023438,2.1469132900238037,46.78096008300781,11.72026252746582,11.72026252746582
actor_critic,n_step,10,,2,375,326.614535353083,168,0.03273415565490723,13.878632307052612,,,206.61282348632812,27.616310119628906,255.7093048095703,2.1470303535461426,48.22565460205078,13.084806442260742,13.084806442260742
actor_critic,n_step,10,,2,376,343.1347175013383,207,0.03958296775817871,13.91833233833313,,,150.2268524169922,23.838808059692383,180.55435180664062,2.1471152305603027,45.94126510620117,10.739179611206055,10.739179611206055
actor_critic,n_step,10,,2,377,345.2836555361607,191,0.03667712211608887,13.955175161361694,,,176.3480987548828,25.03889274597168,216.156005859375,2.1472439765930176,47.282493591308594,12.017749786376953,12.017749786376953
actor_critic,n_step,10,,2,378,335.0743014159915,183,0.03541827201843262,13.99074935913086,,,181.36683654785156,24.894607543945312,223.53176879882812,2.1473231315612793,47.49195098876953,12.151959419250488,12.151959419250488
actor_critic,n_step,10,,2,379,384.5418933184221,232,0.048749685287475586,14.03966999053955,,,145.02120971679688,21.962100982666016,175.79873657226562,2.14731764793396,46.29561233520508,10.903398513793945,10.903398513793945
actor_critic,n_step,10,,2,380,340.1128722000268,182,0.043814897537231445,14.083647012710571,357.86534228833693,1.8932711288710786,188.6771697998047,25.688295364379883,232.8412628173828,2.1472628116607666,47.93680953979492,12.479789733886719,12.479789733886719
actor_critic,n_step,10,,2,381,337.88029631834513,195,0.048546791076660156,14.244554996490479,,,162.95957946777344,25.141756057739258,196.8826141357422,2.147134780883789,46.85177230834961,11.302392959594727,11.302392959594727
actor_critic,n_step,10,,2,382,359.3616847948216,210,0.05417490005493164,14.298923015594482,,,158.8147735595703,25.241792678833008,190.8185577392578,2.1470682621002197,46.83298873901367,11.22596263885498,11.22596263885498
actor_critic,n_step,10,,2,383,340.09087907047615,192,0.05635261535644531,14.355605125427246,,,169.29566955566406,26.685548782348633,203.728759765625,2.147094488143921,47.29609680175781,11.62004566192627,11.62004566192627
actor_critic,n_step,10,,2,384,337.19203928059636,191,0.04888010025024414,14.404702186584473,,,169.23977661132812,25.507694244384766,205.33155822753906,2.147188901901245,47.28807067871094,11.549410820007324,11.549410820007324
actor_critic,n_step,10,,2,385,369.5614279730963,217,0.05426931381225586,14.459368228912354,,,154.86766052246094,23.567678451538086,187.5714111328125,2.147324323654175,46.97770690917969,11.176605224609375,11.176605224609375
actor_critic,n_step,10,,2,386,342.74393085788324,180,0.04656195640563965,14.506131172180176,,,200.76336669921875,31.386314392089844,241.96722412109375,2.1474194526672363,48.61897659301758,12.732177734375,12.732177734375
actor_critic,n_step,10,,2,387,339.4940315283101,179,0.046694278717041016,14.55326533317566,,,194.49649047851562,26.358667373657227,240.19688415527344,2.147686004638672,48.599365234375,12.643811225891113,12.643811225891113
actor_critic,n_step,10,,2,388,354.8925675204494,198,0.053672075271606445,14.607131242752075,,,172.00860595703125,23.921348571777344,211.55322265625,2.147859573364258,47.84684753417969,11.829899787902832,11.829899787902832
actor_critic,n_step,10,,2,389,358.4139960259917,202,0.05085611343383789,14.658198118209839,,,167.712158203125,24.176469802856445,205.0509796142578,2.1479110717773438,47.775150299072266,11.69074535369873,11.69074535369873
actor_critic,n_step,10,,2,390,206.580331425855,132,0.0349271297454834,14.69514012336731,,,150.2091522216797,18.142499923706055,188.66665649414062,2.147899627685547,44.84669876098633,8.71534538269043,8.71534538269043
actor_critic,n_step,10,,2,391,342.6914936411271,187,0.04655599594116211,14.741917133331299,,,180.87147521972656,25.415164947509766,222.0804443359375,2.1478617191314697,48.29635238647461,12.075135231018066,12.075135231018066
actor_critic,n_step,10,,2,392,209.75057544487308,139,0.03170490264892578,14.773810148239136,,,140.12677001953125,17.777002334594727,174.78538513183594,2.147799491882324,44.558433532714844,8.303071022033691,8.303071022033691
actor_critic,n_step,10,,2,393,247.30891082324058,149,0.03364300727844238,14.807738065719604,,,158.11904907226562,20.493741989135742,196.60757446289062,2.1477434635162354,46.26118087768555,9.909948348999023,9.909948348999023
actor_critic,n_step,10,,2,394,223.51164474503307,145,0.03210592269897461,14.84000825881958,,,145.33836364746094,19.17277717590332,180.23655700683594,2.1476662158966064,45.094696044921875,8.696508407592773,8.696508407592773
actor_critic,n_step,10,,2,395,200.57393464561494,132,0.02834177017211914,14.868617057800293,,,142.1137237548828,16.3138484954834,179.714111328125,2.147634506225586,44.6732177734375,8.21058177947998,8.21058177947998
actor_critic,n_step,10,,2,396,249.6024411643575,163,0.03874611854553223,14.907527208328247,,,137.66500854492188,18.819185256958008,169.7797393798828,2.147461175918579,45.40603256225586,8.86275577545166,8.86275577545166
actor_critic,n_step,10,,2,397,161.88828189347632,107,0.024922847747802734,14.93260908126831,,,149.85447692871094,13.93940544128418,194.16439819335938,2.147289276123047,44.05176544189453,7.464552879333496,7.464552879333496
actor_critic,n_step,10,,2,398,220.42383045972915,143,0.032086849212646484,14.964874982833862,,,142.8097381591797,17.544923782348633,178.94973754882812,2.147002935409546,45.282997131347656,8.608288764953613,8.608288764953613
actor_critic,n_step,10,,2,399,194.1869231812975,126,0.026900053024291992,14.991947174072266,,,150.33494567871094,15.343777656555176,192.8445281982422,2.1467018127441406,44.99243927001953,8.247374534606934,8.247374534606934
actor_critic,n_step,10,,2,400,164.39435091372073,103,0.024290800094604492,15.01645803451538,165.61857697402445,2.469164225502368,160.00210571289062,15.416892051696777,206.55030822753906,2.146336793899536,44.907752990722656,8.10600757598877,8.10600757598877
actor_critic,n_step,10,,2,401,145.04665885677733,95,0.021831989288330078,15.088059186935425,,,160.31932067871094,16.365463256835938,205.6483612060547,2.1459157466888428,43.967979431152344,7.122920989990234,7.122920989990234
actor_critic,n_step,10,,2,402,194.95770264194297,123,0.02993178367614746,15.118153095245361,,,157.44580078125,16.55675506591797,201.2700653076172,2.1456124782562256,45.511260986328125,8.556317329406738,8.556317329406738
actor_critic,n_step,10,,2,403,162.77464869662472,105,0.02889227867126465,15.147237300872803,,,155.44424438476562,15.227027893066406,200.310302734375,2.1452481746673584,44.69330978393555,7.689537525177002,7.689537525177002
actor_critic,n_step,10,,2,404,168.48212623443277,108,0.03611111640930176,15.183579206466675,,,157.4032440185547,16.516952514648438,201.26614379882812,2.1448419094085693,44.94902038574219,7.867627143859863,7.867627143859863
actor_critic,n_step,10,,2,405,223.36734813732,143,0.06714892387390137,15.251025199890137,,,147.24049377441406,16.91984748840332,186.17234802246094,2.144463300704956,45.89838409423828,8.733134269714355,8.733134269714355
actor_critic,n_step,10,,2,406,199.65237544648795,128,0.040621042251586914,15.291812181472778,,,149.8985595703125,18.548681259155273,187.6427001953125,2.1440160274505615,45.6051139831543,8.39297103881836,8.39297103881836
actor_critic,n_step,10,,2,407,219.25000054657127,146,0.04336881637573242,15.335371017456055,,,137.63821411132812,18.166107177734375,170.6744384765625,2.143643379211426,45.470149993896484,8.187529563903809,8.187529563903809
actor_critic,n_step,10,,2,408,250.23728415507642,158,0.04602193832397461,15.381612062454224,,,146.75460815429688,18.08666229248047,183.81137084960938,2.143336772918701,46.53511047363281,9.160764694213867,9.160764694213867
actor_critic,n_step,10,,2,409,297.83753582714786,182,0.05103731155395508,15.4328932762146,,,144.84744262695312,20.197986602783203,178.07066345214844,2.1429784297943115,47.41192626953125,9.96975326538086,9.96975326538086
actor_critic,n_step,10,,2,410,264.507804864647,168,0.0577700138092041,15.490962266921997,,,142.8876953125,19.457868576049805,176.32833862304688,2.142589807510376,46.7066764831543,9.19640827178955,9.19640827178955
actor_critic,n_step,10,,2,411,219.7077473290129,142,0.04525017738342285,15.536478281021118,,,144.69053649902344,18.03340721130371,180.93875122070312,2.142221689224243,46.07503890991211,8.508858680725098,8.508858680725098
actor_critic,n_step,10,,2,412,266.9342402660868,170,0.04704713821411133,15.583718299865723,,,141.03343200683594,19.764251708984375,173.24168395996094,2.1418802738189697,46.80152130126953,9.159261703491211,9.159261703491211
actor_critic,n_step,10,,2,413,330.69271986494834,192,0.05395007133483887,15.637882232666016,,,161.68850708007812,23.65677833557129,197.1881866455078,2.1415953636169434,48.587493896484375,10.863883972167969,10.863883972167969
actor_critic,n_step,10,,2,414,279.72308007691623,171,0.05572199821472168,15.693794012069702,,,150.96017456054688,22.056947708129883,184.14747619628906,2.1413516998291016,47.561866760253906,9.775032997131348,9.775032997131348
actor_critic,n_step,10,,2,415,358.98115510118384,216,0.08562803268432617,15.77961015701294,,,148.1336212158203,22.33819580078125,179.70774841308594,2.1411876678466797,48.342655181884766,10.487019538879395,10.487019538879395
actor_critic,n_step,10,,2,416,362.17753070495957,207,0.0588529109954834,15.838677167892456,,,162.36219787597656,22.512208938598633,199.78570556640625,2.1410374641418457,49.16758346557617,11.240134239196777,11.240134239196777
actor_critic,n_step,10,,2,417,347.4349716600651,200,0.048831939697265625,15.88766622543335,,,160.787841796875,22.000293731689453,198.2679443359375,2.1408286094665527,49.040470123291016,11.047768592834473,11.047768592834473
actor_critic,n_step,10,,2,418,341.5951801147599,197,0.04585409164428711,15.933659315109253,,,160.47296142578125,21.468046188354492,198.5784454345703,2.1405067443847656,49.03732681274414,10.974638938903809,10.974638938903809
actor_critic,n_step,10,,2,419,340.5705211816527,200,0.044182777404785156,15.977993965148926,,,156.39002990722656,24.071895599365234,189.02589416503906,2.1400508880615234,48.82420349121094,10.699694633483887,10.699694633483887
actor_critic,n_step,10,,2,420,364.18300689127176,212,0.05480337142944336,16.032958269119263,366.650888509389,1.0679599727893583,155.76107788085938,22.918880462646484,189.77456665039062,2.139702081680298,49.140106201171875,10.947250366210938,10.947250366210938
actor_critic,n_step,10,,2,421,363.266894849583,216,0.04775500297546387,16.271240234375,,,150.35655212402344,22.024459838867188,183.33155822753906,2.1393566131591797,48.88785934448242,10.624648094177246,10.624648094177246
actor_critic,n_step,10,,2,422,371.015384979592,221,0.04898214340209961,16.32041025161743,,,150.13613891601562,22.98760986328125,181.64076232910156,2.139009475708008,48.95698547363281,10.628026962280273,10.628026962280273
actor_critic,n_step,10,,2,423,366.9690749022357,207,0.053711891174316406,16.374316215515137,,,168.00909423828125,23.66871452331543,206.20054626464844,2.1387133598327637,49.7945671081543,11.393953323364258,11.393953323364258
actor_critic,n_step,10,,2,424,367.7650951952684,207,0.05334115028381348,16.427870273590088,,,169.5433349609375,25.067562103271484,206.39395141601562,2.1384124755859375,49.89055252075195,11.426111221313477,11.426111221313477
actor_critic,n_step,10,,2,425,380.95819886858993,223,0.05139923095703125,16.479583024978638,,,155.3441162109375,22.954565048217773,189.12794494628906,2.1381759643554688,49.42658615112305,10.900907516479492,10.900907516479492
actor_critic,n_step,10,,2,426,368.0527236718302,214,0.04801011085510254,16.52778434753418,,,157.7635498046875,24.227548599243164,190.7657012939453,2.1379470825195312,49.52061462402344,10.924503326416016,10.924503326416016
actor_critic,n_step,10,,2,427,387.01559348497443,227,0.05399203300476074,16.582110166549683,,,153.9737091064453,22.649301528930664,187.60629272460938,2.1378140449523926,49.53879928588867,10.874690055847168,10.874690055847168
actor_critic,n_step,10,,2,428,390.95268893458626,226,0.0593719482421875,16.641643047332764,,,159.926513671875,24.657926559448242,193.2408447265625,2.137651205062866,49.82802200317383,11.096652030944824,11.096652030944824
actor_critic,n_step,10,,2,429,403.68617229057674,240,0.06020784378051758,16.702041149139404,,,149.41236877441406,22.670509338378906,181.05979919433594,2.137585163116455,49.51707077026367,10.735106468200684,10.735106468200684
actor_critic,n_step,10,,2,430,382.6796178351541,223,0.049571990966796875,16.751789093017578,,,158.6696319580078,25.35781478881836,190.44544982910156,2.1375138759613037,49.792057037353516,10.92676067352295,10.92676067352295
actor_critic,n_step,10,,2,431,408.37520040207426,242,0.052231788635253906,16.804224014282227,,,151.1396942138672,22.23777198791504,184.14559936523438,2.137575149536133,49.71399688720703,10.786802291870117,10.786802291870117
actor_critic,n_step,10,,2,432,397.95196221445514,225,0.05260896682739258,16.857086181640625,,,170.96835327148438,25.82731819152832,207.34434509277344,2.1375808715820312,50.4113883972168,11.425457000732422,11.425457000732422
actor_critic,n_step,10,,2,433,406.09836713530655,237,0.05014514923095703,16.907453298568726,,,157.58840942382812,23.238636016845703,191.92825317382812,2.137671947479248,50.03129196166992,10.981051445007324,10.981051445007324
actor_critic,n_step,10,,2,434,401.7852152737066,232,0.05127406120300293,16.9589262008667,,,161.12513732910156,24.08900260925293,195.7659149169922,2.1377415657043457,50.24111557006836,11.11068344116211,11.11068344116211
actor_critic,n_step,10,,2,435,413.9093461707815,251,0.08750009536743164,17.046622276306152,,,145.0934295654297,23.266965866088867,174.03781127929688,2.137836217880249,49.62746810913086,10.437641143798828,10.437641143798828
actor_critic,n_step,10,,2,436,259.4225333790133,175,0.03890419006347656,17.0857253074646,,,127.47106170654297,15.7219820022583,159.64154052734375,2.1380178928375244,47.4034309387207,8.145366668701172,8.145366668701172
actor_critic,n_step,10,,2,437,394.914731949864,224,0.047662973403930664,17.1336030960083,,,166.9542694091797,23.562223434448242,204.8457794189453,2.1380996704101562,50.65237808227539,11.319169998168945,11.319169998168945
actor_critic,n_step,10,,2,438,418.412678061602,244,0.04961681365966797,17.183407068252563,,,157.5644073486328,24.217660903930664,190.49534606933594,2.1381337642669678,50.362815856933594,11.000544548034668,11.000544548034668
actor_critic,n_step,10,,2,439,400.2066922624277,236,0.0503239631652832,17.23388910293579,,,152.3435821533203,22.90188217163086,184.91671752929688,2.138195037841797,50.224700927734375,10.752401351928711,10.752401351928711
actor_critic,n_step,10,,2,440,287.5650505648973,191,0.03990292549133301,17.273993968963623,430.1287282939511,0.7684136197729711,128.9040069580078,16.583276748657227,160.45819091796875,2.1382486820220947,48.052528381347656,8.513834953308105,8.513834953308105
actor_critic,n_step,10,,2,441,413.5215134681989,237,0.04713296890258789,17.433563232421875,,,161.2335205078125,24.826852798461914,194.8666534423828,2.1381993293762207,50.761600494384766,11.207874298095703,11.207874298095703
actor_critic,n_step,10,,2,442,417.1002338713456,242,0.04860496520996094,17.482352256774902,,,150.8921661376953,21.640623092651367,184.6450653076172,2.138201951980591,50.59049987792969,11.040154457092285,11.040154457092285
actor_critic,n_step,10,,2,443,283.36278643538446,190,0.03910994529724121,17.521636247634888,,,127.22830200195312,17.410676956176758,156.88232421875,2.1380348205566406,48.08720016479492,8.350064277648926,8.350064277648926
actor_critic,n_step,10,,2,444,407.38564710761744,236,0.04725503921508789,17.56903910636902,,,156.49600219726562,25.191038131713867,187.57852172851562,2.1378324031829834,50.7304801940918,11.000136375427246,11.000136375427246
actor_critic,n_step,10,,2,445,421.21701788614484,245,0.04801797866821289,17.617231130599976,,,155.6023712158203,23.13389015197754,189.24069213867188,2.13773512840271,50.8031005859375,10.986322402954102,10.986322402954102
actor_critic,n_step,10,,2,446,402.72024473544474,229,0.0444331169128418,17.661851167678833,,,159.96804809570312,23.23773956298828,195.3290252685547,2.137622833251953,51.100059509277344,11.235865592956543,11.235865592956543
actor_critic,n_step,10,,2,447,415.92941506895085,241,0.0475771427154541,17.70959210395813,,,155.29705810546875,24.05994987487793,187.48158264160156,2.1374778747558594,50.92864227294922,11.00409984588623,11.00409984588623
actor_critic,n_step,10,,2,448,407.7379847315857,234,0.04648113250732422,17.75625228881836,,,162.98997497558594,26.515188217163086,194.9639892578125,2.1373791694641113,51.11622619628906,11.100940704345703,11.100940704345703
actor_critic,n_step,10,,2,449,407.33850573801436,228,0.04458904266357422,17.8010151386261,,,168.54937744140625,23.130693435668945,207.74098205566406,2.137523651123047,51.48640823364258,11.47521686553955,11.47521686553955
actor_critic,n_step,10,,2,450,394.0530488138034,216,0.042240142822265625,17.843420267105103,,,162.54713439941406,25.01875877380371,196.4691162109375,2.1375904083251953,51.54036331176758,11.757233619689941,11.757233619689941
actor_critic,n_step,10,,2,451,409.5099487996971,229,0.04426717758178711,17.887866258621216,,,159.06932067871094,24.79536247253418,191.81993103027344,2.1376476287841797,51.40972137451172,11.50628662109375,11.50628662109375
actor_critic,n_step,10,,2,452,401.18180353774414,225,0.04353690147399902,17.931563138961792,,,159.0072021484375,26.023725509643555,189.9763946533203,2.137718677520752,51.52141571044922,11.404518127441406,11.404518127441406
actor_critic,n_step,10,,2,453,393.78274892911435,211,0.04099774360656738,17.972710132598877,,,175.18658447265625,25.274953842163086,214.15948486328125,2.137840747833252,51.831668853759766,12.116264343261719,12.116264343261719
actor_critic,n_step,10,,2,454,395.93818518005077,219,0.042500972747802734,18.01537322998047,,,166.94308471679688,24.606151580810547,203.33847045898438,2.1379165649414062,51.81875991821289,11.568647384643555,11.568647384643555
actor_critic,n_step,10,,2,455,411.45026655322687,236,0.0456390380859375,18.06117820739746,,,132.90261840820312,24.39582061767578,155.00970458984375,2.137983560562134,50.57065963745117,11.1739501953125,11.1739501953125
actor_critic,n_step,10,,2,456,398.84495246325025,219,0.042962074279785156,18.104316234588623,,,161.1057586669922,25.289730072021484,194.02288818359375,2.138090133666992,50.0867919921875,11.885849952697754,11.885849952697754
actor_critic,n_step,10,,2,457,391.2988109714132,208,0.03989601135253906,18.144403219223022,,,164.14788818359375,26.416406631469727,196.75924682617188,2.1381852626800537,51.008304595947266,12.312479019165039,12.312479019165039
actor_critic,n_step,10,,2,458,400.16885501044044,223,0.04329109191894531,18.187881231307983,,,159.00592041015625,23.497703552246094,193.58319091796875,2.1382787227630615,50.31377029418945,11.61339282989502,11.61339282989502
actor_critic,n_step,10,,2,459,395.5789251664368,214,0.042266845703125,18.230355978012085,,,161.87278747558594,23.166650772094727,198.151611328125,2.138309955596924,50.87932205200195,12.029769897460938,12.029769897460938
actor_critic,n_step,10,,2,460,396.1868747547934,209,0.04030489921569824,18.270862102508545,408.7047556082962,2.0305710613441668,263.68572998046875,28.703462600708008,335.68896484375,2.1381890773773193,51.11174011230469,12.452520370483398,12.452520370483398
actor_critic,n_step,10,,2,461,394.80578978670724,205,0.03968501091003418,18.406569242477417,,,190.12535095214844,29.10347557067871,230.03126525878906,2.138122081756592,52.363182067871094,12.59093952178955,12.59093952178955
actor_critic,n_step,10,,2,462,393.41129043786714,210,0.04052114486694336,18.4472713470459,,,173.23623657226562,27.607460021972656,208.0410919189453,2.1381449699401855,52.40671157836914,12.086286544799805,12.086286544799805
actor_critic,n_step,10,,2,463,409.9314956098074,231,0.04463005065917969,18.492082357406616,,,150.4169921875,23.939496994018555,180.68214416503906,2.1382477283477783,50.91130447387695,11.393733024597168,11.393733024597168
actor_critic,n_step,10,,2,464,394.38227931898774,205,0.03913092613220215,18.531371116638184,,,199.40000915527344,27.399580001831055,245.71490478515625,2.1383190155029297,52.832584381103516,12.518543243408203,12.518543243408203
actor_critic,n_step,10,,2,465,388.99342771287945,208,0.040451765060424805,18.572010040283203,,,175.31082153320312,25.58207130432129,213.89820861816406,2.138420581817627,52.00889587402344,12.063251495361328,12.063251495361328
actor_critic,n_step,10,,2,466,401.4646117376425,221,0.04347968101501465,18.6157009601593,,,154.0775604248047,24.870590209960938,184.58139038085938,2.138500690460205,51.986000061035156,11.633892059326172,11.633892059326172
actor_critic,n_step,10,,2,467,383.36246289951913,210,0.04174017906188965,18.657625198364258,,,165.59674072265625,24.424795150756836,201.67422485351562,2.1385762691497803,52.51164245605469,11.558247566223145,11.558247566223145
actor_critic,n_step,10,,2,468,404.12023788075527,221,0.04349398612976074,18.701297283172607,,,186.49916076660156,25.84050941467285,229.51235961914062,2.1386337280273438,52.54880142211914,11.691865921020508,11.691865921020508
actor_critic,n_step,10,,2,469,405.6830911801109,226,0.11623001098632812,18.81770610809326,,,156.72483825683594,22.50497055053711,191.74267578125,2.138713836669922,52.3717041015625,11.401016235351562,11.401016235351562
actor_critic,n_step,10,,2,470,392.8071685400757,207,0.04160308837890625,18.859524250030518,,,191.68075561523438,26.334625244140625,236.20877075195312,2.1386454105377197,53.12144470214844,12.217733383178711,12.217733383178711
actor_critic,n_step,10,,2,471,391.6942966211101,212,0.04224109649658203,18.901952028274536,,,175.9371337890625,26.06450080871582,214.103759765625,2.138601541519165,52.629608154296875,11.78825855255127,11.78825855255127
actor_critic,n_step,10,,2,472,370.5980240073374,182,0.03576493263244629,18.93790316581726,,,230.63446044921875,29.32674217224121,287.58245849609375,2.1386170387268066,54.45439147949219,13.22116470336914,13.22116470336914
actor_critic,n_step,10,,2,473,401.82566028938857,218,0.043112993240356445,18.98119616508484,,,178.58761596679688,24.06194305419922,220.75094604492188,2.1386618614196777,53.04986572265625,11.75423812866211,11.75423812866211
actor_critic,n_step,10,,2,474,390.9784956935101,213,0.04170703887939453,19.023092031478882,,,177.59585571289062,24.16454315185547,219.18760681152344,2.1386454105377197,53.04987335205078,11.618571281433105,11.618571281433105
actor_critic,n_step,10,,2,475,364.418041930888,188,0.03736305236816406,19.060639142990112,,,198.1632843017578,26.520294189453125,245.20428466796875,2.138610363006592,53.74496078491211,12.340011596679688,12.340011596679688
actor_critic,n_step,10,,2,476,395.99725171049806,212,0.04157400131225586,19.102397203445435,,,182.48828125,23.66986083984375,226.8834686279297,2.1385843753814697,53.53142547607422,11.892437934875488,11.892437934875488
actor_critic,n_step,10,,2,477,373.11153960947786,194,0.03897500038146973,19.14157795906067,,,195.26223754882812,24.34853172302246,244.16244506835938,2.138465404510498,53.92683792114258,12.232733726501465,12.232733726501465
actor_critic,n_step,10,,2,478,353.9075539219828,169,0.03629493713378906,19.17802906036377,,,239.96450805664062,29.889450073242188,300.10723876953125,2.1382696628570557,55.305023193359375,13.532170295715332,13.532170295715332
actor_critic,n_step,10,,2,479,376.4493766424851,202,0.044152021408081055,19.222366333007812,,,186.59365844726562,24.75307846069336,231.20083618164062,2.138131856918335,53.58407974243164,11.727840423583984,11.727840423583984
actor_critic,n_step,10,,2,480,387.781280405662,207,0.044085025787353516,19.266618251800537,381.7945194558903,2.436486035102505,186.60552978515625,24.524656295776367,231.5441131591797,2.1379921436309814,53.779014587402344,11.864458084106445,11.864458084106445
actor_critic,n_step,10,,2,481,360.07232460727874,178,0.07092094421386719,19.42840814590454,,,225.13613891601562,28.338815689086914,281.1390380859375,2.1378366947174072,54.97565841674805,12.942031860351562,12.942031860351562
actor_critic,n_step,10,,2,482,402.19531086856705,212,0.04206204414367676,19.470633268356323,,,194.50363159179688,26.57790184020996,239.8939208984375,2.1377317905426025,54.12149429321289,12.128514289855957,12.128514289855957
actor_critic,n_step,10,,2,483,363.5065628049031,179,0.035447120666503906,19.506279230117798,,,221.1426239013672,26.10568618774414,278.62420654296875,2.137667655944824,55.167110443115234,13.00858211517334,13.00858211517334
actor_critic,n_step,10,,2,484,353.3975283247554,169,0.033895015716552734,19.540366172790527,,,241.9509735107422,30.768091201782227,301.6898193359375,2.1375396251678467,55.69706344604492,13.440362930297852,13.440362930297852
actor_critic,n_step,10,,2,485,364.17296849185334,183,0.03607916831970215,19.576645135879517,,,216.99313354492188,27.81981658935547,270.24761962890625,2.1375107765197754,54.91672134399414,12.65423583984375,12.65423583984375
actor_critic,n_step,10,,2,486,394.09827750914786,219,0.042778730392456055,19.619609117507935,,,177.467529296875,27.43791961669922,214.32801818847656,2.137514114379883,53.53327178955078,11.20582103729248,11.20582103729248
actor_critic,n_step,10,,2,487,350.12611326787,164,0.03230905532836914,19.652106046676636,,,251.35787963867188,30.050212860107422,316.15380859375,2.137655019760132,56.16094207763672,13.749532699584961,13.749532699584961
actor_critic,n_step,10,,2,488,357.0145491554995,173,0.03398609161376953,19.686291217803955,,,233.98728942871094,28.4334716796875,293.6483154296875,2.1378114223480225,55.7135124206543,13.192788124084473,13.192788124084473
actor_critic,n_step,10,,2,489,382.74678244690637,199,0.03859305381774902,19.72506022453308,,,201.95584106445312,27.923900604248047,248.6170654296875,2.137958526611328,54.72465896606445,12.171441078186035,12.171441078186035
actor_critic,n_step,10,,2,490,405.7672569404899,207,0.03953909873962402,19.764796257019043,,,207.1107177734375,23.2407283782959,262.6714172363281,2.1382012367248535,55.16654586791992,12.599555969238281,12.599555969238281
actor_critic,n_step,10,,2,491,390.10964490138196,202,0.03918290138244629,19.804155111312866,,,201.86984252929688,26.240482330322266,250.8990936279297,2.138230800628662,54.977561950683594,12.248886108398438,12.248886108398438
actor_critic,n_step,10,,2,492,387.98946565328606,202,0.038873910903930664,19.843186140060425,,,197.6238555908203,25.48879051208496,245.90724182128906,2.1382622718811035,54.908512115478516,12.142721176147461,12.142721176147461
actor_critic,n_step,10,,2,493,387.16572181720954,204,0.03871417045593262,19.882063150405884,,,193.80145263671875,25.91876220703125,239.83242797851562,2.1382699012756348,54.776885986328125,11.940534591674805,11.940534591674805
actor_critic,n_step,10,,2,494,355.96024938993344,170,0.0324399471282959,19.914708137512207,,,242.8935089111328,29.600391387939453,304.7044677734375,2.138293743133545,56.31180953979492,13.37771987915039,13.37771987915039
actor_critic,n_step,10,,2,495,399.9161532517922,209,0.03959822654724121,19.954468250274658,,,196.6805419921875,24.405323028564453,246.1074676513672,2.1383473873138428,55.095367431640625,12.117840766906738,12.117840766906738
actor_critic,n_step,10,,2,496,369.7622049180068,182,0.035588979721069336,19.990212202072144,,,228.630615234375,29.357149124145508,284.6763916015625,2.138335943222046,55.98136520385742,12.93062686920166,12.93062686920166
actor_critic,n_step,10,,2,497,387.7147427477551,202,0.03960227966308594,20.029916286468506,,,198.2003936767578,23.942737579345703,248.93951416015625,2.138392925262451,55.195167541503906,12.082942962646484,12.082942962646484
actor_critic,n_step,10,,2,498,375.55109998846314,199,0.037795066833496094,20.067890167236328,,,197.57278442382812,25.025320053100586,246.4963836669922,2.1383609771728516,54.94670486450195,11.736532211303711,11.736532211303711
actor_critic,n_step,10,,2,499,369.54778876256125,173,0.03325200080871582,20.101319313049316,,,244.636962890625,26.956031799316406,310.9727783203125,2.1383323669433594,57.042301177978516,13.775997161865234,13.775997161865234
actor_critic,n_step,10,,2,500,355.8834696994086,172,0.034761905670166016,20.13624405860901,381.91308677992936,0.4210886255218843,234.32757568359375,28.894655227661133,293.4756164550781,2.138240098953247,56.46078872680664,13.105545043945312,13.105545043945312
actor_critic,n_step,10,,2,501,361.40211318709413,172,0.03496193885803223,20.250490188598633,,,237.80545043945312,23.9224853515625,305.5470886230469,2.138190746307373,56.83852767944336,13.404120445251465,13.404120445251465
actor_critic,n_step,10,,2,502,349.35646633193716,174,0.035033226013183594,20.285712242126465,,,215.42613220214844,23.30204963684082,274.4629821777344,2.137920379638672,56.01512145996094,12.531617164611816,12.531617164611816
actor_critic,n_step,10,,2,503,363.6062740807119,185,0.03620028495788574,20.322087287902832,,,213.9283905029297,26.866552352905273,267.231201171875,2.137604236602783,55.814971923828125,12.262516021728516,12.262516021728516
actor_critic,n_step,10,,2,504,389.38226683834716,197,0.03717303276062012,20.35942816734314,,,212.2848358154297,27.616525650024414,263.8118591308594,2.1373422145843506,56.141170501708984,12.50938892364502,12.50938892364502
actor_critic,n_step,10,,2,505,360.72978331669657,175,0.03335380554199219,20.392954111099243,,,231.72512817382812,27.84990692138672,291.25030517578125,2.1371538639068604,56.722286224365234,13.02558422088623,13.02558422088623
actor_critic,n_step,10,,2,506,371.5328465306884,182,0.03448009490966797,20.427603244781494,,,229.84576416015625,28.23601531982422,288.013916015625,2.136991500854492,56.68956756591797,12.923484802246094,12.923484802246094
actor_critic,n_step,10,,2,507,377.80035608569796,195,0.037626028060913086,20.46540117263794,,,204.1035614013672,23.980558395385742,257.3185729980469,2.1368675231933594,55.91907501220703,12.08406925201416,12.08406925201416
actor_critic,n_step,10,,2,508,365.5613811274141,175,0.033467769622802734,20.49902105331421,,,240.9227294921875,27.699800491333008,304.60418701171875,2.136622428894043,57.17218780517578,13.263387680053711,13.263387680053711
actor_critic,n_step,10,,2,509,395.78142396791077,208,0.03995084762573242,20.539148092269897,,,199.23223876953125,26.311288833618164,247.02992248535156,2.1363792419433594,55.84042739868164,11.874873161315918,11.874873161315918
actor_critic,n_step,10,,2,510,377.33003209758624,199,0.038084983825683594,20.57740807533264,,,198.0126190185547,24.914535522460938,247.28297424316406,2.1362035274505615,55.73238754272461,11.70718002319336,11.70718002319336
actor_critic,n_step,10,,2,511,392.3815754374846,211,0.04036307334899902,20.6179461479187,,,189.82765197753906,25.953481674194336,234.10597229003906,2.136045455932617,55.56562423706055,11.47065258026123,11.47065258026123
actor_critic,n_step,10,,2,512,371.8416061006628,202,0.038487911224365234,20.656602144241333,,,184.591064453125,24.94033432006836,228.0724639892578,2.1360223293304443,55.353797912597656,11.186667442321777,11.186667442321777
actor_critic,n_step,10,,2,513,403.56891305674907,217,0.041213035583496094,20.697988271713257,,,181.89410400390625,23.004606246948242,226.98500061035156,2.136049270629883,55.74355697631836,11.514801025390625,11.514801025390625
actor_critic,n_step,10,,2,514,385.8671147378517,207,0.03987908363342285,20.738030195236206,,,188.88172912597656,26.305330276489258,232.2519989013672,2.136023998260498,55.760406494140625,11.44743537902832,11.44743537902832
actor_critic,n_step,10,,2,515,383.5275002601943,204,0.039421796798706055,20.77763605117798,,,192.46481323242188,24.01744270324707,240.6391143798828,2.136098861694336,55.93092346191406,11.551645278930664,11.551645278930664
actor_critic,n_step,10,,2,516,389.1329499041238,209,0.04046797752380371,20.818275213241577,,,184.58013916015625,22.443084716796875,231.62435913085938,2.1361446380615234,55.8697509765625,11.426898956298828,11.426898956298828
actor_critic,n_step,10,,2,517,379.9110336271615,187,0.03633999824523926,20.854793071746826,,,220.9969482421875,25.06235122680664,279.9065856933594,2.1360552310943604,57.305145263671875,12.789631843566895,12.789631843566895
actor_critic,n_step,10,,2,518,389.50358148364313,205,0.03967618942260742,20.894641160964966,,,194.083251953125,22.988983154296875,244.42039489746094,2.1358916759490967,56.30986404418945,11.73150634765625,11.73150634765625
actor_critic,n_step,10,,2,519,388.54029610637247,208,0.03990817070007324,20.934718370437622,,,190.0645294189453,23.290775299072266,238.24822998046875,2.1356256008148193,56.094181060791016,11.446415901184082,11.446415901184082
actor_critic,n_step,10,,2,520,396.9869981805713,223,0.043605804443359375,20.97846293449402,401.36256663604274,0.5295323496007495,166.61422729492188,21.988380432128906,206.6083526611328,2.1353394985198975,55.459449768066406,10.742697715759277,10.742697715759277
actor_critic,n_step,10,,2,521,393.2995927387768,217,0.04282879829406738,21.114675998687744,,,176.41104125976562,23.025205612182617,219.12261962890625,2.1350345611572266,55.7664794921875,10.985884666442871,10.985884666442871
actor_critic,n_step,10,,2,522,403.5093058966959,225,0.04394984245300293,21.15880823135376,,,174.90232849121094,23.07675552368164,216.89369201660156,2.134739398956299,55.71647644042969,10.86976432800293,10.86976432800293
actor_critic,n_step,10,,2,523,392.7876453696025,215,0.04124021530151367,21.200231313705444,,,179.91238403320312,21.959449768066406,225.64706420898438,2.134471893310547,56.0032844543457,11.0835599899292,11.0835599899292
actor_critic,n_step,10,,2,524,410.73452148674147,229,0.044851064682006836,21.24519920349121,,,168.9166259765625,21.14188003540039,211.10678100585938,2.1341171264648438,55.87144470214844,10.887036323547363,10.887036323547363
actor_critic,n_step,10,,2,525,392.7793803154538,199,0.03944516181945801,21.28484034538269,,,210.19952392578125,24.745380401611328,264.93450927734375,2.133702039718628,57.35079574584961,12.299262046813965,12.299262046813965
actor_critic,n_step,10,,2,526,402.7542381507291,220,0.0433192253112793,21.3283531665802,,,181.7556610107422,24.38851547241211,224.81019592285156,2.133251428604126,56.26435470581055,11.146062850952148,11.146062850952148
actor_critic,n_step,10,,2,527,390.0950386899097,199,0.03897905349731445,21.367513179779053,,,207.73358154296875,24.129005432128906,262.2922668457031,2.132880926132202,57.34355545043945,12.155457496643066,12.155457496643066
actor_critic,n_step,10,,2,528,399.05631901782107,233,0.046134233474731445,21.41378116607666,,,154.13821411132812,21.437740325927734,189.57211303710938,2.1324539184570312,55.36392593383789,10.108783721923828,10.108783721923828
actor_critic,n_step,10,,2,529,382.57700366078774,199,0.04159903526306152,21.455567121505737,,,202.25802612304688,26.01775360107422,251.77183532714844,2.1320669651031494,57.09169006347656,11.771986961364746,11.771986961364746
actor_critic,n_step,10,,2,530,399.4867701678159,219,0.044914960861206055,21.500652074813843,,,177.56231689453125,22.61941146850586,221.3470001220703,2.1317648887634277,56.42197799682617,11.03110408782959,11.03110408782959
actor_critic,n_step,10,,2,531,411.1303695676366,220,0.045845985412597656,21.54669713973999,,,188.0072021484375,24.20616340637207,234.00149536132812,2.131448984146118,56.908416748046875,11.460579872131348,11.460579872131348
actor_critic,n_step,10,,2,532,394.60367808080184,213,0.04204702377319336,21.588916063308716,,,186.30235290527344,23.372709274291992,232.7566375732422,2.1311607360839844,56.74574661254883,11.221600532531738,11.221600532531738
actor_critic,n_step,10,,2,533,408.31386094662054,221,0.04821014404296875,21.63727617263794,,,182.0249786376953,21.992542266845703,228.61778259277344,2.130880355834961,56.845455169677734,11.251790046691895,11.251790046691895
actor_critic,n_step,10,,2,534,403.30890475116513,220,0.04887199401855469,21.686329126358032,,,178.5340576171875,21.738140106201172,223.99417114257812,2.130574941635132,56.750247955322266,11.095427513122559,11.095427513122559
actor_critic,n_step,10,,2,535,414.7674572073661,228,0.047367095947265625,21.733898162841797,,,176.66551208496094,24.155391693115234,217.87159729003906,2.130159854888916,56.7477912902832,11.023051261901855,11.023051261901855
actor_critic,n_step,10,,2,536,419.33325557290465,234,0.04888916015625,21.782960176467896,,,171.492919921875,21.59114646911621,214.14540100097656,2.1298234462738037,56.5939826965332,10.803110122680664,10.803110122680664
actor_critic,n_step,10,,2,537,401.94671585990034,216,0.04489707946777344,21.828034162521362,,,188.43069458007812,25.662864685058594,232.5254669189453,2.129426956176758,57.149559020996094,11.289689064025879,11.289689064025879
actor_critic,n_step,10,,2,538,402.14770974423584,215,0.04178619384765625,21.869991302490234,,,189.5465850830078,24.79970359802246,235.3527069091797,2.1291656494140625,57.287391662597656,11.360614776611328,11.360614776611328
actor_critic,n_step,10,,2,539,399.5314483633351,217,0.04198622703552246,21.912153244018555,,,181.11782836914062,23.611454010009766,225.0091094970703,2.1289565563201904,57.078826904296875,11.093063354492188,11.093063354492188
actor_critic,n_step,10,,2,540,416.7875344447991,230,0.043670654296875,21.95597815513611,423.71388989941033,1.7129870800769473,177.7544708251953,22.300647735595703,222.076904296875,2.128772258758545,56.986106872558594,10.92329216003418,10.92329216003418
actor_critic,n_step,10,,2,541,386.9398123014856,199,0.0481572151184082,22.106577157974243,,,209.92796325683594,26.111848831176758,262.5944519042969,2.1285507678985596,58.005619049072266,11.870429039001465,11.870429039001465
actor_critic,n_step,10,,2,542,416.6017133987894,233,0.04990673065185547,22.156734943389893,,,171.6202850341797,22.13042640686035,213.5569305419922,2.128406524658203,56.90226364135742,10.703250885009766,10.703250885009766
actor_critic,n_step,10,,2,543,387.32632966078177,204,0.04443001747131348,22.201345205307007,,,200.93887329101562,24.899463653564453,251.48487854003906,2.128241777420044,57.729637145996094,11.465292930603027,11.465292930603027
actor_critic,n_step,10,,2,544,393.8221662774348,213,0.04285883903503418,22.244393348693848,,,188.58712768554688,24.40494155883789,234.54598999023438,2.1281163692474365,57.41047668457031,11.077396392822266,11.077396392822266
actor_critic,n_step,10,,2,545,423.92056766970035,236,0.04433321952819824,22.288902282714844,,,173.46531677246094,22.47670555114746,215.69802856445312,2.128042459487915,57.175880432128906,10.777010917663574,10.777010917663574
actor_critic,n_step,10,,2,546,409.1222832389727,219,0.04143691062927246,22.330530166625977,,,192.44235229492188,24.483675003051758,239.9409637451172,2.127948522567749,57.769317626953125,11.301029205322266,11.301029205322266
actor_critic,n_step,10,,2,547,400.2720239642397,216,0.04100179672241211,22.371699333190918,,,189.60025024414062,25.008113861083984,235.13162231445312,2.1278929710388184,57.64649200439453,11.117536544799805,11.117536544799805
actor_critic,n_step,10,,2,548,410.5351589640861,221,0.04211878776550293,22.413995027542114,,,189.7176971435547,24.3416748046875,236.25146484375,2.127877950668335,57.8037223815918,11.205089569091797,11.205089569091797
actor_critic,n_step,10,,2,549,416.05452219197457,231,0.04419207572937012,22.458367109298706,,,174.90673828125,22.12788963317871,218.25550842285156,2.1278836727142334,57.414024353027344,10.74352741241455,10.74352741241455
actor_critic,n_step,10,,2,550,432.7887530572056,242,0.04645705223083496,22.505019187927246,,,172.34210205078125,21.772178649902344,215.09991455078125,2.1278538703918457,57.44331359863281,10.708542823791504,10.708542823791504
actor_critic,n_step,10,,2,551,421.5095139157104,235,0.04512810707092285,22.550318241119385,,,173.37718200683594,21.270477294921875,217.29530334472656,2.1277811527252197,57.49894332885742,10.692350387573242,10.692350387573242
actor_critic,n_step,10,,2,552,418.99415801531114,228,0.04351377487182617,22.59400701522827,,,185.20172119140625,23.248741149902344,231.36138916015625,2.127636671066284,57.914756774902344,11.043473243713379,11.043473243713379
actor_critic,n_step,10,,2,553,430.42010996135764,244,0.04690289497375488,22.64107608795166,,,172.57797241210938,25.07353973388672,210.72061157226562,2.127498149871826,57.39607620239258,10.462698936462402,10.462698936462402
actor_critic,n_step,10,,2,554,441.69419744526937,257,0.04983806610107422,22.691087245941162,,,158.17503356933594,20.00118064880371,197.39122009277344,2.127509593963623,57.1265983581543,10.120597839355469,10.120597839355469
actor_critic,n_step,10,,2,555,410.78927431899166,220,0.05316925048828125,22.744574308395386,,,191.3953857421875,24.07821273803711,239.02452087402344,2.127390146255493,58.29850769042969,11.227428436279297,11.227428436279297
actor_critic,n_step,10,,2,556,385.1462659268691,201,0.04080915451049805,22.785545110702515,,,203.18515014648438,24.709213256835938,254.96563720703125,2.127293825149536,58.62297821044922,11.479640007019043,11.479640007019043
actor_critic,n_step,10,,2,557,417.13722814180085,225,0.04960012435913086,22.835313320159912,,,186.74964904785156,23.133203506469727,233.73777770996094,2.1272222995758057,58.327449798583984,11.12303352355957,11.12303352355957
actor_critic,n_step,10,,2,558,420.2517118174753,230,0.04426312446594238,22.879772186279297,,,183.01988220214844,23.756380081176758,227.519287109375,2.1271286010742188,58.1734619140625,10.900857925415039,10.900857925415039
actor_critic,n_step,10,,2,559,413.2927938327836,231,0.04492497444152832,22.924878120422363,,,174.05088806152344,21.256498336791992,218.2777099609375,2.1270768642425537,57.88322830200195,10.540791511535645,10.540791511535645
actor_critic,n_step,10,,2,560,422.58354822098534,235,0.04528689384460449,22.970349073410034,434.7451626828686,1.5040912206309116,175.12322998046875,20.422527313232422,221.00099182128906,2.1269969940185547,58.057586669921875,10.654838562011719,10.654838562011719
actor_critic,n_step,10,,2,561,425.2014565643365,238,0.04574275016784668,23.12050199508667,,,172.9171905517578,21.591604232788086,216.17941284179688,2.126821756362915,58.03078079223633,10.553919792175293,10.553919792175293
actor_critic,n_step,10,,2,562,405.9975653985898,220,0.04259800910949707,23.163288116455078,,,188.85633850097656,25.092098236083984,233.94891357421875,2.1266210079193115,58.48633575439453,10.9414701461792,10.9414701461792
actor_critic,n_step,10,,2,563,397.2789919508788,210,0.040245771408081055,23.203721046447754,,,195.97836303710938,22.871374130249023,247.29571533203125,2.1265316009521484,58.890419006347656,11.280345916748047,11.280345916748047
actor_critic,n_step,10,,2,564,418.726780088565,230,0.04528307914733887,23.249192237854004,,,180.46151733398438,22.573049545288086,225.55496215820312,2.12638258934021,58.45780563354492,10.783565521240234,10.783565521240234
actor_critic,n_step,10,,2,565,433.7514855237964,245,0.05576491355895996,23.305130004882812,,,169.41822814941406,20.571104049682617,212.6387481689453,2.126227617263794,58.16718292236328,10.427124977111816,10.427124977111816
actor_critic,n_step,10,,2,566,432.5790513121015,245,0.04919600486755371,23.354506969451904,,,168.8689727783203,22.839214324951172,208.6139373779297,2.1260275840759277,58.18025207519531,10.371757507324219,10.371757507324219
actor_critic,n_step,10,,2,567,426.00089087271874,237,0.046437740325927734,23.40111207962036,,,174.94180297851562,21.402332305908203,219.34210205078125,2.125887155532837,58.4795036315918,10.597993850708008,10.597993850708008
actor_critic,n_step,10,,2,568,411.8286641947537,219,0.04238414764404297,23.443677186965942,,,192.70535278320312,22.32615852355957,243.39886474609375,2.1257164478302,59.154048919677734,11.2135591506958,11.2135591506958
actor_critic,n_step,10,,2,569,416.2129170599825,222,0.04307889938354492,23.486945152282715,,,193.8916015625,25.5358829498291,240.50816345214844,2.125490665435791,59.200992584228516,11.186566352844238,11.186566352844238
actor_critic,n_step,10,,2,570,419.6206048192163,226,0.044927120208740234,23.532058238983154,,,189.75328063964844,24.2407169342041,236.44651794433594,2.1253981590270996,59.11056900024414,11.038984298706055,11.038984298706055
actor_critic,n_step,10,,2,571,427.1245352135217,226,0.05163073539733887,23.583861112594604,,,194.78265380859375,23.449033737182617,244.76231384277344,2.1253371238708496,59.484439849853516,11.345003128051758,11.345003128051758
actor_critic,n_step,10,,2,572,420.59038884909893,232,0.05132579803466797,23.635356187820435,,,177.40684509277344,21.717676162719727,222.4130859375,2.125244617462158,58.86628723144531,10.650565147399902,10.650565147399902
actor_critic,n_step,10,,2,573,423.5271236081512,228,0.05788230895996094,23.69341731071472,,,189.83709716796875,24.90557098388672,235.616455078125,2.1251120567321777,59.318111419677734,11.034777641296387,11.034777641296387
actor_critic,n_step,10,,2,574,415.1254686574852,232,0.047042131423950195,23.74063205718994,,,175.56275939941406,22.70462989807129,218.36875915527344,2.1250855922698975,58.7595100402832,10.411191940307617,10.411191940307617
actor_critic,n_step,10,,2,575,424.2009770603678,225,0.04847288131713867,23.78932809829712,,,191.9724578857422,21.654144287109375,243.3118896484375,2.125105142593384,59.66202163696289,11.253851890563965,11.253851890563965
actor_critic,n_step,10,,2,576,412.8127340774782,217,0.043151140213012695,23.832627296447754,,,198.24746704101562,24.577735900878906,248.09962463378906,2.1250457763671875,59.803707122802734,11.328546524047852,11.328546524047852
actor_critic,n_step,10,,2,577,414.73704509577163,229,0.044999122619628906,23.87778925895691,,,179.7495574951172,23.75672721862793,222.84689331054688,2.1250224113464355,59.10919952392578,10.562663078308105,10.562663078308105
actor_critic,n_step,10,,2,578,416.0960886587842,224,0.04392719268798828,23.921873331069946,,,187.4687957763672,22.388471603393555,235.8290252685547,2.1250553131103516,59.57019805908203,10.952248573303223,10.952248573303223
actor_critic,n_step,10,,2,579,415.58003417770067,217,0.04298067092895508,23.965036153793335,,,199.49465942382812,22.827373504638672,252.3818359375,2.1250452995300293,60.107879638671875,11.42508602142334,11.42508602142334
actor_critic,n_step,10,,2,580,419.63910183746833,225,0.04431295394897461,24.009522199630737,426.98652032068605,0.6435771801904577,190.28399658203125,23.900407791137695,237.69085693359375,2.124950408935547,59.77183151245117,11.015562057495117,11.015562057495117
actor_critic,n_step,10,,2,581,405.61854292003403,212,0.041700124740600586,24.15065336227417,,,197.81640625,22.4868221282959,250.47085571289062,2.1248879432678223,60.16096878051758,11.339120864868164,11.339120864868164
actor_critic,n_step,10,,2,582,394.67112202573253,202,0.07737326622009277,24.228201389312744,,,208.15016174316406,23.156511306762695,264.2766418457031,2.1247246265411377,60.485050201416016,11.603878021240234,11.603878021240234
actor_critic,n_step,10,,2,583,415.2023225014669,211,0.06356668472290039,24.291955947875977,,,213.09034729003906,27.033390045166016,265.795654296875,2.1245200634002686,60.77168655395508,11.821771621704102,11.821771621704102
actor_critic,n_step,10,,2,584,245.7215989809896,158,0.038268089294433594,24.330448150634766,,,158.5154571533203,12.355487823486328,208.7999725341797,2.12442946434021,56.12571716308594,7.101808071136475,7.101808071136475
actor_critic,n_step,10,,2,585,416.7610742379588,225,0.05352926254272461,24.38430118560791,,,187.88856506347656,24.43796730041504,233.50083923339844,2.1242029666900635,59.93743133544922,10.851048469543457,10.851048469543457
actor_critic,n_step,10,,2,586,190.38488534322917,118,0.027640819549560547,24.412140130996704,,,192.2489013671875,16.822261810302734,250.60948181152344,2.1241023540496826,55.73741149902344,6.585965633392334,6.585965633392334
actor_critic,n_step,10,,2,587,430.80274515835083,232,0.05077195167541504,24.46311116218567,,,187.12246704101562,23.166505813598633,234.22280883789062,2.124147653579712,60.165687561035156,10.947312355041504,10.947312355041504
actor_critic,n_step,10,,2,588,414.798890048169,220,0.05920886993408203,24.52249503135681,,,193.87379455566406,22.719802856445312,244.50570678710938,2.1241872310638428,60.37618637084961,11.088234901428223,11.088234901428223
actor_critic,n_step,10,,2,589,418.70401465558865,226,0.04643988609313965,24.569146156311035,,,185.7751922607422,23.148265838623047,232.3241729736328,2.124194622039795,60.18349075317383,10.827207565307617,10.827207565307617
actor_critic,n_step,10,,2,590,419.35943864824577,226,0.04470086097717285,24.61401915550232,,,183.76776123046875,22.34126853942871,230.60928344726562,2.124213695526123,60.26468276977539,10.841992378234863,10.841992378234863
actor_critic,n_step,10,,2,591,425.8302173312578,230,0.04592490196228027,24.6600980758667,,,185.98614501953125,24.076160430908203,231.29998779296875,2.1242034435272217,60.32155227661133,10.837560653686523,10.837560653686523
actor_critic,n_step,10,,2,592,425.84721533148746,235,0.04653000831604004,24.70680332183838,,,172.40354919433594,18.79390525817871,219.44235229492188,2.1242425441741943,60.045108795166016,10.492700576782227,10.492700576782227
actor_critic,n_step,10,,2,593,434.8180827098541,238,0.046751976013183594,24.753684043884277,,,180.7399444580078,23.21807861328125,225.03123474121094,2.124086618423462,60.266963958740234,10.653250694274902,10.653250694274902
actor_critic,n_step,10,,2,594,420.34829204785166,229,0.049059152603149414,24.802931308746338,,,181.57395935058594,21.933103561401367,228.05836486816406,2.12398099899292,60.333824157714844,10.645800590515137,10.645800590515137
actor_critic,n_step,10,,2,595,439.5899548023777,241,0.049024105072021484,24.852127075195312,,,179.5685577392578,22.171985626220703,224.85226440429688,2.1238386631011963,60.38914108276367,10.635693550109863,10.635693550109863
actor_critic,n_step,10,,2,596,444.993285956628,249,0.051892995834350586,24.904181003570557,,,170.55148315429688,20.533973693847656,214.3107452392578,2.1236956119537354,60.15499496459961,10.335442543029785,10.335442543029785
actor_critic,n_step,10,,2,597,434.07140886409053,236,0.05210304260253906,24.956468105316162,,,182.73793029785156,23.51833724975586,227.45655822753906,2.1235029697418213,60.60269546508789,10.717127799987793,10.717127799987793
actor_critic,n_step,10,,2,598,427.99565350268136,233,0.04897189140319824,25.005677223205566,,,184.36300659179688,23.820598602294922,229.34629821777344,2.123373031616211,60.60960006713867,10.659017562866211,10.659017562866211
actor_critic,n_step,10,,2,599,439.5290360750104,244,0.05017709732055664,25.05604124069214,,,172.48513793945312,20.465059280395508,217.1715545654297,2.1233103275299072,60.43662643432617,10.410786628723145,10.410786628723145
actor_critic,n_step,10,,2,600,435.3165697059604,238,0.05690908432006836,25.113182306289673,451.21166651585435,1.5604575135232666,180.75869750976562,22.91763687133789,225.4872283935547,2.1231303215026855,60.70243835449219,10.611679077148438,10.611679077148438
actor_critic,n_step,10,,2,601,397.80915208186224,213,0.042932987213134766,25.27180814743042,,,187.0022430419922,21.71286392211914,236.12770080566406,2.1229894161224365,60.87434387207031,10.728004455566406,10.728004455566406
actor_critic,n_step,10,,2,602,438.5956685440295,242,0.047960758209228516,25.31997799873352,,,175.83816528320312,22.114412307739258,219.60537719726562,2.1228139400482178,60.69086456298828,10.47019100189209,10.47019100189209
actor_critic,n_step,10,,2,603,446.66833058972486,252,0.05071425437927246,25.370888233184814,,,166.60821533203125,21.434371948242188,207.39120483398438,2.122650384902954,60.446163177490234,10.162127494812012,10.162127494812012
actor_critic,n_step,10,,2,604,474.0679435277102,277,0.05569291114807129,25.426764011383057,,,156.72555541992188,21.921571731567383,192.57711791992188,2.122501850128174,60.09330749511719,9.744327545166016,9.744327545166016
actor_critic,n_step,10,,2,605,478.07189451726117,286,0.05645895004272461,25.483432292938232,,,148.4306182861328,21.641908645629883,181.12672424316406,2.1224634647369385,59.829402923583984,9.415193557739258,9.415193557739258
actor_critic,n_step,10,,2,606,446.28269251548767,248,0.04904484748840332,25.53267502784729,,,174.16456604003906,22.308225631713867,216.9376220703125,2.1225428581237793,60.85500717163086,10.359737396240234,10.359737396240234
actor_critic,n_step,10,,2,607,449.19849527161284,256,0.0515742301940918,25.584412336349487,,,165.27243041992188,22.619176864624023,203.79037475585938,2.1226296424865723,60.550148010253906,9.989651679992676,9.989651679992676
actor_critic,n_step,10,,2,608,465.8854878294037,272,0.05450701713562012,25.6391122341156,,,156.2322235107422,20.19907569885254,194.33306884765625,2.122774124145508,60.30730056762695,9.692973136901855,9.692973136901855
actor_critic,n_step,10,,2,609,430.9524192880909,240,0.04777073860168457,25.68708610534668,,,173.09410095214844,22.39310646057129,215.28712463378906,2.1228716373443604,60.896183013916016,10.233867645263672,10.233867645263672
actor_critic,n_step,10,,2,610,426.7978922514267,234,0.046402931213378906,25.733689069747925,,,179.4244842529297,21.47146224975586,225.6471710205078,2.122995376586914,61.197174072265625,10.434290885925293,10.434290885925293
actor_critic,n_step,10,,2,611,448.0038949595911,255,0.05029177665710449,25.784167289733887,,,163.95631408691406,20.511119842529297,204.9217071533203,2.123081684112549,60.79341125488281,9.967089653015137,9.967089653015137
actor_critic,n_step,10,,2,612,462.7827353502254,267,0.053375959396362305,25.83773899078369,,,157.83900451660156,18.76861572265625,198.67198181152344,2.123126983642578,60.70746994018555,9.821223258972168,9.821223258972168
actor_critic,n_step,10,,2,613,488.2606810446081,292,0.05900001525878906,25.896849155426025,,,147.39273071289062,20.015172958374023,181.9679412841797,2.123028039932251,60.33846664428711,9.385753631591797,9.385753631591797
actor_critic,n_step,10,,2,614,482.0869257840018,291,0.05918693542480469,25.956212043762207,,,145.41616821289062,21.210651397705078,177.43646240234375,2.1229476928710938,60.24544143676758,9.227683067321777,9.227683067321777
actor_critic,n_step,10,,2,615,475.44739568353964,281,0.05562281608581543,26.01200008392334,,,151.97540283203125,21.27638816833496,186.712890625,2.1230063438415527,60.58244323730469,9.49071216583252,9.49071216583252
actor_critic,n_step,10,,2,616,490.908129434531,290,0.059484243392944336,26.071665287017822,,,152.2613525390625,21.789531707763672,186.3883056640625,2.123152017593384,60.71022415161133,9.547825813293457,9.547825813293457
actor_critic,n_step,10,,2,617,461.371533091755,269,0.05924391746520996,26.131107091903687,,,157.72515869140625,21.85126495361328,194.10556030273438,2.123424530029297,60.839027404785156,9.616636276245117,9.616636276245117
actor_critic,n_step,10,,2,618,464.98371440270876,268,0.05791807174682617,26.189282178878784,,,160.06829833984375,21.518701553344727,197.92799377441406,2.123830556869507,61.08155822753906,9.788100242614746,9.788100242614746
actor_critic,n_step,10,,2,619,505.3291283652047,308,0.06711411476135254,26.256604194641113,,,140.3368682861328,18.58670997619629,173.92880249023438,2.1242384910583496,60.489906311035156,9.131392478942871,9.131392478942871
actor_critic,n_step,10,,2,620,469.03749843554914,277,0.057015180587768555,26.313862323760986,495.1027637917814,1.2808641800252145,151.78709411621094,19.311429977416992,189.25094604492188,2.1245503425598145,60.84661102294922,9.43020248413086,9.43020248413086
actor_critic,n_step,10,,2,621,469.83421453599414,277,0.05784296989440918,26.510862112045288,,,152.7259979248047,19.80362892150879,189.88909912109375,2.124786615371704,60.947715759277344,9.457907676696777,9.457907676696777
actor_critic,n_step,10,,2,622,457.5631186249541,264,0.052729129791259766,26.563781261444092,,,160.20323181152344,20.109670639038086,200.1336669921875,2.124980926513672,61.262123107910156,9.709339141845703,9.709339141845703
actor_critic,n_step,10,,2,623,468.23507865854384,272,0.059617042541503906,26.623587131500244,,,156.91851806640625,19.38933753967285,196.4702606201172,2.125138998031616,61.26311111450195,9.648422241210938,9.648422241210938
actor_critic,n_step,10,,2,624,445.34500340357687,256,0.06598615646362305,26.689810276031494,,,164.14569091796875,21.32023048400879,204.036376953125,2.1252026557922363,61.38719177246094,9.696258544921875,9.696258544921875
actor_critic,n_step,10,,2,625,448.79797427051557,256,0.051458120346069336,26.741459369659424,,,163.85031127929688,19.632728576660156,206.0251007080078,2.125324249267578,61.57794952392578,9.814387321472168,9.814387321472168
actor_critic,n_step,10,,2,626,436.1125745487688,250,0.04887700080871582,26.790542125701904,,,164.54397583007812,19.86319923400879,206.68682861328125,2.1253929138183594,61.474891662597656,9.673188209533691,9.673188209533691
actor_critic,n_step,10,,2,627,458.91407733819517,267,0.050920963287353516,26.841642141342163,,,157.70372009277344,20.244077682495117,196.37091064453125,2.125410556793213,61.446475982666016,9.555398941040039,9.555398941040039
actor_critic,n_step,10,,2,628,474.8277578345302,287,0.055271148681640625,26.89710521697998,,,144.5254364013672,18.85441017150879,179.530029296875,2.125427722930908,61.016658782958984,9.064288139343262,9.064288139343262
actor_critic,n_step,10,,2,629,398.09591864050907,224,0.04454302787780762,26.941795110702515,,,169.88844299316406,20.79556655883789,212.9898223876953,2.125398874282837,61.68379592895508,9.72284984588623,9.72284984588623
actor_critic,n_step,10,,2,630,191.09551891507897,131,0.02547311782836914,26.967421293258667,,,177.27679443359375,13.882099151611328,233.42100524902344,2.1253833770751953,57.13492965698242,5.045681953430176,5.045681953430176
actor_critic,n_step,10,,2,631,318.0577018379892,211,0.04120016098022461,27.008774280548096,,,133.65252685546875,14.017722129821777,170.90687561035156,2.1256942749023438,59.11076354980469,6.9833831787109375,6.9833831787109375
actor_critic,n_step,10,,2,632,337.47785343574947,208,0.039895057678222656,27.04882311820984,,,148.6481170654297,17.542278289794922,187.29405212402344,2.1259496212005615,60.1978759765625,8.050111770629883,8.050111770629883
actor_critic,n_step,10,,2,633,359.9436292117872,250,0.04830503463745117,27.09730315208435,,,120.19636535644531,15.163041114807129,150.047607421875,2.12620210647583,58.927391052246094,6.704913139343262,6.704913139343262
actor_critic,n_step,10,,2,634,338.84145945851833,225,0.04254889488220215,27.140035152435303,,,131.2873077392578,15.305587768554688,165.68817138671875,2.126506805419922,59.35706329345703,7.099693775177002,7.099693775177002
actor_critic,n_step,10,,2,635,280.32354512194553,175,0.034317970275878906,27.17452621459961,,,160.52613830566406,16.040830612182617,206.4075927734375,2.1267898082733154,59.785682678222656,7.345057010650635,7.345057010650635
actor_critic,n_step,10,,2,636,368.99496530599475,207,0.03969597816467285,27.21439838409424,,,171.64149475097656,19.4572811126709,217.40602111816406,2.127068042755127,61.99390411376953,9.518792152404785,9.518792152404785
actor_critic,n_step,10,,2,637,285.1741645531557,183,0.03505516052246094,27.249617338180542,,,149.35719299316406,13.43664836883545,194.17221069335938,2.1272854804992676,59.58521270751953,7.031207084655762,7.031207084655762
actor_critic,n_step,10,,2,638,352.3906151925462,227,0.042701005935668945,27.292510271072388,,,136.35064697265625,15.040672302246094,173.29995727539062,2.1274032592773438,60.0740852355957,7.520807266235352,7.520807266235352
actor_critic,n_step,10,,2,639,349.384740717349,234,0.04543304443359375,27.338117122650146,,,127.57510375976562,15.520001411437988,160.07872009277344,2.1274771690368652,59.71830749511719,7.009601593017578,7.009601593017578
actor_critic,n_step,10,,2,640,329.1128955928822,219,0.04199981689453125,27.380286931991577,357.23097742815486,2.9412543151820696,131.2896728515625,13.905442237854004,167.69175720214844,2.127592086791992,59.70041275024414,6.939411640167236,6.939411640167236
actor_critic,n_step,10,,2,641,351.1410555041728,228,0.04622006416320801,27.52651333808899,,,134.28204345703125,15.467458724975586,169.73512268066406,2.127666473388672,60.240440368652344,7.392463684082031,7.392463684082031
actor_critic,n_step,10,,2,642,335.9226334390746,225,0.044149160385131836,27.570839166641235,,,130.82028198242188,14.987326622009277,165.4756622314453,2.1277236938476562,59.809417724609375,6.903453826904297,6.903453826904297
actor_critic,n_step,10,,2,643,307.2502468903193,189,0.0641930103302002,27.635229349136353,,,159.11154174804688,17.5919246673584,202.1708984375,2.1277964115142822,60.68265914916992,7.706780433654785,7.706780433654785
actor_critic,n_step,10,,2,644,466.71147423035586,275,0.054132938385009766,27.689553260803223,,,153.9675750732422,20.685087203979492,190.403564453125,2.127910852432251,62.30085754394531,9.253762245178223,9.253762245178223
actor_critic,n_step,10,,2,645,358.33803655285493,224,0.044857025146484375,27.73460030555725,,,141.29623413085938,16.087310791015625,178.86990356445312,2.1280975341796875,60.99135208129883,7.873915672302246,7.873915672302246
actor_critic,n_step,10,,2,646,454.720093280949,266,0.052452802658081055,27.787236213684082,,,155.0086669921875,19.758831024169922,193.21405029296875,2.1282384395599365,62.46912384033203,9.287069320678711,9.287069320678711
actor_critic,n_step,10,,2,647,376.56471730670324,245,0.04930877685546875,27.836729049682617,,,127.66352844238281,14.493260383605957,161.67181396484375,2.128368854522705,60.71466827392578,7.458230018615723,7.458230018615723
actor_critic,n_step,10,,2,648,414.5609595044274,240,0.04810214042663574,27.885009288787842,,,161.68612670898438,20.56439971923828,201.60247802734375,2.128394842147827,62.55207824707031,9.22648811340332,9.22648811340332
actor_critic,n_step,10,,2,649,451.50951092028356,268,0.05295205116271973,27.938104152679443,,,152.12435913085938,19.223087310791016,189.8589630126953,2.128458261489868,62.426910400390625,9.036285400390625,9.036285400390625
actor_critic,n_step,10,,2,650,385.67722093801086,240,0.048278093338012695,27.98654317855835,,,141.36659240722656,17.840539932250977,176.46578979492188,2.1285207271575928,61.51707458496094,8.058484077453613,8.058484077453613
actor_critic,n_step,10,,2,651,441.0172723048822,271,0.05322003364562988,28.03995108604431,,,139.48233032226562,19.476856231689453,171.4364013671875,2.1286356449127197,62.01906204223633,8.495124816894531,8.495124816894531
actor_critic,n_step,10,,2,652,463.18473139818514,279,0.0553438663482666,28.095445156097412,,,147.5913848876953,18.619945526123047,184.24490356445312,2.1288585662841797,62.45045852661133,8.859503746032715,8.859503746032715
actor_critic,n_step,10,,2,653,417.36876021608094,233,0.0464019775390625,28.14203429222107,,,177.83993530273438,21.82659339904785,222.87620544433594,2.129049301147461,63.39423751831055,9.731049537658691,9.731049537658691
actor_critic,n_step,10,,2,654,447.67507160919706,255,0.04960989952087402,28.191846132278442,,,165.493408203125,19.227022171020508,208.9519805908203,2.1292724609375,63.301578521728516,9.572997093200684,9.572997093200684
actor_critic,n_step,10,,2,655,448.94427298477757,258,0.05130791664123535,28.24334716796875,,,165.13018798828125,21.644804000854492,204.97911071777344,2.129384756088257,63.241519927978516,9.444599151611328,9.444599151611328
actor_critic,n_step,10,,2,656,431.4289855758973,241,0.047348976135253906,28.29088521003723,,,172.6376190185547,19.079206466674805,219.36917114257812,2.1296088695526123,63.63188934326172,9.766678810119629,9.766678810119629
actor_critic,n_step,10,,2,657,466.5310857840215,273,0.05465435981750488,28.345714330673218,,,156.104248046875,19.57596778869629,195.0404052734375,2.1296753883361816,63.167110443115234,9.238931655883789,9.238931655883789
actor_critic,n_step,10,,2,658,421.35702973972224,239,0.04767298698425293,28.393559217453003,,,170.70291137695312,20.33966827392578,214.80462646484375,2.1297340393066406,63.466796875,9.468290328979492,9.468290328979492
actor_critic,n_step,10,,2,659,452.0595889338326,259,0.05119681358337402,28.44493317604065,,,163.9669647216797,19.986413955688477,205.68649291992188,2.12980055809021,63.53029251098633,9.46508502960205,9.46508502960205
actor_critic,n_step,10,,2,660,449.75708640059713,260,0.050746917724609375,28.495862007141113,457.213328602876,0.7731860415336147,163.4849090576172,20.795854568481445,203.84152221679688,2.129850149154663,63.44558334350586,9.314299583435059,9.314299583435059
actor_critic,n_step,10,,2,661,437.366189949193,244,0.04721879959106445,28.656630992889404,,,175.2976531982422,20.38108253479004,221.30938720703125,2.129953145980835,63.96659851074219,9.767398834228516,9.767398834228516
actor_critic,n_step,10,,2,662,438.0086070180214,249,0.04806017875671387,28.704880237579346,,,167.46337890625,19.472183227539062,211.41600036621094,2.130025863647461,63.75265121459961,9.487898826599121,9.487898826599121
actor_critic,n_step,10,,2,663,442.0205388962787,252,0.048044681549072266,28.753087043762207,,,169.79095458984375,21.19363784790039,212.28189086914062,2.130056142807007,63.7877311706543,9.454154014587402,9.454154014587402
actor_critic,n_step,10,,2,664,446.5095710596207,253,0.048363685607910156,28.80160903930664,,,167.32618713378906,19.52826499938965,211.13990783691406,2.1301329135894775,63.957218170166016,9.556982040405273,9.556982040405273
actor_critic,n_step,10,,2,665,421.8268894873817,231,0.044886112213134766,28.846679210662842,,,180.491943359375,17.96746826171875,232.17782592773438,2.130159616470337,64.39909362792969,9.931238174438477,9.931238174438477
actor_critic,n_step,10,,2,666,411.33110573021423,218,0.04206585884094238,28.888931035995483,,,195.63656616210938,22.32714080810547,247.58489990234375,2.1300501823425293,64.89713287353516,10.361430168151855,10.361430168151855
actor_critic,n_step,10,,2,667,433.23742210238584,243,0.04663586616516113,28.935742378234863,,,173.74050903320312,21.092548370361328,218.0685272216797,2.1299643516540527,64.22120666503906,9.617730140686035,9.617730140686035
actor_critic,n_step,10,,2,668,427.0667610594784,242,0.04645109176635742,28.982362270355225,,,168.61172485351562,19.427324295043945,213.12057495117188,2.1299326419830322,64.08964538574219,9.419986724853516,9.419986724853516
actor_critic,n_step,10,,2,669,429.0380129928706,245,0.04676008224487305,29.029280185699463,,,170.77261352539062,22.42157745361328,211.9300537109375,2.1298844814300537,64.04801177978516,9.31312370300293,9.31312370300293
actor_critic,n_step,10,,2,670,438.2889561254541,252,0.048899173736572266,29.078355312347412,,,163.45553588867188,19.28783416748047,205.95384216308594,2.130005121231079,64.05355072021484,9.251862525939941,9.251862525939941
actor_critic,n_step,10,,2,671,427.00182797098967,234,0.04544496536254883,29.12395715713501,,,182.68743896484375,21.757469177246094,229.89996337890625,2.1300883293151855,64.76901245117188,9.900189399719238,9.900189399719238
actor_critic,n_step,10,,2,672,444.3299548213167,255,0.04894375801086426,29.173078060150146,,,163.90792846679688,19.595779418945312,206.16021728515625,2.1302011013031006,64.22673034667969,9.292126655578613,9.292126655578613
actor_critic,n_step,10,,2,673,424.62042625670045,230,0.04431295394897461,29.217573165893555,,,189.1527862548828,22.91407585144043,237.48387145996094,2.1302945613861084,65.04314422607422,10.0415620803833,10.0415620803833
actor_critic,n_step,10,,2,674,395.2220922613047,202,0.038622140884399414,29.256368160247803,,,215.67233276367188,24.357887268066406,273.30633544921875,2.130513906478882,65.8348388671875,10.762463569641113,10.762463569641113
actor_critic,n_step,10,,2,675,437.3289950156848,248,0.04807090759277344,29.30460810661316,,,169.43203735351562,21.291383743286133,211.62950134277344,2.1307873725891113,64.54273223876953,9.405937194824219,9.405937194824219
actor_critic,n_step,10,,2,676,426.7972452600885,234,0.0452580451965332,29.350036144256592,,,182.54502868652344,22.210758209228516,229.04896545410156,2.1311287879943848,65.0478515625,9.843589782714844,9.843589782714844
actor_critic,n_step,10,,2,677,436.12180873915344,249,0.05120515823364258,29.40141224861145,,,167.1527862548828,19.579471588134766,210.81903076171875,2.1315419673919678,64.5487060546875,9.280591011047363,9.280591011047363
actor_critic,n_step,10,,2,678,402.7458560526729,217,0.04208803176879883,29.443671226501465,,,190.89378356933594,21.965152740478516,241.32662963867188,2.1319100856781006,65.29131317138672,9.951586723327637,9.951586723327637
actor_critic,n_step,10,,2,679,412.14136605129505,226,0.0432429313659668,29.487092971801758,,,184.783203125,21.05353546142578,233.8995361328125,2.1322860717773438,65.1297378540039,9.724273681640625,9.724273681640625
actor_critic,n_step,10,,2,680,415.6492213518958,227,0.04411792755126953,29.531384229660034,436.0021411187471,1.3281298203089151,184.1533966064453,19.764005661010742,234.84197998046875,2.132642984390259,65.27913665771484,9.807002067565918,9.807002067565918
actor_critic,n_step,10,,2,681,450.5888093726566,260,0.05016827583312988,29.68643832206726,,,163.55612182617188,20.624195098876953,204.1884765625,2.132908344268799,64.70137023925781,9.164031982421875,9.164031982421875
actor_critic,n_step,10,,2,682,414.54697743605493,238,0.04623103141784668,29.73284912109375,,,168.7984619140625,20.2714786529541,212.181396484375,2.1332032680511475,64.6443862915039,9.040550231933594,9.040550231933594
actor_critic,n_step,10,,2,683,417.7997715971465,226,0.04359006881713867,29.77660322189331,,,189.04676818847656,22.33336067199707,238.16201782226562,2.1335599422454834,65.60318756103516,9.931553840637207,9.931553840637207
actor_critic,n_step,10,,2,684,420.25083481658856,228,0.04388093948364258,29.820637226104736,,,186.03933715820312,19.688194274902344,237.6444854736328,2.133974313735962,65.63105773925781,9.892051696777344,9.892051696777344
actor_critic,n_step,10,,2,685,423.2195385996699,232,0.045143842697143555,29.865933179855347,,,184.33004760742188,20.94921112060547,233.4011993408203,2.134281635284424,65.5526351928711,9.746228218078613,9.746228218078613
actor_critic,n_step,10,,2,686,429.0865418674598,236,0.04624629020690918,29.91234827041626,,,178.5565643310547,18.89302635192871,228.09078979492188,2.1345677375793457,65.58892059326172,9.715595245361328,9.715595245361328
actor_critic,n_step,10,,2,687,435.19193951288446,248,0.04999494552612305,29.96249222755432,,,164.65818786621094,17.748794555664062,209.8705596923828,2.134673833847046,65.1561050415039,9.215751647949219,9.215751647949219
actor_critic,n_step,10,,2,688,418.58324153391465,227,0.04563283920288086,30.00830101966858,,,186.21466064453125,20.824129104614258,236.27218627929688,2.1346817016601562,65.85955810546875,9.852771759033203,9.852771759033203
actor_critic,n_step,10,,2,689,446.6008084874999,257,0.05135202407836914,30.05983829498291,,,164.86685180664062,19.5575008392334,207.58480834960938,2.1346776485443115,65.18701171875,9.113702774047852,9.113702774047852
actor_critic,n_step,10,,2,690,416.76882176413267,228,0.046582937240600586,30.106613159179688,,,185.714599609375,22.661544799804688,232.9329376220703,2.134686231613159,65.82831573486328,9.688148498535156,9.688148498535156
actor_critic,n_step,10,,2,691,423.4417346456191,233,0.04608798027038574,30.152913331985474,,,180.9501190185547,19.3341064453125,230.88002014160156,2.1348471641540527,65.83940124511719,9.633525848388672,9.633525848388672
actor_critic,n_step,10,,2,692,421.2028209776299,230,0.04512190818786621,30.198248147964478,,,183.04257202148438,19.647254943847656,233.42189025878906,2.1349449157714844,66.0011215209961,9.727448463439941,9.727448463439941
actor_critic,n_step,10,,2,693,438.2300102075762,245,0.04801487922668457,30.2464439868927,,,172.618408203125,20.620752334594727,217.13951110839844,2.1349711418151855,65.79720306396484,9.457803726196289,9.457803726196289
actor_critic,n_step,10,,2,694,428.8412676890535,236,0.045996904373168945,30.292631149291992,,,179.85157775878906,20.521408081054688,227.61453247070312,2.135026693344116,66.0393295288086,9.633155822753906,9.633155822753906
actor_critic,n_step,10,,2,695,435.893902282728,244,0.046949148178100586,30.33976125717163,,,175.05441284179688,19.709644317626953,221.9210968017578,2.135078191757202,65.8782958984375,9.404455184936523,9.404455184936523
actor_critic,n_step,10,,2,696,415.071779615173,234,0.045041799545288086,30.38499402999878,,,176.10183715820312,20.88874626159668,221.7329864501953,2.1351046562194824,65.72746276855469,9.188115119934082,9.188115119934082
actor_critic,n_step,10,,2,697,420.9638972522217,235,0.045416831970214844,30.430607080459595,,,176.14903259277344,19.115352630615234,224.3338165283203,2.135216236114502,65.95979309082031,9.352607727050781,9.352607727050781
actor_critic,n_step,10,,2,698,419.67592179750056,231,0.04448676109313965,30.47527503967285,,,181.28565979003906,18.13034439086914,233.07904052734375,2.135265827178955,66.22157287597656,9.547432899475098,9.547432899475098
actor_critic,n_step,10,,2,699,444.77121720249403,250,0.048619985580444336,30.524075984954834,,,171.78591918945312,19.320213317871094,217.8081512451172,2.1352267265319824,66.0983657836914,9.359049797058105,9.359049797058105
actor_critic,n_step,10,,2,700,434.46154065773163,248,0.04852771759033203,30.572771072387695,446.06490987745303,1.405942037899314,170.2257843017578,19.540843963623047,215.26419067382812,2.1351544857025146,65.87480926513672,9.068458557128906,9.068458557128906
actor_critic,n_step,10,,2,701,421.5499427286763,230,0.04444098472595215,30.72531032562256,,,186.8203125,21.89443588256836,235.60838317871094,2.1350996494293213,66.54094696044922,9.66744327545166,9.66744327545166
actor_critic,n_step,10,,2,702,459.45512529292944,270,0.054817914962768555,30.78031611442566,,,155.97865295410156,18.49971580505371,196.39849853515625,2.1351280212402344,65.7003402709961,8.761109352111816,8.761109352111816
actor_critic,n_step,10,,2,703,450.55040094921685,261,0.049571990966796875,30.830071210861206,,,162.71701049804688,18.784305572509766,205.6181640625,2.135139226913452,65.9226303100586,8.916433334350586,8.916433334350586
actor_critic,n_step,10,,2,704,419.27732828026967,231,0.04412579536437988,30.874332189559937,,,179.43017578125,20.16948699951172,227.51527404785156,2.1351280212402344,66.54632568359375,9.471942901611328,9.471942901611328
actor_critic,n_step,10,,2,705,419.50337484654295,230,0.04393196105957031,30.918442010879517,,,183.4326934814453,19.67930030822754,233.93341064453125,2.135118007659912,66.68016815185547,9.538302421569824,9.538302421569824
actor_critic,n_step,10,,2,706,447.7417331726909,256,0.04949307441711426,30.968098163604736,,,167.02720642089844,18.796955108642578,211.75750732421875,2.135070323944092,66.2683334350586,9.062342643737793,9.062342643737793
actor_critic,n_step,10,,2,707,433.87005866878684,247,0.04805707931518555,31.016340017318726,,,169.48822021484375,19.56769561767578,214.1721954345703,2.1350038051605225,66.32328033447266,9.050569534301758,9.050569534301758
actor_critic,n_step,10,,2,708,423.43380311082,235,0.04511308670043945,31.061618328094482,,,178.2523651123047,20.018293380737305,226.04867553710938,2.1349565982818604,66.69757080078125,9.356047630310059,9.356047630310059
actor_critic,n_step,10,,2,709,426.537934343509,233,0.04471993446350098,31.106521129608154,,,186.2501220703125,22.228187561035156,234.31703186035156,2.1349220275878906,67.0073013305664,9.599727630615234,9.599727630615234
actor_critic,n_step,10,,2,710,399.07633402051624,202,0.03880810737609863,31.145522356033325,,,218.78907775878906,22.342876434326172,280.6374206542969,2.134989023208618,68.0795669555664,10.603097915649414,10.603097915649414
actor_critic,n_step,10,,2,711,419.4659419489914,234,0.045059919357299805,31.190775156021118,,,175.479736328125,19.1074161529541,223.38902282714844,2.135033130645752,66.76947784423828,9.22756576538086,9.22756576538086
actor_critic,n_step,10,,2,712,430.5263257776768,240,0.04623103141784668,31.23719024658203,,,176.7020263671875,18.978822708129883,225.31886291503906,2.135050058364868,66.90220642089844,9.294527053833008,9.294527053833008
actor_critic,n_step,10,,2,713,431.6323553858962,246,0.04712510108947754,31.284486293792725,,,168.75677490234375,18.644163131713867,214.44659423828125,2.135019063949585,66.64309692382812,8.970954895019531,8.970954895019531
actor_critic,n_step,10,,2,714,426.8943688357643,236,0.045746803283691406,31.33043098449707,,,180.38768005371094,20.498308181762695,228.41339111328125,2.1349616050720215,67.12051391601562,9.379094123840332,9.379094123840332
actor_critic,n_step,10,,2,715,417.17904264376574,230,0.044171810150146484,31.37474012374878,,,178.2689208984375,18.7589168548584,227.87144470214844,2.134941339492798,67.160888671875,9.35339069366455,9.35339069366455
actor_critic,n_step,10,,2,716,415.89477824363144,228,0.043725013732910156,31.418615102767944,,,185.8268280029297,20.855426788330078,235.67344665527344,2.134847640991211,67.2957534790039,9.4226713180542,9.4226713180542
actor_critic,n_step,10,,2,717,413.87388430264303,224,0.042571067810058594,31.461352348327637,,,188.1750030517578,21.362655639648438,238.30335998535156,2.1348118782043457,67.53248596191406,9.589167594909668,9.589167594909668
actor_critic,n_step,10,,2,718,436.6224063975364,247,0.04730105400085449,31.508833169937134,,,169.157470703125,19.233848571777344,214.1765899658203,2.1348211765289307,67.06006622314453,9.053582191467285,9.053582191467285
actor_critic,n_step,10,,2,719,416.6127625562878,225,0.043287038803100586,31.552287101745605,,,189.62623596191406,19.552003860473633,242.96319580078125,2.1348302364349365,67.7003402709961,9.629014015197754,9.629014015197754
actor_critic,n_step,10,,2,720,423.55800995441103,238,0.04582095146179199,31.598265171051025,430.90010399653477,1.6378101490923052,171.57225036621094,18.38753318786621,218.8353271484375,2.134803295135498,67.21139526367188,9.068952560424805,9.068952560424805
actor_critic,n_step,10,,2,721,407.24737892318683,217,0.04335308074951172,31.749401092529297,,,193.77310180664062,20.34339141845703,247.75672912597656,2.1347081661224365,67.96586608886719,9.755572319030762,9.755572319030762
actor_critic,n_step,10,,2,722,426.8750803183849,232,0.046642303466796875,31.79623031616211,,,185.8097686767578,21.10163688659668,235.29733276367188,2.1345841884613037,67.83708953857422,9.56156063079834,9.56156063079834
actor_critic,n_step,10,,2,723,196.30059502817355,118,0.02271294593811035,31.81911325454712,,,232.1250762939453,9.146987915039062,318.5401306152344,2.1345062255859375,63.8292121887207,5.492615222930908,5.492615222930908
actor_critic,n_step,10,,2,724,423.2182215454103,236,0.04452800750732422,31.863784313201904,,,174.34510803222656,18.6959285736084,222.35597229003906,2.1342663764953613,67.54618835449219,9.138291358947754,9.138291358947754
actor_critic,n_step,10,,2,725,431.83701422542566,236,0.04456591606140137,31.908517122268677,,,182.87109375,19.874784469604492,232.85186767578125,2.134016275405884,67.95384216308594,9.47822093963623,9.47822093963623
actor_critic,n_step,10,,2,726,429.078691119934,238,0.04623293876647949,31.954902172088623,,,176.1846160888672,19.354524612426758,224.04299926757812,2.1337780952453613,67.78004455566406,9.23816967010498,9.23816967010498
actor_critic,n_step,10,,2,727,196.33068251637434,127,0.025094985961914062,31.980152130126953,,,212.76991271972656,11.775516510009766,287.1348571777344,2.133545160293579,63.2696533203125,4.669259548187256,4.669259548187256
actor_critic,n_step,10,,2,728,311.9488944554975,177,0.03472185134887695,32.01503324508667,,,183.30625915527344,15.85994815826416,239.20899963378906,2.1334972381591797,66.67034149169922,7.996119976043701,7.996119976043701
actor_critic,n_step,10,,2,729,411.19452344435354,225,0.04341602325439453,32.05860710144043,,,182.3266143798828,18.607769012451172,233.88406372070312,2.1334190368652344,68.04454803466797,9.302008628845215,9.302008628845215
actor_critic,n_step,10,,2,730,183.21706067654756,114,0.022520065307617188,32.08131504058838,,,235.66419982910156,5.831014156341553,328.3331298828125,2.133169174194336,63.49921798706055,4.696876525878906,4.696876525878906
actor_critic,n_step,10,,2,731,406.2936221887964,211,0.04077482223510742,32.122284173965454,,,207.22817993164062,22.352584838867188,264.1080017089844,2.132711887359619,68.9304428100586,10.054387092590332,10.054387092590332
actor_critic,n_step,10,,2,732,241.99808427644453,148,0.029095172882080078,32.1515691280365,,,196.56002807617188,12.59400749206543,262.80859375,2.1323583126068115,65.0390853881836,6.099348068237305,6.099348068237305
actor_critic,n_step,10,,2,733,420.19900463084446,233,0.04790616035461426,32.19965219497681,,,178.8902587890625,20.592872619628906,226.1391143798828,2.1320226192474365,68.13552856445312,9.126944541931152,9.126944541931152
actor_critic,n_step,10,,2,734,412.54992520327073,224,0.046154022216796875,32.24600410461426,,,187.9506072998047,18.796096801757812,241.64930725097656,2.131775379180908,68.45878601074219,9.383025169372559,9.383025169372559
actor_critic,n_step,10,,2,735,282.2576281469041,185,0.03839898109436035,32.284588098526,,,160.7519073486328,11.862517356872559,212.69912719726562,2.1314849853515625,64.9481201171875,5.809737682342529,5.809737682342529
actor_critic,n_step,10,,2,736,218.90411149010495,137,0.028831005096435547,32.31359910964966,,,209.72608947753906,10.682068824768066,284.3486022949219,2.1312026977539062,64.5957260131836,5.391970634460449,5.391970634460449
actor_critic,n_step,10,,2,737,403.84884245103075,211,0.043421030044555664,32.35722017288208,,,202.07369995117188,19.167409896850586,261.2947082519531,2.1308915615081787,69.16339111328125,9.88814640045166,9.88814640045166
actor_critic,n_step,10,,2,738,212.68204234038512,136,0.03607511520385742,32.39353919029236,,,208.3665771484375,9.68427848815918,283.83184814453125,2.1305458545684814,64.35209655761719,5.013864994049072,5.013864994049072
actor_critic,n_step,10,,2,739,409.8389123737807,223,0.04393601417541504,32.43764925003052,,,186.56430053710938,19.3355655670166,238.898193359375,2.1301958560943604,68.69981384277344,9.28983211517334,9.28983211517334
actor_critic,n_step,10,,2,740,413.3897801354867,221,0.04344320297241211,32.48127627372742,418.0396197521451,1.6803596970642607,194.76644897460938,21.64925193786621,247.31028747558594,2.129863739013672,69.04706573486328,9.571901321411133,9.571901321411133
actor_critic,n_step,10,,2,741,398.0918472734183,205,0.04009604454040527,32.617741107940674,,,214.69789123535156,24.15884780883789,272.1986389160156,2.129631519317627,69.57874298095703,10.03561019897461,10.03561019897461
actor_critic,n_step,10,,2,742,405.85117738873373,215,0.04138493537902832,32.65931797027588,,,199.85037231445312,20.714981079101562,255.90769958496094,2.129535675048828,69.249755859375,9.640981674194336,9.640981674194336
actor_critic,n_step,10,,2,743,420.1707059960079,229,0.04441714286804199,32.70391821861267,,,185.0430145263672,19.664030075073242,236.2556915283203,2.129467010498047,68.96916198730469,9.293091773986816,9.293091773986816
actor_critic,n_step,10,,2,744,422.63085823394505,233,0.04588818550109863,32.749996185302734,,,181.9754638671875,18.128543853759766,234.06704711914062,2.1294000148773193,68.87046813964844,9.128164291381836,9.128164291381836
actor_critic,n_step,10,,2,745,396.5969837440269,201,0.0393221378326416,32.78951025009155,,,219.08123779296875,22.529266357421875,280.7885437011719,2.129286527633667,70.04633331298828,10.237707138061523,10.237707138061523
actor_critic,n_step,10,,2,746,411.28742979191657,221,0.04301595687866211,32.832693099975586,,,192.9314727783203,19.162153244018555,248.24188232421875,2.1292226314544678,69.30116271972656,9.424331665039062,9.424331665039062
actor_critic,n_step,10,,2,747,405.6711231188209,213,0.04232501983642578,32.87515115737915,,,202.2738037109375,19.538930892944336,261.0498352050781,2.12911057472229,69.67089080810547,9.728171348571777,9.728171348571777
actor_critic,n_step,10,,2,748,408.42343223253727,217,0.06108403205871582,32.93641424179077,,,200.110595703125,21.273422241210938,255.48167419433594,2.1289515495300293,69.56680297851562,9.55754280090332,9.55754280090332
actor_critic,n_step,10,,2,749,396.76284967225075,206,0.039788007736206055,32.97638511657715,,,207.16372680664062,21.802675247192383,264.801513671875,2.1288723945617676,69.8986587524414,9.822549819946289,9.822549819946289
actor_critic,n_step,10,,2,750,406.2067671114992,213,0.050386905670166016,33.02694821357727,,,202.79945373535156,21.279958724975586,259.3135681152344,2.1288411617279053,69.87244415283203,9.729803085327148,9.729803085327148
actor_critic,n_step,10,,2,751,427.5015839502186,238,0.04591202735900879,33.07301115989685,,,176.79319763183594,18.731365203857422,225.8026123046875,2.128840923309326,69.15393829345703,8.94725513458252,8.94725513458252
actor_critic,n_step,10,,2,752,227.61199596627293,141,0.02777385711669922,33.100953102111816,,,202.6578826904297,10.012459754943848,275.2077331542969,2.128822088241577,65.77129364013672,5.500383377075195,5.500383377075195
actor_critic,n_step,10,,2,753,401.1990036529182,213,0.041017770767211914,33.14218807220459,,,199.86024475097656,20.519811630249023,256.20062255859375,2.128730297088623,69.81248474121094,9.471196174621582,9.471196174621582
actor_critic,n_step,10,,2,754,410.6394784635316,218,0.04242300987243652,33.18479824066162,,,200.31109619140625,21.935148239135742,254.82278442382812,2.128664016723633,69.94429016113281,9.536160469055176,9.536160469055176
actor_critic,n_step,10,,2,755,376.64183039286377,183,0.03504776954650879,33.2200071811676,,,241.52593994140625,21.207454681396484,314.7406921386719,2.128732681274414,71.14105987548828,10.666731834411621,10.666731834411621
actor_critic,n_step,10,,2,756,421.59279666583063,224,0.04301810264587402,33.26319622993469,,,197.20095825195312,21.544641494750977,250.93759155273438,2.1287038326263428,70.10173034667969,9.560083389282227,9.560083389282227
actor_critic,n_step,10,,2,757,384.2127945927865,189,0.03630495071411133,33.29967212677002,,,233.67578125,20.64551544189453,304.3289489746094,2.1287496089935303,71.12105560302734,10.511466026306152,10.511466026306152
actor_critic,n_step,10,,2,758,421.7186401941665,229,0.044239044189453125,33.34408617019653,,,188.89744567871094,21.186748504638672,239.58670043945312,2.1287178993225098,69.89757537841797,9.223913192749023,9.223913192749023
actor_critic,n_step,10,,2,759,417.54127960731404,225,0.04285597801208496,33.38712406158447,,,193.3181610107422,20.23813247680664,247.2572021484375,2.1287765502929688,70.04670715332031,9.307469367980957,9.307469367980957
actor_critic,n_step,10,,2,760,401.04525932916573,207,0.03929710388183594,33.42659616470337,413.70119784514935,2.793774386751699,210.1266326904297,20.082149505615234,271.49212646484375,2.1288673877716064,70.6563949584961,9.848151206970215,9.848151206970215
actor_critic,n_step,10,,2,761,203.65696281745417,111,0.02202296257019043,33.541144132614136,,,272.4102783203125,16.67991065979004,365.3291015625,2.128901720046997,67.2442398071289,6.3734331130981445,6.3734331130981445
actor_critic,n_step,10,,2,762,394.2393816445564,207,0.04000210762023926,33.58132314682007,,,209.1644744873047,21.92801856994629,267.48065185546875,2.1290946006774902,70.44914245605469,9.509086608886719,9.509086608886719
actor_critic,n_step,10,,2,763,165.06432713960314,103,0.02072596549987793,33.602214097976685,,,260.1005859375,7.181853294372559,361.3125,2.1293580532073975,64.71817779541016,3.721144199371338,3.721144199371338
actor_critic,n_step,10,,2,764,400.31274638728695,208,0.03989005088806152,33.64225935935974,,,209.44387817382812,19.55385971069336,271.2714538574219,2.129535675048828,70.76924133300781,9.696264266967773,9.696264266967773
actor_critic,n_step,10,,2,765,387.5373068201305,192,0.036444902420043945,33.67888617515564,,,229.3704376220703,19.359743118286133,300.0152893066406,2.129640817642212,71.48831939697266,10.347092628479004,10.347092628479004
actor_critic,n_step,10,,2,766,406.39188785070723,216,0.04145216941833496,33.720516204833984,,,200.90171813964844,20.994211196899414,257.0107116699219,2.1296350955963135,70.58207702636719,9.374991416931152,9.374991416931152
actor_critic,n_step,10,,2,767,408.90804917295645,220,0.042266130447387695,33.76295232772827,,,195.06280517578125,20.884857177734375,248.82565307617188,2.129680871963501,70.47168731689453,9.198914527893066,9.198914527893066
actor_critic,n_step,10,,2,768,398.5733189685486,215,0.041351318359375,33.80446529388428,,,193.73606872558594,18.116741180419922,250.88475036621094,2.1297738552093506,70.41747283935547,9.077301979064941,9.077301979064941
actor_critic,n_step,10,,2,769,410.42992221634273,219,0.042861223220825195,33.84749221801758,,,197.9703826904297,20.085886001586914,254.12069702148438,2.1298158168792725,70.71723175048828,9.310722351074219,9.310722351074219
actor_critic,n_step,10,,2,770,392.67726041753315,200,0.03914499282836914,33.886773109436035,,,217.55804443359375,19.540359497070312,282.8824157714844,2.1298720836639404,71.36907196044922,9.895881652832031,9.895881652832031
actor_critic,n_step,10,,2,771,415.6814060897591,230,0.044403076171875,33.93133616447449,,,182.6046600341797,19.157594680786133,233.49581909179688,2.129850387573242,70.3267593383789,8.786811828613281,8.786811828613281
actor_critic,n_step,10,,2,772,389.7737681736983,200,0.03869819641113281,33.9701943397522,,,217.5093536376953,21.483022689819336,280.0376281738281,2.1298606395721436,71.34378814697266,9.737674713134766,9.737674713134766
actor_critic,n_step,10,,2,773,148.59366237981592,90,0.01811504364013672,33.988487243652344,,,300.59356689453125,6.2197089195251465,420.53411865234375,2.1299118995666504,64.87716674804688,3.2139620780944824,3.2139620780944824
actor_critic,n_step,10,,2,774,394.5090411124951,204,0.039595603942871094,34.028244972229004,,,209.39547729492188,17.586366653442383,274.0130310058594,2.1299400329589844,71.3807601928711,9.640427589416504,9.640427589416504
actor_critic,n_step,10,,2,775,143.15439953189681,89,0.018551111221313477,34.04696702957153,,,289.8979187011719,6.436963081359863,404.9442443847656,2.1298234462738037,64.50882720947266,2.7145581245422363,2.7145581245422363
actor_critic,n_step,10,,2,776,392.90460476188497,198,0.037921905517578125,34.085039138793945,,,223.52322387695312,21.948902130126953,287.96331787109375,2.129737138748169,71.89186096191406,10.019195556640625,10.019195556640625
actor_critic,n_step,10,,2,777,193.82483849281374,121,0.02412891387939453,34.10934114456177,,,236.61988830566406,9.43389892578125,324.5514221191406,2.129692316055298,66.34573364257812,4.4134521484375,4.4134521484375
actor_critic,n_step,10,,2,778,437.86931074305494,245,0.04761767387390137,34.15713095664978,,,175.87303161621094,19.455059051513672,223.45425415039062,2.129659652709961,70.69719696044922,8.693168640136719,8.693168640136719
actor_critic,n_step,10,,2,779,411.6867796653672,233,0.04466414451599121,34.20197129249573,,,174.26060485839844,16.46721076965332,225.4191436767578,2.1296865940093994,70.43145751953125,8.360404968261719,8.360404968261719
actor_critic,n_step,10,,2,780,415.6620339825764,230,0.04377913475036621,34.24591517448425,421.2611035355873,1.8770259745612998,182.60829162597656,18.58428382873535,234.32000732421875,2.1296558380126953,70.84739685058594,8.709748268127441,8.709748268127441
actor_critic,n_step,10,,2,781,404.04308425393435,217,0.04247879981994629,34.388426065444946,,,193.3235626220703,16.464370727539062,252.65599060058594,2.1296327114105225,71.26703643798828,9.062118530273438,9.062118530273438
actor_critic,n_step,10,,2,782,406.08516675056507,220,0.04381394386291504,34.43241906166077,,,192.88247680664062,19.56583595275879,247.59519958496094,2.1294655799865723,71.20702362060547,8.935083389282227,8.935083389282227
actor_critic,n_step,10,,2,783,428.6642709140371,240,0.046843767166137695,34.47945809364319,,,176.31930541992188,19.302759170532227,224.30934143066406,2.129340648651123,70.9223861694336,8.585931777954102,8.585931777954102
actor_critic,n_step,10,,2,784,404.565103741281,224,0.04423785209655762,34.523834228515625,,,186.66749572753906,19.026586532592773,239.4870147705078,2.1292784214019775,70.9891128540039,8.58519458770752,8.58519458770752
actor_critic,n_step,10,,2,785,411.35399626695767,224,0.04387998580932617,34.56787610054016,,,186.39016723632812,17.661848068237305,241.0404510498047,2.129251718521118,71.33399963378906,8.8639497756958,8.8639497756958
actor_critic,n_step,10,,2,786,424.4083846643769,239,0.04656982421875,34.61463117599487,,,174.60012817382812,18.863609313964844,222.48074340820312,2.129164934158325,70.9872055053711,8.449789047241211,8.449789047241211
actor_critic,n_step,10,,2,787,393.15500518558343,206,0.0400390625,34.65484619140625,,,204.99636840820312,18.96599578857422,265.7576599121094,2.129138946533203,71.90819549560547,9.304237365722656,9.304237365722656
actor_critic,n_step,10,,2,788,416.566723961495,231,0.04476618766784668,34.69980525970459,,,180.1977081298828,16.048460006713867,234.49891662597656,2.1290740966796875,71.2774887084961,8.608177185058594,8.608177185058594
actor_critic,n_step,10,,2,789,423.9120416633678,253,0.049775123596191406,34.749744176864624,,,156.40476989746094,17.499774932861328,198.4357147216797,2.1288375854492188,70.34722137451172,7.612585544586182,7.612585544586182
actor_critic,n_step,10,,2,790,392.1429154734456,212,0.04214596748352051,34.792057037353516,,,192.17367553710938,17.767250061035156,249.1520538330078,2.128681182861328,71.60148620605469,8.798145294189453,8.798145294189453
actor_critic,n_step,10,,2,791,424.2122562955829,246,0.04869890213012695,34.84093904495239,,,165.89178466796875,17.38599395751953,212.15115356445312,2.1284961700439453,70.85520935058594,7.987326622009277,7.987326622009277
actor_critic,n_step,10,,2,792,415.2738350807743,239,0.04661297798156738,34.887726068496704,,,169.0086669921875,17.349271774291992,216.65628051757812,2.128345012664795,70.96739959716797,8.032228469848633,8.032228469848633
actor_critic,n_step,10,,2,793,405.22280042804243,227,0.04410195350646973,34.932011127471924,,,182.13621520996094,19.14604377746582,232.84310913085938,2.1282272338867188,71.34598541259766,8.343523025512695,8.343523025512695
actor_critic,n_step,10,,2,794,212.96936059175314,136,0.026670217514038086,34.95885634422302,,,223.95822143554688,11.440717697143555,303.596435546875,2.128235101699829,67.4935302734375,4.432168960571289,4.432168960571289
actor_critic,n_step,10,,2,795,396.3922975758941,226,0.04367709159851074,35.00271224975586,,,175.317626953125,16.05265235900879,227.52137756347656,2.128370523452759,71.14746856689453,8.01258659362793,8.01258659362793
actor_critic,n_step,10,,2,796,389.92623283840527,211,0.04097914695739746,35.04387927055359,,,197.03890991210938,18.376909255981445,255.23143005371094,2.128429651260376,71.91831970214844,8.715479850769043,8.715479850769043
actor_critic,n_step,10,,2,797,389.06733944260316,218,0.042059898376464844,35.086114168167114,,,184.70639038085938,17.696483612060547,238.58558654785156,2.128479480743408,71.46005249023438,8.193730354309082,8.193730354309082
actor_critic,n_step,10,,2,798,391.3755112617247,221,0.04217410087585449,35.12846326828003,,,178.25685119628906,17.319589614868164,229.91036987304688,2.1285386085510254,71.42161560058594,8.087479591369629,8.087479591369629
actor_critic,n_step,10,,2,799,409.0648781755072,228,0.04515576362609863,35.173795223236084,,,181.55189514160156,17.034250259399414,235.02520751953125,2.128598928451538,71.79281616210938,8.392356872558594,8.392356872558594
actor_critic,n_step,10,,2,800,402.00203346899235,217,0.04305696487426758,35.21703505516052,412.58144977349264,1.6927037360814805,191.92991638183594,16.9446964263916,249.9788818359375,2.128610610961914,72.26806640625,8.800768852233887,8.800768852233887
actor_critic,n_step,10,,2,801,406.3144539380495,225,0.045690059661865234,35.3671190738678,,,186.58743286132812,20.842079162597656,236.7790985107422,2.128560781478882,71.9789810180664,8.444869995117188,8.444869995117188
actor_critic,n_step,10,,2,802,400.93828039963563,226,0.04569697380065918,35.41299510002136,,,180.0597686767578,18.866287231445312,230.27639770507812,2.1286370754241943,71.74533081054688,8.144286155700684,8.144286155700684
actor_critic,n_step,10,,2,803,405.2516559681986,227,0.04288625717163086,35.45601725578308,,,180.469970703125,17.21286392211914,233.22445678710938,2.128755807876587,71.92411041259766,8.25841236114502,8.25841236114502
actor_critic,n_step,10,,2,804,411.26834765680735,238,0.045738935470581055,35.50193405151367,,,169.0829620361328,16.641271591186523,217.7738494873047,2.1288468837738037,71.55621337890625,7.824283599853516,7.824283599853516
actor_critic,n_step,10,,2,805,419.70919024732547,238,0.0458676815032959,35.547987937927246,,,175.03233337402344,17.098949432373047,225.61911010742188,2.1289308071136475,71.95268249511719,8.153236389160156,8.153236389160156
actor_critic,n_step,10,,2,806,427.3165061625205,249,0.048158884048461914,35.596325159072876,,,166.19862365722656,15.613666534423828,215.1213836669922,2.128997564315796,71.6785888671875,7.812720775604248,7.812720775604248
actor_critic,n_step,10,,2,807,412.97059478305664,235,0.045350074768066406,35.64186429977417,,,173.0010223388672,14.591662406921387,226.29908752441406,2.1290018558502197,71.98114776611328,8.048975944519043,8.048975944519043
actor_critic,n_step,10,,2,808,407.99243889992175,230,0.0444490909576416,35.68649911880493,,,176.81689453125,16.775598526000977,228.6304168701172,2.1288259029388428,72.13742065429688,8.138527870178223,8.138527870178223
actor_critic,n_step,10,,2,809,414.90676979058287,236,0.045176029205322266,35.73184108734131,,,179.4945068359375,17.59177017211914,231.2896270751953,2.128652811050415,72.11180877685547,8.050959587097168,8.050959587097168
actor_critic,n_step,10,,2,810,432.93137794252664,247,0.047746896743774414,35.779765129089355,,,169.49082946777344,17.666715621948242,216.8916015625,2.12852144241333,72.23574829101562,8.104156494140625,8.104156494140625
actor_critic,n_step,10,,2,811,403.61170788950017,224,0.042526960372924805,35.822458267211914,,,185.8592529296875,17.481887817382812,240.53909301757812,2.1284255981445312,72.50695037841797,8.309231758117676,8.309231758117676
actor_critic,n_step,10,,2,812,409.6950572999269,228,0.04419589042663574,35.8667950630188,,,183.54771423339844,18.612573623657227,235.6216278076172,2.1283342838287354,72.56563568115234,8.302431106567383,8.302431106567383
actor_critic,n_step,10,,2,813,399.52617951567476,220,0.04210996627807617,35.909085273742676,,,189.4087677001953,17.713544845581055,245.2788848876953,2.1283016204833984,72.7019271850586,8.370503425598145,8.370503425598145
actor_critic,n_step,10,,2,814,398.7876520566285,223,0.04285383224487305,35.95207405090332,,,181.45989990234375,14.442052841186523,238.59693908691406,2.1282713413238525,72.53533935546875,8.137481689453125,8.137481689453125
actor_critic,n_step,10,,2,815,426.95868256226106,249,0.04798722267150879,36.00021028518677,,,166.1283416748047,16.944795608520508,213.11935424804688,2.1280572414398193,72.18022155761719,7.719269275665283,7.719269275665283
actor_critic,n_step,10,,2,816,408.38983067920367,230,0.04404711723327637,36.044456243515015,,,184.6696014404297,18.988407135009766,236.68743896484375,2.1278836727142334,72.61673736572266,8.087437629699707,8.087437629699707
actor_critic,n_step,10,,2,817,408.31710470298987,240,0.04629397392272949,36.090909242630005,,,167.4638214111328,16.385257720947266,215.82652282714844,2.1278491020202637,72.07072448730469,7.475438594818115,7.475438594818115
actor_critic,n_step,10,,2,818,418.06145105487633,238,0.04650092124938965,36.13758897781372,,,178.205322265625,16.810062408447266,230.56466674804688,2.1278510093688965,72.63556671142578,7.974934101104736,7.974934101104736
actor_critic,n_step,10,,2,819,158.19011479779297,105,0.020911216735839844,36.15867018699646,,,276.081787109375,6.728187561035156,384.7908935546875,2.127849817276001,66.93903350830078,2.223146677017212,2.223146677017212
actor_critic,n_step,10,,2,820,170.3654580582577,114,0.022784709930419922,36.181631088256836,434.8083901510261,1.6327750383253075,249.75650024414062,0.14916492998600006,356.5819091796875,2.1279470920562744,67.35680389404297,2.5734167098999023,2.5734167098999023
actor_critic,n_step,10,,2,821,415.6912553673379,236,0.049098968505859375,36.34367513656616,,,175.8401641845703,17.797433853149414,225.77532958984375,2.127898693084717,72.82988739013672,7.969319820404053,7.969319820404053
actor_critic,n_step,10,,2,822,445.65783045359,268,0.05173802375793457,36.39560413360596,,,151.60997009277344,14.87717056274414,195.33258056640625,2.1278817653656006,72.26710510253906,7.341258525848389,7.341258525848389
actor_critic,n_step,10,,2,823,410.76794504552095,225,0.0437169075012207,36.43948698043823,,,189.32440185546875,16.63996696472168,246.69204711914062,2.1278250217437744,73.43174743652344,8.437037467956543,8.437037467956543
actor_critic,n_step,10,,2,824,429.47804996210937,250,0.04874420166015625,36.488479137420654,,,166.75869750976562,16.658235549926758,214.42922973632812,2.127725839614868,72.74124908447266,7.682236194610596,7.682236194610596
actor_critic,n_step,10,,2,825,261.3400714685407,174,0.03435516357421875,36.52301526069641,,,181.1954345703125,7.451277256011963,248.20594787597656,2.1276726722717285,69.619384765625,4.498122692108154,4.498122692108154
actor_critic,n_step,10,,2,826,435.3930555192957,259,0.05096602439880371,36.5741651058197,,,158.61257934570312,14.807991027832031,205.43515014648438,2.1275391578674316,72.5911865234375,7.401858806610107,7.401858806610107
actor_critic,n_step,10,,2,827,224.7660773851544,153,0.03126096725463867,36.60561203956604,,,206.1761474609375,9.678887367248535,280.7103576660156,2.1273858547210693,68.92217254638672,3.6717214584350586,3.6717214584350586
actor_critic,n_step,10,,2,828,435.50841419558554,255,0.05447888374328613,36.66023397445679,,,162.55047607421875,16.817424774169922,208.19007873535156,2.12742018699646,72.92227935791016,7.598504543304443,7.598504543304443
actor_critic,n_step,10,,2,829,427.20864710839686,247,0.05261111259460449,36.71308708190918,,,170.5725555419922,17.497095108032227,218.67921447753906,2.1274983882904053,73.10823822021484,7.719532012939453,7.719532012939453
actor_critic,n_step,10,,2,830,435.65018109688134,253,0.04979825019836426,36.76307821273804,,,166.6217803955078,15.842619895935059,215.3988037109375,2.1276512145996094,73.15264892578125,7.6965203285217285,7.6965203285217285
actor_critic,n_step,10,,2,831,449.21904115462354,267,0.054913997650146484,36.8181791305542,,,158.31515502929688,16.349822998046875,202.8076171875,2.1277596950531006,72.96836853027344,7.4456400871276855,7.4456400871276855
actor_critic,n_step,10,,2,832,426.77211756376767,248,0.04826474189758301,36.86660194396973,,,163.89004516601562,15.633186340332031,211.7955322265625,2.1279006004333496,73.20942687988281,7.618748188018799,7.618748188018799
actor_critic,n_step,10,,2,833,181.08157590135855,124,0.025281906127929688,36.89208221435547,,,242.29925537109375,4.687501430511475,339.44537353515625,2.1279966831207275,68.19688415527344,2.5521249771118164,2.5521249771118164
actor_critic,n_step,10,,2,834,415.49561365412865,234,0.04607701301574707,36.9383270740509,,,178.12197875976562,16.535301208496094,230.83810424804688,2.128051996231079,73.69342041015625,7.969639301300049,7.969639301300049
actor_critic,n_step,10,,2,835,144.9079244585084,98,0.02068781852722168,36.95918798446655,,,285.3504638671875,2.203465700149536,404.4957275390625,2.1280860900878906,67.1151351928711,1.3448914289474487,1.3448914289474487
actor_critic,n_step,10,,2,836,206.44105549416398,146,0.029498815536499023,36.9888551235199,,,208.13197326660156,6.3404388427734375,288.27362060546875,2.128103494644165,68.69579315185547,2.8528635501861572,2.8528635501861572
actor_critic,n_step,10,,2,837,456.5148184652322,270,0.053614139556884766,37.042643308639526,,,157.79257202148438,15.383291244506836,203.4418487548828,2.128133773803711,73.41605377197266,7.498399257659912,7.498399257659912
actor_critic,n_step,10,,2,838,161.72300096127185,111,0.02294182777404785,37.06576609611511,,,263.6908874511719,2.313683271408081,373.39599609375,2.128141164779663,67.83660888671875,1.861147403717041,1.861147403717041
actor_critic,n_step,10,,2,839,126.69483129353878,83,0.01700592041015625,37.08294725418091,,,324.6495056152344,0.22223500907421112,463.4675598144531,2.1281027793884277,66.6101303100586,0.5723779201507568,0.5723779201507568
actor_critic,n_step,10,,2,840,455.59745275747844,266,0.05272793769836426,37.13584303855896,213.5551269891659,4.747664644307256,162.31988525390625,16.326929092407227,208.56137084960938,2.1280386447906494,73.76544952392578,7.646001815795898,7.646001815795898
actor_critic,n_step,10,,2,841,256.33387607952466,171,0.03432202339172363,37.23894119262695,,,188.92942810058594,9.102535247802734,256.89556884765625,2.1279876232147217,70.43634796142578,4.255997657775879,4.255997657775879
actor_critic,n_step,10,,2,842,182.77705062465336,123,0.024555206298828125,37.26369118690491,,,244.86923217773438,4.1016411781311035,343.9537048339844,2.1279478073120117,68.89449310302734,2.6505396366119385,2.6505396366119385
actor_critic,n_step,10,,2,843,469.23234904284277,284,0.05455803871154785,37.31843018531799,,,150.41461181640625,14.937070846557617,193.53933715820312,2.1278111934661865,73.51305389404297,7.194425106048584,7.194425106048584
actor_critic,n_step,10,,2,844,457.82069030992045,274,0.053173065185546875,37.371793270111084,,,156.56341552734375,16.30219268798828,200.37319946289062,2.1276702880859375,73.66450500488281,7.281643390655518,7.281643390655518
actor_critic,n_step,10,,2,845,472.43919769594106,294,0.05701112747192383,37.42895817756653,,,142.03939819335938,13.853450775146484,183.12278747558594,2.1276111602783203,73.27386474609375,6.824251651763916,6.824251651763916
actor_critic,n_step,10,,2,846,457.302933208629,273,0.05364203453063965,37.48279023170471,,,158.16151428222656,15.873719215393066,203.26828002929688,2.1275217533111572,73.81658172607422,7.298620700836182,7.298620700836182
actor_critic,n_step,10,,2,847,446.30762317662067,263,0.052149057388305664,37.535118103027344,,,160.50050354003906,15.800846099853516,206.71380615234375,2.1274619102478027,73.99374389648438,7.4094767570495605,7.4094767570495605
actor_critic,n_step,10,,2,848,230.5205356225862,162,0.03353714942932129,37.5688111782074,,,195.4501495361328,7.8673095703125,267.9754943847656,2.1274139881134033,69.8946762084961,3.2512874603271484,3.2512874603271484
actor_critic,n_step,10,,2,849,463.27789334102755,280,0.05539989471435547,37.624407052993774,,,152.84889221191406,15.968412399291992,195.54354858398438,2.1274771690368652,73.8496322631836,7.133831024169922,7.133831024169922
actor_critic,n_step,10,,2,850,495.1897003670633,314,0.06303000450134277,37.68762421607971,,,136.3370819091797,14.565263748168945,173.95973205566406,2.1275923252105713,73.4164047241211,6.634605407714844,6.634605407714844
actor_critic,n_step,10,,2,851,469.17581215614035,290,0.0562129020690918,37.7440230846405,,,144.54090881347656,15.199634552001953,184.77325439453125,2.127737283706665,73.69586944580078,6.846261024475098,6.846261024475098
actor_critic,n_step,10,,2,852,463.7371155834171,289,0.05576777458190918,37.799988985061646,,,146.99356079101562,15.01807975769043,188.53639221191406,2.127920150756836,73.61856079101562,6.703423023223877,6.703423023223877
actor_critic,n_step,10,,2,853,462.33693421389717,281,0.05419182777404785,37.85434603691101,,,153.3023223876953,16.271577835083008,195.75820922851562,2.1281659603118896,73.9989013671875,7.022286415100098,7.022286415100098
actor_critic,n_step,10,,2,854,485.70351989384295,300,0.05743694305419922,37.91197109222412,,,142.21017456054688,13.656736373901367,183.64776611328125,2.1285226345062256,73.9497299194336,6.901622772216797,6.901622772216797
actor_critic,n_step,10,,2,855,463.82305121011757,281,0.05469393730163574,37.966830253601074,,,151.4134979248047,14.414037704467773,195.71351623535156,2.1287693977355957,74.17080688476562,7.055106163024902,7.055106163024902
actor_critic,n_step,10,,2,856,482.4726281056165,298,0.059250831604003906,38.026252031326294,,,141.85861206054688,13.286839485168457,183.67396545410156,2.128967523574829,74.05306243896484,6.871753215789795,6.871753215789795
actor_critic,n_step,10,,2,857,482.5710906734202,297,0.0579681396484375,38.084389209747314,,,143.18968200683594,14.140494346618652,184.3560028076172,2.129075288772583,74.16195678710938,6.9153594970703125,6.9153594970703125
actor_critic,n_step,10,,2,858,446.38323803159625,287,0.05627298355102539,38.14085912704468,,,136.24533081054688,13.521636009216309,175.31956481933594,2.12913179397583,73.47657775878906,6.164906978607178,6.164906978607178
actor_critic,n_step,10,,2,859,421.19470836200225,266,0.051515817642211914,38.192553997039795,,,143.79151916503906,12.739375114440918,187.21734619140625,2.1292262077331543,73.62711334228516,6.247868537902832,6.247868537902832
actor_critic,n_step,10,,2,860,491.31089858176364,307,0.05875825881958008,38.25149321556091,471.29718987913674,1.7417480444393696,141.8365478515625,15.540084838867188,180.4235076904297,2.129286289215088,74.1748275756836,6.730184078216553,6.730184078216553
actor_critic,n_step,10,,2,861,424.23660332911845,273,0.05537295341491699,38.43987512588501,,,140.2483673095703,13.923439979553223,180.4641876220703,2.129451274871826,73.51765441894531,6.005025863647461,6.005025863647461
actor_critic,n_step,10,,2,862,441.4043472075064,279,0.05346083641052246,38.49353218078613,,,142.95396423339844,13.754775047302246,184.57028198242188,2.129692554473877,73.90232849121094,6.325621604919434,6.325621604919434
actor_critic,n_step,10,,2,863,468.6568916569892,288,0.05677008628845215,38.55047917366028,,,147.686279296875,13.964895248413086,191.0305633544922,2.1299285888671875,74.46761322021484,6.82390832901001,6.82390832901001
actor_critic,n_step,10,,2,864,459.67023011784573,305,0.06547307968139648,38.61618518829346,,,125.76905059814453,11.824655532836914,162.7777099609375,2.130110025405884,73.5006332397461,5.790094375610352,5.790094375610352
actor_critic,n_step,10,,2,865,454.31905815404906,275,0.06046485900878906,38.67685294151306,,,155.04144287109375,15.137991905212402,199.86209106445312,2.130241870880127,74.70661926269531,6.9310455322265625,6.9310455322265625
actor_critic,n_step,10,,2,866,471.32498377329426,302,0.06493186950683594,38.74203705787659,,,134.58609008789062,13.196449279785156,173.4137725830078,2.13039231300354,74.1082534790039,6.2642741203308105,6.2642741203308105
actor_critic,n_step,10,,2,867,458.23436963381414,289,0.062460899353027344,38.80473804473877,,,141.71615600585938,14.415238380432129,181.8584442138672,2.130523681640625,74.30176544189453,6.393255233764648,6.393255233764648
actor_critic,n_step,10,,2,868,468.0523457636935,284,0.06064486503601074,38.86556696891785,,,148.9518585205078,13.279156684875488,193.81814575195312,2.130676746368408,74.91682434082031,6.942317962646484,6.942317962646484
actor_critic,n_step,10,,2,869,469.2351895855179,288,0.06019401550292969,38.92595815658569,,,148.002685546875,14.129900932312012,191.24684143066406,2.130733013153076,74.83180236816406,6.788518905639648,6.788518905639648
actor_critic,n_step,10,,2,870,520.9855630778868,339,0.06974315643310547,38.995909214019775,,,127.2190933227539,13.38948917388916,162.6137237548828,2.130760669708252,74.34757232666016,6.241560935974121,6.241560935974121
actor_critic,n_step,10,,2,871,476.75909427315634,296,0.058725833892822266,39.054826974868774,,,145.07762145996094,15.522810935974121,185.07830810546875,2.1308023929595947,74.82971954345703,6.653794288635254,6.653794288635254
actor_critic,n_step,10,,2,872,450.449671895471,287,0.05757784843444824,39.112635135650635,,,139.03863525390625,13.1065673828125,179.9029541015625,2.130941867828369,74.4253158569336,6.183579921722412,6.183579921722412
actor_critic,n_step,10,,2,873,502.5872286797455,320,0.06396818161010742,39.1768012046814,,,134.7906951904297,13.252409934997559,173.62612915039062,2.1310653686523438,74.72782897949219,6.421103000640869,6.421103000640869
actor_critic,n_step,10,,2,874,489.6507128362164,308,0.06082296371459961,39.23781704902649,,,139.83518981933594,13.175348281860352,180.942626953125,2.1311557292938232,74.88800811767578,6.515733242034912,6.515733242034912
actor_critic,n_step,10,,2,875,461.8471890915857,281,0.05710005760192871,39.29511022567749,,,151.7340087890625,13.838011741638184,196.99429321289062,2.131199598312378,75.2583999633789,6.818598747253418,6.818598747253418
actor_critic,n_step,10,,2,876,446.05626957419514,263,0.055716753005981445,39.35100698471069,,,163.89483642578125,15.48006534576416,212.02110290527344,2.1312038898468018,75.65501403808594,7.147522926330566,7.147522926330566
actor_critic,n_step,10,,2,877,473.50251854457343,289,0.060706138610839844,39.41190814971924,,,148.61756896972656,13.10861587524414,193.584228515625,2.1312220096588135,75.38471984863281,6.810757160186768,6.810757160186768
actor_critic,n_step,10,,2,878,485.1464112013065,298,0.06141805648803711,39.47351408004761,,,146.4017333984375,14.169048309326172,188.90382385253906,2.1311593055725098,75.41766357421875,6.778339385986328,6.778339385986328
actor_critic,n_step,10,,2,879,460.5672625436362,274,0.05574512481689453,39.52945423126221,,,161.6158447265625,16.114294052124023,207.85935974121094,2.13108491897583,75.78486633300781,7.081568717956543,7.081568717956543
actor_critic,n_step,10,,2,880,447.1973649791962,265,0.05071616172790527,39.5803382396698,488.91817764139176,1.4526214375550188,164.40919494628906,14.992758750915527,213.4520721435547,2.1310925483703613,75.82623291015625,7.0533013343811035,7.0533013343811035
actor_critic,n_step,10,,2,881,430.7993618168128,269,0.05375313758850098,39.76380228996277,,,148.81121826171875,13.428557395935059,193.40380859375,2.131101369857788,75.09649658203125,6.2590203285217285,6.2590203285217285
actor_critic,n_step,10,,2,882,465.3150426857722,281,0.05364036560058594,39.81760835647583,,,154.81044006347656,14.413557052612305,200.5669708251953,2.131120204925537,75.7796401977539,6.874061584472656,6.874061584472656
actor_critic,n_step,10,,2,883,438.13583613126127,250,0.048338890075683594,39.86610412597656,,,177.52174377441406,15.390152931213379,231.61656188964844,2.131126642227173,76.46717071533203,7.495763778686523,7.495763778686523
actor_critic,n_step,10,,2,884,459.0323413969427,269,0.05162978172302246,39.91790795326233,,,167.88092041015625,16.17281723022461,216.72586059570312,2.131101131439209,76.27140808105469,7.2355756759643555,7.2355756759643555
actor_critic,n_step,10,,2,885,441.6241575839565,281,0.05396103858947754,39.97203612327576,,,142.44818115234375,12.296490669250488,185.9309844970703,2.131132125854492,75.1474380493164,6.045709133148193,6.045709133148193
actor_critic,n_step,10,,2,886,427.8846138047725,242,0.04627203941345215,40.01848816871643,,,184.04080200195312,15.99482250213623,240.065673828125,2.1311147212982178,76.69776916503906,7.5271100997924805,7.5271100997924805
actor_critic,n_step,10,,2,887,487.59905970229585,300,0.05700492858886719,40.07565522193909,,,147.2379913330078,13.243387222290039,191.4208526611328,2.1310980319976807,75.92682647705078,6.690802097320557,6.690802097320557
actor_critic,n_step,10,,2,888,464.88557767605676,279,0.05313992500305176,40.12897825241089,,,156.7578887939453,12.896767616271973,205.51588439941406,2.131025791168213,76.2085189819336,6.90626335144043,6.90626335144043
actor_critic,n_step,10,,2,889,444.677447218515,258,0.07325196266174316,40.20240306854248,,,169.77810668945312,14.951011657714844,221.1815643310547,2.1308135986328125,76.61741638183594,7.249705791473389,7.249705791473389
actor_critic,n_step,10,,2,890,433.12100426888287,246,0.04819607734680176,40.25076603889465,,,182.54612731933594,16.847135543823242,236.7128448486328,2.130605697631836,76.9057388305664,7.4698486328125,7.4698486328125
actor_critic,n_step,10,,2,891,392.88189086897387,233,0.04452204704284668,40.29546022415161,,,171.0896453857422,13.574054718017578,225.02227783203125,2.130470037460327,76.09569549560547,6.592496871948242,6.592496871948242
actor_critic,n_step,10,,2,892,442.2243862932379,253,0.04825186729431152,40.34389615058899,,,178.1448211669922,17.1112117767334,230.04803466796875,2.1303250789642334,76.96884155273438,7.4008660316467285,7.4008660316467285
actor_critic,n_step,10,,2,893,444.3064025678494,256,0.04927492141723633,40.39337706565857,,,175.17466735839844,15.726057052612305,227.7837371826172,2.130300283432007,76.94313049316406,7.307945728302002,7.307945728302002
actor_critic,n_step,10,,2,894,411.9935835180258,250,0.04803013801574707,40.44158720970154,,,160.40353393554688,11.657995223999023,212.49363708496094,2.130293130874634,76.09700775146484,6.395763397216797,6.395763397216797
actor_critic,n_step,10,,2,895,437.96039435333205,254,0.04906296730041504,40.49082803726196,,,172.61761474609375,14.190958976745605,226.32379150390625,2.130232095718384,76.92991638183594,7.163555145263672,7.163555145263672
actor_critic,n_step,10,,2,896,420.54460674219257,236,0.04562997817993164,40.53665614128113,,,188.4114532470703,16.216384887695312,245.99295043945312,2.130117654800415,77.3343505859375,7.5019965171813965,7.5019965171813965
actor_critic,n_step,10,,2,897,435.01333832878606,257,0.05017280578613281,40.587032079696655,,,172.2066192626953,16.632383346557617,222.24891662597656,2.1300277709960938,76.7732925415039,6.874342441558838,6.874342441558838
actor_critic,n_step,10,,2,898,452.71435737444483,263,0.051123857498168945,40.6383421421051,,,171.8622589111328,14.548603057861328,224.73379516601562,2.130128860473633,77.16527557373047,7.199710369110107,7.199710369110107
actor_critic,n_step,10,,2,899,446.0029014868625,255,0.04926109313964844,40.687782287597656,,,179.55282592773438,16.374069213867188,233.1125030517578,2.13016676902771,77.40628051757812,7.373371124267578,7.373371124267578
actor_critic,n_step,10,,2,900,460.1069916640013,265,0.05172109603881836,40.73966908454895,455.1856803092399,1.275118541946817,173.677978515625,15.692469596862793,225.69357299804688,2.1302547454833984,77.44136047363281,7.343587398529053,7.343587398529053
actor_critic,n_step,10,,2,901,441.23674338488814,254,0.05125617980957031,40.9056441783905,,,177.0120086669922,14.615294456481934,231.99530029296875,2.130340814590454,77.39517974853516,7.231394290924072,7.231394290924072
actor_critic,n_step,10,,2,902,436.7029208746288,251,0.04902195930480957,40.95484805107117,,,178.1612091064453,14.531391143798828,233.75689697265625,2.1303558349609375,77.4499282836914,7.218086242675781,7.218086242675781
actor_critic,n_step,10,,2,903,461.60996352379436,271,0.05565309524536133,41.01069521903992,,,168.29861450195312,15.758182525634766,217.9149169921875,2.1303365230560303,77.35677337646484,7.063438892364502,7.063438892364502
actor_critic,n_step,10,,2,904,458.2876996968417,282,0.05625104904174805,41.06712818145752,,,153.35101318359375,12.142343521118164,201.72666931152344,2.130380153656006,76.76531982421875,6.403850078582764,6.403850078582764
actor_critic,n_step,10,,2,905,438.3612327000447,250,0.05312371253967285,41.12043595314026,,,182.19720458984375,15.81413459777832,237.6901092529297,2.130359411239624,77.73918914794922,7.309316635131836,7.309316635131836
actor_critic,n_step,10,,2,906,443.99723854804694,258,0.05635809898376465,41.17700719833374,,,174.8213348388672,16.459138870239258,226.23170471191406,2.130359649658203,77.57014465332031,7.074069499969482,7.074069499969482
actor_critic,n_step,10,,2,907,436.3125196178272,248,0.053652048110961914,41.23094916343689,,,184.74339294433594,16.434207916259766,240.4416961669922,2.1304361820220947,77.88684844970703,7.325145244598389,7.325145244598389
actor_critic,n_step,10,,2,908,466.1849294506285,281,0.05945086479187012,41.290677070617676,,,159.9646759033203,14.37089729309082,207.99111938476562,2.130542516708374,77.31099700927734,6.682910919189453,6.682910919189453
actor_critic,n_step,10,,2,909,478.7166117988775,295,0.06348800659179688,41.354286193847656,,,151.45594787597656,14.187397003173828,196.09793090820312,2.1306471824645996,77.1336441040039,6.443950176239014,6.443950176239014
actor_critic,n_step,10,,2,910,467.5524471585438,284,0.0595548152923584,41.41404914855957,,,157.00814819335938,13.216333389282227,205.4168701171875,2.130784511566162,77.32694244384766,6.568063735961914,6.568063735961914
actor_critic,n_step,10,,2,911,476.11070584254486,289,0.06121683120727539,41.47543215751648,,,160.1081085205078,16.206344604492188,205.57395935058594,2.1308557987213135,77.43718719482422,6.6137309074401855,6.6137309074401855
actor_critic,n_step,10,,2,912,422.7473434561435,262,0.05595111846923828,41.531646966934204,,,154.48944091796875,11.591038703918457,204.14059448242188,2.1310596466064453,76.93299865722656,6.043288230895996,6.043288230895996
actor_critic,n_step,10,,2,913,442.69282944517465,258,0.05518388748168945,41.58702111244202,,,177.02012634277344,15.73808765411377,230.40292358398438,2.131204128265381,77.92520904541016,6.966746807098389,6.966746807098389
actor_critic,n_step,10,,2,914,465.2251895015167,277,0.05949902534484863,41.64670014381409,,,164.45387268066406,13.558161735534668,215.5653076171875,2.131397008895874,77.81878662109375,6.794967174530029,6.794967174530029
actor_critic,n_step,10,,2,915,493.63686251118094,305,0.06617188453674316,41.713032960891724,,,149.66954040527344,14.095423698425293,193.67730712890625,2.131523370742798,77.51715850830078,6.429584980010986,6.429584980010986
actor_critic,n_step,10,,2,916,513.5072281525952,330,0.06735610961914062,41.780572175979614,,,135.6811981201172,13.251312255859375,174.89984130859375,2.1316723823547363,77.14962768554688,5.995532035827637,5.995532035827637
actor_critic,n_step,10,,2,917,446.57098060296175,287,0.059506893157958984,41.84026908874512,,,141.3644256591797,12.362981796264648,184.28778076171875,2.131852388381958,76.8884048461914,5.669691562652588,5.669691562652588
actor_critic,n_step,10,,2,918,404.8899352863389,256,0.05535697937011719,41.89580416679382,,,154.32432556152344,12.061262130737305,203.2329559326172,2.1320531368255615,76.90968322753906,5.621126174926758,5.621126174926758
actor_critic,n_step,10,,2,919,438.3081716756609,280,0.0595698356628418,41.95552897453308,,,144.71058654785156,11.097687721252441,190.8755645751953,2.132241725921631,77.04131317138672,5.688107967376709,5.688107967376709
actor_critic,n_step,10,,2,920,467.8633121979422,280,0.05809497833251953,42.01375722885132,504.6095362896155,1.7142648653046215,163.51052856445312,13.474638938903809,214.3369903564453,2.1323583126068115,78.10771942138672,6.687400817871094,6.687400817871094
actor_critic,n_step,10,,2,921,448.00850037706056,299,0.057517051696777344,42.209455251693726,,,132.30520629882812,12.163348197937012,171.6312255859375,2.1324212551116943,76.67115783691406,5.18439245223999,5.18439245223999
actor_critic,n_step,10,,2,922,477.5071827170514,287,0.05505728721618652,42.26470232009888,,,159.47137451171875,13.062431335449219,209.15562438964844,2.132535696029663,78.21472930908203,6.663721561431885,6.663721561431885
actor_critic,n_step,10,,2,923,502.08118393983176,313,0.0629720687866211,42.327879190444946,,,147.19947814941406,13.44158935546875,191.08270263671875,2.132567882537842,77.89927673339844,6.281232833862305,6.281232833862305
actor_critic,n_step,10,,2,924,453.54703506362915,268,0.05595707893371582,42.38397002220154,,,172.1252899169922,14.849915504455566,224.67910766601562,2.132606267929077,78.43209838867188,6.747181415557861,6.747181415557861
actor_critic,n_step,10,,2,925,505.22536897051395,316,0.06599307060241699,42.45015335083008,,,144.74594116210938,11.738415718078613,190.0107421875,2.1326680183410645,77.98611450195312,6.236910820007324,6.236910820007324
actor_critic,n_step,10,,2,926,491.7347548112084,304,0.0619809627532959,42.51237201690674,,,151.05189514160156,13.95532512664795,195.8522491455078,2.1326515674591064,78.14090728759766,6.324657440185547,6.324657440185547
actor_critic,n_step,10,,2,927,487.2327629071549,301,0.059770822525024414,42.5723340511322,,,152.2478485107422,13.75899887084961,197.84121704101562,2.1326677799224854,78.17953491210938,6.296753406524658,6.296753406524658
actor_critic,n_step,10,,2,928,458.14800903896827,271,0.052781105041503906,42.62531518936157,,,169.7628631591797,14.36600112915039,221.9955291748047,2.132723093032837,78.67372131347656,6.726241588592529,6.726241588592529
actor_critic,n_step,10,,2,929,472.94985958013785,283,0.05919504165649414,42.68467712402344,,,164.81033325195312,13.8978910446167,215.58921813964844,2.1327779293060303,78.65684509277344,6.641373157501221,6.641373157501221
actor_critic,n_step,10,,2,930,484.7141414262865,293,0.05701017379760742,42.74184322357178,,,161.02102661132812,15.337120056152344,208.119873046875,2.1328048706054688,78.63702392578125,6.555974006652832,6.555974006652832
actor_critic,n_step,10,,2,931,476.07562544170946,290,0.057978153228759766,42.80002522468567,,,159.61097717285156,13.981507301330566,208.04209899902344,2.1329498291015625,78.54545593261719,6.3982954025268555,6.3982954025268555
actor_critic,n_step,10,,2,932,469.8696363867371,281,0.0588526725769043,42.85909414291382,,,165.4908447265625,14.10960865020752,216.2589111328125,2.1331067085266113,78.82076263427734,6.607364654541016,6.607364654541016
actor_critic,n_step,10,,2,933,467.5364891913061,280,0.06052398681640625,42.919820070266724,,,165.06640625,13.155387878417969,217.0157470703125,2.133258581161499,78.84741973876953,6.567939758300781,6.567939758300781
actor_critic,n_step,10,,2,934,509.17357068402225,323,0.06990194320678711,42.989981174468994,,,143.4270782470703,13.335112571716309,185.8456573486328,2.1333558559417725,78.34375762939453,6.00016975402832,6.00016975402832
actor_critic,n_step,10,,2,935,492.60916436131083,300,0.06537604331970215,43.05558514595032,,,156.4936981201172,13.91222858428955,203.68780517578125,2.1335010528564453,78.8588638305664,6.448665618896484,6.448665618896484
actor_critic,n_step,10,,2,936,457.27779062856695,268,0.05697202682495117,43.11276412010193,,,176.6327362060547,15.338315963745117,230.4206085205078,2.133643865585327,79.25677490234375,6.77884578704834,6.77884578704834
actor_critic,n_step,10,,2,937,493.33542915080005,303,0.06289196014404297,43.175865173339844,,,152.94509887695312,12.509495735168457,200.62229919433594,2.13381028175354,78.87117767333984,6.328024864196777,6.328024864196777
actor_critic,n_step,10,,2,938,458.09730828661446,268,0.05714893341064453,43.233211278915405,,,173.9199981689453,13.656877517700195,228.94732666015625,2.1338906288146973,79.40316772460938,6.790613651275635,6.790613651275635
actor_critic,n_step,10,,2,939,501.3113823495433,312,0.06535100936889648,43.298744201660156,,,151.41029357910156,14.526762962341309,195.5478973388672,2.1339080333709717,78.8440170288086,6.168715476989746,6.168715476989746
actor_critic,n_step,10,,2,940,492.4651584227073,302,0.059943199157714844,43.358930349349976,499.31296061543765,1.0853699350513757,154.69395446777344,12.339643478393555,203.36329650878906,2.134047031402588,79.05889892578125,6.316279888153076,6.316279888153076
actor_critic,n_step,10,,2,941,469.23938430097,280,0.060401201248168945,43.561182260513306,,,167.23858642578125,14.605375289916992,218.0474395751953,2.1341068744659424,79.36473083496094,6.554870128631592,6.554870128631592
actor_critic,n_step,10,,2,942,474.0251812154917,286,0.06196403503417969,43.62331008911133,,,161.951904296875,13.337716102600098,212.30596923828125,2.134216070175171,79.29969024658203,6.425896644592285,6.425896644592285
actor_critic,n_step,10,,2,943,478.88424365484383,285,0.057015180587768555,43.68048119544983,,,166.93026733398438,14.358453750610352,217.95973205566406,2.1342928409576416,79.56232452392578,6.621967792510986,6.621967792510986
actor_critic,n_step,10,,2,944,484.31228343241304,293,0.05728411674499512,43.7379252910614,,,161.42233276367188,13.2147855758667,211.72508239746094,2.1343841552734375,79.43257904052734,6.426182270050049,6.426182270050049
actor_critic,n_step,10,,2,945,460.5257302836906,272,0.0569920539855957,43.79511618614197,,,172.7278594970703,14.33991527557373,226.2684783935547,2.1344456672668457,79.68843078613281,6.613419532775879,6.613419532775879
actor_critic,n_step,10,,2,946,463.54251014356095,273,0.05942559242248535,43.854697942733765,,,172.93417358398438,14.753982543945312,225.97171020507812,2.1345179080963135,79.80060577392578,6.660416603088379,6.660416603088379
actor_critic,n_step,10,,2,947,492.1198574552714,301,0.06147599220275879,43.916327238082886,,,154.79681396484375,11.808415412902832,204.26914978027344,2.1346094608306885,79.49517059326172,6.28965950012207,6.28965950012207
actor_critic,n_step,10,,2,948,459.8216020437662,266,0.055522918701171875,43.97201919555664,,,176.994873046875,14.079739570617676,232.73590087890625,2.134592056274414,80.13755798339844,6.864711284637451,6.864711284637451
actor_critic,n_step,10,,2,949,475.9527701415676,283,0.06363320350646973,44.03580331802368,,,166.7501983642578,13.485395431518555,218.94972229003906,2.134542942047119,79.90742492675781,6.56835412979126,6.56835412979126
actor_critic,n_step,10,,2,950,475.7167107157812,282,0.06878113746643066,44.104743242263794,,,167.00135803222656,12.474117279052734,220.75320434570312,2.1344730854034424,80.00871276855469,6.606278896331787,6.606278896331787
actor_critic,n_step,10,,2,951,447.56651399553334,257,0.06054401397705078,44.16543221473694,,,182.75469970703125,13.930910110473633,241.17684936523438,2.1343348026275635,80.3406982421875,6.868573188781738,6.868573188781738
actor_critic,n_step,10,,2,952,461.1326357925601,269,0.05753517150878906,44.22312331199646,,,178.6055145263672,16.159727096557617,232.06541442871094,2.134166717529297,80.26730346679688,6.729987144470215,6.729987144470215
actor_critic,n_step,10,,2,953,443.5146867624561,258,0.05548286437988281,44.27888512611389,,,181.95077514648438,14.436554908752441,239.3060302734375,2.1341936588287354,80.25543212890625,6.650131702423096,6.650131702423096
actor_critic,n_step,10,,2,954,461.95960069158406,268,0.06323719024658203,44.34229922294617,,,180.13002014160156,15.51416015625,235.16552734375,2.1342315673828125,80.45726776123047,6.788376331329346,6.788376331329346
actor_critic,n_step,10,,2,955,456.51219348107634,271,0.05384206771850586,44.396302223205566,,,173.1502685546875,14.79085922241211,226.22772216796875,2.1343419551849365,80.17121124267578,6.434816837310791,6.434816837310791
actor_critic,n_step,10,,2,956,428.27712499526945,240,0.0480656623840332,44.44449996948242,,,197.23878479003906,15.262391090393066,259.9662780761719,2.1345059871673584,80.84895324707031,7.046097755432129,7.046097755432129
actor_critic,n_step,10,,2,957,461.37180803692377,270,0.05812883377075195,44.5027961730957,,,178.18408203125,15.294188499450684,232.69985961914062,2.134664535522461,80.50598907470703,6.63822078704834,6.63822078704834
actor_critic,n_step,10,,2,958,420.77745695022224,230,0.049755096435546875,44.552712202072144,,,208.83486938476562,15.994400024414062,275.48638916015625,2.134887933731079,81.26206970214844,7.328030586242676,7.328030586242676
actor_critic,n_step,10,,2,959,458.5415222040372,269,0.05590677261352539,44.60879898071289,,,174.930419921875,12.602086067199707,231.8976287841797,2.13511323928833,80.57611846923828,6.574120044708252,6.574120044708252
actor_critic,n_step,10,,2,960,441.462123086959,247,0.05321002006530762,44.66216015815735,457.23550277570075,0.609638856319049,198.27159118652344,16.920618057250977,259.07281494140625,2.1351983547210693,81.1891098022461,7.121491432189941,7.121491432189941
actor_critic,n_step,10,,2,961,448.21382798467766,250,0.0513920783996582,44.83794617652893,,,192.71075439453125,13.86744213104248,255.4904327392578,2.1353678703308105,81.3311538696289,7.197867393493652,7.197867393493652
actor_critic,n_step,10,,2,962,442.00893156820825,252,0.05440187454223633,44.89251112937927,,,190.1091766357422,15.88242244720459,248.89537048339844,2.1354424953460693,81.04351043701172,6.844428539276123,6.844428539276123
actor_critic,n_step,10,,2,963,415.97653562373364,229,0.04959702491760254,44.94226002693176,,,208.83775329589844,17.096500396728516,273.91607666015625,2.1355934143066406,81.40980529785156,7.143459796905518,7.143459796905518
actor_critic,n_step,10,,2,964,451.9816575085507,258,0.05520987510681152,44.99763607978821,,,185.81585693359375,14.045124053955078,245.38677978515625,2.1358563899993896,81.20207214355469,6.8700432777404785,6.8700432777404785
actor_critic,n_step,10,,2,965,431.1070785470949,244,0.04997897148132324,45.04775905609131,,,193.87547302246094,14.573521614074707,256.1456604003906,2.1360554695129395,81.23768615722656,6.839943885803223,6.839943885803223
actor_critic,n_step,10,,2,966,444.13643476601516,248,0.06087017059326172,45.1087851524353,,,196.12164306640625,14.314229011535645,259.7248840332031,2.1362364292144775,81.57576751708984,7.111642837524414,7.111642837524414
actor_critic,n_step,10,,2,967,434.943447806,241,0.06826901435852051,45.17724013328552,,,202.40280151367188,14.61776351928711,268.26434326171875,2.1363565921783447,81.67863464355469,7.149399280548096,7.149399280548096
actor_critic,n_step,10,,2,968,463.44975381892556,267,0.06732487678527832,45.244784116744995,,,182.62033081054688,15.577717781066895,238.63230895996094,2.136442184448242,81.37450408935547,6.779928684234619,6.779928684234619
actor_critic,n_step,10,,2,969,424.53719009919837,232,0.05247902870178223,45.297423124313354,,,206.31753540039062,13.56170654296875,275.365478515625,2.136589527130127,81.9176254272461,7.255482196807861,7.255482196807861
actor_critic,n_step,10,,2,970,431.6044629708967,240,0.05647993087768555,45.35406804084778,,,201.73614501953125,15.967564582824707,265.3836975097656,2.1365625858306885,81.776123046875,7.047669887542725,7.047669887542725
actor_critic,n_step,10,,2,971,476.14075510975414,275,0.06023073196411133,45.41447925567627,,,184.0796356201172,16.803621292114258,238.9657440185547,2.1365904808044434,81.57827758789062,6.7859721183776855,6.7859721183776855
actor_critic,n_step,10,,2,972,453.30684523452555,256,0.05689406394958496,45.47152614593506,,,190.7294921875,14.487509727478027,251.77427673339844,2.1367344856262207,81.81367492675781,6.95469856262207,6.95469856262207
actor_critic,n_step,10,,2,973,451.325156818898,255,0.05669093132019043,45.52843713760376,,,189.832763671875,13.174314498901367,252.3692169189453,2.136849880218506,81.85382843017578,6.929547309875488,6.929547309875488
actor_critic,n_step,10,,2,974,439.066135388661,245,0.061155080795288086,45.58976411819458,,,198.44699096679688,14.009393692016602,263.4822692871094,2.1368632316589355,82.01187133789062,7.020483016967773,7.020483016967773
actor_critic,n_step,10,,2,975,439.86502016843036,243,0.060719966888427734,45.65073108673096,,,201.91082763671875,15.263130187988281,266.63958740234375,2.13682222366333,82.21826934814453,7.160780429840088,7.160780429840088
actor_critic,n_step,10,,2,976,455.83601389022795,258,0.059259891510009766,45.71017599105835,,,190.87826538085938,14.873442649841309,251.4354705810547,2.1367876529693604,82.0311508178711,6.90780782699585,6.90780782699585
actor_critic,n_step,10,,2,977,436.32713207563336,243,0.05898785591125488,45.769339084625244,,,200.38021850585938,15.646149635314941,263.90582275390625,2.1367650032043457,82.19202423095703,7.0017781257629395,7.0017781257629395
actor_critic,n_step,10,,2,978,187.62904753065862,122,0.029415130615234375,45.798909187316895,,,304.5387268066406,2.9253933429718018,430.8761901855469,2.136787176132202,76.82849884033203,1.5772945880889893,1.5772945880889893
actor_critic,n_step,10,,2,979,207.0052643550064,137,0.03096485137939453,45.83006811141968,,,277.1605224609375,4.821996212005615,389.0550537109375,2.13679575920105,77.26985931396484,1.9507607221603394,1.9507607221603394
actor_critic,n_step,10,,2,980,447.3359200730497,252,0.05360913276672363,45.88382530212402,464.47617930958506,2.0210557981285104,194.75184631347656,15.408723831176758,256.2044677734375,2.1368367671966553,82.27347564697266,6.887350559234619,6.887350559234619
actor_critic,n_step,10,,2,981,203.12908657431024,139,0.029671192169189453,46.03749918937683,,,271.3529052734375,0.7871336340904236,386.52252197265625,2.1369287967681885,76.98839569091797,1.5442818403244019,1.5442818403244019
actor_critic,n_step,10,,2,982,447.6005132190473,256,0.051947832107543945,46.08957815170288,,,191.07968139648438,15.290185928344727,251.1278533935547,2.1369099617004395,82.1751708984375,6.655873775482178,6.655873775482178
actor_critic,n_step,10,,2,983,426.7805183933601,232,0.04712224006652832,46.136850357055664,,,214.25502014160156,16.04041862487793,283.1637268066406,2.136945962905884,82.81743621826172,7.235123157501221,7.235123157501221
actor_critic,n_step,10,,2,984,465.57123462481104,262,0.0521697998046875,46.18916296958923,,,191.40087890625,14.614852905273438,252.5514678955078,2.1370081901550293,82.62467956542969,6.978584289550781,6.978584289550781
actor_critic,n_step,10,,2,985,470.37205735732965,270,0.055915117263793945,46.24522018432617,,,183.82748413085938,13.362454414367676,243.52146911621094,2.1370508670806885,82.43142700195312,6.715632438659668,6.715632438659668
actor_critic,n_step,10,,2,986,444.9965545486709,259,0.05409383773803711,46.299466133117676,,,183.72813415527344,14.437169075012207,241.84423828125,2.137025833129883,82.1527328491211,6.370335578918457,6.370335578918457
actor_critic,n_step,10,,2,987,464.8808025832601,267,0.05602908134460449,46.35563611984253,,,184.13624572753906,14.425799369812012,242.44349670410156,2.1370599269866943,82.51092529296875,6.6637725830078125,6.6637725830078125
actor_critic,n_step,10,,2,988,431.582999782533,244,0.04858684539794922,46.40437197685242,,,195.47694396972656,14.213894844055176,258.94720458984375,2.1371021270751953,82.57450103759766,6.660039901733398,6.660039901733398
actor_critic,n_step,10,,2,989,451.7107602054046,257,0.05477571487426758,46.45928502082825,,,190.015380859375,13.335972785949707,252.39915466308594,2.137143850326538,82.67520141601562,6.69357967376709,6.69357967376709
actor_critic,n_step,10,,2,990,463.08399933758716,269,0.06487417221069336,46.524330139160156,,,180.6852569580078,12.409626007080078,240.39376831054688,2.137146234512329,82.52020263671875,6.472258567810059,6.472258567810059
actor_critic,n_step,10,,2,991,455.5970337461021,264,0.0598299503326416,46.58430004119873,,,186.01840209960938,13.954618453979492,245.80540466308594,2.1370811462402344,82.560546875,6.449097633361816,6.449097633361816
actor_critic,n_step,10,,2,992,473.85342795137285,278,0.06510591506958008,46.649593114852905,,,177.9551239013672,13.273637771606445,235.25927734375,2.1370296478271484,82.55675506591797,6.378864288330078,6.378864288330078
actor_critic,n_step,10,,2,993,474.1546766307636,279,0.06252002716064453,46.712258100509644,,,174.16717529296875,12.218208312988281,231.35568237304688,2.136972665786743,82.57272338867188,6.32966947555542,6.32966947555542
actor_critic,n_step,10,,2,994,474.7572103691415,279,0.0570371150970459,46.76945614814758,,,172.8674774169922,10.764067649841309,231.5762939453125,2.136875867843628,82.65201568603516,6.341768741607666,6.341768741607666
actor_critic,n_step,10,,2,995,483.5195244824948,287,0.05879402160644531,46.82840919494629,,,173.26719665527344,13.72255802154541,227.92091369628906,2.136613368988037,82.62410736083984,6.246064186096191,6.246064186096191
actor_critic,n_step,10,,2,996,440.71728287826096,272,0.05533909797668457,46.88389205932617,,,164.2325897216797,11.182390213012695,218.64315795898438,2.1364076137542725,81.92262268066406,5.481339454650879,5.481339454650879
actor_critic,n_step,10,,2,997,473.98488751916284,280,0.058110952377319336,46.94214606285095,,,174.8733673095703,12.868090629577637,231.4361114501953,2.136192798614502,82.7490005493164,6.240974426269531,6.240974426269531
actor_critic,n_step,10,,2,998,490.2624012519077,287,0.06839299201965332,47.01068425178528,,,175.66595458984375,12.85512924194336,232.58688354492188,2.1359760761260986,83.01927947998047,6.4483866691589355,6.4483866691589355
actor_critic,n_step,10,,2,999,425.25685235144425,235,0.06031227111816406,47.07120418548584,,,210.31591796875,15.526398658752441,278.270751953125,2.135730743408203,83.47801971435547,6.835302829742432,6.835302829742432
actor_critic,n_step,10,,2,1000,487.4576532801638,287,0.11709284782409668,47.18849301338196,489.12338239630134,1.4585041118177844,177.44024658203125,14.359439849853516,232.97259521484375,2.135568618774414,83.04640197753906,6.3414435386657715,6.3414435386657715
