algo,ac_variant,n_steps,baseline,seed,episode,episode_return,episode_steps,episode_time_sec,elapsed_time_sec,eval_mean_return,eval_std_return,loss,policy_loss,value_loss,entropy,mean_return,mean_advantage,advantage
actor_critic,n_step,10,,0,1,30.814225665971996,29,0.04741692543029785,0.047418832778930664,,,79.14633178710938,13.704754829406738,93.48796081542969,2.156815528869629,8.78049373626709,8.601766586303711,8.601766586303711
actor_critic,n_step,10,,0,2,56.12037047279342,34,0.006953001022338867,0.0545039176940918,,,198.21653747558594,35.825931549072266,231.98658752441406,2.155315399169922,14.850213050842285,14.440804481506348,14.440804481506348
actor_critic,n_step,10,,0,3,34.98381465000059,31,0.007172107696533203,0.061894893646240234,,,93.61959075927734,19.834657669067383,105.40705108642578,2.154792547225952,9.634196281433105,9.312044143676758,9.312044143676758
actor_critic,n_step,10,,0,4,23.76011698952012,25,0.005566120147705078,0.06760501861572266,,,56.852294921875,14.921005249023438,59.9018440246582,2.1544055938720703,7.409122467041016,7.223217964172363,7.223217964172363
actor_critic,n_step,10,,0,5,18.670698567700704,22,0.005081892013549805,0.07284784317016602,,,46.897560119628906,12.001655578613281,49.85129165649414,2.154014825820923,6.199398994445801,5.872457981109619,5.872457981109619
actor_critic,n_step,10,,0,6,29.17396758958381,27,0.006008148193359375,0.07900285720825195,,,74.51769256591797,17.97205352783203,80.77948760986328,2.153630018234253,8.915548324584961,8.321131706237793,8.321131706237793
actor_critic,n_step,10,,0,7,37.96131563107744,32,0.0069162845611572266,0.08611106872558594,,,95.54913330078125,20.419025421142578,107.32872772216797,2.1533734798431396,10.554369926452637,9.494120597839355,9.494120597839355
actor_critic,n_step,10,,0,8,5.708673630466063,8,0.0018687248229980469,0.08812975883483887,,,16.129045486450195,8.752970695495605,10.537249565124512,2.1531662940979004,2.7624921798706055,2.953697443008423,2.953697443008423
actor_critic,n_step,10,,0,9,17.614879405095948,19,0.004548311233520508,0.09279704093933105,,,42.630714416503906,12.488367080688477,43.06049728393555,2.1531472206115723,6.569894313812256,5.7854413986206055,5.7854413986206055
actor_critic,n_step,10,,0,10,28.54714199585087,28,0.00642085075378418,0.0993506908416748,,,72.26255798339844,17.508602142333984,78.21993255615234,2.1532180309295654,8.6368989944458,7.6922993659973145,7.6922993659973145
actor_critic,n_step,10,,0,11,8.835231300140633,12,0.002702951431274414,0.10219788551330566,,,18.71938705444336,8.079361915588379,15.200035095214844,2.153400421142578,3.884218454360962,3.401251792907715,3.401251792907715
actor_critic,n_step,10,,0,12,29.526046655683977,30,0.0069119930267333984,0.10922503471374512,,,69.5533218383789,16.868669509887695,75.2637939453125,2.153632879257202,8.80083179473877,7.612584590911865,7.612584590911865
actor_critic,n_step,10,,0,13,29.584604243677575,34,0.007631063461303711,0.11699676513671875,,,51.22352981567383,14.496403694152832,52.467323303222656,2.1538591384887695,7.747288227081299,6.508781909942627,6.508781909942627
actor_critic,n_step,10,,0,14,11.703250649839836,16,0.003748178482055664,0.12092280387878418,,,25.777326583862305,8.940990447998047,24.051908493041992,2.154088020324707,4.562513828277588,3.604430913925171,3.604430913925171
actor_critic,n_step,10,,0,15,9.961286179085484,15,0.0036101341247558594,0.12466788291931152,,,15.38196086883545,5.73004150390625,13.788455963134766,2.154327392578125,3.9329323768615723,2.4367599487304688,2.4367599487304688
actor_critic,n_step,10,,0,16,99.63686643213046,77,0.016675710678100586,0.14148473739624023,,,130.5919189453125,22.868515014648438,153.89059448242188,2.1545908451080322,13.243265151977539,11.396676063537598,11.396676063537598
actor_critic,n_step,10,,0,17,6.51621061779136,9,0.002382040023803711,0.14405202865600586,,,9.288625717163086,4.842967987060547,6.350940704345703,2.1547374725341797,3.049454689025879,2.1264405250549316,2.1264405250549316
actor_critic,n_step,10,,0,18,18.34694484613397,23,0.0050089359283447266,0.14917898178100586,,,37.34468460083008,8.861242294311523,40.69063186645508,2.1548819541931152,6.543506622314453,4.971970081329346,4.971970081329346
actor_critic,n_step,10,,0,19,8.244687273511023,15,0.003187894821166992,0.1525108814239502,,,13.827219009399414,5.784636497497559,11.48940372467041,2.154812812805176,2.932176351547241,1.5491284132003784,1.5491284132003784
actor_critic,n_step,10,,0,20,14.071006685332883,20,0.004586219787597656,0.1574087142944336,238.11542923429835,1.927289036332914,24.35955047607422,6.910782814025879,24.92681121826172,2.154940366744995,5.1227545738220215,3.377220630645752,3.377220630645752
actor_critic,n_step,10,,0,21,13.192585060243296,19,0.004305362701416016,0.2532670497894287,,,17.792984008789062,6.694327354431152,15.855224609375,2.1550393104553223,4.8293609619140625,2.886732339859009,2.886732339859009
actor_critic,n_step,10,,0,22,16.005989194932585,19,0.004436016082763672,0.25781679153442383,,,30.70025062561035,9.641048431396484,30.084575653076172,2.1551592350006104,6.3947224617004395,4.101930618286133,4.101930618286133
actor_critic,n_step,10,,0,23,6.169792769330174,9,0.00215911865234375,0.2601349353790283,,,6.513873100280762,3.804962158203125,3.869873046875,2.1553056240081787,2.7008187770843506,1.2280733585357666,1.2280733585357666
actor_critic,n_step,10,,0,24,14.046066960441621,19,0.004240989685058594,0.2644808292388916,,,19.677331924438477,3.735017776489258,22.774734497070312,2.155524730682373,5.454622745513916,3.135859489440918,3.135859489440918
actor_critic,n_step,10,,0,25,77.84058584901304,64,0.012873411178588867,0.27756810188293457,,,116.3156967163086,24.103271484375,131.73204040527344,2.1552629470825195,13.235730171203613,10.28903579711914,10.28903579711914
actor_critic,n_step,10,,0,26,8.191013238830816,15,0.0032808780670166016,0.28098583221435547,,,12.486183166503906,6.195229530334473,8.987075805664062,2.1551060676574707,3.2138211727142334,0.8505187630653381,0.8505187630653381
actor_critic,n_step,10,,0,27,55.33487760934655,54,0.011217832565307617,0.2923557758331299,,,79.14448547363281,18.657907485961914,86.40939331054688,2.1552388668060303,11.09709358215332,8.234140396118164,8.234140396118164
actor_critic,n_step,10,,0,28,28.64395510571596,30,0.006017923355102539,0.29853177070617676,,,51.039764404296875,12.323668479919434,55.30870819091797,2.1553869247436523,9.574400901794434,6.396300315856934,6.396300315856934
actor_critic,n_step,10,,0,29,80.94510518145337,71,0.014416933059692383,0.31313085556030273,,,92.5850830078125,19.77351951599121,104.01651763916016,2.155460834503174,12.683144569396973,9.596261978149414,9.596261978149414
actor_critic,n_step,10,,0,30,29.044501160976694,29,0.0057849884033203125,0.31908488273620605,,,52.24373245239258,12.53405475616455,56.728111267089844,2.15549373626709,9.759746551513672,6.568467140197754,6.568467140197754
actor_critic,n_step,10,,0,31,11.071334140103103,15,0.003228902816772461,0.3224599361419678,,,20.5526065826416,5.55206298828125,21.42934799194336,2.155460834503174,5.148088455200195,2.3614649772644043,2.3614649772644043
actor_critic,n_step,10,,0,32,54.899417130594905,51,0.010386943817138672,0.3329579830169678,,,80.56332397460938,21.646928787231445,84.16627502441406,2.15545916557312,11.745244026184082,8.41635513305664,8.41635513305664
actor_critic,n_step,10,,0,33,37.34890095644465,38,0.008093833923339844,0.3412139415740967,,,63.24513244628906,12.372669219970703,72.6749496459961,2.155574083328247,10.887937545776367,6.899839878082275,6.899839878082275
actor_critic,n_step,10,,0,34,57.622675383572826,53,0.010728120803833008,0.35207390785217285,,,76.6427001953125,18.348676681518555,83.27717590332031,2.1555869579315186,12.34597396850586,8.464936256408691,8.464936256408691
actor_critic,n_step,10,,0,35,10.839195338837953,17,0.0036318302154541016,0.35584068298339844,,,10.575654983520508,2.96351957321167,10.874478340148926,2.155618667602539,4.679731845855713,1.40044367313385,1.40044367313385
actor_critic,n_step,10,,0,36,21.27065797786877,26,0.005323886871337891,0.3612978458404541,,,30.142253875732422,11.506505012512207,26.62249755859375,2.155642509460449,8.026572227478027,4.185149669647217,4.185149669647217
actor_critic,n_step,10,,0,37,125.72968437253485,98,0.019125938415527344,0.3805818557739258,,,116.06486511230469,22.94127082824707,133.03370666503906,2.1558401584625244,15.396329879760742,10.946784973144531,10.946784973144531
actor_critic,n_step,10,,0,38,44.986816472310935,43,0.008928060531616211,0.3896799087524414,,,69.83805847167969,20.38248062133789,70.65082550048828,2.1559958457946777,11.823973655700684,7.576816082000732,7.576816082000732
actor_critic,n_step,10,,0,39,199.88032138435923,149,0.028887033462524414,0.4187150001525879,,,130.9006805419922,26.54941749572754,149.0732421875,2.1563189029693604,16.645828247070312,11.805185317993164,11.805185317993164
actor_critic,n_step,10,,0,40,19.153169273407574,24,0.004870891571044922,0.42372584342956543,180.49039314963437,3.5058403840983146,30.27279281616211,8.454459190368652,31.16904640197754,2.15667724609375,7.816873073577881,3.571648359298706,3.571648359298706
actor_critic,n_step,10,,0,41,143.47418425153356,114,0.021970033645629883,0.504058837890625,,,117.37774658203125,23.527339935302734,134.072021484375,2.1570425033569336,15.543052673339844,10.817383766174316,10.817383766174316
actor_critic,n_step,10,,0,42,262.5202397424067,189,0.03847002983093262,0.542686939239502,,,139.4641571044922,27.026254653930664,160.62557983398438,2.1573848724365234,17.906845092773438,12.2673921585083,12.2673921585083
actor_critic,n_step,10,,0,43,168.1117769561005,125,0.02482891082763672,0.5676727294921875,,,128.43240356445312,24.75299072265625,148.11343383789062,2.1577208042144775,16.996007919311523,11.584339141845703,11.584339141845703
actor_critic,n_step,10,,0,44,174.60662534047995,133,0.026266098022460938,0.5941119194030762,,,124.42996978759766,24.15987205505371,143.2429962158203,2.158029556274414,16.857135772705078,11.352664947509766,11.352664947509766
actor_critic,n_step,10,,0,45,196.29901601281668,154,0.029880046844482422,0.6241638660430908,,,114.08736419677734,21.1721248626709,132.73605346679688,2.1582915782928467,16.49054527282715,11.065336227416992,11.065336227416992
actor_critic,n_step,10,,0,46,192.41429310166097,144,0.02781081199645996,0.6520977020263672,,,129.4965057373047,25.555679321289062,148.4868927001953,2.158374547958374,17.433279037475586,11.526029586791992,11.526029586791992
actor_critic,n_step,10,,0,47,222.55039617875417,163,0.03169894218444824,0.6839718818664551,,,133.0654296875,24.94202423095703,154.46202087402344,2.1584911346435547,18.238643646240234,11.844841957092285,11.844841957092285
actor_critic,n_step,10,,0,48,16.983340779192908,20,0.004242897033691406,0.6883997917175293,,,21.369455337524414,6.672934055328369,20.99502944946289,2.1585769653320312,7.7609100341796875,2.6527721881866455,2.6527721881866455
actor_critic,n_step,10,,0,49,36.5121961327603,39,0.008090972900390625,0.6966218948364258,,,47.88998794555664,14.540810585021973,47.64168167114258,2.1586854457855225,11.55672550201416,5.8746256828308105,5.8746256828308105
actor_critic,n_step,10,,0,50,121.42946611512018,90,0.018086910247802734,0.7148518562316895,,,120.30363464355469,22.57277488708496,139.61550903320312,2.1588995456695557,17.762189865112305,11.16816520690918,11.16816520690918
actor_critic,n_step,10,,0,51,244.8729265349948,177,0.03408980369567871,0.7491106986999512,,,134.5730743408203,24.417490005493164,157.36512756347656,2.1590075492858887,19.0761661529541,11.969108581542969,11.969108581542969
actor_critic,n_step,10,,0,52,135.69178991866542,98,0.019451141357421875,0.7687129974365234,,,133.23231506347656,24.857017517089844,154.8218536376953,2.1589267253875732,18.47928810119629,11.47631549835205,11.47631549835205
actor_critic,n_step,10,,0,53,135.75871771815375,99,0.01945185661315918,0.7883479595184326,,,126.75599670410156,22.338726043701172,149.16754150390625,2.1588573455810547,18.478551864624023,11.360208511352539,11.360208511352539
actor_critic,n_step,10,,0,54,127.74180939343782,92,0.018400907516479492,0.8069047927856445,,,126.72312927246094,21.359149932861328,150.5199737548828,2.158618927001953,18.62807846069336,11.37887954711914,11.37887954711914
actor_critic,n_step,10,,0,55,120.34613146065482,89,0.017452001571655273,0.8245599269866943,,,133.51319885253906,26.489582061767578,152.89088439941406,2.1582412719726562,18.173789978027344,11.215304374694824,11.215304374694824
actor_critic,n_step,10,,0,56,152.45961616262113,109,0.0213470458984375,0.846066951751709,,,128.44485473632812,25.044876098632812,147.71426391601562,2.1580047607421875,19.44399070739746,11.595573425292969,11.595573425292969
actor_critic,n_step,10,,0,57,126.36546440731385,95,0.018744945526123047,0.8649909496307373,,,121.78976440429688,24.72003746032715,138.67103576660156,2.15781307220459,18.522581100463867,10.830519676208496,10.830519676208496
actor_critic,n_step,10,,0,58,137.00396021136993,100,0.019680023193359375,0.8848259449005127,,,127.2801513671875,23.325115203857422,148.5072021484375,2.157698392868042,19.266674041748047,11.152181625366211,11.152181625366211
actor_critic,n_step,10,,0,59,108.27261549580037,80,0.015984058380126953,0.9009699821472168,,,116.55886840820312,23.41254234313965,133.06617736816406,2.157559394836426,18.311782836914062,10.78427791595459,10.78427791595459
actor_critic,n_step,10,,0,60,91.18351753419769,63,0.012726068496704102,0.9138240814208984,106.98398234628591,1.3015675003761693,126.82186889648438,24.625782012939453,145.99441528320312,2.157440662384033,19.50638771057129,11.146251678466797,11.146251678466797
actor_critic,n_step,10,,0,61,111.56746655643276,83,0.016861915588378906,0.9651448726654053,,,116.31513977050781,20.641836166381836,136.6761474609375,2.157350540161133,19.10967445373535,10.644253730773926,10.644253730773926
actor_critic,n_step,10,,0,62,143.56835729888093,103,0.020924091339111328,0.9862909317016602,,,128.23854064941406,21.79791259765625,152.05804443359375,2.1571178436279297,20.210681915283203,11.315250396728516,11.315250396728516
actor_critic,n_step,10,,0,63,122.69227270974328,92,0.018590211868286133,1.0051190853118896,,,121.61915588378906,25.451284408569336,137.38267517089844,2.156806707382202,19.384140014648438,10.652854919433594,10.652854919433594
actor_critic,n_step,10,,0,64,100.02840241042333,68,0.01387333869934082,1.0191659927368164,,,134.06761169433594,23.184181213378906,158.4049072265625,2.1566295623779297,20.493576049804688,11.389786720275879,11.389786720275879
actor_critic,n_step,10,,0,65,91.72657014637306,65,0.013278961181640625,1.0325899124145508,,,124.00004577636719,20.477977752685547,147.888671875,2.156399726867676,19.844158172607422,10.732773780822754,10.732773780822754
actor_critic,n_step,10,,0,66,99.31277342231799,72,0.014853715896606445,1.0476207733154297,,,121.35628509521484,23.280044555664062,140.10891723632812,2.1560468673706055,19.659610748291016,10.500333786010742,10.500333786010742
actor_critic,n_step,10,,0,67,111.59117117811877,79,0.01594686508178711,1.0637357234954834,,,123.9838638305664,20.972206115722656,147.15951538085938,2.1557908058166504,20.593631744384766,10.92734146118164,10.92734146118164
actor_critic,n_step,10,,0,68,110.71609095521602,78,0.01608109474182129,1.079967975616455,,,125.04537963867188,18.748817443847656,151.85223388671875,2.1554603576660156,20.781356811523438,10.949746131896973,10.949746131896973
actor_critic,n_step,10,,0,69,103.82339055215182,73,0.015501976013183594,1.0956318378448486,,,129.6577606201172,22.071123123168945,153.6951904296875,2.1549220085144043,20.891841888427734,10.906513214111328,10.906513214111328
actor_critic,n_step,10,,0,70,128.35974774338968,95,0.020517349243164062,1.1163411140441895,,,119.87506103515625,24.409732818603516,136.37904357910156,2.1543538570404053,20.577783584594727,10.528669357299805,10.528669357299805
actor_critic,n_step,10,,0,71,114.46514491219799,85,0.017879009246826172,1.1343927383422852,,,115.02659606933594,22.20105743408203,132.60791015625,2.153932571411133,20.47675323486328,10.390928268432617,10.390928268432617
actor_critic,n_step,10,,0,72,112.88470901342876,77,0.015833139419555664,1.150404930114746,,,134.1619873046875,24.877328872680664,156.12094116210938,2.1535613536834717,21.82109832763672,11.219465255737305,11.219465255737305
actor_critic,n_step,10,,0,73,113.02417764938434,79,0.016242265701293945,1.1668360233306885,,,128.82762145996094,23.588088989257812,150.34219360351562,2.1532466411590576,21.63656234741211,10.894538879394531,10.894538879394531
actor_critic,n_step,10,,0,74,113.5501328333607,82,0.01632094383239746,1.183445692062378,,,117.92464447021484,20.56200408935547,139.08949279785156,2.152970552444458,21.17485809326172,10.477190017700195,10.477190017700195
actor_critic,n_step,10,,0,75,83.08353051947722,55,0.011547088623046875,1.1951549053192139,,,133.85557556152344,22.060516357421875,159.7072296142578,2.1526007652282715,21.84709930419922,10.856861114501953,10.856861114501953
actor_critic,n_step,10,,0,76,120.28996840097876,88,0.018204927444458008,1.2135319709777832,,,116.53691101074219,21.136537551879883,136.2862548828125,2.152233123779297,21.470245361328125,10.412201881408691,10.412201881408691
actor_critic,n_step,10,,0,77,120.01766227073477,88,0.01868414878845215,1.2323930263519287,,,118.40637969970703,24.405418395996094,134.28709411621094,2.151822090148926,21.519289016723633,10.35445499420166,10.35445499420166
actor_critic,n_step,10,,0,78,138.5867560814816,99,0.021071195602416992,1.253605842590332,,,125.58830261230469,22.867706298828125,146.74371337890625,2.1516263484954834,22.32103729248047,10.841317176818848,10.841317176818848
actor_critic,n_step,10,,0,79,150.85410463964445,109,0.024181127548217773,1.2779428958892822,,,124.08627319335938,25.082317352294922,141.43423461914062,2.1514384746551514,22.418453216552734,10.775562286376953,10.775562286376953
actor_critic,n_step,10,,0,80,113.83707515203263,81,0.018186092376708984,1.2962918281555176,126.66228533759026,3.8515771679063837,125.12544250488281,22.32300567626953,146.86062622070312,2.151365041732788,22.217317581176758,10.568275451660156,10.568275451660156
actor_critic,n_step,10,,0,81,146.8926261606746,111,0.024225234985351562,1.3631188869476318,,,112.20214080810547,21.076875686645508,130.178955078125,2.151266098022461,21.80632781982422,10.191293716430664,10.191293716430664
actor_critic,n_step,10,,0,82,153.2621011528314,113,0.024325847625732422,1.3876078128814697,,,116.96562957763672,22.05992317199707,135.57958984375,2.151151657104492,22.494369506835938,10.481016159057617,10.481016159057617
actor_critic,n_step,10,,0,83,182.5997859992545,135,0.02847599983215332,1.416273832321167,,,119.1228256225586,22.621252059936523,137.85939025878906,2.151013135910034,22.934629440307617,10.695476531982422,10.695476531982422
actor_critic,n_step,10,,0,84,202.24461039851735,151,0.030041933059692383,1.4464778900146484,,,117.31504821777344,22.263612747192383,135.7877655029297,2.150876045227051,22.80968475341797,10.65127182006836,10.65127182006836
actor_critic,n_step,10,,0,85,201.8366562048637,151,0.03000617027282715,1.4766590595245361,,,113.981201171875,22.35167694091797,130.89932250976562,2.1507151126861572,23.119935989379883,10.565985679626465,10.565985679626465
actor_critic,n_step,10,,0,86,182.62945300453168,136,0.02712225914001465,1.503957748413086,,,115.94155883789062,22.779743194580078,133.0883026123047,2.1505489349365234,23.114299774169922,10.514269828796387,10.514269828796387
actor_critic,n_step,10,,0,87,283.2757154712001,216,0.042173147201538086,1.546304702758789,,,111.65220642089844,22.38302993774414,127.52738952636719,2.1504151821136475,23.387142181396484,10.606696128845215,10.606696128845215
actor_critic,n_step,10,,0,88,210.92959917307488,156,0.030818700790405273,1.5773026943206787,,,115.73556518554688,21.729509353637695,134.29437255859375,2.1502552032470703,23.690242767333984,10.676889419555664,10.676889419555664
actor_critic,n_step,10,,0,89,223.31902364005674,170,0.03342294692993164,1.6108918190002441,,,111.44415283203125,22.518835067749023,127.03617095947266,2.1500465869903564,23.347171783447266,10.389138221740723,10.389138221740723
actor_critic,n_step,10,,0,90,352.6553940612997,272,0.05261492729187012,1.6636638641357422,,,108.21390533447266,22.8496150970459,121.94898986816406,2.149881601333618,23.673511505126953,10.541834831237793,10.541834831237793
actor_critic,n_step,10,,0,91,273.3666001572825,210,0.04093289375305176,1.704770803451538,,,110.40164184570312,22.470035552978516,125.6165771484375,2.149750232696533,23.678831100463867,10.391341209411621,10.391341209411621
actor_critic,n_step,10,,0,92,408.8401844566879,303,0.058943986892700195,1.7639210224151611,,,117.68051147460938,24.205339431762695,133.5359649658203,2.1496434211730957,24.598426818847656,11.070772171020508,11.070772171020508
actor_critic,n_step,10,,0,93,391.8003763807706,286,0.05438709259033203,1.8184940814971924,,,121.01194763183594,23.834680557250977,138.82467651367188,2.1495800018310547,24.9364013671875,11.257500648498535,11.257500648498535
actor_critic,n_step,10,,0,94,367.77894529437646,271,0.05231595039367676,1.8709797859191895,,,118.61132049560547,23.874656677246094,135.3380889892578,2.1494977474212646,24.852689743041992,11.071794509887695,11.071794509887695
actor_critic,n_step,10,,0,95,402.1029378696804,299,0.057420969009399414,1.9285728931427002,,,117.00257110595703,24.067230224609375,132.7647705078125,2.14943265914917,24.85143280029297,10.987137794494629,10.987137794494629
actor_critic,n_step,10,,0,96,419.31064085852694,315,0.06053018569946289,1.9892890453338623,,,114.96676635742188,23.708354949951172,130.36917114257812,2.149444580078125,24.837398529052734,10.862467765808105,10.862467765808105
actor_critic,n_step,10,,0,97,474.1111416728909,361,0.06924223899841309,2.0587048530578613,,,112.7447509765625,24.009235382080078,126.76502990722656,2.1494905948638916,24.785215377807617,10.755099296569824,10.755099296569824
actor_critic,n_step,10,,0,98,427.90930883952484,324,0.06219315528869629,2.121056079864502,,,111.44209289550781,23.323469161987305,125.88374328613281,2.149614095687866,24.95723533630371,10.745840072631836,10.745840072631836
actor_critic,n_step,10,,0,99,474.89135026048876,364,0.06923699378967285,2.1904568672180176,,,109.58441162109375,22.440351486206055,124.49150848388672,2.1497573852539062,24.936359405517578,10.652414321899414,10.652414321899414
actor_critic,n_step,10,,0,100,279.969265674629,237,0.04571700096130371,2.2364118099212646,1052.5135344270718,0.39843168530152245,85.88325500488281,19.745853424072266,94.48200988769531,2.149843692779541,23.459627151489258,9.231627464294434,9.231627464294434
actor_critic,n_step,10,,0,101,341.218922490662,291,0.05581808090209961,2.722085952758789,,,85.28649139404297,19.67369842529297,93.73255920410156,2.1499156951904297,23.534847259521484,9.261082649230957,9.261082649230957
actor_critic,n_step,10,,0,102,429.8467189421364,318,0.06140279769897461,2.7836718559265137,,,116.65540313720703,23.28858757019043,133.38116455078125,2.149967908859253,25.65423011779785,10.99066162109375,10.99066162109375
actor_critic,n_step,10,,0,103,480.38410426850754,368,0.07179999351501465,2.8556697368621826,,,109.05741882324219,22.628841400146484,123.46940612792969,2.1499783992767334,25.346515655517578,10.60656452178955,10.60656452178955
actor_critic,n_step,10,,0,104,387.54729869040926,333,0.06551432609558105,2.921365737915039,,,82.30274200439453,18.19038200378418,91.58908081054688,2.149967670440674,23.799182891845703,9.208054542541504,9.208054542541504
actor_critic,n_step,10,,0,105,461.4358451474939,339,0.0667257308959961,2.9882776737213135,,,116.99603271484375,23.241121292114258,133.9355926513672,2.149735927581787,26.046424865722656,11.063512802124023,11.063512802124023
actor_critic,n_step,10,,0,106,394.6884266709992,351,0.06879115104675293,3.0572450160980225,,,79.63444519042969,19.354347229003906,86.11442565917969,2.1494944095611572,23.639204025268555,8.844818115234375,8.844818115234375
actor_critic,n_step,10,,0,107,325.2511216711402,263,0.05179715156555176,3.109194040298462,,,93.54753112792969,21.486629486083984,102.94415283203125,2.14931321144104,24.61981773376465,9.756505012512207,9.756505012512207
actor_critic,n_step,10,,0,108,321.7482927212567,279,0.05697512626647949,3.1663658618927,,,83.37361145019531,19.536319732666016,91.19613647460938,2.149200201034546,24.05620002746582,8.948834419250488,8.948834419250488
actor_critic,n_step,10,,0,109,376.1168440102765,295,0.060584068298339844,3.227168083190918,,,101.568359375,21.17721939086914,114.84449005126953,2.14913010597229,25.517377853393555,10.108100891113281,10.108100891113281
actor_critic,n_step,10,,0,110,465.32394392880633,345,0.06755590438842773,3.2949399948120117,,,114.88290405273438,23.59990882873535,130.40428161621094,2.1490256786346436,26.18937873840332,10.910149574279785,10.910149574279785
actor_critic,n_step,10,,0,111,498.3889244951431,376,0.07256388664245605,3.367692708969116,,,109.54240417480469,22.41133689880371,124.47295379638672,2.148958921432495,26.209270477294922,10.728717803955078,10.728717803955078
actor_critic,n_step,10,,0,112,337.3815030081149,267,0.051759958267211914,3.4196529388427734,,,100.74312591552734,22.115203857421875,112.32560729980469,2.1488213539123535,25.609228134155273,9.895888328552246,9.895888328552246
actor_critic,n_step,10,,0,113,215.94426631591773,166,0.03189706802368164,3.4517440795898438,,,97.37957763671875,21.211841583251953,108.81104278564453,2.1487843990325928,25.258220672607422,9.842985153198242,9.842985153198242
actor_critic,n_step,10,,0,114,452.88444607691696,333,0.06431794166564941,3.5162477493286133,,,112.68560791015625,23.453248977661133,127.47480010986328,2.1487691402435303,26.598224639892578,10.94907283782959,10.94907283782959
actor_critic,n_step,10,,0,115,334.28346613682515,266,0.0515899658203125,3.5680158138275146,,,98.93846130371094,20.527978897094727,112.01497650146484,2.148754596710205,25.77214241027832,9.798357963562012,9.798357963562012
actor_critic,n_step,10,,0,116,376.40676271765085,300,0.06026124954223633,3.628458023071289,,,98.69538116455078,21.69791603088379,109.99638366699219,2.1487011909484863,25.975669860839844,9.82854175567627,9.82854175567627
actor_critic,n_step,10,,0,117,256.2541304886018,198,0.08957099914550781,3.718204975128174,,,103.13880157470703,20.800016403198242,117.6268310546875,2.1487128734588623,26.149168014526367,9.876171112060547,9.876171112060547
actor_critic,n_step,10,,0,118,307.57467430561934,231,0.04821300506591797,3.766613721847534,,,108.55230712890625,21.358394622802734,124.56273651123047,2.148693084716797,26.76659393310547,10.353073120117188,10.353073120117188
actor_critic,n_step,10,,0,119,220.3932945420865,167,0.03303194046020508,3.7998359203338623,,,106.69282531738281,20.090633392333984,123.71741485595703,2.14859938621521,26.352441787719727,9.929215431213379,9.929215431213379
actor_critic,n_step,10,,0,120,313.4743871121135,234,0.045677900314331055,3.845698833465576,255.10153665057388,2.813712199439847,111.041015625,22.44491195678711,126.56585693359375,2.1484014987945557,26.975284576416016,10.417943954467773,10.417943954467773
actor_critic,n_step,10,,0,121,183.60701730225352,131,0.025882959365844727,3.955650806427002,,,120.9356689453125,23.002147674560547,139.905029296875,2.14823055267334,27.03053092956543,10.349483489990234,10.349483489990234
actor_critic,n_step,10,,0,122,255.36380095816884,183,0.036435842514038086,3.99226975440979,,,118.2685317993164,21.861007690429688,137.72503662109375,2.148122549057007,27.541872024536133,10.678380012512207,10.678380012512207
actor_critic,n_step,10,,0,123,238.31956063080773,174,0.034623146057128906,4.027184963226318,,,114.80023193359375,22.07842445373535,132.45973205566406,2.147963285446167,27.26347541809082,10.392802238464355,10.392802238464355
actor_critic,n_step,10,,0,124,194.8330096290607,135,0.02739095687866211,4.054781913757324,,,127.99723815917969,23.720903396606445,148.96620178222656,2.1478004455566406,27.778377532958984,10.71595287322998,10.71595287322998
actor_critic,n_step,10,,0,125,233.75301072887635,171,0.0367741584777832,4.092360973358154,,,114.00452423095703,21.424585342407227,132.25706481933594,2.147681474685669,27.396690368652344,10.333791732788086,10.333791732788086
actor_critic,n_step,10,,0,126,159.28852271006033,109,0.025863170623779297,4.1184210777282715,,,131.11285400390625,24.32624053955078,152.55230712890625,2.1475231647491455,27.70992088317871,10.53194808959961,10.53194808959961
actor_critic,n_step,10,,0,127,207.0441163041176,147,0.03647613525390625,4.1551361083984375,,,122.22053527832031,23.94992446899414,140.38658142089844,2.147454023361206,27.768407821655273,10.474432945251465,10.474432945251465
actor_critic,n_step,10,,0,128,149.7030691461128,102,0.026147842407226562,4.181549787521362,,,131.18472290039062,21.59429168701172,156.55775451660156,2.1474852561950684,27.7452335357666,10.405019760131836,10.405019760131836
actor_critic,n_step,10,,0,129,190.78266494482898,133,0.03196287155151367,4.213687896728516,,,123.52510070800781,20.902238845825195,146.60409545898438,2.1474878787994385,28.021373748779297,10.536399841308594,10.536399841308594
actor_critic,n_step,10,,0,130,200.82003288279532,141,0.03249216079711914,4.24641489982605,,,125.92056274414062,22.954713821411133,147.0940704345703,2.1474111080169678,28.10302734375,10.505873680114746,10.505873680114746
actor_critic,n_step,10,,0,131,182.2484494967816,126,0.02767205238342285,4.2743330001831055,,,129.24966430664062,24.50552749633789,149.63449096679688,2.147387981414795,28.226924896240234,10.558072090148926,10.558072090148926
actor_critic,n_step,10,,0,132,136.06647465261327,92,0.020457983016967773,4.294975996017456,,,131.16314697265625,20.136032104492188,158.6101531982422,2.1475067138671875,27.94322967529297,10.273948669433594,10.273948669433594
actor_critic,n_step,10,,0,133,194.64292722124029,133,0.029012203216552734,4.324181079864502,,,129.8215789794922,22.983158111572266,152.62631225585938,2.1474697589874268,28.635866165161133,10.780359268188477,10.780359268188477
actor_critic,n_step,10,,0,134,162.55218184176323,110,0.023977994918823242,4.348416805267334,,,135.57553100585938,24.804468154907227,158.244384765625,2.147432327270508,28.511371612548828,10.573363304138184,10.573363304138184
actor_critic,n_step,10,,0,135,148.0713645119538,101,0.021893024444580078,4.370482921600342,,,136.19125366210938,25.261886596679688,158.4705352783203,2.147555112838745,28.263519287109375,10.317283630371094,10.317283630371094
actor_critic,n_step,10,,0,136,211.51315186051977,150,0.03270602226257324,4.403363943099976,,,121.2999038696289,22.87596893310547,140.60562133789062,2.147819757461548,28.4909725189209,10.393027305603027,10.393027305603027
actor_critic,n_step,10,,0,137,157.5274047847073,110,0.023526906967163086,4.427051782608032,,,124.51515197753906,21.161884307861328,147.6475372314453,2.148103952407837,28.214553833007812,10.079601287841797,10.079601287841797
actor_critic,n_step,10,,0,138,179.29825631084947,124,0.03168606758117676,4.458936929702759,,,127.67891693115234,22.109949111938477,150.8128204345703,2.1483309268951416,28.671327590942383,10.445111274719238,10.445111274719238
actor_critic,n_step,10,,0,139,159.15372999863942,109,0.04583597183227539,4.5049378871917725,,,130.31898498535156,21.655094146728516,155.234130859375,2.148528814315796,28.644235610961914,10.326728820800781,10.326728820800781
actor_critic,n_step,10,,0,140,177.93696857927293,129,0.0339658260345459,4.539276838302612,178.47342618197814,1.8162812432442614,118.15977478027344,23.163707733154297,135.70867919921875,2.1486902236938477,28.186019897460938,9.863804817199707,9.863804817199707
actor_critic,n_step,10,,0,141,192.308088286335,138,0.029079914093017578,4.626317739486694,,,121.5106201171875,24.13605308532715,139.1065216064453,2.1489715576171875,28.545787811279297,10.064986228942871,10.064986228942871
actor_critic,n_step,10,,0,142,132.91105609066503,87,0.018435955047607422,4.644929885864258,,,143.3856201171875,20.122188568115234,176.0906219482422,2.149386405944824,29.00348472595215,10.428642272949219,10.428642272949219
actor_critic,n_step,10,,0,143,141.1790018851536,98,0.021001815795898438,4.666150808334351,,,126.8127212524414,21.914186477661133,149.8550567626953,2.1497020721435547,28.44279670715332,9.868094444274902,9.868094444274902
actor_critic,n_step,10,,0,144,138.790834304799,94,0.019916772842407227,4.686208724975586,,,130.06912231445312,19.740537643432617,157.6122589111328,2.1500136852264404,28.808265686035156,10.103854179382324,10.103854179382324
actor_critic,n_step,10,,0,145,162.76272511069027,111,0.02308511734008789,4.709460973739624,,,128.12619018554688,22.622278213500977,150.71986389160156,2.1502115726470947,29.126224517822266,10.331801414489746,10.331801414489746
actor_critic,n_step,10,,0,146,177.81606889822189,128,0.025304079055786133,4.734991788864136,,,120.07600402832031,22.619640350341797,139.223388671875,2.1504080295562744,28.676586151123047,9.830193519592285,9.830193519592285
actor_critic,n_step,10,,0,147,183.90822762175088,130,0.02615189552307129,4.761335849761963,,,120.0250244140625,21.319856643676758,141.00738525390625,2.150691032409668,29.05224609375,10.09335708618164,10.09335708618164
actor_critic,n_step,10,,0,148,197.3527694133093,141,0.02777385711669922,4.789267063140869,,,121.32584381103516,23.158226013183594,140.2394561767578,2.1509077548980713,29.1300106048584,10.087236404418945,10.087236404418945
actor_critic,n_step,10,,0,149,142.91011326718308,99,0.01994800567626953,4.8093860149383545,,,125.03914642333984,19.386560440063477,150.93226623535156,2.1511662006378174,28.92435646057129,9.815165519714355,9.815165519714355
actor_critic,n_step,10,,0,150,164.67130743106867,115,0.022912025451660156,4.832469701766968,,,121.96849822998047,20.078954696655273,145.55648803710938,2.151301145553589,29.203672409057617,9.985726356506348,9.985726356506348
actor_critic,n_step,10,,0,151,144.63403286862027,103,0.020570993423461914,4.853211879730225,,,121.36471557617188,21.706253051757812,142.36923217773438,2.151378631591797,28.75908088684082,9.545122146606445,9.545122146606445
actor_critic,n_step,10,,0,152,170.2033412807165,120,0.023617029190063477,4.876995801925659,,,120.60860443115234,19.83164405822754,143.9670867919922,2.1514978408813477,29.279844284057617,9.89959716796875,9.89959716796875
actor_critic,n_step,10,,0,153,146.7055268203002,102,0.020210981369018555,4.897380828857422,,,125.00833129882812,20.784992218017578,148.89048767089844,2.151460886001587,29.199262619018555,9.788963317871094,9.788963317871094
actor_critic,n_step,10,,0,154,157.38146349649324,111,0.022267818450927734,4.9197998046875,,,122.82853698730469,21.869495391845703,144.22720336914062,2.151420831680298,29.1799259185791,9.719152450561523,9.719152450561523
actor_critic,n_step,10,,0,155,184.13641965491567,130,0.025536060333251953,4.945506811141968,,,119.19140625,18.38187026977539,144.0136260986328,2.151439666748047,29.63033676147461,9.980788230895996,9.980788230895996
actor_critic,n_step,10,,0,156,143.65032070306077,101,0.019796133041381836,4.965476989746094,,,125.33354949951172,20.24320411682129,150.1290740966797,2.151338577270508,29.200044631958008,9.556783676147461,9.556783676147461
actor_critic,n_step,10,,0,157,161.83962863397136,117,0.023300886154174805,4.988962888717651,,,116.61538696289062,23.049365997314453,133.66574096679688,2.1512231826782227,29.16999053955078,9.464701652526855,9.464701652526855
actor_critic,n_step,10,,0,158,119.55045027008579,81,0.016202926635742188,5.005324840545654,,,132.41006469726562,20.95001792907715,159.22865295410156,2.151277780532837,29.314748764038086,9.494795799255371,9.494795799255371
actor_critic,n_step,10,,0,159,153.8700345833412,110,0.02206110954284668,5.0275490283966064,,,120.75849151611328,20.832212448120117,142.7518310546875,2.1513619422912598,29.306386947631836,9.483467102050781,9.483467102050781
actor_critic,n_step,10,,0,160,160.27959504230358,113,0.021950960159301758,5.049695014953613,148.60216489941402,1.3291085217966045,125.87379455566406,22.101505279541016,148.24612426757812,2.151479959487915,29.68782615661621,9.6826753616333,9.6826753616333
actor_critic,n_step,10,,0,161,121.20489364888792,86,0.01735520362854004,5.1131579875946045,,,119.71209716796875,20.923786163330078,141.12615966796875,2.151649236679077,28.97272491455078,8.98373794555664,8.98373794555664
actor_critic,n_step,10,,0,162,182.91695613573356,132,0.026217937469482422,5.139547824859619,,,115.577392578125,21.455394744873047,134.45999145507812,2.151874542236328,29.790409088134766,9.644233703613281,9.644233703613281
actor_critic,n_step,10,,0,163,146.30565540785852,99,0.019749164581298828,5.159465074539185,,,133.3262176513672,24.409944534301758,155.59466552734375,2.152113437652588,30.173160552978516,9.916362762451172,9.916362762451172
actor_critic,n_step,10,,0,164,178.56974374101216,134,0.026215076446533203,5.185935974121094,,,107.47547149658203,18.606035232543945,126.95634460449219,2.1524524688720703,29.382734298706055,9.129669189453125,9.129669189453125
actor_critic,n_step,10,,0,165,131.26303044520827,91,0.018229007720947266,5.20433783531189,,,129.93841552734375,20.837177276611328,155.85891723632812,2.15270733833313,29.736692428588867,9.382244110107422,9.382244110107422
actor_critic,n_step,10,,0,166,179.06854779644868,132,0.02581501007080078,5.230272054672241,,,109.13630676269531,18.846843719482422,128.9849395751953,2.1529712677001953,29.750736236572266,9.295717239379883,9.295717239379883
actor_critic,n_step,10,,0,167,181.76855037494818,130,0.025517940521240234,5.255955934524536,,,116.58052062988281,19.9188175201416,138.08815002441406,2.1531527042388916,30.22938346862793,9.64246654510498,9.64246654510498
actor_critic,n_step,10,,0,168,140.42484743695286,99,0.019555091857910156,5.275680780410767,,,122.477783203125,19.497020721435547,147.11538696289062,2.153289556503296,29.876869201660156,9.301406860351562,9.301406860351562
actor_critic,n_step,10,,0,169,162.3704887882325,118,0.02327895164489746,5.299116849899292,,,113.86085510253906,20.822195053100586,132.91236877441406,2.15338134765625,29.929580688476562,9.244722366333008,9.244722366333008
actor_critic,n_step,10,,0,170,119.73076076777751,83,0.016674041748046875,5.315973997116089,,,123.98226928710938,20.934350967407227,147.21131896972656,2.1535279750823975,29.784255981445312,9.06032943725586,9.06032943725586
actor_critic,n_step,10,,0,171,190.44966856821748,141,0.027923107147216797,5.344061851501465,,,110.34022521972656,19.916078567504883,129.17735290527344,2.1537282466888428,30.137147903442383,9.27419662475586,9.27419662475586
actor_critic,n_step,10,,0,172,135.9224749109543,97,0.01929497718811035,5.363524913787842,,,122.72354125976562,20.196516036987305,146.46717834472656,2.1539039611816406,29.902294158935547,9.024866104125977,9.024866104125977
actor_critic,n_step,10,,0,173,172.10647612017203,126,0.024457931518554688,5.388150691986084,,,113.34159851074219,21.232357025146484,131.5846405029297,2.154101848602295,30.223941802978516,9.249305725097656,9.249305725097656
actor_critic,n_step,10,,0,174,174.68277118352177,132,0.025876998901367188,5.414196014404297,,,105.82373046875,18.544477462768555,124.68464660644531,2.154369354248047,29.90871810913086,8.886655807495117,8.886655807495117
actor_critic,n_step,10,,0,175,147.56270081519634,107,0.021368026733398438,5.435744047164917,,,115.51124572753906,19.028850555419922,137.8319854736328,2.154585599899292,30.142614364624023,9.011991500854492,9.011991500854492
actor_critic,n_step,10,,0,176,181.60009137757993,134,0.025989055633544922,5.4619059562683105,,,110.48342895507812,19.525829315185547,129.93943786621094,2.154752016067505,30.407615661621094,9.188719749450684,9.188719749450684
actor_critic,n_step,10,,0,177,186.77732111091342,143,0.027286052703857422,5.489355087280273,,,102.05731201171875,17.403493881225586,120.93402862548828,2.154888153076172,30.063005447387695,8.821168899536133,8.821168899536133
actor_critic,n_step,10,,0,178,156.37029098063886,113,0.02294325828552246,5.512480020523071,,,114.65074157714844,20.178184509277344,134.96080017089844,2.154907464981079,30.483545303344727,9.104938507080078,9.104938507080078
actor_critic,n_step,10,,0,179,168.20258257891052,126,0.02491593360900879,5.537561893463135,,,109.4521484375,20.776752471923828,126.67914581298828,2.1549689769744873,30.266836166381836,8.828725814819336,8.828725814819336
actor_critic,n_step,10,,0,180,181.88966209872143,137,0.027122974395751953,5.564854860305786,164.98801132291038,4.206821577396057,106.84690856933594,18.469951629638672,126.25279235839844,2.1552035808563232,30.422067642211914,8.912630081176758,8.912630081176758
actor_critic,n_step,10,,0,181,164.2636838379002,120,0.023481130599975586,5.642596960067749,,,112.30290222167969,21.191659927368164,130.15892028808594,2.1553544998168945,30.668062210083008,9.054180145263672,9.054180145263672
actor_critic,n_step,10,,0,182,175.7411936793214,130,0.025470972061157227,5.66823410987854,,,109.87925720214844,19.86686897277832,128.58912658691406,2.155576467514038,30.67705535888672,9.04117202758789,9.04117202758789
actor_critic,n_step,10,,0,183,185.45935496340536,134,0.026770830154418945,5.695213794708252,,,115.55223846435547,20.231369018554688,136.17266845703125,2.155813455581665,31.188920974731445,9.359868049621582,9.359868049621582
actor_critic,n_step,10,,0,184,218.16727738423668,166,0.03209996223449707,5.727496862411499,,,105.70977783203125,21.252347946166992,120.65347290039062,2.156034231185913,30.877782821655273,9.03917121887207,9.03917121887207
actor_critic,n_step,10,,0,185,172.49237058863488,128,0.024836063385009766,5.752519845962524,,,111.52919006347656,19.600616455078125,131.3265380859375,2.1563282012939453,30.81029510498047,8.920023918151855,8.920023918151855
actor_critic,n_step,10,,0,186,185.4035636156059,138,0.02703714370727539,5.779762029647827,,,107.07076263427734,19.001455307006836,125.81329345703125,2.156625509262085,31.038488388061523,8.998692512512207,8.998692512512207
actor_critic,n_step,10,,0,187,199.85371544784843,156,0.030394792556762695,5.810348749160767,,,98.22666931152344,17.433034896850586,115.41947174072266,2.1568753719329834,30.627460479736328,8.61572551727295,8.61572551727295
actor_critic,n_step,10,,0,188,169.30953271015753,124,0.0240781307220459,5.834600925445557,,,111.62324523925781,19.23878288269043,131.97779846191406,2.157045364379883,31.154273986816406,9.005631446838379,9.005631446838379
actor_critic,n_step,10,,0,189,189.37414765204375,141,0.027417659759521484,5.862179756164551,,,110.14457702636719,20.12793731689453,128.59519958496094,2.157177686691284,31.236133575439453,8.999237060546875,8.999237060546875
actor_critic,n_step,10,,0,190,193.36861263503513,140,0.027020931243896484,5.889368772506714,,,117.0350341796875,23.35320281982422,133.83119201660156,2.157360076904297,31.69585609436035,9.325048446655273,9.325048446655273
actor_critic,n_step,10,,0,191,240.9355370673347,187,0.03586268424987793,5.92540979385376,,,96.05668640136719,16.982215881347656,112.96353149414062,2.1576995849609375,31.269468307495117,8.860462188720703,8.860462188720703
actor_critic,n_step,10,,0,192,162.24088109681375,119,0.02366805076599121,5.94919490814209,,,113.93120574951172,18.686750411987305,136.06350708007812,2.1578369140625,31.307636260986328,8.866937637329102,8.866937637329102
actor_critic,n_step,10,,0,193,195.7557003036065,141,0.027298927307128906,5.976668834686279,,,116.87004089355469,22.731884002685547,134.48309326171875,2.157932996749878,31.94415283203125,9.365097999572754,9.365097999572754
actor_critic,n_step,10,,0,194,243.79743699448542,184,0.035954952239990234,6.012803792953491,,,104.80506134033203,19.937849044799805,121.23887634277344,2.1581990718841553,31.8254451751709,9.167028427124023,9.167028427124023
actor_critic,n_step,10,,0,195,247.98287470103287,190,0.03708505630493164,6.050078868865967,,,102.2181625366211,19.55754852294922,118.08659362792969,2.1584603786468506,31.72784423828125,9.01030445098877,9.01030445098877
actor_critic,n_step,10,,0,196,197.26857166768966,143,0.028449058532714844,6.078696012496948,,,113.59489440917969,20.009979248046875,133.69273376464844,2.158709764480591,32.10665512084961,9.284769058227539,9.284769058227539
actor_critic,n_step,10,,0,197,216.8037739860674,158,0.0352628231048584,6.11408805847168,,,110.46812438964844,18.584423065185547,131.26243591308594,2.1589298248291016,32.27296829223633,9.364668846130371,9.364668846130371
actor_critic,n_step,10,,0,198,308.32970313150383,226,0.0479130744934082,6.162246942520142,,,108.21497344970703,21.890478134155273,123.32070922851562,2.158985137939453,32.73935317993164,9.744132995605469,9.744132995605469
actor_critic,n_step,10,,0,199,405.5961903030402,284,0.06051468849182129,6.222955703735352,,,117.91387176513672,22.900238037109375,135.7337646484375,2.1591038703918457,33.65431594848633,10.569535255432129,10.569535255432129
actor_critic,n_step,10,,0,200,243.11266828009002,183,0.03899407386779785,6.2621729373931885,428.1185123703459,1.38172649161564,105.10921478271484,19.35363006591797,122.50798034667969,2.159219741821289,32.2545051574707,9.128923416137695,9.128923416137695
actor_critic,n_step,10,,0,201,375.2118710237557,258,0.05498385429382324,6.4572837352752686,,,124.23515319824219,23.873096466064453,143.37437438964844,2.1592941284179688,33.94426727294922,10.705371856689453,10.705371856689453
actor_critic,n_step,10,,0,202,424.00433343773585,300,0.06438899040222168,6.521833896636963,,,115.71861267089844,22.62246322631836,132.99449157714844,2.1594128608703613,33.749088287353516,10.448904991149902,10.448904991149902
actor_critic,n_step,10,,0,203,417.1676357517252,297,0.06380581855773926,6.58580207824707,,,114.25399780273438,23.072023391723633,130.2599639892578,2.15952730178833,33.73138427734375,10.341363906860352,10.341363906860352
actor_critic,n_step,10,,0,204,415.9622712105022,289,0.06213521957397461,6.648130893707275,,,120.1453628540039,23.667085647583008,137.82611083984375,2.1596908569335938,34.04481506347656,10.650778770446777,10.650778770446777
actor_critic,n_step,10,,0,205,398.8764476187956,277,0.059007883071899414,6.707335948944092,,,117.59662628173828,21.958036422729492,136.62655639648438,2.1598758697509766,34.129600524902344,10.601090431213379,10.601090431213379
actor_critic,n_step,10,,0,206,427.10033207200127,311,0.06449580192565918,6.772036790847778,,,107.94583129882812,21.137256622314453,124.01226043701172,2.159980297088623,33.645748138427734,10.054445266723633,10.054445266723633
actor_critic,n_step,10,,0,207,396.1956342807309,279,0.05621814727783203,6.828490972518921,,,114.35176086425781,21.782398223876953,132.24195861816406,2.160003423690796,34.069786071777344,10.394773483276367,10.394773483276367
actor_critic,n_step,10,,0,208,371.043522639182,260,0.05270671844482422,6.881377696990967,,,115.64813995361328,23.121192932128906,132.1813507080078,2.159963846206665,34.139522552490234,10.394875526428223,10.394875526428223
actor_critic,n_step,10,,0,209,419.3411017298367,301,0.06044292449951172,6.942027807235718,,,108.98428344726562,22.390424728393555,123.70551300048828,2.159990072250366,33.941734313964844,10.198920249938965,10.198920249938965
actor_critic,n_step,10,,0,210,387.7752393056574,271,0.05401206016540527,6.9962568283081055,,,119.64128112792969,24.766845703125,135.534912109375,2.1600496768951416,34.341922760009766,10.44522762298584,10.44522762298584
actor_critic,n_step,10,,0,211,446.82059357603765,323,0.0619509220123291,7.058382749557495,,,110.44621276855469,21.78969955444336,126.65216064453125,2.160256862640381,34.09040451049805,10.138557434082031,10.138557434082031
actor_critic,n_step,10,,0,212,392.3346617943643,269,0.051518917083740234,7.110093832015991,,,119.67601013183594,22.676502227783203,138.5707244873047,2.160433053970337,34.72547149658203,10.684078216552734,10.684078216552734
actor_critic,n_step,10,,0,213,826.3558860689019,776,0.1508500576019287,7.261123895645142,,,60.68861389160156,16.262388229370117,63.466041564941406,2.160562515258789,31.526996612548828,7.5593767166137695,7.5593767166137695
actor_critic,n_step,10,,0,214,389.87281080229127,282,0.0541689395904541,7.315493822097778,,,108.84732055664062,21.325328826904297,125.03141784667969,2.160677194595337,34.184547424316406,9.983230590820312,9.983230590820312
actor_critic,n_step,10,,0,215,448.00382104397374,325,0.06205177307128906,7.377741813659668,,,107.6156005859375,21.553203582763672,122.94627380371094,2.160768508911133,34.30672073364258,10.057071685791016,10.057071685791016
actor_critic,n_step,10,,0,216,416.56851286214675,293,0.05562424659729004,7.43354606628418,,,115.03912353515625,22.020519256591797,132.8837127685547,2.16084885597229,34.6966667175293,10.366998672485352,10.366998672485352
actor_critic,n_step,10,,0,217,396.1651715751389,279,0.05327725410461426,7.487009763717651,,,115.95563507080078,23.3345890045166,132.31578063964844,2.1609079837799072,34.71640396118164,10.302507400512695,10.302507400512695
actor_critic,n_step,10,,0,218,402.355262888743,268,0.05094623565673828,7.538151025772095,,,132.625244140625,24.275156021118164,154.7858428955078,2.1610426902770996,35.51137161254883,11.037151336669922,11.037151336669922
actor_critic,n_step,10,,0,219,411.1375176953189,291,0.05517578125,7.593548774719238,,,113.25758361816406,21.690845489501953,130.80963134765625,2.1611804962158203,34.81142807006836,10.251279830932617,10.251279830932617
actor_critic,n_step,10,,0,220,398.1029550972779,279,0.05312204360961914,7.646846055984497,445.27652535644785,1.2156506381672563,115.99848175048828,22.601715087890625,133.4239501953125,2.161271810531616,34.972293853759766,10.337418556213379,10.337418556213379
actor_critic,n_step,10,,0,221,404.2969069000845,289,0.055734872817993164,7.839919805526733,,,108.95806884765625,21.609790802001953,124.78324890136719,2.1613845825195312,34.77499008178711,10.101850509643555,10.101850509643555
actor_critic,n_step,10,,0,222,375.41333717582717,249,0.04807281494140625,7.888187885284424,,,129.12127685546875,24.15418243408203,149.9530029296875,2.16148042678833,35.75572204589844,10.986814498901367,10.986814498901367
actor_critic,n_step,10,,0,223,420.5229773392474,306,0.05921483039855957,7.94758677482605,,,106.71270751953125,21.626224517822266,121.5521240234375,2.161620855331421,34.755348205566406,9.888107299804688,9.888107299804688
actor_critic,n_step,10,,0,224,455.7057426057224,334,0.06409311294555664,8.01185393333435,,,105.32501983642578,20.699844360351562,120.89310455322266,2.161773204803467,34.78289031982422,9.863065719604492,9.863065719604492
actor_critic,n_step,10,,0,225,396.28326568260593,268,0.05195307731628418,8.063956022262573,,,124.52262115478516,23.49718475341797,144.32205200195312,2.1618800163269043,35.764747619628906,10.753057479858398,10.753057479858398
actor_critic,n_step,10,,0,226,394.58744923068616,284,0.054628849029541016,8.118762731552124,,,107.99419403076172,20.63147735595703,124.80388641357422,2.1619954109191895,35.03913879394531,9.935955047607422,9.935955047607422
actor_critic,n_step,10,,0,227,260.88123856684246,185,0.036401987075805664,8.15534496307373,,,116.27066040039062,22.03672218322754,134.6199188232422,2.162071466445923,34.7742919921875,9.615076065063477,9.615076065063477
actor_critic,n_step,10,,0,228,512.001785878291,391,0.07517266273498535,8.230691909790039,,,96.20698547363281,20.26778793334961,108.48457336425781,2.1622202396392822,34.62348175048828,9.421475410461426,9.421475410461426
actor_critic,n_step,10,,0,229,482.60122186916635,370,0.07116389274597168,8.302051782608032,,,95.43671417236328,20.224021911621094,107.44670867919922,2.162353754043579,34.62531280517578,9.319716453552246,9.319716453552246
actor_critic,n_step,10,,0,230,381.57268680390644,254,0.04869723320007324,8.35094404220581,,,126.89822387695312,22.79140853881836,148.72401428222656,2.1624836921691895,36.23297119140625,10.86967658996582,10.86967658996582
actor_critic,n_step,10,,0,231,460.4303589342208,335,0.10158801078796387,8.452699899673462,,,107.68675231933594,22.367712020874023,121.88433837890625,2.162548065185547,35.33138656616211,9.902752876281738,9.902752876281738
actor_critic,n_step,10,,0,232,400.19428049446924,271,0.05247831344604492,8.5053551197052,,,123.4009017944336,23.919191360473633,142.11672973632812,2.1626851558685303,36.18896484375,10.672348976135254,10.672348976135254
actor_critic,n_step,10,,0,233,230.37537008483704,167,0.03292202949523926,8.538441896438599,,,113.12425231933594,19.730327606201172,133.41989135742188,2.162882089614868,34.689361572265625,9.10177993774414,9.10177993774414
actor_critic,n_step,10,,0,234,444.87854618092024,312,0.059481143951416016,8.598074913024902,,,114.11088562011719,20.992671966552734,133.02601623535156,2.163064479827881,35.94734573364258,10.304896354675293,10.304896354675293
actor_critic,n_step,10,,0,235,437.6862898765708,313,0.06005501747131348,8.65830683708191,,,112.38504028320312,23.24854850769043,127.33784484863281,2.163106918334961,35.76535415649414,10.033428192138672,10.033428192138672
actor_critic,n_step,10,,0,236,422.44668721348734,298,0.0612337589263916,8.719716787338257,,,113.65121459960938,21.958133697509766,130.99012756347656,2.1632916927337646,35.9614143371582,10.163349151611328,10.163349151611328
actor_critic,n_step,10,,0,237,423.8778888833407,290,0.10813093185424805,8.828054904937744,,,123.12342071533203,23.654218673706055,142.09886169433594,2.1634676456451416,36.41391372680664,10.552668571472168,10.552668571472168
actor_critic,n_step,10,,0,238,443.60724684385394,313,0.0719916820526123,8.900247812271118,,,112.57467651367188,23.545698165893555,127.18425750732422,2.163689374923706,35.993934631347656,10.200356483459473,10.200356483459473
actor_critic,n_step,10,,0,239,263.0907772381535,202,0.045744895935058594,8.946242809295654,,,101.43500518798828,19.734031677246094,116.71568298339844,2.1639766693115234,34.58601379394531,8.604605674743652,8.604605674743652
actor_critic,n_step,10,,0,240,438.19436206530196,306,0.07312798500061035,9.01958680152893,352.3848115311631,8.34998827295298,111.1272964477539,23.645553588867188,124.97392272949219,2.164344549179077,36.28672790527344,10.298057556152344,10.298057556152344
actor_critic,n_step,10,,0,241,421.0404961689287,320,0.06218576431274414,9.200864791870117,,,95.61751556396484,20.251192092895508,107.66618347167969,2.164755344390869,35.36518096923828,9.214571952819824,9.214571952819824
actor_critic,n_step,10,,0,242,223.30255588248463,168,0.03330111503601074,9.23436188697815,,,105.27604675292969,18.425296783447266,124.072509765625,2.1651647090911865,34.743743896484375,8.549168586730957,8.549168586730957
actor_critic,n_step,10,,0,243,370.07599061507835,271,0.05279278755187988,9.287309885025024,,,103.784912109375,20.881122589111328,118.4339828491211,2.165539026260376,35.7990608215332,9.516048431396484,9.516048431396484
actor_critic,n_step,10,,0,244,361.6279812152136,277,0.053832054138183594,9.341333866119385,,,94.32261657714844,18.396013259887695,108.4665756225586,2.16591477394104,35.317237854003906,8.950118064880371,8.950118064880371
actor_critic,n_step,10,,0,245,461.68013245258516,330,0.06409502029418945,9.405618906021118,,,108.96224212646484,21.50361442565918,124.9408950805664,2.1661415100097656,36.44137954711914,9.999099731445312,9.999099731445312
actor_critic,n_step,10,,0,246,483.44338836390364,345,0.06615805625915527,9.47196078300476,,,109.52227020263672,22.18804931640625,124.76317596435547,2.1663405895233154,36.528411865234375,10.049422264099121,10.049422264099121
actor_critic,n_step,10,,0,247,482.5432288090868,354,0.06736397743225098,9.539533853530884,,,102.94619750976562,20.63144874572754,117.5925064086914,2.166564702987671,36.272151947021484,9.692005157470703,9.692005157470703
actor_critic,n_step,10,,0,248,290.7598935828473,218,0.04241299629211426,9.58213186264038,,,101.05306243896484,19.155784606933594,116.99610900878906,2.166746139526367,35.557430267333984,8.904908180236816,8.904908180236816
actor_critic,n_step,10,,0,249,450.3130905946855,316,0.061530113220214844,9.643838882446289,,,116.28939819335938,23.19004249572754,132.99908447265625,2.166901111602783,36.88631057739258,10.174453735351562,10.174453735351562
actor_critic,n_step,10,,0,250,495.1821675746426,363,0.06875109672546387,9.712785005569458,,,103.84537506103516,20.694307327270508,118.78724670410156,2.1672213077545166,36.494083404541016,9.69439697265625,9.69439697265625
actor_critic,n_step,10,,0,251,479.57084150491977,356,0.0681459903717041,9.781126976013184,,,98.90937805175781,20.857553482055664,111.50260925292969,2.167480707168579,36.37253189086914,9.516154289245605,9.516154289245605
actor_critic,n_step,10,,0,252,826.0257087191519,711,0.13625597953796387,9.91756796836853,,,72.5181884765625,17.268760681152344,78.9277572631836,2.1677474975585938,35.05503463745117,8.133574485778809,8.133574485778809
actor_critic,n_step,10,,0,253,467.72897470974124,343,0.06570911407470703,9.983459949493408,,,104.40311431884766,22.32575035095215,117.25337219238281,2.1679365634918213,36.621028900146484,9.625662803649902,9.625662803649902
actor_critic,n_step,10,,0,254,495.76691872888887,381,0.07328987121582031,10.056934833526611,,,93.62651062011719,20.171388626098633,104.93589782714844,2.1682755947113037,36.180877685546875,9.099092483520508,9.099092483520508
actor_critic,n_step,10,,0,255,430.61890079857505,308,0.05924582481384277,10.116375923156738,,,108.82256317138672,20.935029983520508,125.55361938476562,2.1686289310455322,37.014747619628906,9.833663940429688,9.833663940429688
actor_critic,n_step,10,,0,256,455.17625050271596,333,0.06701898574829102,10.183624029159546,,,103.5567626953125,21.482725143432617,117.24862670898438,2.1689391136169434,36.84602737426758,9.600578308105469,9.600578308105469
actor_critic,n_step,10,,0,257,486.70067750836137,370,0.07134389877319336,10.255159854888916,,,95.01274108886719,20.236854553222656,106.82270050048828,2.1693222522735596,36.49397277832031,9.18531608581543,9.18531608581543
actor_critic,n_step,10,,0,258,434.3323440623917,315,0.06067490577697754,10.316019058227539,,,105.69721984863281,21.278003692626953,120.59888458251953,2.16971755027771,37.02986145019531,9.648056983947754,9.648056983947754
actor_critic,n_step,10,,0,259,402.45890674493944,281,0.05429816246032715,10.370492935180664,,,113.05582427978516,22.04665184020996,130.0131072998047,2.170100688934326,37.50254821777344,10.031210899353027,10.031210899353027
actor_critic,n_step,10,,0,260,441.2283984581763,315,0.06034994125366211,10.431020736694336,474.8710917159109,2.824541194621058,107.18769836425781,21.310544967651367,122.68164825439453,2.1704766750335693,37.375267028808594,9.839662551879883,9.839662551879883
actor_critic,n_step,10,,0,261,449.5389731309639,334,0.06438517570495605,10.645920038223267,,,99.95901489257812,19.884708404541016,114.39186096191406,2.1708226203918457,36.968955993652344,9.359844207763672,9.359844207763672
actor_critic,n_step,10,,0,262,421.7253263495354,302,0.05897688865661621,10.70508885383606,,,108.0337905883789,21.35772705078125,123.82295227050781,2.1711044311523438,37.415157318115234,9.736570358276367,9.736570358276367
actor_critic,n_step,10,,0,263,516.3980277158657,395,0.07596421241760254,10.781245946884155,,,93.30693817138672,20.048242568969727,104.65528106689453,2.171374797821045,36.84867477416992,9.108969688415527,9.108969688415527
actor_critic,n_step,10,,0,264,396.1377345064668,277,0.053260087966918945,10.83471393585205,,,111.9783935546875,20.832427978515625,130.20852661132812,2.171653985977173,37.783607482910156,9.954856872558594,9.954856872558594
actor_critic,n_step,10,,0,265,480.7496096983855,360,0.06925725936889648,10.90415906906128,,,98.01329803466797,20.02019500732422,111.41871643066406,2.1718590259552,37.18467330932617,9.285799026489258,9.285799026489258
actor_critic,n_step,10,,0,266,397.11564091682334,268,0.05194592475891113,10.956239938735962,,,124.50086212158203,23.187355041503906,144.73358154296875,2.1720237731933594,38.366851806640625,10.403597831726074,10.403597831726074
actor_critic,n_step,10,,0,267,430.85541576623007,311,0.05945611000061035,11.015878915786743,,,104.90804290771484,20.213987350463867,120.99150848388672,2.1722090244293213,37.65256118774414,9.615391731262207,9.615391731262207
actor_critic,n_step,10,,0,268,405.4540377486269,281,0.054686784744262695,11.070745944976807,,,115.7412109375,23.044933319091797,132.4232635498047,2.172332763671875,38.163822174072266,10.05545425415039,10.05545425415039
actor_critic,n_step,10,,0,269,402.8506143196784,278,0.052416086196899414,11.123319864273071,,,115.84259033203125,21.511449813842773,134.75877380371094,2.172513246536255,38.28321075439453,10.093223571777344,10.093223571777344
actor_critic,n_step,10,,0,270,242.07477913143543,179,0.035275936126708984,11.158771991729736,,,108.229248046875,19.699989318847656,126.47037506103516,2.172635793685913,36.805301666259766,8.567882537841797,8.567882537841797
actor_critic,n_step,10,,0,271,199.43224099817206,147,0.028776884078979492,11.187728881835938,,,111.3787612915039,18.407480239868164,132.8161163330078,2.172840118408203,36.529457092285156,8.240398406982422,8.240398406982422
actor_critic,n_step,10,,0,272,174.75795104943745,125,0.024897098541259766,11.212771892547607,,,119.87437438964844,18.248918533325195,145.17922973632812,2.1730618476867676,36.632259368896484,8.28084659576416,8.28084659576416
actor_critic,n_step,10,,0,273,192.51216266468316,140,0.027517080307006836,11.240479946136475,,,113.5838851928711,17.34613609313965,137.4824981689453,2.1732892990112305,36.70741653442383,8.289979934692383,8.289979934692383
actor_critic,n_step,10,,0,274,207.89308761435058,152,0.030092954635620117,11.270765781402588,,,116.44184875488281,20.42690086364746,137.16421508789062,2.173454523086548,36.89125442504883,8.378152847290039,8.378152847290039
actor_critic,n_step,10,,0,275,216.75370732195833,160,0.03133392333984375,11.302283763885498,,,111.041748046875,18.32341194152832,132.45477294921875,2.173762798309326,36.93142318725586,8.344212532043457,8.344212532043457
actor_critic,n_step,10,,0,276,232.50556952923736,171,0.03341794013977051,11.33589482307434,,,110.56977081298828,19.122467041015625,130.63900756835938,2.1740591526031494,37.1746940612793,8.505409240722656,8.505409240722656
actor_critic,n_step,10,,0,277,196.31009641763455,146,0.029194116592407227,11.365267038345337,,,107.11646270751953,17.460119247436523,128.0804901123047,2.174381732940674,36.75092697143555,8.04050350189209,8.04050350189209
actor_critic,n_step,10,,0,278,214.60964770784275,159,0.03129863739013672,11.396738767623901,,,107.99577331542969,17.750516891479492,128.9217987060547,2.174673080444336,37.02519989013672,8.252154350280762,8.252154350280762
actor_critic,n_step,10,,0,279,314.8211817961992,235,0.0712881088256836,11.468200922012329,,,101.260498046875,19.42754554748535,116.90422058105469,2.1749343872070312,37.64402389526367,8.759174346923828,8.759174346923828
actor_critic,n_step,10,,0,280,220.30271589464468,164,0.03233671188354492,11.50072979927063,216.24834893428002,3.423633515585101,108.4660415649414,18.52239990234375,128.4909210205078,2.175208806991577,37.14409637451172,8.223381042480469,8.223381042480469
actor_critic,n_step,10,,0,281,230.61012035594297,172,0.03382515907287598,11.605865001678467,,,108.39849090576172,17.843515396118164,129.3642578125,2.1754958629608154,37.290409088134766,8.277725219726562,8.277725219726562
actor_critic,n_step,10,,0,282,220.37954194922966,163,0.03225302696228027,11.638290882110596,,,109.56360626220703,18.665313720703125,129.85470581054688,2.1757450103759766,37.346092224121094,8.274367332458496,8.274367332458496
actor_critic,n_step,10,,0,283,211.8282348699288,158,0.030643939971923828,11.66911792755127,,,109.13236236572266,19.562889099121094,127.95639038085938,2.1760425567626953,37.22808074951172,8.09522533416748,8.09522533416748
actor_critic,n_step,10,,0,284,445.4168640087576,316,0.06139111518859863,11.730665922164917,,,109.42338562011719,20.26125144958496,127.37448120117188,2.176494836807251,38.9356575012207,9.710288047790527,9.710288047790527
actor_critic,n_step,10,,0,285,245.59235430170844,188,0.03640174865722656,11.767257928848267,,,99.075927734375,17.252670288085938,116.89037322998047,2.176835775375366,37.33432388305664,8.057526588439941,8.057526588439941
actor_critic,n_step,10,,0,286,415.4963208521663,285,0.0553741455078125,11.822813987731934,,,116.65147399902344,21.634716033935547,135.7382354736328,2.177124261856079,39.369258880615234,10.056056022644043,10.056056022644043
actor_critic,n_step,10,,0,287,295.1453764616375,233,0.045269012451171875,11.86825680732727,,,93.10282135009766,17.468826293945312,108.0485610961914,2.177358388900757,37.39623260498047,7.981559753417969,7.981559753417969
actor_critic,n_step,10,,0,288,256.85011859078475,202,0.03889322280883789,11.907335996627808,,,94.64157104492188,16.212522506713867,112.04149627685547,2.177593231201172,37.27943420410156,7.8148674964904785,7.8148674964904785
actor_critic,n_step,10,,0,289,216.37416627582132,165,0.0322871208190918,11.93980884552002,,,104.61636352539062,16.63345718383789,125.68985748291016,2.1777188777923584,37.37063980102539,7.8629255294799805,7.8629255294799805
actor_critic,n_step,10,,0,290,194.44707735465087,152,0.02993297576904297,11.969902753829956,,,98.69635009765625,15.501606941223145,118.8496322631836,2.177814245223999,36.94689178466797,7.362205982208252,7.362205982208252
actor_critic,n_step,10,,0,291,313.3958945362402,249,0.04768991470336914,12.017766952514648,,,89.54315185546875,16.586925506591797,104.22317504882812,2.1778676509857178,37.64938735961914,7.949687480926514,7.949687480926514
actor_critic,n_step,10,,0,292,518.8204827344244,395,0.07595014572143555,12.093917846679688,,,90.51325988769531,18.89133644104004,102.3170394897461,2.1778085231781006,38.59380340576172,8.934990882873535,8.934990882873535
actor_critic,n_step,10,,0,293,485.4228996216417,357,0.06905388832092285,12.163142919540405,,,100.05677795410156,19.53021240234375,115.03795623779297,2.177722692489624,39.101924896240234,9.283053398132324,9.283053398132324
actor_critic,n_step,10,,0,294,642.4838843858602,520,0.10108804702758789,12.264420986175537,,,78.34078979492188,17.598751068115234,86.77433776855469,2.177564859390259,38.2015266418457,8.360995292663574,8.360995292663574
actor_critic,n_step,10,,0,295,199.831465421971,157,0.03099799156188965,12.295614004135132,,,97.73422241210938,16.627838134765625,115.86626434326172,2.177316904067993,37.242374420166016,7.30972957611084,7.30972957611084
actor_critic,n_step,10,,0,296,181.97605348842157,145,0.029885053634643555,12.325666904449463,,,95.9849624633789,14.448525428771973,116.48062896728516,2.1772031784057617,36.94647979736328,6.975280284881592,6.975280284881592
actor_critic,n_step,10,,0,297,312.51497978622706,257,0.05067300796508789,12.376520872116089,,,83.54511260986328,15.8733491897583,96.67394256591797,2.1770291328430176,37.59892654418945,7.531136989593506,7.531136989593506
actor_critic,n_step,10,,0,298,189.66496878364438,152,0.030169248580932617,12.406836032867432,,,92.08831787109375,14.699700355529785,110.55517578125,2.176814317703247,37.07263946533203,6.988764762878418,6.988764762878418
actor_critic,n_step,10,,0,299,596.1317186462442,462,0.09022712707519531,12.49721097946167,,,85.26695251464844,18.580806732177734,95.26591491699219,2.176591157913208,38.93609619140625,8.775229454040527,8.775229454040527
actor_critic,n_step,10,,0,300,604.8281590184174,492,0.09426093101501465,12.591639757156372,1043.633311184502,0.42290591251820586,77.04920959472656,18.10393524169922,84.2075424194336,2.1763226985931396,38.48066711425781,8.215338706970215,8.215338706970215
actor_critic,n_step,10,,0,301,675.6987195490511,554,0.11474299430847168,13.129992008209229,,,76.2984619140625,17.142366409301758,84.50870513916016,2.176109552383423,38.535579681396484,8.191304206848145,8.191304206848145
actor_critic,n_step,10,,0,302,658.6098623652662,517,0.10085201263427734,13.231101989746094,,,84.7877426147461,19.2253360748291,93.66058349609375,2.175861358642578,39.033599853515625,8.661214828491211,8.661214828491211
actor_critic,n_step,10,,0,303,749.5879774353018,641,0.12397003173828125,13.35525894165039,,,69.36831665039062,16.579498291015625,75.41259765625,2.175677537918091,38.266807556152344,7.769332408905029,7.769332408905029
actor_critic,n_step,10,,0,304,590.2230235971182,460,0.08917903900146484,13.444625854492188,,,86.37848663330078,18.848236083984375,96.47178649902344,2.1754684448242188,39.20073699951172,8.658910751342773,8.658910751342773
actor_critic,n_step,10,,0,305,650.241666028185,537,0.10296773910522461,13.547788858413696,,,73.64641571044922,17.52888298034668,80.16790771484375,2.175294876098633,38.660552978515625,8.057875633239746,8.057875633239746
actor_critic,n_step,10,,0,306,284.6266390438071,234,0.0460360050201416,13.594012022018433,,,87.86907958984375,17.27666664123535,100.84630584716797,2.1751534938812256,38.03706741333008,7.332375526428223,7.332375526428223
actor_critic,n_step,10,,0,307,872.3409041567832,756,0.14620494842529297,13.740381956100464,,,67.6803970336914,16.49214744567871,73.1260757446289,2.1751651763916016,38.46162414550781,7.6672139167785645,7.6672139167785645
actor_critic,n_step,10,,0,308,661.2060755384517,531,0.10125112533569336,13.841821908950806,,,81.83230590820312,17.842321395874023,91.41426849365234,2.1751554012298584,39.199554443359375,8.351152420043945,8.351152420043945
actor_critic,n_step,10,,0,309,1045.799153876914,1000,0.19363808631896973,14.035645961761475,,,54.465736389160156,14.481372833251953,57.12051773071289,2.1751210689544678,37.67454147338867,6.718329906463623,6.718329906463623
actor_critic,n_step,10,,0,310,1045.7482201657292,1000,0.19204282760620117,14.227914094924927,,,54.55883026123047,14.632743835449219,57.03726577758789,2.1750848293304443,37.730342864990234,6.711459159851074,6.711459159851074
actor_critic,n_step,10,,0,311,1066.333579472305,944,0.1819450855255127,14.410058975219727,,,64.52606201171875,16.424652099609375,68.71629333496094,2.175069808959961,38.56484603881836,7.488267421722412,7.488267421722412
actor_critic,n_step,10,,0,312,190.585397908332,151,0.030114173889160156,14.440333843231201,,,99.92218017578125,16.15736198425293,119.66402435302734,2.175098180770874,38.04584503173828,6.947317600250244,6.947317600250244
actor_critic,n_step,10,,0,313,281.1463122850715,233,0.045572757720947266,14.486084938049316,,,84.74134826660156,16.513578414916992,97.4682388305664,2.175208568572998,38.33784103393555,7.163060188293457,7.163060188293457
actor_critic,n_step,10,,0,314,696.5496551291867,559,0.1081688404083252,14.594406843185425,,,81.32476806640625,17.848047256469727,90.6810302734375,2.1754775047302246,39.60701370239258,8.34412956237793,8.34412956237793
actor_critic,n_step,10,,0,315,619.7487583442451,479,0.09221100807189941,14.686791896820068,,,90.0817642211914,19.391632080078125,100.98590087890625,2.175678253173828,39.959861755371094,8.704490661621094,8.704490661621094
actor_critic,n_step,10,,0,316,671.511953869249,531,0.10217690467834473,14.789164781570435,,,81.90626525878906,17.56138038635254,91.92127227783203,2.175941228866577,39.86141586303711,8.479272842407227,8.479272842407227
actor_critic,n_step,10,,0,317,282.7596398053671,233,0.045510292053222656,14.834866046905518,,,87.98531341552734,17.279672622680664,101.00806427001953,2.1760940551757812,38.67401123046875,7.191623687744141,7.191623687744141
actor_critic,n_step,10,,0,318,823.3062052248436,675,0.13056206703186035,14.965613842010498,,,77.63653564453125,17.209794998168945,86.32391357421875,2.176469564437866,39.69524383544922,8.162235260009766,8.162235260009766
actor_critic,n_step,10,,0,319,170.10210248080298,137,0.02743697166442871,14.993194818496704,,,97.72671508789062,13.7029447555542,120.0339584350586,2.1767425537109375,38.02122116088867,6.460412502288818,6.460412502288818
actor_critic,n_step,10,,0,320,654.500573199528,517,0.09979915618896484,15.093183994293213,689.8989648780986,1.9492858384863212,83.04718780517578,17.558900833129883,93.55470275878906,2.176950693130493,40.12687301635742,8.443207740783691,8.443207740783691
actor_critic,n_step,10,,0,321,652.6082757206317,518,0.09982705116271973,15.424686908721924,,,81.31194305419922,18.0771541595459,90.33541107177734,2.1770553588867188,40.09564208984375,8.375313758850098,8.375313758850098
actor_critic,n_step,10,,0,322,590.1997589602053,441,0.08530306816101074,15.510180950164795,,,97.4749984741211,20.579755783081055,109.85034942626953,2.1771318912506104,40.835289001464844,9.007796287536621,9.007796287536621
actor_critic,n_step,10,,0,323,642.9656277165549,507,0.09840106964111328,15.608767032623291,,,82.55357360839844,18.220848083496094,91.90389251708984,2.1773223876953125,40.25935363769531,8.431323051452637,8.431323051452637
actor_critic,n_step,10,,0,324,302.99435181498853,246,0.04804396629333496,15.657009840011597,,,86.86334991455078,15.98401165008545,101.2562026977539,2.1774842739105225,39.36165237426758,7.378063678741455,7.378063678741455
actor_critic,n_step,10,,0,325,606.4231663677281,472,0.0904998779296875,15.747703790664673,,,83.5316162109375,18.050403594970703,93.54458618164062,2.177621603012085,40.531288146972656,8.519169807434082,8.519169807434082
actor_critic,n_step,10,,0,326,590.8290349168865,459,0.08818793296813965,15.836076736450195,,,85.11746215820312,18.166645050048828,95.64402770996094,2.177692174911499,40.656333923339844,8.50398063659668,8.50398063659668
actor_critic,n_step,10,,0,327,504.99214029829983,364,0.06908512115478516,15.905362844467163,,,101.12129211425781,18.894441604614258,117.46693420410156,2.177713632583618,41.46567153930664,9.270626068115234,9.270626068115234
actor_critic,n_step,10,,0,328,471.20859383702253,329,0.06346797943115234,15.969008922576904,,,109.83769989013672,20.099454879760742,128.19749450683594,2.1776223182678223,41.86068344116211,9.590556144714355,9.590556144714355
actor_critic,n_step,10,,0,329,509.9598133410596,395,0.07622003555297852,16.0454158782959,,,85.99507904052734,18.855201721191406,95.91410827636719,2.1774916648864746,40.75299072265625,8.400272369384766,8.400272369384766
actor_critic,n_step,10,,0,330,1085.7919218494565,957,0.1830122470855713,16.228595972061157,,,63.868770599365234,16.27025604248047,67.99787902832031,2.1774137020111084,39.85288619995117,7.394005298614502,7.394005298614502
actor_critic,n_step,10,,0,331,513.9204454642381,387,0.0742948055267334,16.303082704544067,,,90.67990112304688,18.89788818359375,102.54573822021484,2.1773834228515625,41.21543884277344,8.722684860229492,8.722684860229492
actor_critic,n_step,10,,0,332,439.1369616837247,305,0.05900907516479492,16.362300872802734,,,114.18965148925781,21.02767562866211,133.08853149414062,2.1773509979248047,42.13549041748047,9.541678428649902,9.541678428649902
actor_critic,n_step,10,,0,333,495.83081223619786,378,0.07157564163208008,16.43401789665222,,,89.07136535644531,17.3768310546875,102.42076110839844,2.177335023880005,41.20875549316406,8.52037525177002,8.52037525177002
actor_critic,n_step,10,,0,334,452.3830685280885,320,0.06123924255371094,16.495436906814575,,,106.87623596191406,19.86909294128418,124.29591369628906,2.177185535430908,42.07584762573242,9.331068992614746,9.331068992614746
actor_critic,n_step,10,,0,335,458.43363537791976,338,0.06437802314758301,16.559984922409058,,,98.02131652832031,18.86946678161621,113.07406616210938,2.17702317237854,41.649959564208984,8.828123092651367,8.828123092651367
actor_critic,n_step,10,,0,336,425.3433174979054,304,0.05887794494628906,16.619037866592407,,,103.66850280761719,20.614858627319336,118.64806365966797,2.1768548488616943,42.01144790649414,9.113544464111328,9.113544464111328
actor_critic,n_step,10,,0,337,433.211902443945,314,0.0612032413482666,16.680425882339478,,,101.24336242675781,19.705516815185547,116.48263549804688,2.1767690181732178,41.92298126220703,8.955925941467285,8.955925941467285
actor_critic,n_step,10,,0,338,418.77430940083025,302,0.05860495567321777,16.739197969436646,,,102.75008392333984,19.912063598632812,118.34002685546875,2.1767218112945557,42.007720947265625,8.97181510925293,8.97181510925293
actor_critic,n_step,10,,0,339,416.710080522591,289,0.05644583702087402,16.795841693878174,,,111.86122131347656,21.429344177246094,129.1884002685547,2.1767122745513916,42.549137115478516,9.437821388244629,9.437821388244629
actor_critic,n_step,10,,0,340,405.61082501701577,289,0.056181907653808594,16.852232933044434,441.09741284897973,1.4536819158919434,108.38401794433594,21.468612670898438,124.16487121582031,2.1767659187316895,42.24414825439453,9.062517166137695,9.062517166137695
actor_critic,n_step,10,,0,341,389.39223103737805,267,0.05187416076660156,17.042661905288696,,,114.07882690429688,21.458969116210938,132.3140869140625,2.176910877227783,42.72669982910156,9.479249954223633,9.479249954223633
actor_critic,n_step,10,,0,342,414.69680430124174,293,0.05684995651245117,17.099673748016357,,,106.05982971191406,19.507719039916992,123.6458740234375,2.177131414413452,42.49301528930664,9.173320770263672,9.173320770263672
actor_critic,n_step,10,,0,343,401.0227177858935,281,0.054357051849365234,17.154212951660156,,,109.43042755126953,20.506431579589844,127.0342788696289,2.1772897243499756,42.62180709838867,9.227296829223633,9.227296829223633
actor_critic,n_step,10,,0,344,385.60005081009496,264,0.051383018493652344,17.205755949020386,,,114.84423828125,20.12284278869629,135.3162841796875,2.1774957180023193,42.92041015625,9.456157684326172,9.456157684326172
actor_critic,n_step,10,,0,345,389.47341186668683,264,0.05176115036010742,17.257704973220825,,,117.53083038330078,20.69832420349121,138.3321533203125,2.1776390075683594,43.12269973754883,9.589372634887695,9.589372634887695
actor_critic,n_step,10,,0,346,391.8584553612853,270,0.05246400833129883,17.310349941253662,,,112.61338806152344,20.112218856811523,132.14453125,2.1777632236480713,42.977699279785156,9.378640174865723,9.378640174865723
actor_critic,n_step,10,,0,347,380.02680145765,263,0.05059504508972168,17.361137866973877,,,113.9789047241211,19.82806968688965,134.50119018554688,2.177860736846924,42.947410583496094,9.274657249450684,9.274657249450684
actor_critic,n_step,10,,0,348,376.6285800135918,249,0.04810309410095215,17.409390926361084,,,123.813720703125,22.002117156982422,145.44515991210938,2.177924871444702,43.58539581298828,9.841995239257812,9.841995239257812
actor_critic,n_step,10,,0,349,345.65735011417985,226,0.04361295700073242,17.453179836273193,,,127.66522216796875,22.59329605102539,150.10275268554688,2.1780319213867188,43.66386795043945,9.85096263885498,9.85096263885498
actor_critic,n_step,10,,0,350,175.48237141033047,123,0.024821043014526367,17.47818398475647,,,125.7459487915039,14.584019660949707,158.80274963378906,2.1782033443450928,41.42880630493164,7.564585208892822,7.564585208892822
actor_critic,n_step,10,,0,351,213.9243699378978,154,0.0301361083984375,17.50848698616028,,,120.53466796875,16.81210708618164,148.1750946044922,2.178222417831421,41.70332336425781,7.766937732696533,7.766937732696533
actor_critic,n_step,10,,0,352,232.83952435827723,162,0.031636953353881836,17.540305852890015,,,121.7438735961914,17.424346923828125,149.02789306640625,2.1782357692718506,42.3403434753418,8.323448181152344,8.323448181152344
actor_critic,n_step,10,,0,353,203.79675303044183,145,0.028343915939331055,17.5688259601593,,,122.15190887451172,17.37586212158203,149.68006896972656,2.178206205368042,41.83590316772461,7.758832931518555,7.758832931518555
actor_critic,n_step,10,,0,354,189.75689107683823,135,0.026560068130493164,17.595547914505005,,,119.94052124023438,14.358715057373047,150.83116149902344,2.1782093048095703,41.707359313964844,7.574860572814941,7.574860572814941
actor_critic,n_step,10,,0,355,133.7739405869328,89,0.017609834671020508,17.613333702087402,,,156.03707885742188,17.68816375732422,197.64132690429688,2.1781039237976074,41.344661712646484,7.1391987800598145,7.1391987800598145
actor_critic,n_step,10,,0,356,266.27268119580043,193,0.03735089302062988,17.650843858718872,,,113.08467102050781,18.128582000732422,135.65155029296875,2.178081512451172,42.37589645385742,8.089080810546875,8.089080810546875
actor_critic,n_step,10,,0,357,166.26599497622834,113,0.02246403694152832,17.673491954803467,,,139.66412353515625,16.245433807373047,176.3124237060547,2.1781065464019775,42.000572204589844,7.652468204498291,7.652468204498291
actor_critic,n_step,10,,0,358,297.933514164446,211,0.041091203689575195,17.714757919311523,,,111.46237182617188,18.781139373779297,132.40176391601562,2.178112268447876,42.9615592956543,8.535253524780273,8.535253524780273
actor_critic,n_step,10,,0,359,326.50501885467787,238,0.04590415954589844,17.760828971862793,,,103.74662780761719,18.46133804321289,121.83612823486328,2.1781504154205322,42.82720184326172,8.325860977172852,8.325860977172852
actor_critic,n_step,10,,0,360,283.861261216047,202,0.03902316093444824,17.800025939941406,225.9895151786357,2.981440929535136,110.9789047241211,17.953569412231445,132.89334106445312,2.1782033443450928,42.94095230102539,8.371784210205078,8.371784210205078
actor_critic,n_step,10,,0,361,330.7393357506179,224,0.04301786422729492,17.91411781311035,,,117.01232147216797,20.726133346557617,137.55169677734375,2.1782383918762207,43.85322952270508,9.213630676269531,9.213630676269531
actor_critic,n_step,10,,0,362,278.6217019244731,194,0.037687063217163086,17.951963901519775,,,115.55577850341797,17.6025390625,139.93319702148438,2.178300380706787,43.280696868896484,8.57491397857666,8.57491397857666
actor_critic,n_step,10,,0,363,317.70198215532815,235,0.04491400718688965,17.997051000595093,,,102.16757202148438,17.500221252441406,120.95336151123047,2.1782989501953125,42.856849670410156,8.084022521972656,8.084022521972656
actor_critic,n_step,10,,0,364,268.7584726097249,194,0.03747296333312988,18.034701824188232,,,113.12786865234375,19.641380310058594,133.5521240234375,2.1782968044281006,42.906822204589844,8.067669868469238,8.067669868469238
actor_critic,n_step,10,,0,365,401.0831123591919,275,0.052694082260131836,18.087580919265747,,,113.461669921875,20.608837127685547,132.6468963623047,2.178467273712158,44.2144660949707,9.307906150817871,9.307906150817871
actor_critic,n_step,10,,0,366,365.18748246947314,234,0.04515814781188965,18.132905960083008,,,131.05352783203125,22.444744110107422,155.15541076660156,2.178650379180908,45.02526092529297,10.04288101196289,10.04288101196289
actor_critic,n_step,10,,0,367,385.6532007650493,273,0.05275392532348633,18.185842037200928,,,110.8187484741211,19.215810775756836,130.86134338378906,2.1788558959960938,43.89098358154297,8.83969497680664,8.83969497680664
actor_critic,n_step,10,,0,368,376.519964002583,255,0.0487668514251709,18.23479986190796,,,117.62971496582031,20.876522064208984,138.21884155273438,2.1790406703948975,44.46098327636719,9.34296989440918,9.34296989440918
actor_critic,n_step,10,,0,369,412.519347513405,292,0.05679202079772949,18.29176092147827,,,105.79056549072266,19.139799118041992,123.78681182861328,2.179234027862549,44.09107971191406,8.905917167663574,8.905917167663574
actor_critic,n_step,10,,0,370,402.5464824509331,287,0.056046247482299805,18.34799599647522,,,102.85523986816406,19.107873916625977,119.63909912109375,2.1793951988220215,44.03557586669922,8.778943061828613,8.778943061828613
actor_critic,n_step,10,,0,371,373.316723070081,250,0.047965288162231445,18.39613699913025,,,118.62185668945312,20.257007598876953,140.52120971679688,2.179548740386963,44.76818084716797,9.455087661743164,9.455087661743164
actor_critic,n_step,10,,0,372,393.27322491575796,281,0.05471992492675781,18.451008796691895,,,102.65503692626953,17.532241821289062,121.60399627685547,2.17966890335083,44.09211349487305,8.703901290893555,8.703901290893555
actor_critic,n_step,10,,0,373,390.1294505359205,278,0.05334019660949707,18.504519939422607,,,105.03411865234375,19.562395095825195,122.10246276855469,2.179718494415283,44.179161071777344,8.720174789428711,8.720174789428711
actor_critic,n_step,10,,0,374,428.5837278155895,312,0.06612610816955566,18.570815086364746,,,98.53762817382812,18.577058792114258,114.2293930053711,2.1798455715179443,44.10040283203125,8.57223129272461,8.57223129272461
actor_critic,n_step,10,,0,375,396.27233853105724,284,0.06363987922668457,18.634657859802246,,,103.59320831298828,18.050195693969727,122.20430755615234,2.1799495220184326,44.23760986328125,8.654905319213867,8.654905319213867
actor_critic,n_step,10,,0,376,379.7297724645918,270,0.05669879913330078,18.69156265258789,,,105.94601440429688,19.159488677978516,123.98074340820312,2.1799986362457275,44.34697723388672,8.68440055847168,8.68440055847168
actor_critic,n_step,10,,0,377,413.5644110412037,308,0.0658118724822998,18.75756597518921,,,95.52849578857422,17.824541091918945,111.00565338134766,2.1800665855407715,43.97088623046875,8.232600212097168,8.232600212097168
actor_critic,n_step,10,,0,378,542.744753769545,441,0.09485816955566406,18.85262703895569,,,77.64082336425781,16.4423770904541,87.42635345458984,2.180124282836914,43.31177520751953,7.511557102203369,7.511557102203369
actor_critic,n_step,10,,0,379,1045.4665608235919,1000,0.2120189666748047,19.064854860305786,,,51.72007751464844,13.61070728302002,54.441959381103516,2.1801934242248535,42.0538444519043,6.200319290161133,6.200319290161133
actor_critic,n_step,10,,0,380,368.2461373822673,262,0.05806779861450195,19.123116731643677,403.18828819441796,1.6286847506796303,103.36192321777344,17.075672149658203,123.26607513427734,2.1802847385406494,44.53194808959961,8.60372257232666,8.60372257232666
actor_critic,n_step,10,,0,381,374.34132631821495,278,0.059374094009399414,19.322921991348267,,,98.89356994628906,18.62594985961914,114.66802215576172,2.1802594661712646,44.1004753112793,8.108551979064941,8.108551979064941
actor_critic,n_step,10,,0,382,417.4875677402543,306,0.06719088554382324,19.390291929244995,,,98.04602813720703,18.13458251953125,114.15921020507812,2.180305004119873,44.454811096191406,8.390562057495117,8.390562057495117
actor_critic,n_step,10,,0,383,386.5614980733766,267,0.05528974533081055,19.445775985717773,,,114.78025817871094,20.438846588134766,134.7734375,2.180342197418213,45.13597106933594,9.002814292907715,9.002814292907715
actor_critic,n_step,10,,0,384,368.91913580484976,251,0.04980111122131348,19.495764017105103,,,114.56251525878906,19.552412033081055,135.7287139892578,2.1804277896881104,45.25233840942383,9.127766609191895,9.127766609191895
actor_critic,n_step,10,,0,385,372.17020889916733,257,0.05138897895812988,19.547428846359253,,,113.12844848632812,21.40593910217285,131.03216552734375,2.1804769039154053,45.19063949584961,8.937566757202148,8.937566757202148
actor_critic,n_step,10,,0,386,374.6778807139023,252,0.0521237850189209,19.59972882270813,,,119.38536834716797,22.447813034057617,138.4822235107422,2.1806678771972656,45.61256790161133,9.268838882446289,9.268838882446289
actor_critic,n_step,10,,0,387,425.93244685991516,301,0.05963301658630371,19.65957999229431,,,105.75952911376953,18.616317749023438,124.49030303955078,2.1809825897216797,45.21307373046875,8.809534072875977,8.809534072875977
actor_critic,n_step,10,,0,388,207.84749991159578,149,0.03088521957397461,19.69065499305725,,,126.55796813964844,17.725648880004883,155.47474670410156,2.181216239929199,43.82940673828125,7.345320701599121,7.345320701599121
actor_critic,n_step,10,,0,389,391.53019700016137,273,0.054428815841674805,19.74526286125183,,,106.19404602050781,18.321407318115234,125.5323486328125,2.1815621852874756,45.374732971191406,8.854765892028809,8.854765892028809
actor_critic,n_step,10,,0,390,405.7523057653553,275,0.05375409126281738,19.79918599128723,,,116.14865112304688,19.873516082763672,137.53590393066406,2.181814670562744,45.8517951965332,9.244148254394531,9.244148254394531
actor_critic,n_step,10,,0,391,371.89081141513174,247,0.048954010009765625,19.84832191467285,,,119.5691146850586,21.275827407836914,140.4189910888672,2.1820223331451416,45.983985900878906,9.374496459960938,9.374496459960938
actor_critic,n_step,10,,0,392,167.70356839084198,113,0.04322409629821777,19.891727924346924,,,148.09092712402344,16.90363883972168,187.41041564941406,2.1822586059570312,44.11810302734375,7.3645195960998535,7.3645195960998535
actor_critic,n_step,10,,0,393,410.2273415200218,277,0.05722618103027344,19.94952893257141,,,108.71562194824219,18.831707000732422,128.4055938720703,2.182525873184204,45.931495666503906,9.300494194030762,9.300494194030762
actor_critic,n_step,10,,0,394,401.2986314942058,259,0.0500640869140625,19.999794006347656,,,129.05593872070312,21.779571533203125,153.251953125,2.1826820373535156,46.62216567993164,9.844722747802734,9.844722747802734
actor_critic,n_step,10,,0,395,227.59945284411464,161,0.03199195861816406,20.031975984573364,,,122.96227264404297,16.18335723876953,152.5413055419922,2.182835340499878,44.59600067138672,7.634400367736816,7.634400367736816
actor_critic,n_step,10,,0,396,163.1478589411651,112,0.022191762924194336,20.054337739944458,,,145.2779998779297,17.125608444213867,183.07484436035156,2.1829373836517334,44.02755355834961,7.006833076477051,7.006833076477051
actor_critic,n_step,10,,0,397,256.7159913588627,184,0.03604602813720703,20.09054398536682,,,114.62263488769531,16.91196060180664,139.58668518066406,2.183201313018799,44.83144760131836,7.7333903312683105,7.7333903312683105
actor_critic,n_step,10,,0,398,380.79495768001414,262,0.04995608329772949,20.14068102836609,,,101.4964828491211,20.383256912231445,115.87604522705078,2.1834449768066406,45.59309768676758,8.942289352416992,8.942289352416992
actor_critic,n_step,10,,0,399,445.49585316399265,317,0.06179189682006836,20.20261573791504,,,99.19578552246094,18.901596069335938,114.70598602294922,2.1837313175201416,45.77802658081055,8.693169593811035,8.693169593811035
actor_critic,n_step,10,,0,400,231.92076061652526,166,0.03259634971618652,20.235403060913086,424.3862570868855,1.8589955324919287,118.46764373779297,15.449456214904785,147.16883850097656,2.183985948562622,44.806610107421875,7.498778343200684,7.498778343200684
actor_critic,n_step,10,,0,401,384.71503487805796,249,0.047637939453125,20.404347896575928,,,119.10698699951172,19.97171974182129,141.62181091308594,2.184114456176758,46.76694107055664,9.699531555175781,9.699531555175781
actor_critic,n_step,10,,0,402,377.0797892823066,245,0.04624295234680176,20.450743913650513,,,126.91361999511719,20.742507934570312,151.6730194091797,2.1841375827789307,46.75194549560547,9.60659122467041,9.60659122467041
actor_critic,n_step,10,,0,403,414.75403339794786,284,0.0544581413269043,20.505359888076782,,,108.50148010253906,19.389162063598633,127.30331420898438,2.1841511726379395,46.24877166748047,9.070728302001953,9.070728302001953
actor_critic,n_step,10,,0,404,415.884543139815,290,0.055277109146118164,20.56080389022827,,,99.47061920166016,17.725692749023438,116.7784652709961,2.184131383895874,46.08012008666992,8.824660301208496,8.824660301208496
actor_critic,n_step,10,,0,405,379.7828028592882,250,0.047876834869384766,20.60884380340576,,,113.68809509277344,21.508380889892578,131.68531799316406,2.1839098930358887,46.35614776611328,9.459920883178711,9.459920883178711
actor_critic,n_step,10,,0,406,367.847511735353,238,0.04582095146179199,20.654839754104614,,,129.92250061035156,20.239988327026367,156.68930053710938,2.1837613582611084,46.73208236694336,9.615903854370117,9.615903854370117
actor_critic,n_step,10,,0,407,353.95209385958765,247,0.04750704765319824,20.702525854110718,,,101.73983764648438,18.981830596923828,118.22571563720703,2.1835744380950928,46.02895736694336,8.560627937316895,8.560627937316895
actor_critic,n_step,10,,0,408,340.6031368520725,234,0.04549288749694824,20.748210906982422,,,109.86270904541016,18.789342880249023,130.1048126220703,2.183424234390259,46.40565490722656,8.657448768615723,8.657448768615723
actor_critic,n_step,10,,0,409,1039.407225400378,1000,0.1918621063232422,20.94024682044983,,,48.75233459472656,12.639052391052246,51.59040451049805,2.1832828521728516,43.821170806884766,5.929144382476807,5.929144382476807
actor_critic,n_step,10,,0,410,317.4341234644183,231,0.044703006744384766,20.985134840011597,,,104.32315063476562,17.08623695373535,124.6241683959961,2.1831130981445312,45.78235626220703,7.838624000549316,7.838624000549316
actor_critic,n_step,10,,0,411,304.770897369099,224,0.04573702812194824,21.03103280067444,,,102.51428985595703,16.028776168823242,123.55072784423828,2.18296217918396,45.68355941772461,7.640674591064453,7.640674591064453
actor_critic,n_step,10,,0,412,369.5869076953802,297,0.06957697868347168,21.100857973098755,,,84.39329528808594,15.20310115814209,98.8431396484375,2.182788610458374,45.054691314697266,6.94568395614624,6.94568395614624
actor_critic,n_step,10,,0,413,326.1901311968145,240,0.06576204299926758,21.166850805282593,,,101.42147827148438,17.081493377685547,120.48568725585938,2.182643413543701,45.89871597290039,7.726728439331055,7.726728439331055
actor_critic,n_step,10,,0,414,339.44023558597337,256,0.05268216133117676,21.219724893569946,,,93.29917907714844,14.826798439025879,112.10340118408203,2.1825451850891113,45.739418029785156,7.498672962188721,7.498672962188721
actor_critic,n_step,10,,0,415,422.81754403902795,318,0.06264615058898926,21.282564878463745,,,89.96522521972656,15.339125633239746,106.60871124267578,2.182314395904541,46.127708435058594,7.8244476318359375,7.8244476318359375
actor_critic,n_step,10,,0,416,1035.4574196901385,1000,0.19277119636535645,21.475531101226807,,,48.358375549316406,12.077591896057129,51.82969284057617,2.181931257247925,44.20233154296875,5.843176364898682,5.843176364898682
actor_critic,n_step,10,,0,417,382.6077565477401,263,0.05329298973083496,21.529031991958618,,,105.69294738769531,20.443021774291992,121.78560638427734,2.181464910507202,46.8209114074707,8.786115646362305,8.786115646362305
actor_critic,n_step,10,,0,418,1040.2526177940456,1000,0.21161389350891113,21.74085783958435,,,48.68199157714844,12.489463806152344,51.703609466552734,2.181140661239624,44.36997985839844,5.875392436981201,5.875392436981201
actor_critic,n_step,10,,0,419,1044.5721069752149,1000,0.20520401000976562,21.946326732635498,,,49.091739654541016,12.358330726623535,52.47630310058594,2.180797815322876,44.470741271972656,5.909797191619873,5.909797191619873
actor_critic,n_step,10,,0,420,367.41136148827957,243,0.04912877082824707,21.995662927627563,418.58090682120985,2.228903919180144,111.60285949707031,21.60989761352539,128.56137084960938,2.180400848388672,47.5160026550293,9.175154685974121,9.175154685974121
actor_critic,n_step,10,,0,421,362.60050073360804,267,0.05268979072570801,22.182820796966553,,,98.27923583984375,17.561155319213867,115.31153869628906,2.180112838745117,46.52303695678711,7.8111090660095215,7.8111090660095215
actor_critic,n_step,10,,0,422,361.49521628054157,245,0.04734301567077637,22.2303569316864,,,113.27252960205078,18.187658309936523,135.8355255126953,2.1799018383026123,47.509056091308594,8.803112030029297,8.803112030029297
actor_critic,n_step,10,,0,423,393.4045746661987,281,0.06138896942138672,22.29192876815796,,,103.07904052734375,17.626651763916016,122.07484436035156,2.1796557903289795,47.10711669921875,8.27331256866455,8.27331256866455
actor_critic,n_step,10,,0,424,1045.5108674847206,1000,0.19673705101013184,22.488823890686035,,,49.589019775390625,12.73559284210205,52.64775466918945,2.179414987564087,44.78234100341797,5.882327079772949,5.882327079772949
actor_critic,n_step,10,,0,425,331.81915610780976,234,0.046022891998291016,22.53501868247986,,,104.50205993652344,18.017780303955078,123.5489730834961,2.1792008876800537,47.023887634277344,8.15006160736084,8.15006160736084
actor_critic,n_step,10,,0,426,415.54503748343154,287,0.05702805519104004,22.592211961746216,,,96.46942138671875,18.40984535217285,111.51368713378906,2.179039239883423,47.49266815185547,8.756912231445312,8.756912231445312
actor_critic,n_step,10,,0,427,377.5598469049617,245,0.04842376708984375,22.640809059143066,,,142.95315551757812,21.611122131347656,173.34576416015625,2.1788382530212402,47.86810302734375,9.434932708740234,9.434932708740234
actor_critic,n_step,10,,0,428,429.600783623842,300,0.05971217155456543,22.70069694519043,,,102.5399169921875,18.351322174072266,120.26942443847656,2.1787054538726807,47.694637298583984,8.634309768676758,8.634309768676758
actor_critic,n_step,10,,0,429,472.3804286215099,340,0.06973004341125488,22.770607948303223,,,106.68010711669922,18.063791275024414,126.59474182128906,2.1785566806793213,47.208106994628906,8.403031349182129,8.403031349182129
actor_critic,n_step,10,,0,430,418.38305391801777,265,0.057357072830200195,22.82818102836609,,,130.30104064941406,19.632600784301758,158.09776306152344,2.178412914276123,48.89900207519531,9.858199119567871,9.858199119567871
actor_critic,n_step,10,,0,431,408.1020612467818,260,0.05578207969665527,22.884151935577393,,,133.2470703125,21.778738021850586,159.240478515625,2.178170919418335,49.00368881225586,9.714020729064941,9.714020729064941
actor_critic,n_step,10,,0,432,448.2191410490777,297,0.05821633338928223,22.94255805015564,,,127.40180969238281,19.67917251586914,153.8894805908203,2.1780011653900146,48.503849029541016,9.333309173583984,9.333309173583984
actor_critic,n_step,10,,0,433,457.9313191754835,308,0.05893421173095703,23.00169610977173,,,113.69519805908203,20.57234764099121,133.0326385498047,2.177812337875366,48.4394645690918,9.15906047821045,9.15906047821045
actor_critic,n_step,10,,0,434,416.30433776244297,254,0.048732757568359375,23.050609827041626,,,146.58689880371094,21.377302169799805,178.870849609375,2.177743434906006,49.769203186035156,10.319845199584961,10.319845199584961
actor_critic,n_step,10,,0,435,418.7288015270098,274,0.05263018608093262,23.103429794311523,,,131.05117797851562,20.446762084960938,158.0063018798828,2.1775996685028076,48.62177276611328,9.394887924194336,9.394887924194336
actor_critic,n_step,10,,0,436,473.02857536944316,320,0.06114006042480469,23.16476798057556,,,111.70948028564453,20.19061851501465,130.74122619628906,2.1774725914001465,48.50129318237305,9.113336563110352,9.113336563110352
actor_critic,n_step,10,,0,437,481.9344057020624,320,0.0608370304107666,23.225796937942505,,,125.53788757324219,20.09151840209961,150.63768005371094,2.177396297454834,48.933311462402344,9.35329818725586,9.35329818725586
actor_critic,n_step,10,,0,438,421.6385369336748,256,0.04935407638549805,23.275373935699463,,,151.05148315429688,21.394603729248047,185.22410583496094,2.1773107051849365,49.945823669433594,10.38864803314209,10.38864803314209
actor_critic,n_step,10,,0,439,480.08777135546643,315,0.06008791923522949,23.335702896118164,,,129.69638061523438,22.147403717041016,153.64138793945312,2.1771810054779053,49.24119186401367,9.493379592895508,9.493379592895508
actor_critic,n_step,10,,0,440,380.2326192945935,235,0.04495096206665039,23.38084888458252,462.9015882230871,1.9548061972841542,135.8367462158203,20.27061653137207,165.09446716308594,2.1771492958068848,49.78232955932617,9.941374778747559,9.941374778747559
actor_critic,n_step,10,,0,441,459.1029434838706,320,0.061326026916503906,23.574218034744263,,,101.37873077392578,18.095239639282227,118.97642517089844,2.1770477294921875,48.57386016845703,8.635126113891602,8.635126113891602
actor_critic,n_step,10,,0,442,432.5249371690686,269,0.051857948303222656,23.626283884048462,,,143.01071166992188,21.671611785888672,173.34158325195312,2.1769139766693115,49.98691177368164,10.045822143554688,10.045822143554688
actor_critic,n_step,10,,0,443,389.2978953794899,257,0.04955291748046875,23.67601180076599,,,119.1192855834961,20.735258102416992,140.54861450195312,2.1767847537994385,49.16325759887695,9.07399845123291,9.07399845123291
actor_critic,n_step,10,,0,444,398.7032363135911,258,0.049826622009277344,23.726017713546753,,,121.72273254394531,20.41918182373047,144.7193603515625,2.1768245697021484,49.50273895263672,9.360921859741211,9.360921859741211
actor_critic,n_step,10,,0,445,406.75065527742197,262,0.050357818603515625,23.776554822921753,,,122.27777099609375,19.742420196533203,146.4790802001953,2.1768667697906494,49.58366775512695,9.453803062438965,9.453803062438965
actor_critic,n_step,10,,0,446,245.06915762476092,169,0.03319072723388672,23.809932708740234,,,127.06270599365234,16.501375198364258,157.94476318359375,2.1768393516540527,47.902793884277344,7.604690074920654,7.604690074920654
actor_critic,n_step,10,,0,447,295.46882471145494,214,0.0412449836730957,23.85136079788208,,,109.28087615966797,16.734525680541992,132.20907592773438,2.1768152713775635,47.816619873046875,7.432069778442383,7.432069778442383
actor_critic,n_step,10,,0,448,209.57505978366362,151,0.02980780601501465,23.881366729736328,,,126.93595886230469,14.874699592590332,160.08750915527344,2.176849603652954,47.126708984375,6.7013936042785645,6.7013936042785645
actor_critic,n_step,10,,0,449,173.8368457197456,119,0.0230100154876709,23.9045729637146,,,145.76644897460938,14.132766723632812,188.04812622070312,2.176914691925049,47.10820007324219,6.646520137786865,6.646520137786865
actor_critic,n_step,10,,0,450,417.3357276586452,257,0.04937171936035156,23.954113721847534,,,142.2166290283203,22.31458282470703,171.28863525390625,2.176952838897705,50.5001335144043,10.06529712677002,10.06529712677002
actor_critic,n_step,10,,0,451,399.13380076901984,240,0.04572892189025879,24.00002098083496,,,150.7197723388672,21.95790672302246,183.94554138183594,2.1770060062408447,50.87356948852539,10.309856414794922,10.309856414794922
actor_critic,n_step,10,,0,452,394.6302747947468,268,0.05096125602722168,24.051142930984497,,,104.20159149169922,18.79786491394043,122.00531768798828,2.1770339012145996,49.25322723388672,8.661636352539062,8.661636352539062
actor_critic,n_step,10,,0,453,415.98455676530983,257,0.0490570068359375,24.1003839969635,,,141.94647216796875,22.22267723083496,171.03399658203125,2.177051544189453,50.670814514160156,9.978902816772461,9.978902816772461
actor_critic,n_step,10,,0,454,230.26665018634307,160,0.030573129653930664,24.131120920181274,,,127.03047943115234,12.012730598449707,164.31106567382812,2.1771080493927,48.113380432128906,7.280478477478027,7.280478477478027
actor_critic,n_step,10,,0,455,238.17876651914187,170,0.03249311447143555,24.163785934448242,,,123.71002197265625,16.35515022277832,153.36410522460938,2.177004098892212,47.89815902709961,7.052063941955566,7.052063941955566
actor_critic,n_step,10,,0,456,192.21061303513903,130,0.02501368522644043,24.188970804214478,,,150.56643676757812,15.849784851074219,192.45236206054688,2.1769702434539795,48.00703048706055,7.035577774047852,7.035577774047852
actor_critic,n_step,10,,0,457,169.67827300513878,115,0.022182941436767578,24.211342811584473,,,155.9211883544922,14.312602996826172,202.2979736328125,2.1769676208496094,47.2242546081543,6.608229160308838,6.608229160308838
actor_critic,n_step,10,,0,458,222.84742185405872,159,0.030106782913208008,24.241625785827637,,,127.33676147460938,14.37769889831543,161.37008666992188,2.1769673824310303,47.940391540527344,6.859922409057617,6.859922409057617
actor_critic,n_step,10,,0,459,407.4728060362208,245,0.04593825340270996,24.287743091583252,,,152.23492431640625,21.910512924194336,186.17774963378906,2.1769368648529053,51.323204040527344,10.272043228149414,10.272043228149414
actor_critic,n_step,10,,0,460,433.5175893649628,269,0.0510401725769043,24.338956832885742,445.12724538330167,2.3111389121623134,139.3588409423828,21.777801513671875,167.97291564941406,2.176891326904297,51.07763671875,9.928694725036621,9.928694725036621
actor_critic,n_step,10,,0,461,367.8527631306514,213,0.0401921272277832,24.49745011329651,,,163.18899536132812,23.951374053955078,198.91090393066406,2.176866054534912,51.7722053527832,10.613423347473145,10.613423347473145
actor_critic,n_step,10,,0,462,175.9407517430938,118,0.022808074951171875,24.52040195465088,,,154.81448364257812,12.375531196594238,203.4842071533203,2.1768972873687744,47.63750457763672,6.802966117858887,6.802966117858887
actor_critic,n_step,10,,0,463,451.21565321498565,291,0.05477786064147949,24.575331926345825,,,127.08837890625,19.91781234741211,153.10081481933594,2.176830291748047,50.79119873046875,9.425749778747559,9.425749778747559
actor_critic,n_step,10,,0,464,186.89094284165225,126,0.024153947830200195,24.599670886993408,,,150.7357940673828,15.518916130065918,193.16696166992188,2.1767427921295166,48.21642303466797,6.895796775817871,6.895796775817871
actor_critic,n_step,10,,0,465,425.7765433873318,259,0.04910683631896973,24.648940801620483,,,149.2445068359375,22.452316284179688,181.13169860839844,2.1766796112060547,51.54117965698242,10.14233684539795,10.14233684539795
actor_critic,n_step,10,,0,466,460.53607853386495,293,0.054145097732543945,24.703256845474243,,,133.79629516601562,20.87977409362793,161.30931091308594,2.1766703128814697,51.18561935424805,9.617661476135254,9.617661476135254
actor_critic,n_step,10,,0,467,482.48582174938673,323,0.060320138931274414,24.763734817504883,,,122.68409729003906,19.811504364013672,146.96084594726562,2.176666259765625,50.275047302246094,9.030879020690918,9.030879020690918
actor_critic,n_step,10,,0,468,382.3895802054198,236,0.044870853424072266,24.808783769607544,,,139.08009338378906,20.921844482421875,168.79750061035156,2.1766839027404785,51.3943977355957,9.717549324035645,9.717549324035645
actor_critic,n_step,10,,0,469,465.7973062938429,297,0.055819034576416016,24.86477279663086,,,133.7451629638672,20.625905990600586,161.5989532470703,2.176687479019165,51.14851760864258,9.602992057800293,9.602992057800293
actor_critic,n_step,10,,0,470,391.4874059710193,235,0.047299861907958984,24.912234783172607,,,148.99122619628906,20.74632453918457,183.20700073242188,2.176676034927368,51.83590316772461,10.139764785766602,10.139764785766602
actor_critic,n_step,10,,0,471,367.5136752702067,206,0.04117107391357422,24.953574895858765,,,174.29776000976562,23.699792861938477,215.1399383544922,2.1766223907470703,52.91506576538086,10.994486808776855,10.994486808776855
actor_critic,n_step,10,,0,472,467.08549682431374,301,0.05866432189941406,25.01238203048706,,,133.04811096191406,20.837175369262695,160.3013458251953,2.1765685081481934,51.07918167114258,9.446548461914062,9.446548461914062
actor_critic,n_step,10,,0,473,402.1880529792068,253,0.04775500297546387,25.06031584739685,,,133.94715881347656,20.60921287536621,161.91134643554688,2.1765408515930176,51.389835357666016,9.520658493041992,9.520658493041992
actor_critic,n_step,10,,0,474,378.25049271598743,247,0.06963396072387695,25.1301429271698,,,125.90306854248047,19.756513595581055,151.637939453125,2.176517963409424,50.975868225097656,8.900813102722168,8.900813102722168
actor_critic,n_step,10,,0,475,456.89064610665696,298,0.056137800216674805,25.186469793319702,,,122.03289794921875,19.81863021850586,146.0203857421875,2.176522970199585,51.3162956237793,9.204876899719238,9.204876899719238
actor_critic,n_step,10,,0,476,375.98702326691574,219,0.041564226150512695,25.22822403907776,,,160.1236572265625,22.155513763427734,197.0973358154297,2.176515579223633,52.590110778808594,10.436344146728516,10.436344146728516
actor_critic,n_step,10,,0,477,416.56953389232285,255,0.0486149787902832,25.277024745941162,,,144.95037841796875,21.357309341430664,176.5615234375,2.1764910221099854,52.20027160644531,9.900968551635742,9.900968551635742
actor_critic,n_step,10,,0,478,357.57605514104904,213,0.04042863845825195,25.317611694335938,,,148.74273681640625,20.19428825378418,183.64064025878906,2.1764636039733887,52.29419708251953,9.999551773071289,9.999551773071289
actor_critic,n_step,10,,0,479,195.89496601236246,138,0.026684284210205078,25.344479084014893,,,137.88438415527344,12.767231941223145,178.73878479003906,2.176372766494751,48.879783630371094,6.412993907928467,6.412993907928467
actor_critic,n_step,10,,0,480,264.54994639787793,171,0.032861948013305664,25.377501010894775,383.86976685643907,3.8670483411430205,134.7904052734375,17.44227409362793,167.64019775390625,2.176248788833618,50.696712493896484,8.226523399353027,8.226523399353027
actor_critic,n_step,10,,0,481,358.35220788911965,230,0.04334688186645508,25.52294683456421,,,124.96212005615234,16.892080307006836,154.38577270507812,2.1761224269866943,51.5290641784668,8.96536636352539,8.96536636352539
actor_critic,n_step,10,,0,482,275.0671829743358,178,0.0341339111328125,25.557273864746094,,,133.9008331298828,16.920373916625977,167.1149444580078,2.1759064197540283,50.947391510009766,8.285609245300293,8.285609245300293
actor_critic,n_step,10,,0,483,342.1752018840498,211,0.0403752326965332,25.59783101081848,,,138.17770385742188,17.947546005249023,171.7573699951172,2.175668716430664,52.126708984375,9.38200569152832,9.38200569152832
actor_critic,n_step,10,,0,484,239.1938520727297,153,0.029448986053466797,25.627441883087158,,,149.8847198486328,19.231531143188477,186.64739990234375,2.1753551959991455,50.84803009033203,8.039176940917969,8.039176940917969
actor_critic,n_step,10,,0,485,177.38265173037394,122,0.023749113082885742,25.651367902755737,,,154.3838348388672,14.185769081115723,200.28294372558594,2.1751668453216553,49.115882873535156,6.281236171722412,6.281236171722412
actor_critic,n_step,10,,0,486,160.27329864212822,116,0.022808074951171875,25.674341917037964,,,145.37281799316406,13.266607284545898,188.72317504882812,2.175020456314087,48.27788162231445,5.377582550048828,5.377582550048828
actor_critic,n_step,10,,0,487,217.23906514129987,153,0.029369115829467773,25.703877925872803,,,138.252685546875,15.641807556152344,175.1584014892578,2.1749935150146484,49.652069091796875,6.63853645324707,6.63853645324707
actor_critic,n_step,10,,0,488,208.75962248622443,144,0.02725505828857422,25.73132085800171,,,138.01759338378906,13.469727516174316,177.92552185058594,2.1750271320343018,49.8116455078125,6.738671779632568,6.738671779632568
actor_critic,n_step,10,,0,489,249.05605965989602,170,0.03299593925476074,25.764489889144897,,,131.62596130371094,14.431586265563965,167.42054748535156,2.174987316131592,50.487125396728516,7.335229396820068,7.335229396820068
actor_critic,n_step,10,,0,490,317.4211347557451,216,0.040814876556396484,25.805471897125244,,,120.43299865722656,19.176713943481445,144.65184020996094,2.1748995780944824,51.12962341308594,7.908599853515625,7.908599853515625
actor_critic,n_step,10,,0,491,415.4077784725372,301,0.05740785598754883,25.863046884536743,,,95.76307678222656,17.180561065673828,112.26073455810547,2.175018548965454,50.89767837524414,7.614144325256348,7.614144325256348
actor_critic,n_step,10,,0,492,120.83135687058868,83,0.016653060913085938,25.879868030548096,,,181.7384490966797,7.899420261383057,248.34149169921875,2.1751797199249268,47.8482551574707,4.532418727874756,4.532418727874756
actor_critic,n_step,10,,0,493,303.6721258318981,202,0.03862500190734863,25.91865873336792,,,124.01646423339844,16.050649642944336,154.23687744140625,2.175271511077881,51.4925537109375,8.067255020141602,8.067255020141602
actor_critic,n_step,10,,0,494,321.631138366816,221,0.04224896430969238,25.961058855056763,,,112.07424926757812,17.190818786621094,135.54776000976562,2.1752469539642334,51.19223403930664,7.791132926940918,7.791132926940918
actor_critic,n_step,10,,0,495,329.4907309643343,213,0.04090380668640137,26.00211787223816,,,127.1882095336914,18.191965103149414,155.70892333984375,2.1752474308013916,52.12885284423828,8.571807861328125,8.571807861328125
actor_critic,n_step,10,,0,496,327.9838284439061,217,0.040986061096191406,26.043280839920044,,,123.35887908935547,18.89289665222168,149.23712158203125,2.1752212047576904,51.886009216308594,8.263594627380371,8.263594627380371
actor_critic,n_step,10,,0,497,347.9158495365336,228,0.043508052825927734,26.08694291114807,,,121.58023071289062,18.064952850341797,147.87896728515625,2.175264835357666,52.183162689208984,8.489909172058105,8.489909172058105
actor_critic,n_step,10,,0,498,359.7218227580575,241,0.04552793502807617,26.132617950439453,,,117.82559204101562,18.192890167236328,142.3324432373047,2.1752896308898926,52.0297737121582,8.269371032714844,8.269371032714844
actor_critic,n_step,10,,0,499,293.07789682931684,181,0.03515625,26.167946100234985,,,141.66461181640625,17.819229125976562,176.92196655273438,2.175323724746704,52.69047927856445,8.864764213562012,8.864764213562012
actor_critic,n_step,10,,0,500,422.5037486547779,297,0.05656790733337402,26.224695920944214,395.8349749721075,1.1503492727368718,101.24862670898438,16.39025115966797,121.22625732421875,2.1753082275390625,51.82052230834961,7.924401760101318,7.924401760101318
actor_critic,n_step,10,,0,501,319.465454005395,192,0.03695321083068848,26.377126932144165,,,149.7577667236328,19.925418853759766,185.47479248046875,2.175222396850586,53.36336898803711,9.411395072937012,9.411395072937012
actor_critic,n_step,10,,0,502,375.4096835413289,253,0.048790693283081055,26.42607069015503,,,115.56776428222656,18.293256759643555,138.9635772705078,2.1751058101654053,52.2681884765625,8.240365028381348,8.240365028381348
actor_critic,n_step,10,,0,503,326.6184516078559,216,0.0409700870513916,26.46720290184021,,,124.84093475341797,17.70055389404297,153.0576934814453,2.175049304962158,52.28491973876953,8.19355297088623,8.19355297088623
actor_critic,n_step,10,,0,504,344.15390432294106,219,0.042294979095458984,26.5096378326416,,,133.19720458984375,20.036245346069336,161.65850830078125,2.174999713897705,52.94781494140625,8.784601211547852,8.784601211547852
actor_critic,n_step,10,,0,505,343.57979220118904,200,0.038475990295410156,26.548271894454956,,,160.66419982910156,21.425853729248047,198.91192626953125,2.175008773803711,54.214515686035156,9.983685493469238,9.983685493469238
actor_critic,n_step,10,,0,506,317.0895283110673,218,0.04144001007080078,26.58987283706665,,,113.64737701416016,16.1622371673584,139.2644805908203,2.1750125885009766,51.89345169067383,7.6342926025390625,7.6342926025390625
actor_critic,n_step,10,,0,507,382.5914965422315,252,0.04771566390991211,26.637763738632202,,,118.08366394042969,18.099956512451172,142.8338623046875,2.1749839782714844,52.867008209228516,8.51284122467041,8.51284122467041
actor_critic,n_step,10,,0,508,276.4308226967604,171,0.032659053802490234,26.670594930648804,,,144.7110137939453,18.631526947021484,180.11355590820312,2.1749427318573,53.0388298034668,8.611241340637207,8.611241340637207
actor_critic,n_step,10,,0,509,324.3613813507376,194,0.03649497032165527,26.707263946533203,,,155.146484375,19.8148136138916,193.33094787597656,2.1748979091644287,53.92939376831055,9.435016632080078,9.435016632080078
actor_critic,n_step,10,,0,510,312.15257624448077,206,0.03904366493225098,26.746423721313477,,,126.69759368896484,18.126047134399414,155.1022186279297,2.1748299598693848,52.51897048950195,8.06904411315918,8.06904411315918
actor_critic,n_step,10,,0,511,226.01337263934846,130,0.02511119842529297,26.771712064743042,,,179.7882080078125,21.213830947875977,226.53482055664062,2.1748275756835938,53.52055740356445,8.913243293762207,8.913243293762207
actor_critic,n_step,10,,0,512,396.3432432998059,243,0.04587912559509277,26.81777000427246,,,143.1352996826172,19.280895233154297,176.93487548828125,2.174898147583008,54.165504455566406,9.481820106506348,9.481820106506348
actor_critic,n_step,10,,0,513,349.5833015002775,220,0.04207897186279297,26.86002492904663,,,135.24853515625,19.557300567626953,165.273193359375,2.1748623847961426,53.630760192871094,8.87729549407959,8.87729549407959
actor_critic,n_step,10,,0,514,326.4047421051446,200,0.03827404975891113,26.898467779159546,,,148.0701446533203,20.300722122192383,182.52774047851562,2.1748595237731934,53.89545822143555,9.073925971984863,9.073925971984863
actor_critic,n_step,10,,0,515,291.53228910075046,172,0.03290271759033203,26.931535959243774,,,154.245361328125,17.404510498046875,195.48692321777344,2.1749045848846436,54.21139144897461,9.302844047546387,9.302844047546387
actor_critic,n_step,10,,0,516,309.9906773748654,198,0.03780245780944824,26.969504833221436,,,133.6988525390625,19.15459442138672,163.6346435546875,2.174867630004883,53.34349822998047,8.399287223815918,8.399287223815918
actor_critic,n_step,10,,0,517,226.04884842653135,157,0.030641794204711914,27.000305891036987,,,137.0688934326172,14.332512855529785,175.3376922607422,2.1749064922332764,51.59113693237305,6.59595251083374,6.59595251083374
actor_critic,n_step,10,,0,518,364.2955365016814,220,0.04224801063537598,27.04269289970398,,,148.66183471679688,18.855443954467773,185.43771362304688,2.1749532222747803,54.58687973022461,9.463737487792969,9.463737487792969
actor_critic,n_step,10,,0,519,404.31383246396024,247,0.04743194580078125,27.09029984474182,,,142.884765625,19.4885196685791,176.2803497314453,2.174919605255127,54.68606948852539,9.503334999084473,9.503334999084473
actor_critic,n_step,10,,0,520,415.6238802481483,258,0.04932880401611328,27.139800786972046,424.50521072257044,1.6306811121708398,137.83343505859375,20.519258499145508,167.59169006347656,2.174823045730591,54.568729400634766,9.320319175720215,9.320319175720215
actor_critic,n_step,10,,0,521,463.9408171687846,293,0.05576181411743164,27.306423902511597,,,135.27459716796875,20.49014663696289,163.97779846191406,2.1747536659240723,54.58905792236328,9.259422302246094,9.259422302246094
actor_critic,n_step,10,,0,522,416.65164630349096,250,0.04886198043823242,27.355463981628418,,,153.00088500976562,21.79008674621582,187.44400024414062,2.1747114658355713,55.1834716796875,9.785858154296875,9.785858154296875
actor_critic,n_step,10,,0,523,403.7558291498793,236,0.04510688781738281,27.40073871612549,,,159.85504150390625,21.149343490600586,198.15101623535156,2.1747031211853027,55.54658508300781,10.083853721618652,10.083853721618652
actor_critic,n_step,10,,0,524,429.77308207384266,269,0.051058053970336914,27.45197296142578,,,138.7552032470703,21.087770462036133,168.09632873535156,2.1746459007263184,54.762901306152344,9.23233699798584,9.23233699798584
actor_critic,n_step,10,,0,525,355.42676653199766,205,0.039273977279663086,27.4914288520813,,,166.50350952148438,22.136497497558594,206.2385711669922,2.1746742725372314,55.60065841674805,9.999317169189453,9.999317169189453
actor_critic,n_step,10,,0,526,373.226310477588,211,0.039637088775634766,27.531226873397827,,,173.03684997558594,21.97770881652832,215.7987823486328,2.1747188568115234,56.059513092041016,10.390021324157715,10.390021324157715
actor_critic,n_step,10,,0,527,408.85088815884376,243,0.04591202735900879,27.577318906784058,,,155.9709930419922,22.746423721313477,190.32081604003906,2.1747262477874756,55.57222366333008,9.834022521972656,9.834022521972656
actor_critic,n_step,10,,0,528,472.96470287702726,311,0.058934926986694336,27.63642978668213,,,124.22364807128906,18.909725189208984,150.44845581054688,2.174818277359009,54.49610137939453,8.696815490722656,8.696815490722656
actor_critic,n_step,10,,0,529,372.66036739034803,213,0.04052400588989258,27.677144765853882,,,173.30259704589844,24.398757934570312,212.7197723388672,2.1749072074890137,56.06499099731445,10.194913864135742,10.194913864135742
actor_critic,n_step,10,,0,530,419.23465552388274,257,0.04908394813537598,27.726403951644897,,,147.3997344970703,21.260107040405273,180.199462890625,2.175069808959961,55.36114501953125,9.422027587890625,9.422027587890625
actor_critic,n_step,10,,0,531,476.77972759712645,313,0.05968284606933594,27.786274909973145,,,125.91947937011719,19.444541931152344,152.1070556640625,2.175262451171875,54.70786666870117,8.698890686035156,8.698890686035156
actor_critic,n_step,10,,0,532,435.8329127418012,275,0.05249905586242676,27.83892583847046,,,133.99049377441406,20.25450325012207,162.47999572753906,2.1754651069641113,55.15203857421875,9.081738471984863,9.081738471984863
actor_critic,n_step,10,,0,533,398.3330215612742,236,0.04514002799987793,27.884240865707397,,,154.58941650390625,19.666839599609375,192.74655151367188,2.1756834983825684,55.92136001586914,9.777000427246094,9.777000427246094
actor_critic,n_step,10,,0,534,408.53126636515935,247,0.04713273048400879,27.931548833847046,,,149.56240844726562,19.788818359375,185.39085388183594,2.175772190093994,55.73674774169922,9.530599594116211,9.530599594116211
actor_critic,n_step,10,,0,535,383.93081861074046,220,0.04195213317871094,27.973674058914185,,,164.82872009277344,20.321807861328125,206.43844604492188,2.175804615020752,56.4406623840332,10.162375450134277,10.162375450134277
actor_critic,n_step,10,,0,536,427.12784086028023,269,0.051566123962402344,28.025413990020752,,,136.2687530517578,20.36532974243164,165.57632446289062,2.175731897354126,55.38362121582031,9.034643173217773,9.034643173217773
actor_critic,n_step,10,,0,537,431.1594020709295,277,0.05323910713195801,28.078818798065186,,,126.37396240234375,18.026744842529297,154.78173828125,2.175711154937744,55.189239501953125,8.7709321975708,8.7709321975708
actor_critic,n_step,10,,0,538,383.8885841443187,224,0.04304003715515137,28.12201499938965,,,160.94122314453125,23.082931518554688,196.94041442871094,2.1756367683410645,56.35785675048828,9.872194290161133,9.872194290161133
actor_critic,n_step,10,,0,539,450.8806733242136,290,0.05558013916015625,28.177767992019653,,,129.2691192626953,19.90276527404785,156.23765563964844,2.175630807876587,55.36343765258789,8.81214714050293,8.81214714050293
actor_critic,n_step,10,,0,540,400.41938774800576,242,0.0458827018737793,28.223840713500977,448.28370239377784,2.3765733979958807,151.31068420410156,20.596797943115234,186.734130859375,2.175673723220825,56.06046676635742,9.442646980285645,9.442646980285645
actor_critic,n_step,10,,0,541,373.262271004413,226,0.04305410385131836,28.386579990386963,,,150.7559051513672,19.112428665161133,188.06211853027344,2.1757164001464844,55.93052291870117,9.27095890045166,9.27095890045166
actor_critic,n_step,10,,0,542,454.22414514202325,287,0.054370880126953125,28.441105842590332,,,136.91171264648438,19.489490509033203,167.74603271484375,2.1757140159606934,55.79280471801758,9.042901039123535,9.042901039123535
actor_critic,n_step,10,,0,543,427.4030471969113,262,0.0495450496673584,28.4908230304718,,,144.04263305664062,20.48310089111328,176.5136260986328,2.1757071018218994,56.15431213378906,9.337830543518066,9.337830543518066
actor_critic,n_step,10,,0,544,18.662911188903045,15,0.0033159255981445312,28.49427890777588,,,623.15185546875,-43.09686279296875,951.7838745117188,2.175720691680908,22.286996841430664,-23.408702850341797,-23.408702850341797
actor_critic,n_step,10,,0,545,435.9715074288911,280,0.05294394493103027,28.54731774330139,,,128.86917114257812,18.9830265045166,156.98020935058594,2.1757638454437256,55.6697883605957,8.726777076721191,8.726777076721191
actor_critic,n_step,10,,0,546,394.82839112199497,236,0.04507303237915039,28.592557907104492,,,151.5419464111328,19.84787368774414,188.1343994140625,2.1758058071136475,56.519142150878906,9.513049125671387,9.513049125671387
actor_critic,n_step,10,,0,547,411.2632730017864,250,0.047864675521850586,28.640568733215332,,,146.2156219482422,20.19158363342285,180.0343475341797,2.175791025161743,56.418453216552734,9.3513765335083,9.3513765335083
actor_critic,n_step,10,,0,548,450.1650902627278,283,0.05389118194580078,28.69463300704956,,,134.33985900878906,18.64412498474121,165.27963256835938,2.1757733821868896,56.171417236328125,9.042600631713867,9.042600631713867
actor_critic,n_step,10,,0,549,404.4102864484088,240,0.04574394226074219,28.740558862686157,,,153.5000457763672,21.516643524169922,188.54771423339844,2.1757009029388428,56.826026916503906,9.642335891723633,9.642335891723633
actor_critic,n_step,10,,0,550,404.04366642759106,242,0.04581284523010254,28.786544799804688,,,152.333984375,21.6914119720459,186.6322479248047,2.175689935684204,56.755584716796875,9.5062837600708,9.5062837600708
actor_critic,n_step,10,,0,551,223.23705671026107,148,0.02892899513244629,28.81564688682556,,,156.16427612304688,16.03894805908203,200.17904663085938,2.1757400035858154,54.0297737121582,6.73306131362915,6.73306131362915
actor_critic,n_step,10,,0,552,423.2837819055283,268,0.05049920082092285,28.866312980651855,,,131.90435791015625,18.380050659179688,162.17758178710938,2.17586350440979,56.18330764770508,8.811549186706543,8.811549186706543
actor_critic,n_step,10,,0,553,358.72701250088664,204,0.038353919982910156,28.90484380722046,,,166.5988006591797,19.026382446289062,210.8177490234375,2.175895929336548,57.40032196044922,9.960400581359863,9.960400581359863
actor_critic,n_step,10,,0,554,407.608318248519,244,0.04669904708862305,28.951719999313354,,,148.58042907714844,19.988903045654297,183.70217895507812,2.1758084297180176,56.994930267333984,9.501628875732422,9.501628875732422
actor_critic,n_step,10,,0,555,338.671343439319,189,0.036375999450683594,28.98827075958252,,,179.5555419921875,23.50832176208496,222.92462158203125,2.175687551498413,57.64719772338867,10.083054542541504,10.083054542541504
actor_critic,n_step,10,,0,556,408.3903499736756,247,0.04726409912109375,29.035693883895874,,,148.85409545898438,20.674272537231445,183.11404418945312,2.175638198852539,56.972076416015625,9.338892936706543,9.338892936706543
actor_critic,n_step,10,,0,557,177.97426529984065,119,0.023226022720336914,29.05908989906311,,,174.59446716308594,14.139389991760254,229.22154235839844,2.175614595413208,53.43871307373047,5.755817413330078,5.755817413330078
actor_critic,n_step,10,,0,558,371.2225523416436,209,0.039823055267333984,29.09908890724182,,,174.11181640625,22.875099182128906,216.0524444580078,2.175689935684204,57.90850830078125,10.145527839660645,10.145527839660645
actor_critic,n_step,10,,0,559,383.0266285375922,231,0.04399585723876953,29.143256902694702,,,148.5137481689453,19.308393478393555,184.57907104492188,2.1757943630218506,57.05186462402344,9.219043731689453,9.219043731689453
actor_critic,n_step,10,,0,560,224.21923514617745,155,0.02986764907836914,29.17329168319702,413.96084032172513,1.7240086554808247,145.76828002929688,15.90464973449707,185.51947021484375,2.175842761993408,54.061988830566406,6.179272174835205,6.179272174835205
actor_critic,n_step,10,,0,561,192.06967609410353,133,0.025502920150756836,29.307410955429077,,,157.14703369140625,11.954610824584961,207.41775512695312,2.176063299179077,53.583152770996094,5.6399970054626465,5.6399970054626465
actor_critic,n_step,10,,0,562,110.05229279942226,74,0.014820098876953125,29.32239580154419,,,207.47396850585938,0.7251052260398865,295.35552978515625,2.176246404647827,51.16287612915039,3.1679866313934326,3.1679866313934326
actor_critic,n_step,10,,0,563,380.89289304080086,240,0.046380043029785156,29.368912935256958,,,135.11514282226562,18.11224365234375,167.14700317382812,2.1763174533843994,56.68290328979492,8.586605072021484,8.586605072021484
actor_critic,n_step,10,,0,564,23.542775797532123,18,0.003939151763916016,29.3730309009552,,,396.6141052246094,-48.03350067138672,635.2108764648438,2.176351308822632,26.570119857788086,-18.12562370300293,-18.12562370300293
actor_critic,n_step,10,,0,565,259.4868332127268,176,0.03368687629699707,29.40682077407837,,,139.6312713623047,16.544645309448242,175.83804321289062,2.176358938217163,54.987247467041016,6.768102645874023,6.768102645874023
actor_critic,n_step,10,,0,566,316.43238035332575,170,0.031987905502319336,29.4389808177948,,,201.0155792236328,22.841001510620117,254.5351104736328,2.1764867305755615,58.37845230102539,10.420839309692383,10.420839309692383
actor_critic,n_step,10,,0,567,145.20947378023644,105,0.02075815200805664,29.459905862808228,,,172.52369689941406,8.528823852539062,234.2783966064453,2.1766109466552734,52.284034729003906,4.0417914390563965,4.0417914390563965
actor_critic,n_step,10,,0,568,370.2385953309053,235,0.04453396797180176,29.504606008529663,,,133.91311645507812,17.824234008789062,165.8412628173828,2.176719903945923,56.789588928222656,8.392241477966309,8.392241477966309
actor_critic,n_step,10,,0,569,409.64422941110405,259,0.049401044845581055,29.55421280860901,,,132.17678833007812,19.02896499633789,161.63975524902344,2.1767938137054443,57.09557342529297,8.635391235351562,8.635391235351562
actor_critic,n_step,10,,0,570,31.895382563390505,23,0.004817008972167969,29.55917978286743,,,424.4687194824219,-25.243486404418945,642.446044921875,2.176870822906494,35.128501892089844,-12.06213092803955,-12.06213092803955
actor_critic,n_step,10,,0,571,452.82980622874743,300,0.05621981620788574,29.61554789543152,,,120.1371841430664,16.877798080444336,147.51341247558594,2.1769485473632812,56.761314392089844,8.188895225524902,8.188895225524902
actor_critic,n_step,10,,0,572,424.4984210431471,268,0.05089735984802246,29.666620016098022,,,131.82293701171875,19.21441650390625,160.8693084716797,2.1769332885742188,57.3249397277832,8.694672584533691,8.694672584533691
actor_critic,n_step,10,,0,573,371.10572843688436,232,0.044959306716918945,29.711733102798462,,,137.28656005859375,18.456218719482422,169.75762939453125,2.1769566535949707,57.23712921142578,8.551848411560059,8.551848411560059
actor_critic,n_step,10,,0,574,417.5256261426002,258,0.0490269660949707,29.760941743850708,,,145.25538635253906,22.39813232421875,175.51036071777344,2.1769728660583496,57.681026458740234,8.945782661437988,8.945782661437988
actor_critic,n_step,10,,0,575,441.40695640501605,282,0.053591012954711914,29.81470489501953,,,130.42408752441406,18.588376998901367,159.7653045654297,2.177161693572998,57.38279724121094,8.587540626525879,8.587540626525879
actor_critic,n_step,10,,0,576,435.0087776491551,271,0.051516056060791016,29.8663969039917,,,136.60545349121094,18.930418014526367,168.10720825195312,2.1773316860198975,57.75516891479492,8.889108657836914,8.889108657836914
actor_critic,n_step,10,,0,577,565.2550862009947,400,0.07622408866882324,29.94280505180359,,,103.4327163696289,16.3925724029541,124.34306335449219,2.1774561405181885,56.548316955566406,7.639330863952637,7.639330863952637
actor_critic,n_step,10,,0,578,366.59707954480535,224,0.04285788536071777,29.98581576347351,,,145.06631469726562,18.121828079223633,181.34925842285156,2.177550792694092,57.75175094604492,8.866534233093262,8.866534233093262
actor_critic,n_step,10,,0,579,402.56697248260417,262,0.04950881004333496,30.03549289703369,,,125.99717712402344,18.422069549560547,153.67872619628906,2.177595615386963,57.19173049926758,8.14647102355957,8.14647102355957
actor_critic,n_step,10,,0,580,442.4260509358411,287,0.05489325523376465,30.09055805206299,535.3287209487983,2.5219463260193256,125.95480346679688,19.84408950805664,151.58673095703125,2.177694082260132,57.452484130859375,8.349824905395508,8.349824905395508
actor_critic,n_step,10,,0,581,436.43221920982893,272,0.05192875862121582,30.29822278022766,,,138.27235412597656,18.44169044494629,171.18666076660156,2.1779444217681885,58.01646423339844,8.856583595275879,8.856583595275879
actor_critic,n_step,10,,0,582,464.88232511003304,311,0.05859780311584473,30.357003688812256,,,119.08041381835938,16.76357078552246,146.1669158935547,2.1781234741210938,57.239620208740234,8.052172660827637,8.052172660827637
actor_critic,n_step,10,,0,583,499.9106594816211,335,0.06386184692382812,30.42103099822998,,,114.8185806274414,18.334035873413086,137.83506774902344,2.178226947784424,57.389739990234375,8.096171379089355,8.096171379089355
actor_critic,n_step,10,,0,584,447.8898311546912,287,0.055426836013793945,30.47662091255188,,,133.57225036621094,17.665136337280273,165.5815887451172,2.178363561630249,57.801902770996094,8.594982147216797,8.594982147216797
actor_critic,n_step,10,,0,585,470.86138679593626,311,0.05998110771179199,30.53675603866577,,,119.80864715576172,16.801889419555664,147.1525115966797,2.178433895111084,57.59562301635742,8.182427406311035,8.182427406311035
actor_critic,n_step,10,,0,586,471.0004258601055,315,0.061157941818237305,30.598074913024902,,,119.3640365600586,17.477407455444336,145.5523223876953,2.1784348487854004,57.50422286987305,8.012444496154785,8.012444496154785
actor_critic,n_step,10,,0,587,552.6553763072736,400,0.12518692016601562,30.7234308719635,,,99.13296508789062,16.013561248779297,118.74201202392578,2.1784422397613525,56.801918029785156,7.280883312225342,7.280883312225342
actor_critic,n_step,10,,0,588,480.35407390022385,318,0.06132316589355469,30.784941911697388,,,122.76091003417969,17.786914825439453,149.96286010742188,2.1784589290618896,57.78050231933594,8.157514572143555,8.157514572143555
actor_critic,n_step,10,,0,589,426.1817491116178,273,0.05297279357910156,30.83811378479004,,,134.01876831054688,17.18662452697754,166.90306091308594,2.178476572036743,58.01721954345703,8.381601333618164,8.381601333618164
actor_critic,n_step,10,,0,590,460.83456445686113,295,0.056561946868896484,30.89486289024353,,,131.57470703125,19.52938461303711,160.06475830078125,2.1784534454345703,58.259944915771484,8.51549243927002,8.51549243927002
actor_critic,n_step,10,,0,591,83.17989954086042,62,0.012688875198364258,30.90774893760681,,,172.17318725585938,1.0141631364822388,244.51290893554688,2.178534746170044,47.105106353759766,0.5118393898010254,0.5118393898010254
actor_critic,n_step,10,,0,592,466.0027894541382,312,0.0596768856048584,30.967565774917603,,,120.03498077392578,17.812637329101562,146.03192138671875,2.1786065101623535,57.79146194458008,7.937390327453613,7.937390327453613
actor_critic,n_step,10,,0,593,23.21834112834739,18,0.003947019577026367,30.97167992591858,,,352.4242248535156,-37.147953033447266,556.5316772460938,2.1787004470825195,25.20807647705078,-18.83951187133789,-18.83951187133789
actor_critic,n_step,10,,0,594,86.67503508549616,65,0.012642860412597656,30.984434843063354,,,188.14239501953125,1.9770983457565308,265.950439453125,2.178805351257324,48.299659729003906,0.5854067206382751,0.5854067206382751
actor_critic,n_step,10,,0,595,82.4394944272081,62,0.012365102767944336,30.996965885162354,,,223.09182739257812,5.51338529586792,310.82635498046875,2.1789121627807617,49.305545806884766,0.20129886269569397,0.20129886269569397
actor_critic,n_step,10,,0,596,87.14026414850845,63,0.012162208557128906,31.00925087928772,,,160.5314178466797,2.87432599067688,225.22442626953125,2.179107189178467,48.05182647705078,0.8374093770980835,0.8374093770980835
actor_critic,n_step,10,,0,597,392.017234680386,231,0.04375123977661133,31.053149938583374,,,160.44558715820312,20.28174591064453,200.23406982421875,2.179309368133545,59.35820770263672,9.434967041015625,9.434967041015625
actor_critic,n_step,10,,0,598,77.78355957824526,62,0.012394905090332031,31.06575894355774,,,253.7083282470703,-1.7765828371047974,364.97845458984375,2.1794838905334473,42.979583740234375,-0.09866822510957718,-0.09866822510957718
actor_critic,n_step,10,,0,599,415.3143381956964,250,0.04720115661621094,31.113120079040527,,,153.3286590576172,20.386615753173828,189.91722106933594,2.1795997619628906,59.283836364746094,9.105523109436035,9.105523109436035
actor_critic,n_step,10,,0,600,86.33137381912223,66,0.014281988143920898,31.127566814422607,81.70617315247964,0.9881193074750123,170.0491180419922,3.0476582050323486,238.5735321044922,2.1797423362731934,47.374446868896484,0.6658347249031067,0.6658347249031067
actor_critic,n_step,10,,0,601,87.0914149061348,66,0.012835025787353516,31.167011737823486,,,147.6031951904297,0.735986590385437,209.810302734375,2.179905652999878,47.80104064941406,0.7422424554824829,0.7422424554824829
actor_critic,n_step,10,,0,602,76.69830935696758,62,0.01224207878112793,31.17942190170288,,,230.13656616210938,0.5128306746482849,328.0339050292969,2.1800382137298584,42.95743942260742,-0.22133752703666687,-0.22133752703666687
actor_critic,n_step,10,,0,603,84.9107980328811,68,0.013582944869995117,31.193195819854736,,,150.08111572265625,4.74387788772583,207.6246337890625,2.180197238922119,45.59113693237305,0.3903205990791321,0.3903205990791321
actor_critic,n_step,10,,0,604,730.7142918231084,547,0.10315990447998047,31.29651379585266,,,92.53353881835938,15.103595733642578,110.61421203613281,2.1804661750793457,57.06496810913086,7.085646152496338,7.085646152496338
actor_critic,n_step,10,,0,605,409.9862777712236,241,0.04597806930541992,31.34269094467163,,,156.88539123535156,20.895402908325195,194.27142333984375,2.1806862354278564,59.73020935058594,9.404779434204102,9.404779434204102
actor_critic,n_step,10,,0,606,579.4382959547786,407,0.07664012908935547,31.419500827789307,,,215.38070678710938,16.854721069335938,283.6085510253906,2.180903196334839,56.05385208129883,7.778148651123047,7.778148651123047
actor_critic,n_step,10,,0,607,504.031505728985,337,0.06392693519592285,31.4836208820343,,,125.39018249511719,17.800338745117188,153.6997833251953,2.1810882091522217,57.937767028808594,8.191082954406738,8.191082954406738
actor_critic,n_step,10,,0,608,542.2417526655677,376,0.07086682319641113,31.554674863815308,,,106.33506774902344,16.352888107299805,128.5459747314453,2.1812548637390137,57.97357177734375,7.705079555511475,7.705079555511475
actor_critic,n_step,10,,0,609,499.0340303643645,344,0.06574296951293945,31.620609760284424,,,112.60018920898438,15.98238754272461,138.0254364013672,2.1813621520996094,57.76177978515625,7.712304592132568,7.712304592132568
actor_critic,n_step,10,,0,610,470.6133220857734,316,0.06012582778930664,31.68092179298401,,,114.72857666015625,17.650840759277344,138.68247985839844,2.1813902854919434,58.27702331542969,7.86936616897583,7.86936616897583
actor_critic,n_step,10,,0,611,461.82218764793026,296,0.05657196044921875,31.73767590522766,,,128.26246643066406,17.995553970336914,157.524169921875,2.1814463138580322,58.97523498535156,8.468050956726074,8.468050956726074
actor_critic,n_step,10,,0,612,552.8204495997122,386,0.07331085205078125,31.81117296218872,,,102.72480773925781,16.984811782836914,122.4857177734375,2.1814534664154053,58.07328414916992,7.591891288757324,7.591891288757324
actor_critic,n_step,10,,0,613,469.1671283857891,315,0.06014895439147949,31.87150287628174,,,116.33614349365234,17.6651668548584,140.9585418701172,2.1815056800842285,58.44087219238281,7.897394180297852,7.897394180297852
actor_critic,n_step,10,,0,614,368.25729197425056,224,0.04292488098144531,31.914575815200806,,,147.2074737548828,18.637828826904297,183.67092895507812,2.1815967559814453,59.29521942138672,8.660463333129883,8.660463333129883
actor_critic,n_step,10,,0,615,465.6103239218348,316,0.060143232345581055,31.97489595413208,,,111.55519104003906,16.498804092407227,135.7948455810547,2.1816678047180176,58.41546630859375,7.653427600860596,7.653427600860596
actor_critic,n_step,10,,0,616,424.3827251437511,272,0.05183815956115723,32.02692198753357,,,126.28126525878906,16.836973190307617,156.34898376464844,2.1817266941070557,59.03450012207031,8.217879295349121,8.217879295349121
actor_critic,n_step,10,,0,617,436.5492230285713,281,0.05321788787841797,32.080315828323364,,,126.1850357055664,17.43578338623047,155.3560791015625,2.1817052364349365,59.075469970703125,8.227805137634277,8.227805137634277
actor_critic,n_step,10,,0,618,463.5986034370504,300,0.05672502517700195,32.13723874092102,,,123.74600219726562,17.221073150634766,152.17848205566406,2.1816577911376953,58.9743537902832,8.26726245880127,8.26726245880127
actor_critic,n_step,10,,0,619,576.4307350438256,414,0.07826113700866699,32.2156879901886,,,95.30838775634766,14.840449333190918,114.9542007446289,2.1815412044525146,58.227081298828125,7.231894016265869,7.231894016265869
actor_critic,n_step,10,,0,620,487.4574189407923,327,0.061966896057128906,32.27783679962158,1050.3912021950616,0.4508731815238674,115.803466796875,17.00063705444336,141.1468963623047,2.181334972381592,58.81610107421875,7.857689380645752,7.857689380645752
actor_critic,n_step,10,,0,621,433.4860848182689,287,0.05481886863708496,32.782524824142456,,,119.25588989257812,16.914400100708008,146.20213317871094,2.181140422821045,58.91171646118164,7.798391819000244,7.798391819000244
actor_critic,n_step,10,,0,622,422.58891758468496,273,0.05200910568237305,32.834709882736206,,,126.80980682373047,17.505945205688477,156.14837646484375,2.180964946746826,59.19675064086914,8.12419319152832,8.12419319152832
actor_critic,n_step,10,,0,623,487.1386090103665,326,0.06223297119140625,32.897143840789795,,,116.89874267578125,16.390323638916016,143.5834503173828,2.1808021068573,59.05925369262695,7.837764739990234,7.837764739990234
actor_critic,n_step,10,,0,624,565.058284310621,406,0.07598400115966797,32.973312854766846,,,94.1551742553711,14.691648483276367,113.51931762695312,2.180605173110962,58.443050384521484,7.15731954574585,7.15731954574585
actor_critic,n_step,10,,0,625,641.6955977295767,481,0.09101414680480957,33.06449794769287,,,86.2520751953125,15.106107711791992,101.63710021972656,2.180328845977783,58.091983795166016,6.806922912597656,6.806922912597656
actor_critic,n_step,10,,0,626,592.4848429821425,436,0.08380317687988281,33.148488998413086,,,89.71784973144531,15.525084495544434,105.98966217041016,2.1801207065582275,58.32704544067383,6.921170234680176,6.921170234680176
actor_critic,n_step,10,,0,627,483.6827043372226,324,0.06156587600708008,33.21023082733154,,,114.94366455078125,17.20435905456543,139.62757873535156,2.1799912452697754,59.269737243652344,7.785586357116699,7.785586357116699
actor_critic,n_step,10,,0,628,415.14502848448785,258,0.049653053283691406,33.260071992874146,,,140.80711364746094,18.066707611083984,175.34344482421875,2.179896831512451,60.046024322509766,8.50378131866455,8.50378131866455
actor_critic,n_step,10,,0,629,498.01932411330154,337,0.06400609016418457,33.324244022369385,,,112.6902084350586,17.4872989654541,136.00416564941406,2.1797730922698975,59.29537582397461,7.685930252075195,7.685930252075195
actor_critic,n_step,10,,0,630,683.056891506541,523,0.10014510154724121,33.42458391189575,,,80.84314727783203,13.720929145812988,95.88887786865234,2.179708957672119,58.25435256958008,6.573672771453857,6.573672771453857
actor_critic,n_step,10,,0,631,556.5966195858732,401,0.07634425163269043,33.50113105773926,,,96.5866928100586,17.053529739379883,113.61880493164062,2.179577350616455,58.79280471801758,7.051867961883545,7.051867961883545
actor_critic,n_step,10,,0,632,509.69224371922434,349,0.06700491905212402,33.56832695007324,,,111.10443115234375,17.154556274414062,134.214111328125,2.1796188354492188,59.356807708740234,7.547615051269531,7.547615051269531
actor_critic,n_step,10,,0,633,631.8559366185318,468,0.08900308609008789,33.65746593475342,,,88.91734313964844,14.209050178527832,106.72612762451172,2.179713726043701,58.72383499145508,6.8589253425598145,6.8589253425598145
actor_critic,n_step,10,,0,634,534.4734105144142,375,0.07169580459594727,33.72932267189026,,,104.3560562133789,16.49040985107422,125.52235412597656,2.17970609664917,59.23584747314453,7.295089244842529,7.295089244842529
actor_critic,n_step,10,,0,635,655.4078011675804,497,0.09333515167236328,33.82284498214722,,,83.65383911132812,14.719304084777832,98.4779052734375,2.1797518730163574,58.61723709106445,6.605146408081055,6.605146408081055
actor_critic,n_step,10,,0,636,588.61067337118,427,0.08100605010986328,33.90404677391052,,,95.54100036621094,15.04935359954834,114.98806762695312,2.179832696914673,59.06894302368164,6.999825477600098,6.999825477600098
actor_critic,n_step,10,,0,637,516.928973216762,361,0.06876397132873535,33.97300481796265,,,102.69116973876953,14.364212989807129,126.18136596679688,2.1798970699310303,59.41023635864258,7.2891526222229,7.2891526222229
actor_critic,n_step,10,,0,638,634.229241749084,471,0.09065103530883789,34.06382489204407,,,89.4610366821289,14.699651718139648,106.8019790649414,2.1798484325408936,59.001686096191406,6.798712730407715,6.798712730407715
actor_critic,n_step,10,,0,639,543.243909192651,382,0.07409191131591797,34.138081789016724,,,104.85447692871094,17.0364933013916,125.45426940917969,2.179805040359497,59.52289581298828,7.25675106048584,7.25675106048584
actor_critic,n_step,10,,0,640,803.2696603514877,642,0.1288280487060547,34.26708793640137,1050.8959526291571,0.661910263916973,69.58641052246094,13.313249588012695,80.3902359008789,2.1798760890960693,58.501373291015625,6.15667200088501,6.15667200088501
actor_critic,n_step,10,,0,641,814.7994619524665,657,0.16535663604736328,34.86673069000244,,,69.79840850830078,13.413296699523926,80.55016326904297,2.1799395084381104,58.47545623779297,6.069545745849609,6.069545745849609
actor_critic,n_step,10,,0,642,604.3410690498957,439,0.08725595474243164,34.95417499542236,,,94.10526275634766,14.457315444946289,113.78278350830078,2.1800408363342285,59.440391540527344,6.969804286956787,6.969804286956787
actor_critic,n_step,10,,0,643,633.5715126844779,475,0.09432101249694824,35.04869294166565,,,86.1319808959961,14.958436012268066,101.67649841308594,2.18007493019104,59.15993118286133,6.645689964294434,6.645689964294434
actor_critic,n_step,10,,0,644,701.6727543181433,541,0.11258387565612793,35.16147780418396,,,80.02044677734375,14.237865447998047,93.97512817382812,2.1801514625549316,59.02336120605469,6.4151291847229,6.4151291847229
actor_critic,n_step,10,,0,645,693.6046312317529,558,0.1189420223236084,35.280637979507446,,,70.71617889404297,13.582921981811523,81.61894226074219,2.180255651473999,58.579715728759766,5.919981002807617,5.919981002807617
actor_critic,n_step,10,,0,646,447.10590041180717,292,0.05655980110168457,35.33738088607788,,,124.48487091064453,17.87626838684082,152.29800415039062,2.1804733276367188,60.55960464477539,7.825008869171143,7.825008869171143
actor_critic,n_step,10,,0,647,618.8078922732138,457,0.08762216567993164,35.42520093917847,,,92.49117279052734,15.679460525512695,109.73102569580078,2.1807234287261963,59.58076477050781,6.763125896453857,6.763125896453857
actor_critic,n_step,10,,0,648,518.3262278839841,350,0.07716012001037598,35.502557039260864,,,112.5038833618164,15.276320457458496,138.89651489257812,2.1810450553894043,60.49059295654297,7.618910312652588,7.618910312652588
actor_critic,n_step,10,,0,649,458.9343189438783,300,0.06434893608093262,35.56714987754822,,,123.14147186279297,17.021385192871094,151.60012817382812,2.181215524673462,60.77649688720703,7.835126876831055,7.835126876831055
actor_critic,n_step,10,,0,650,475.7074315010472,317,0.0666050910949707,35.63403391838074,,,120.86492919921875,16.044931411743164,149.74285888671875,2.181368350982666,60.6463737487793,7.639359474182129,7.639359474182129
actor_critic,n_step,10,,0,651,458.29829445119947,343,0.06621289253234863,35.70044183731079,,,88.82008361816406,13.28687572479248,107.90458679199219,2.18147611618042,59.25871658325195,6.180197715759277,6.180197715759277
actor_critic,n_step,10,,0,652,470.7552626460902,317,0.06114006042480469,35.761796951293945,,,118.88862609863281,17.22725486755371,145.23052978515625,2.181568145751953,60.628849029541016,7.474351406097412,7.474351406097412
actor_critic,n_step,10,,0,653,457.25753910217946,297,0.05744004249572754,35.81943678855896,,,126.02067565917969,16.214277267456055,156.8662872314453,2.181720495223999,61.090660095214844,7.873846054077148,7.873846054077148
actor_critic,n_step,10,,0,654,495.5080179725191,340,0.06567716598510742,35.88530898094177,,,110.69224548339844,15.272992134094238,136.31321716308594,2.1817758083343506,60.58903884887695,7.303271293640137,7.303271293640137
actor_critic,n_step,10,,0,655,419.16115037914625,308,0.05899810791015625,35.94449496269226,,,100.54084777832031,13.756275177001953,123.97795867919922,2.181744337081909,59.44462203979492,6.2252936363220215,6.2252936363220215
actor_critic,n_step,10,,0,656,701.0720042562048,531,0.10257101058959961,36.04723596572876,,,84.2223892211914,14.49995231628418,99.60348510742188,2.1817336082458496,59.95524215698242,6.527348518371582,6.527348518371582
actor_critic,n_step,10,,0,657,506.16455958841607,354,0.06876111030578613,36.116211891174316,,,108.56584167480469,15.626407623291016,132.7706298828125,2.181753396987915,60.55581283569336,7.082058906555176,7.082058906555176
actor_critic,n_step,10,,0,658,365.30417223640603,255,0.053395986557006836,36.169960021972656,,,113.99462127685547,13.911986351013184,142.97518920898438,2.1817851066589355,60.07111358642578,6.534013748168945,6.534013748168945
actor_critic,n_step,10,,0,659,466.2595676289014,306,0.06148791313171387,36.23163199424744,,,126.12428283691406,16.432613372802734,156.70237731933594,2.1817877292633057,61.351402282714844,7.719427585601807,7.719427585601807
actor_critic,n_step,10,,0,660,491.6545287226291,375,0.0739278793334961,36.305755853652954,763.3209754248996,1.58892268935974,85.26416015625,13.914588928222656,101.9279556274414,2.1817514896392822,59.69364547729492,6.000240802764893,6.000240802764893
actor_critic,n_step,10,,0,661,461.96428686848554,318,0.06290984153747559,36.652026891708374,,,114.05988311767578,16.63381004333496,139.1800994873047,2.181788682937622,60.837215423583984,7.097477912902832,7.097477912902832
actor_critic,n_step,10,,0,662,521.9876393269013,361,0.07033801078796387,36.72255277633667,,,107.47191619873047,15.125131607055664,131.92398071289062,2.1819329261779785,61.05373001098633,7.218783855438232,7.218783855438232
actor_critic,n_step,10,,0,663,589.1205990456449,427,0.08259987831115723,36.805325746536255,,,96.08970642089844,14.48903751373291,116.5723876953125,2.1820335388183594,60.70215606689453,6.800490856170654,6.800490856170654
actor_critic,n_step,10,,0,664,418.1704614035994,302,0.060279130935668945,36.86578392982483,,,99.69994354248047,14.869006156921387,121.18705749511719,2.182098627090454,60.29476547241211,6.322206974029541,6.322206974029541
actor_critic,n_step,10,,0,665,393.2293124574676,282,0.05358099937438965,36.919528007507324,,,104.64440155029297,13.830483436584473,129.7341766357422,2.1822657585144043,60.322044372558594,6.286898136138916,6.286898136138916
actor_critic,n_step,10,,0,666,586.9686732685223,423,0.08018302917480469,36.999889850616455,,,98.75617218017578,14.846587181091309,119.87083435058594,2.1824262142181396,60.94603729248047,6.843077182769775,6.843077182769775
actor_critic,n_step,10,,0,667,318.86408622939757,229,0.043884992599487305,37.043954849243164,,,117.27510833740234,11.480452537536621,151.13522338867188,2.182572841644287,59.968711853027344,5.817205905914307,5.817205905914307
actor_critic,n_step,10,,0,668,357.16093370281595,286,0.054377079010009766,37.098527908325195,,,97.7700424194336,11.567459106445312,123.14655303955078,2.182636022567749,59.131595611572266,4.890928268432617,4.890928268432617
actor_critic,n_step,10,,0,669,410.7179066396599,254,0.04870128631591797,37.1474130153656,,,147.2478790283203,17.247127532958984,185.71536254882812,2.1828083992004395,62.45318603515625,8.170355796813965,8.170355796813965
actor_critic,n_step,10,,0,670,532.3739539672696,376,0.07128190994262695,37.218875885009766,,,103.62646484375,14.67007064819336,127.08055877685547,2.1829428672790527,61.2967414855957,6.9206414222717285,6.9206414222717285
actor_critic,n_step,10,,0,671,470.3382118488527,317,0.060521841049194336,37.279579877853394,,,118.69892883300781,16.133676528930664,146.52178955078125,2.1830408573150635,61.73141860961914,7.296687126159668,7.296687126159668
actor_critic,n_step,10,,0,672,406.2324330581012,296,0.056816816329956055,37.33656883239746,,,103.20405578613281,14.124272346496582,127.2568359375,2.1831552982330322,60.5888557434082,6.10922384262085,6.10922384262085
actor_critic,n_step,10,,0,673,477.6886611619358,318,0.06117701530456543,37.397918939590454,,,119.88829040527344,15.12635326385498,149.659912109375,2.183333158493042,62.04182815551758,7.462305545806885,7.462305545806885
actor_critic,n_step,10,,0,674,465.41352166816876,308,0.06380891799926758,37.46191072463989,,,122.36742401123047,15.8558988571167,152.15933227539062,2.1834323406219482,62.12167739868164,7.489687442779541,7.489687442779541
actor_critic,n_step,10,,0,675,512.2670817709844,354,0.07192516326904297,37.53405499458313,,,109.69295501708984,15.134820938110352,135.0830535888672,2.183492660522461,61.80257034301758,7.101812362670898,7.101812362670898
actor_critic,n_step,10,,0,676,525.882507000926,366,0.07193803787231445,37.60619592666626,,,107.05842590332031,15.161520004272461,131.2812957763672,2.183521270751953,61.81974792480469,7.031146049499512,7.031146049499512
actor_critic,n_step,10,,0,677,502.59594448056265,343,0.0665578842163086,37.672929763793945,,,112.25994110107422,15.797345161437988,137.8037109375,2.183532238006592,62.05305480957031,7.198063373565674,7.198063373565674
actor_critic,n_step,10,,0,678,525.1861108083256,367,0.07078409194946289,37.74394774436951,,,108.9201431274414,16.289901733398438,132.32891845703125,2.1835548877716064,61.88300323486328,6.966404438018799,6.966404438018799
actor_critic,n_step,10,,0,679,434.8192346237281,280,0.05448412895202637,37.798590898513794,,,135.1797332763672,16.497570037841797,169.54595947265625,2.1836609840393066,62.64906692504883,7.674613952636719,7.674613952636719
actor_critic,n_step,10,,0,680,467.34437126240925,314,0.060314178466796875,37.8590989112854,592.810864903605,4.227766276244186,119.11788940429688,14.203566551208496,149.8776092529297,2.1837432384490967,62.29988479614258,7.255478382110596,7.255478382110596
actor_critic,n_step,10,,0,681,516.5866633028342,359,0.06812191009521484,38.11298489570618,,,108.54723358154297,15.954243659973145,132.27569580078125,2.1837213039398193,62.098167419433594,6.986104488372803,6.986104488372803
actor_critic,n_step,10,,0,682,466.72153846238996,313,0.060276031494140625,38.17342495918274,,,121.24237823486328,15.137069702148438,151.57901000976562,2.1837515830993652,62.4385871887207,7.252775192260742,7.252775192260742
actor_critic,n_step,10,,0,683,460.20465034859455,309,0.059533119201660156,38.233134746551514,,,122.04182434082031,16.870737075805664,150.24441528320312,2.1837189197540283,62.461055755615234,7.215066432952881,7.215066432952881
actor_critic,n_step,10,,0,684,478.32090439461535,321,0.06149888038635254,38.294819831848145,,,121.5931625366211,17.13261604309082,149.22935485839844,2.183788299560547,62.50918197631836,7.2900071144104,7.2900071144104
actor_critic,n_step,10,,0,685,373.49439154503534,231,0.04429507255554199,38.33929491043091,,,152.56431579589844,16.47243881225586,194.41696166992188,2.1839847564697266,63.183616638183594,7.819503307342529,7.819503307342529
actor_critic,n_step,10,,0,686,397.3569238175485,251,0.0482487678527832,38.387714862823486,,,142.0413055419922,16.60417366027832,179.19589233398438,2.1841468811035156,63.081199645996094,7.6808552742004395,7.6808552742004395
actor_critic,n_step,10,,0,687,451.36084224509256,310,0.06194925308227539,38.4498348236084,,,125.72909545898438,15.926185607910156,156.86129760742188,2.1842877864837646,62.10676193237305,6.899822235107422,6.899822235107422
actor_critic,n_step,10,,0,688,446.92801116661997,303,0.06341671943664551,38.5134859085083,,,122.39665222167969,16.98833465576172,150.58331298828125,2.1844828128814697,62.480308532714844,7.015179634094238,7.015179634094238
actor_critic,n_step,10,,0,689,493.01651968714054,346,0.07445812225341797,38.58810591697693,,,108.56889343261719,13.55694580078125,135.73135375976562,2.1848127841949463,62.376243591308594,6.731125831604004,6.731125831604004
actor_critic,n_step,10,,0,690,554.16608648869,401,0.08390688896179199,38.67222785949707,,,99.79241943359375,14.554557800292969,121.76837158203125,2.1850509643554688,62.196380615234375,6.551441192626953,6.551441192626953
actor_critic,n_step,10,,0,691,77.89205834076988,65,0.024417877197265625,38.69688677787781,,,280.8592224121094,-2.4175257682800293,404.6810607910156,2.1852869987487793,52.429649353027344,-2.1387076377868652,-2.1387076377868652
actor_critic,n_step,10,,0,692,518.9146915487162,347,0.13923001289367676,38.836392879486084,,,120.43707275390625,18.512760162353516,145.60617065429688,2.1855697631835938,63.056697845458984,7.3998236656188965,7.3998236656188965
actor_critic,n_step,10,,0,693,429.89239041131975,259,0.0711822509765625,38.907808780670166,,,157.46685791015625,16.451780319213867,201.45010375976562,2.1859517097473145,64.02938079833984,8.43647289276123,8.43647289276123
actor_critic,n_step,10,,0,694,400.96954678602214,251,0.05966687202453613,38.9678008556366,,,144.91693115234375,17.702001571655273,181.73561096191406,2.1862034797668457,63.69240951538086,7.759727478027344,7.759727478027344
actor_critic,n_step,10,,0,695,422.09488620476986,269,0.0665900707244873,39.03469491004944,,,137.51853942871094,17.296947479248047,171.74513244628906,2.186479091644287,63.477115631103516,7.632702827453613,7.632702827453613
actor_critic,n_step,10,,0,696,227.88057409184944,182,0.08982992172241211,39.12480902671814,,,135.11062622070312,6.611000061035156,183.57090759277344,2.186774492263794,59.10654067993164,3.6527535915374756,3.6527535915374756
actor_critic,n_step,10,,0,697,371.2490623472115,226,0.05469512939453125,39.1796669960022,,,160.20887756347656,16.537527084350586,205.2447967529297,2.1869943141937256,64.01164245605469,7.923733234405518,7.923733234405518
actor_critic,n_step,10,,0,698,490.2524024160425,321,0.0684812068939209,39.248393058776855,,,125.78450775146484,16.761627197265625,155.74697875976562,2.1871209144592285,63.44221496582031,7.553531646728516,7.553531646728516
actor_critic,n_step,10,,0,699,458.9255962983569,302,0.062026023864746094,39.310643911361694,,,129.6019287109375,17.334518432617188,160.3820037841797,2.1872599124908447,63.55580139160156,7.3301849365234375,7.3301849365234375
actor_critic,n_step,10,,0,700,416.4993597456716,280,0.054718971252441406,39.365556955337524,435.6090371106087,2.5613344176482253,124.16761016845703,14.954154968261719,156.01922607421875,2.1874594688415527,63.16371536254883,6.86822509765625,6.86822509765625
actor_critic,n_step,10,,0,701,435.15897025820203,285,0.05559802055358887,39.542887926101685,,,128.43258666992188,15.100886344909668,161.90243530273438,2.1876413822174072,63.59716796875,7.282530784606934,7.282530784606934
actor_critic,n_step,10,,0,702,277.57331597938406,216,0.04226207733154297,39.58533477783203,,,119.90110778808594,8.756718635559082,158.77769470214844,2.1877598762512207,60.56100082397461,4.363030433654785,4.363030433654785
actor_critic,n_step,10,,0,703,363.5899398711264,214,0.04178166389465332,39.62730669975281,,,170.29156494140625,17.39672088623047,218.4212188720703,2.1878304481506348,64.74900817871094,8.258456230163574,8.258456230163574
actor_critic,n_step,10,,0,704,447.1440514749595,264,0.05226707458496094,39.67971992492676,,,157.7747802734375,18.741741180419922,198.61862182617188,2.187868356704712,65.18653869628906,8.699193954467773,8.699193954467773
actor_critic,n_step,10,,0,705,514.2210536410853,328,0.06621003150939941,39.74610686302185,,,130.5953369140625,17.615339279174805,161.39999389648438,2.187892198562622,64.50460052490234,7.88442325592041,7.88442325592041
actor_critic,n_step,10,,0,706,396.66575979323835,241,0.048349857330322266,39.794678688049316,,,156.58187866210938,18.54900360107422,197.18980407714844,2.187962055206299,64.71006774902344,8.016331672668457,8.016331672668457
actor_critic,n_step,10,,0,707,435.69029450743244,275,0.05352497100830078,39.84846806526184,,,141.54022216796875,17.55023956298828,177.12855529785156,2.1880834102630615,64.38363647460938,7.705262660980225,7.705262660980225
actor_critic,n_step,10,,0,708,464.7871438324082,287,0.05678582191467285,39.90544581413269,,,146.84173583984375,18.500818252563477,183.3441619873047,2.188246250152588,64.7757568359375,8.125965118408203,8.125965118408203
actor_critic,n_step,10,,0,709,582.3842994328303,396,0.07703328132629395,39.98267602920532,,,112.48993682861328,16.15883445739746,137.61585998535156,2.1884653568267822,63.949928283691406,7.2303595542907715,7.2303595542907715
actor_critic,n_step,10,,0,710,467.6591166425001,312,0.060851097106933594,40.043723821640015,,,120.70918273925781,14.397859573364258,151.87332153320312,2.188690423965454,64.02742767333984,7.1026291847229,7.1026291847229
actor_critic,n_step,10,,0,711,355.35336411482,218,0.043192148208618164,40.087100982666016,,,157.03793334960938,14.01818561553955,204.31393432617188,2.1888372898101807,64.59434509277344,7.574021816253662,7.574021816253662
actor_critic,n_step,10,,0,712,532.7275264388525,363,0.0709829330444336,40.158275842666626,,,111.52863311767578,14.463543891906738,138.66441345214844,2.1888396739959717,64.11957550048828,7.03641414642334,7.03641414642334
actor_critic,n_step,10,,0,713,489.8262552349828,331,0.06384015083312988,40.222325801849365,,,118.43181610107422,15.124239921569824,147.58226013183594,2.188777446746826,64.12984466552734,6.992033958435059,6.992033958435059
actor_critic,n_step,10,,0,714,365.8191662973611,216,0.041771888732910156,40.2642879486084,,,168.28244018554688,16.886112213134766,216.28048706054688,2.1887171268463135,65.35843658447266,8.124076843261719,8.124076843261719
actor_critic,n_step,10,,0,715,429.2024648618408,283,0.054882049560546875,40.31932187080383,,,131.60098266601562,16.262901306152344,164.7686767578125,2.1886255741119385,64.30253601074219,7.042409896850586,7.042409896850586
actor_critic,n_step,10,,0,716,343.02568182990274,207,0.04009103775024414,40.35959482192993,,,168.66552734375,17.486589431762695,215.9699249267578,2.1886141300201416,64.96806335449219,7.640017509460449,7.640017509460449
actor_critic,n_step,10,,0,717,532.6418466775604,341,0.0654911994934082,40.42523694038391,,,232.66720581054688,16.322908401489258,309.06329345703125,2.1886463165283203,63.91139221191406,7.933106422424316,7.933106422424316
actor_critic,n_step,10,,0,718,394.04281733837297,247,0.04769110679626465,40.473084926605225,,,150.1366729736328,16.883731842041016,190.36134338378906,2.1886351108551025,64.82282257080078,7.4939727783203125,7.4939727783203125
actor_critic,n_step,10,,0,719,463.30519496012903,294,0.057180166244506836,40.530417919158936,,,135.73703002929688,16.421899795532227,170.45018005371094,2.188671350479126,65.19194793701172,7.648249626159668,7.648249626159668
actor_critic,n_step,10,,0,720,435.5398382955601,280,0.05555081367492676,40.58612370491028,387.12589881356774,39.52508629091081,135.15237426757812,17.74343490600586,167.72706604003906,2.1886913776397705,64.8926010131836,7.352668285369873,7.352668285369873
actor_critic,n_step,10,,0,721,434.1081389859676,273,0.051934242248535156,40.7367889881134,,,229.7539825439453,16.082338333129883,305.2452087402344,2.188859224319458,63.94321060180664,7.76237154006958,7.76237154006958
actor_critic,n_step,10,,0,722,134.78595692612845,99,0.01910686492919922,40.756064891815186,,,336.18121337890625,-1.1795017719268799,481.9438781738281,2.188965082168579,57.13295364379883,2.0267813205718994,2.0267813205718994
actor_critic,n_step,10,,0,723,357.97378116385477,200,0.03815126419067383,40.794398069381714,,,191.6929931640625,19.290382385253906,246.2894287109375,2.188964366912842,66.39006042480469,8.776629447937012,8.776629447937012
actor_critic,n_step,10,,0,724,398.7044680777991,246,0.047059059143066406,40.84164381027222,,,151.38525390625,18.013042449951172,190.53173828125,2.188966751098633,65.44879150390625,7.664283752441406,7.664283752441406
actor_critic,n_step,10,,0,725,334.04264458328686,186,0.03591489791870117,40.87773585319519,,,200.18040466308594,18.426071166992188,259.6490478515625,2.1890370845794678,66.44926452636719,8.589590072631836,8.589590072631836
actor_critic,n_step,10,,0,726,388.2039567352107,240,0.08981585502624512,40.96773386001587,,,152.81907653808594,13.624385833740234,198.84954833984375,2.189084768295288,65.39563751220703,7.56920051574707,7.56920051574707
actor_critic,n_step,10,,0,727,341.7748951349074,194,0.038369178771972656,41.00628685951233,,,185.3314971923828,15.027975082397461,243.29075622558594,2.188978672027588,66.37770080566406,8.364664077758789,8.364664077758789
actor_critic,n_step,10,,0,728,419.16650223118114,241,0.04581928253173828,41.052308082580566,,,165.93692016601562,17.742475509643555,211.70635986328125,2.1887664794921875,66.78770446777344,8.716898918151855,8.716898918151855
actor_critic,n_step,10,,0,729,361.64112314974193,210,0.03981328010559082,41.092297077178955,,,182.02127075195312,21.286331176757812,229.62135314941406,2.1885204315185547,66.26404571533203,8.205497741699219,8.205497741699219
actor_critic,n_step,10,,0,730,406.4468155819467,255,0.05113577842712402,41.14356470108032,,,143.7978057861328,17.04863929748535,181.0702362060547,2.188427686691284,65.64112091064453,7.442729473114014,7.442729473114014
actor_critic,n_step,10,,0,731,421.7318596282523,258,0.050657033920288086,41.194403886795044,,,149.61660766601562,14.637826919555664,192.8268280029297,2.188415050506592,66.11399841308594,7.850791931152344,7.850791931152344
actor_critic,n_step,10,,0,732,444.62541520855007,284,0.05442976951599121,41.24903082847595,,,136.37643432617188,15.67352294921875,172.43272399902344,2.1883127689361572,65.70406341552734,7.3843488693237305,7.3843488693237305
actor_critic,n_step,10,,0,733,359.014144513667,212,0.040805816650390625,41.28997778892517,,,165.02301025390625,16.689952850341797,211.9043731689453,2.188199996948242,66.3003921508789,7.915125370025635,7.915125370025635
actor_critic,n_step,10,,0,734,404.71075524334594,244,0.047190189361572266,41.3373589515686,,,155.6646728515625,17.61725425720215,197.21060180664062,2.1880757808685303,66.37811279296875,7.923187255859375,7.923187255859375
actor_critic,n_step,10,,0,735,391.55392642833266,233,0.04613494873046875,41.38368797302246,,,163.47972106933594,18.299985885620117,207.3996124267578,2.187987804412842,66.52933502197266,8.016901016235352,8.016901016235352
actor_critic,n_step,10,,0,736,417.84556691711816,262,0.053623199462890625,41.437493085861206,,,140.55670166015625,15.316359519958496,178.91477966308594,2.1879594326019287,66.03990173339844,7.464591979980469,7.464591979980469
actor_critic,n_step,10,,0,737,375.0503263888616,244,0.04809904098510742,41.485790967941284,,,136.50088500976562,15.178034782409668,173.318359375,2.187873125076294,65.33843994140625,6.745631694793701,6.745631694793701
actor_critic,n_step,10,,0,738,352.7304664504319,199,0.039628028869628906,41.52561378479004,,,182.8154754638672,17.508928298950195,236.15220642089844,2.187824249267578,67.15699005126953,8.452455520629883,8.452455520629883
actor_critic,n_step,10,,0,739,345.0000471229686,197,0.037619829177856445,41.56341576576233,,,178.5037078857422,17.34316062927246,230.22935485839844,2.187753677368164,66.98835754394531,8.214954376220703,8.214954376220703
actor_critic,n_step,10,,0,740,398.9733096924329,237,0.04555106163024902,41.60915493965149,406.9493642241004,2.723648143920057,162.70263671875,17.773962020874023,207.0409698486328,2.1876697540283203,66.8863296508789,8.04666805267334,8.04666805267334
actor_critic,n_step,10,,0,741,373.89742269860216,220,0.044096946716308594,41.76196479797363,,,166.3529815673828,18.964086532592773,210.55557250976562,2.1876072883605957,66.9056625366211,8.002307891845703,8.002307891845703
actor_critic,n_step,10,,0,742,367.98047073272,217,0.04158806800842285,41.80373692512512,,,167.7059783935547,15.915406227111816,216.8436737060547,2.187682628631592,66.89479064941406,7.9212212562561035,7.9212212562561035
actor_critic,n_step,10,,0,743,402.5639344884246,245,0.045989990234375,41.849902868270874,,,151.47198486328125,15.287436485290527,194.5493621826172,2.1876730918884277,66.7415542602539,7.706071853637695,7.706071853637695
actor_critic,n_step,10,,0,744,399.979377393209,242,0.04607820510864258,41.89616012573242,,,156.56056213378906,17.264299392700195,198.99465942382812,2.187598943710327,66.86749267578125,7.769838809967041,7.769838809967041
actor_critic,n_step,10,,0,745,336.14132601206626,214,0.0414581298828125,41.93780303001404,,,151.3248291015625,15.553022384643555,193.959716796875,2.18756103515625,65.82124328613281,6.661336898803711,6.661336898803711
actor_critic,n_step,10,,0,746,426.6949613020932,264,0.05168485641479492,41.98965573310852,,,144.52511596679688,14.940295219421387,185.12118530273438,2.1875882148742676,66.8352279663086,7.599815368652344,7.599815368652344
actor_critic,n_step,10,,0,747,335.42790058159534,192,0.039244890213012695,42.02907586097717,,,181.70230102539062,19.446067810058594,231.79461669921875,2.1875035762786865,67.31717681884766,8.023568153381348,8.023568153381348
actor_critic,n_step,10,,0,748,345.07408495456974,194,0.038632869720458984,42.06789994239807,,,185.68267822265625,17.214792251586914,240.6684112548828,2.187530994415283,67.70777893066406,8.33952808380127,8.33952808380127
actor_critic,n_step,10,,0,749,368.12943439472053,217,0.04212021827697754,42.110228061676025,,,166.1061248779297,16.634611129760742,213.53073120117188,2.187498092651367,67.2993392944336,7.8703460693359375,7.8703460693359375
actor_critic,n_step,10,,0,750,403.99980621817025,243,0.04825711250305176,42.1586709022522,,,156.72425842285156,17.84495735168457,198.3990020751953,2.187440872192383,67.3106460571289,7.8104987144470215,7.8104987144470215
actor_critic,n_step,10,,0,751,315.71950430103595,187,0.03708696365356445,42.195939779281616,,,176.9668426513672,19.026121139526367,225.6295928955078,2.187440872192383,66.87669372558594,7.342791557312012,7.342791557312012
actor_critic,n_step,10,,0,752,368.39593008377767,226,0.04438185691833496,42.24050784111023,,,151.895263671875,16.077213287353516,194.0258026123047,2.1875970363616943,66.94050598144531,7.304403305053711,7.304403305053711
actor_critic,n_step,10,,0,753,385.0102379235157,228,0.04500722885131836,42.285747051239014,,,159.45567321777344,16.067060470581055,204.8408660888672,2.1877496242523193,67.5787353515625,7.88212251663208,7.88212251663208
actor_critic,n_step,10,,0,754,369.2152402074897,215,0.042578935623168945,42.32849884033203,,,171.59707641601562,17.198017120361328,220.57009887695312,2.1878397464752197,67.76609802246094,7.996091365814209,7.996091365814209
actor_critic,n_step,10,,0,755,370.0976138243746,209,0.0411379337310791,42.36982583999634,,,184.7220458984375,20.759553909301758,234.2321319580078,2.18791127204895,68.2476806640625,8.415298461914062,8.415298461914062
actor_critic,n_step,10,,0,756,348.3982660321675,200,0.039938926696777344,42.40995192527771,,,177.8409423828125,16.14032745361328,231.0009002685547,2.1880950927734375,67.89794158935547,8.004459381103516,8.004459381103516
actor_critic,n_step,10,,0,757,374.2309463925438,226,0.04414701461791992,42.45425081253052,,,156.77371215820312,15.771550178527832,201.43167114257812,2.1881697177886963,67.47542572021484,7.507079601287842,7.507079601287842
actor_critic,n_step,10,,0,758,405.8120909219186,232,0.046311140060424805,42.50073504447937,,,174.69839477539062,17.93118667602539,223.95315551757812,2.1882078647613525,68.48517608642578,8.466045379638672,8.466045379638672
actor_critic,n_step,10,,0,759,269.90761327543004,151,0.03037118911743164,42.53125786781311,,,205.46481323242188,14.959686279296875,272.1501770019531,2.188220739364624,67.55736541748047,7.4529852867126465,7.4529852867126465
actor_critic,n_step,10,,0,760,346.58188573212146,194,0.0384068489074707,42.569862842559814,361.8744657313009,8.8852762025545,189.2475128173828,18.03009033203125,244.5963134765625,2.1881844997406006,68.43833923339844,8.296320915222168,8.296320915222168
actor_critic,n_step,10,,0,761,367.03239035563763,208,0.0436859130859375,42.703672885894775,,,180.15223693847656,16.756868362426758,233.4219512939453,2.188148260116577,68.52696990966797,8.286520004272461,8.286520004272461
actor_critic,n_step,10,,0,762,311.5286403400364,196,0.042710065841674805,42.746585845947266,,,157.84112548828125,12.332334518432617,207.8697052001953,2.188060760498047,66.74417877197266,6.43381929397583,6.43381929397583
actor_critic,n_step,10,,0,763,351.7039608550187,199,0.044599056243896484,42.79138898849487,,,184.02879333496094,17.325796127319336,238.1471405029297,2.1879067420959473,68.5335693359375,8.16179370880127,8.16179370880127
actor_critic,n_step,10,,0,764,349.8235255724229,200,0.0443418025970459,42.83592081069946,,,181.8697509765625,17.20722198486328,235.23220825195312,2.1877455711364746,68.43756866455078,8.001632690429688,8.001632690429688
actor_critic,n_step,10,,0,765,373.92801951141473,219,0.04970598220825195,42.885825872421265,,,168.6326904296875,17.37779426574707,216.07843017578125,2.187593698501587,68.36113739013672,7.844315052032471,7.844315052032471
actor_critic,n_step,10,,0,766,325.9407566068034,174,0.03726792335510254,42.9233078956604,,,210.37054443359375,19.315067291259766,272.9364013671875,2.1874730587005615,69.29682159423828,8.724369049072266,8.724369049072266
actor_critic,n_step,10,,0,767,364.02218460333495,212,0.04476809501647949,42.968262910842896,,,170.97190856933594,16.431371688842773,220.772216796875,2.187373638153076,68.47599792480469,7.830843925476074,7.830843925476074
actor_critic,n_step,10,,0,768,376.7945299030589,205,0.043637990951538086,43.01207780838013,,,194.22921752929688,15.389508247375488,255.4853057861328,2.1872506141662598,69.60191345214844,8.884883880615234,8.884883880615234
actor_critic,n_step,10,,0,769,325.67312295401916,177,0.03833484649658203,43.05059480667114,,,204.667724609375,17.015350341796875,268.0748291015625,2.186993360519409,69.21980285644531,8.43273639678955,8.43273639678955
actor_critic,n_step,10,,0,770,353.6255773156982,189,0.04495811462402344,43.095733880996704,,,206.65567016601562,20.127073287963867,266.46942138671875,2.1866798400878906,69.78758239746094,8.947257041931152,8.947257041931152
actor_critic,n_step,10,,0,771,387.6590020957763,215,0.04493880271911621,43.14087772369385,,,190.35984802246094,19.571319580078125,243.98361206054688,2.186420202255249,69.57658386230469,8.650741577148438,8.650741577148438
actor_critic,n_step,10,,0,772,316.2717699809067,172,0.036620140075683594,43.1776909828186,,,205.61712646484375,19.025087356567383,266.56005859375,2.1862239837646484,69.27796936035156,8.286846160888672,8.286846160888672
actor_critic,n_step,10,,0,773,371.4683588279842,212,0.04459881782531738,43.222491979599,,,182.27154541015625,19.548484802246094,232.46153259277344,2.1860928535461426,69.18094635009766,8.12254810333252,8.12254810333252
actor_critic,n_step,10,,0,774,416.138329083169,245,0.050115108489990234,43.272784948349,,,164.61557006835938,18.878002166748047,208.19651794433594,2.186068058013916,69.08614349365234,7.963541030883789,7.963541030883789
actor_critic,n_step,10,,0,775,319.6686120557309,171,0.03605914115905762,43.30902290344238,,,219.81260681152344,20.27994728088379,285.0466613769531,2.1861326694488525,69.73133087158203,8.541418075561523,8.541418075561523
actor_critic,n_step,10,,0,776,353.2308373466088,200,0.040431976318359375,43.3496458530426,,,184.5340118408203,17.321514129638672,238.875,2.1862525939941406,69.30915832519531,8.045515060424805,8.045515060424805
actor_critic,n_step,10,,0,777,346.83279277107846,187,0.036818742752075195,43.38667178153992,,,209.26626586914062,19.120563507080078,271.63671875,2.186347246170044,69.99723052978516,8.668198585510254,8.668198585510254
actor_critic,n_step,10,,0,778,392.972404251009,232,0.04401803016662598,43.43085289001465,,,170.59173583984375,18.239646911621094,217.64584350585938,2.18644118309021,69.13955688476562,7.743882656097412,7.743882656097412
actor_critic,n_step,10,,0,779,352.94897225693126,195,0.037548065185546875,43.468546867370605,,,196.39801025390625,18.30808448791504,254.4141845703125,2.1865878105163574,69.82084655761719,8.359740257263184,8.359740257263184
actor_critic,n_step,10,,0,780,379.8514250741037,218,0.04169487953186035,43.51041793823242,379.348029118306,2.3104794516175153,179.6021728515625,17.466833114624023,231.62191772460938,2.1867198944091797,69.56041717529297,8.027185440063477,8.027185440063477
actor_critic,n_step,10,,0,781,391.18792632299113,232,0.04391336441040039,43.643211126327515,,,170.3206024169922,19.486515045166016,215.47727966308594,2.1868367195129395,69.23421478271484,7.645702838897705,7.645702838897705
actor_critic,n_step,10,,0,782,355.9184555420842,194,0.04200005531311035,43.68537187576294,,,203.60418701171875,20.01239776611328,262.27398681640625,2.187084197998047,70.21437072753906,8.545126914978027,8.545126914978027
actor_critic,n_step,10,,0,783,336.14665412112805,180,0.04544496536254883,43.730995893478394,,,214.24465942382812,18.979312896728516,278.95050048828125,2.1873583793640137,70.34864044189453,8.610213279724121,8.610213279724121
actor_critic,n_step,10,,0,784,340.9449155084572,186,0.03671598434448242,43.76787209510803,,,202.63400268554688,17.061004638671875,265.1042785644531,2.1876139640808105,70.17562103271484,8.383106231689453,8.383106231689453
actor_critic,n_step,10,,0,785,416.51334391328373,244,0.04668903350830078,43.81476092338562,,,169.07318115234375,19.062387466430664,214.30113220214844,2.187755823135376,69.8037109375,7.92971658706665,7.92971658706665
actor_critic,n_step,10,,0,786,394.0016895742565,230,0.043910980224609375,43.858853816986084,,,170.89097595214844,16.458744049072266,220.6174774169922,2.1880342960357666,69.78602600097656,7.840087413787842,7.840087413787842
actor_critic,n_step,10,,0,787,371.87246889640755,212,0.03986001014709473,43.898879051208496,,,182.94332885742188,15.638420104980469,239.0070343017578,2.188262462615967,70.00238037109375,7.996476173400879,7.996476173400879
actor_critic,n_step,10,,0,788,393.57780705179005,231,0.04407501220703125,43.943121910095215,,,171.56455993652344,17.17831802368164,220.55177307128906,2.1884193420410156,69.81597900390625,7.7397565841674805,7.7397565841674805
actor_critic,n_step,10,,0,789,350.5166579239633,189,0.03556990623474121,43.9788658618927,,,212.607421875,17.762739181518555,278.34954833984375,2.1885738372802734,70.73539733886719,8.594735145568848,8.594735145568848
actor_critic,n_step,10,,0,790,361.9907983640803,199,0.037297725677490234,44.016313791275024,,,202.80491638183594,20.251047134399414,260.7912292480469,2.1886868476867676,70.6142807006836,8.40192985534668,8.40192985534668
actor_critic,n_step,10,,0,791,365.6372681275825,206,0.0396122932434082,44.05606484413147,,,188.14910888671875,16.397815704345703,245.3590087890625,2.188920736312866,70.35688781738281,8.070956230163574,8.070956230163574
actor_critic,n_step,10,,0,792,377.420384779943,214,0.04033613204956055,44.0965838432312,,,184.77325439453125,16.80308723449707,239.95738220214844,2.1890697479248047,70.41812133789062,8.069101333618164,8.069101333618164
actor_critic,n_step,10,,0,793,390.1795845824789,226,0.04237532615661621,44.139122009277344,,,175.10105895996094,17.986997604370117,224.4486541748047,2.189174175262451,70.26470184326172,7.846490859985352,7.846490859985352
actor_critic,n_step,10,,0,794,343.36857091002,189,0.03657388687133789,44.17586374282837,,,201.11801147460938,16.33759880065918,263.9720153808594,2.1893362998962402,70.66609954833984,8.185190200805664,8.185190200805664
actor_critic,n_step,10,,0,795,371.1138209887569,221,0.04268217086791992,44.218705892562866,,,169.04006958007812,17.202041625976562,216.91146850585938,2.189434289932251,69.85769653320312,7.321314334869385,7.321314334869385
actor_critic,n_step,10,,0,796,339.55700356659855,183,0.034750938415527344,44.25357794761658,,,213.01565551757812,17.899940490722656,278.7367248535156,2.1895744800567627,71.04720306396484,8.425827980041504,8.425827980041504
actor_critic,n_step,10,,0,797,340.66501992496933,186,0.03554701805114746,44.28928995132446,,,207.06678771972656,18.07002830505371,269.9953918457031,2.1896913051605225,70.92509460449219,8.241534233093262,8.241534233093262
actor_critic,n_step,10,,0,798,342.1820055311156,191,0.03647279739379883,44.32593393325806,,,197.3516387939453,17.238765716552734,257.3041076660156,2.1898019313812256,70.68318176269531,7.926468849182129,7.926468849182129
actor_critic,n_step,10,,0,799,352.299902030722,192,0.03649163246154785,44.362592697143555,,,207.03981018066406,19.36549186706543,268.1061706542969,2.189901113510132,71.1855239868164,8.360791206359863,8.360791206359863
actor_critic,n_step,10,,0,800,376.88024582099104,205,0.03896498680114746,44.40169668197632,348.6954503458055,1.131295137392727,203.38201904296875,19.52043342590332,262.659423828125,2.1900253295898438,71.47406005859375,8.584290504455566,8.584290504455566
actor_critic,n_step,10,,0,801,348.3461941360486,186,0.03563189506530762,44.51873588562012,,,210.10679626464844,16.84521484375,276.0879821777344,2.190185070037842,71.55262756347656,8.594221115112305,8.594221115112305
actor_critic,n_step,10,,0,802,345.1969398815772,195,0.03728485107421875,44.55618476867676,,,193.00047302246094,18.6777286529541,249.03248596191406,2.1902027130126953,70.77959442138672,7.764396667480469,7.764396667480469
actor_critic,n_step,10,,0,803,329.18417645085003,188,0.035900115966796875,44.59225392341614,,,197.01902770996094,17.31879234313965,256.7146301269531,2.1902871131896973,70.53707122802734,7.442747116088867,7.442747116088867
actor_critic,n_step,10,,0,804,325.21110737318645,175,0.0338292121887207,44.62621593475342,,,215.6123046875,19.884244918823242,279.61151123046875,2.1904025077819824,71.38407135009766,8.220845222473145,8.220845222473145
actor_critic,n_step,10,,0,805,373.41021758675544,205,0.03940415382385254,44.66578698158264,,,197.5635528564453,18.363628387451172,255.99989318847656,2.1906161308288574,71.59634399414062,8.366003036499023,8.366003036499023
actor_critic,n_step,10,,0,806,337.2343733140607,179,0.03393101692199707,44.69989776611328,,,221.52545166015625,19.891197204589844,288.0489196777344,2.1908130645751953,71.82710266113281,8.52794075012207,8.52794075012207
actor_critic,n_step,10,,0,807,380.8983562840997,216,0.04101896286010742,44.74111890792847,,,183.6125946044922,16.661474227905273,238.50160217285156,2.19106125831604,71.31861877441406,7.949698448181152,7.949698448181152
actor_critic,n_step,10,,0,808,322.22979914791017,174,0.03363299369812012,44.774927854537964,,,217.765625,17.09642219543457,286.6702880859375,2.1912553310394287,71.52439880371094,8.091439247131348,8.091439247131348
actor_critic,n_step,10,,0,809,348.11844371749646,184,0.035372018814086914,44.810473918914795,,,215.77487182617188,16.309694290161133,284.95025634765625,2.1914055347442627,72.16194915771484,8.663607597351074,8.663607597351074
actor_critic,n_step,10,,0,810,326.25600716622534,173,0.03303980827331543,44.84369492530823,,,222.96707153320312,17.966753005981445,292.85760498046875,2.1913750171661377,71.954833984375,8.378945350646973,8.378945350646973
actor_critic,n_step,10,,0,811,354.5930239954114,188,0.036093950271606445,44.879952907562256,,,219.1783447265625,19.434755325317383,285.3479919433594,2.1913397312164307,72.29916381835938,8.661970138549805,8.661970138549805
actor_critic,n_step,10,,0,812,344.42160708196155,187,0.03582286834716797,44.91594982147217,,,209.18460083007812,17.24226951599121,274.2033386230469,2.1913344860076904,71.9236068725586,8.214956283569336,8.214956283569336
actor_critic,n_step,10,,0,813,375.86543094479293,207,0.03939676284790039,44.955522775650024,,,198.53265380859375,18.561925888061523,257.1010437011719,2.1912975311279297,72.0452880859375,8.267091751098633,8.267091751098633
actor_critic,n_step,10,,0,814,359.4422633972824,195,0.03754401206970215,44.99325180053711,,,204.01028442382812,17.535253524780273,266.3929138183594,2.1912810802459717,72.18209838867188,8.336301803588867,8.336301803588867
actor_critic,n_step,10,,0,815,367.9357162372591,199,0.03816699981689453,45.031604051589966,,,214.19493103027344,19.015300750732422,278.8280334472656,2.1912498474121094,72.35697174072266,8.44975757598877,8.44975757598877
actor_critic,n_step,10,,0,816,352.42553826186025,197,0.03781604766845703,45.069597005844116,,,202.5297393798828,19.67160415649414,261.2259216308594,2.1912424564361572,71.80228424072266,7.823033332824707,7.823033332824707
actor_critic,n_step,10,,0,817,382.6962923305485,217,0.041532039642333984,45.111265897750854,,,190.44175720214844,17.687450408935547,246.7918701171875,2.1913530826568604,71.91285705566406,7.869358539581299,7.869358539581299
actor_critic,n_step,10,,0,818,386.3447307455164,215,0.04124593734741211,45.15268278121948,,,193.46958923339844,15.631773948669434,254.0540313720703,2.191486120223999,72.26786804199219,8.1508207321167,8.1508207321167
actor_critic,n_step,10,,0,819,405.85230724902345,241,0.04587817192077637,45.19873905181885,,,173.94766235351562,17.631433486938477,223.30889892578125,2.1915009021759033,71.55821228027344,7.372178077697754,7.372178077697754
actor_critic,n_step,10,,0,820,370.4153957847985,209,0.03994584083557129,45.23886966705322,413.4338845507089,2.0470175884627384,193.72506713867188,16.785945892333984,252.77017211914062,2.19160532951355,72.0648422241211,7.812448978424072,7.812448978424072
actor_critic,n_step,10,,0,821,375.85962052607425,220,0.043975830078125,45.38796281814575,,,177.5637969970703,16.320064544677734,230.3481903076172,2.191678524017334,71.6646728515625,7.343937397003174,7.343937397003174
actor_critic,n_step,10,,0,822,429.29425398932165,264,0.05267214775085449,45.44076991081238,,,153.84327697753906,14.685786247253418,198.79640197753906,2.19175386428833,71.41156768798828,7.026309013366699,7.026309013366699
actor_critic,n_step,10,,0,823,430.0530015105009,263,0.05233883857727051,45.493284940719604,,,157.56640625,14.461873054504395,204.43505859375,2.1917879581451416,71.5464096069336,7.089310169219971,7.089310169219971
actor_critic,n_step,10,,0,824,433.4808621238076,270,0.05162501335144043,45.54508399963379,,,152.5390625,14.088022232055664,197.7871856689453,2.191762924194336,71.38529968261719,6.86204719543457,6.86204719543457
actor_critic,n_step,10,,0,825,438.9555713158978,269,0.0514218807220459,45.59668469429016,,,160.05381774902344,15.729533195495605,206.1775360107422,2.1916699409484863,71.68494415283203,7.092298984527588,7.092298984527588
actor_critic,n_step,10,,0,826,522.6819449069951,356,0.0679008960723877,45.66474676132202,,,123.50848388671875,14.719504356384277,155.41282653808594,2.1916005611419678,70.75439453125,6.095137119293213,6.095137119293213
actor_critic,n_step,10,,0,827,410.8098630613756,249,0.04775190353393555,45.71268105506897,,,166.3528289794922,14.477656364440918,216.9645233154297,2.1917667388916016,71.79375457763672,7.066635608673096,7.066635608673096
actor_critic,n_step,10,,0,828,385.95291558215746,233,0.04439592361450195,45.75725173950195,,,177.4359588623047,15.349443435668945,231.5521697998047,2.19181227684021,71.7472152709961,6.953120708465576,6.953120708465576
actor_critic,n_step,10,,0,829,448.71515900454796,290,0.05539727210998535,45.81282901763916,,,144.66358947753906,14.264809608459473,186.28396606445312,2.1918625831604004,71.28337860107422,6.4204840660095215,6.4204840660095215
actor_critic,n_step,10,,0,830,442.51767109935145,278,0.053217172622680664,45.86622500419617,,,151.01210021972656,13.41964054107666,196.56065368652344,2.191922426223755,71.6775894165039,6.748212814331055,6.748212814331055
actor_critic,n_step,10,,0,831,598.3412433483346,438,0.08365082740783691,45.95004868507385,,,101.4010009765625,13.392112731933594,125.72698974609375,2.191931962966919,70.41082000732422,5.412400245666504,5.412400245666504
actor_critic,n_step,10,,0,832,495.12969892346626,374,0.0731968879699707,46.02343773841858,,,91.39405059814453,9.537935256958008,116.93730926513672,2.192089557647705,69.8152084350586,4.7490339279174805,4.7490339279174805
actor_critic,n_step,10,,0,833,399.7416219364291,336,0.0642092227935791,46.0877959728241,,,99.0112533569336,7.138815402984619,131.246337890625,2.192173480987549,68.40006256103516,3.267364025115967,3.267364025115967
actor_critic,n_step,10,,0,834,460.8178495250562,298,0.05931687355041504,46.14728879928589,,,144.3547821044922,14.358176231384277,185.70944213867188,2.192250967025757,71.63255310058594,6.431883811950684,6.431883811950684
actor_critic,n_step,10,,0,835,492.82044466031317,357,0.07130193710327148,46.21875786781311,,,101.53408813476562,11.922842979431152,128.0160675048828,2.19234037399292,70.45255279541016,5.184701919555664,5.184701919555664
actor_critic,n_step,10,,0,836,550.0369170256483,412,0.07916688919067383,46.29808592796326,,,88.66645050048828,10.74641227722168,111.31433868408203,2.192505359649658,70.31437683105469,4.978940963745117,4.978940963745117
actor_critic,n_step,10,,0,837,500.298351714812,339,0.06763601303100586,46.36593174934387,,,125.72237396240234,12.79426097869873,161.3258819580078,2.192641496658325,71.3896255493164,5.986447811126709,5.986447811126709
actor_critic,n_step,10,,0,838,384.31806506670677,320,0.06452393531799316,46.43062782287598,,,103.89283752441406,7.311467170715332,137.973388671875,2.192749500274658,68.7104721069336,3.2405898571014404,3.2405898571014404
actor_critic,n_step,10,,0,839,466.1007016796302,311,0.05991315841674805,46.49070501327515,,,134.1038818359375,14.101150512695312,171.43247985839844,2.1928672790527344,71.56095886230469,6.022083282470703,6.022083282470703
actor_critic,n_step,10,,0,840,501.6774414630693,337,0.06400895118713379,46.55488395690918,612.8455361431613,3.3016096245919737,128.35130310058594,12.677229881286621,165.24868774414062,2.1930832862854004,71.68350982666016,6.077725887298584,6.077725887298584
actor_critic,n_step,10,,0,841,466.66425636387027,344,0.06589293479919434,46.82878088951111,,,99.3537826538086,10.889077186584473,126.37815856933594,2.193249464035034,70.51480865478516,4.841075420379639,4.841075420379639
actor_critic,n_step,10,,0,842,509.18051536557107,348,0.06628108024597168,46.89524483680725,,,121.52106475830078,12.8388032913208,155.2603759765625,2.1934337615966797,71.6142807006836,5.8741536140441895,5.8741536140441895
actor_critic,n_step,10,,0,843,546.0412808809874,417,0.07989001274108887,46.97529983520508,,,86.2455062866211,10.583295822143555,108.0888671875,2.193605899810791,70.50833129882812,4.699018955230713,4.699018955230713
actor_critic,n_step,10,,0,844,521.2278819358361,356,0.06794619560241699,47.04342794418335,,,122.3335189819336,12.89531135559082,156.34030151367188,2.193788766860962,71.7848129272461,5.90830135345459,5.90830135345459
actor_critic,n_step,10,,0,845,563.0427801511584,399,0.07614398002624512,47.119762897491455,,,107.17218017578125,12.036609649658203,135.907958984375,2.1939537525177,71.53007507324219,5.586001873016357,5.586001873016357
actor_critic,n_step,10,,0,846,507.48200508888885,375,0.07203984260559082,47.1919686794281,,,97.147705078125,10.830848693847656,123.3097915649414,2.194091558456421,70.9311294555664,4.920899868011475,4.920899868011475
actor_critic,n_step,10,,0,847,586.3746690006388,467,0.09923100471496582,47.29138898849487,,,77.58267211914062,9.277215957641602,97.57923126220703,2.194232940673828,70.39740753173828,4.318434715270996,4.318434715270996
actor_critic,n_step,10,,0,848,488.0489283962167,415,0.07862019538879395,47.37017297744751,,,81.8814926147461,6.302850246429443,107.96949005126953,2.1943507194519043,69.52021026611328,3.3739192485809326,3.3739192485809326
actor_critic,n_step,10,,0,849,500.710166232361,342,0.06547093391418457,47.4358389377594,,,120.85086059570312,11.700591087341309,155.928955078125,2.1943306922912598,72.00663757324219,5.792353630065918,5.792353630065918
actor_critic,n_step,10,,0,850,511.7464177997308,351,0.06661701202392578,47.502644062042236,,,120.53392028808594,12.796627044677734,153.91041564941406,2.1942286491394043,72.05400085449219,5.7731122970581055,5.7731122970581055
actor_critic,n_step,10,,0,851,519.0355759471013,356,0.06822800636291504,47.571069955825806,,,120.18848419189453,12.735468864440918,153.5043182373047,2.194150686264038,72.14305114746094,5.7942023277282715,5.7942023277282715
actor_critic,n_step,10,,0,852,551.7303411467205,395,0.07511210441589355,47.64636588096619,,,105.71875762939453,11.567705154418945,134.5015106201172,2.1940865516662598,71.79634857177734,5.3794732093811035,5.3794732093811035
actor_critic,n_step,10,,0,853,528.445056388773,376,0.0714869499206543,47.71802878379822,,,110.08134460449219,11.682941436767578,140.56915283203125,2.194007635116577,71.8537368774414,5.370145797729492,5.370145797729492
actor_critic,n_step,10,,0,854,601.4327404266984,447,0.08466005325317383,47.80286693572998,,,94.48275756835938,11.528618812561035,118.50591278076172,2.1939358711242676,71.61225128173828,5.061018943786621,5.061018943786621
actor_critic,n_step,10,,0,855,578.2072835810819,419,0.08495378494262695,47.88802170753479,,,101.7564926147461,12.291732788085938,127.80680084228516,2.1939399242401123,71.90445709228516,5.286461353302002,5.286461353302002
actor_critic,n_step,10,,0,856,573.0057461982647,415,0.07941913604736328,47.96763777732849,,,100.57383728027344,10.779378890991211,128.27780151367188,2.1940953731536865,71.9555892944336,5.269960880279541,5.269960880279541
actor_critic,n_step,10,,0,857,597.6686033821819,440,0.0838780403137207,48.05170392990112,,,97.35623168945312,11.759639739990234,122.28083801269531,2.1941447257995605,71.89152526855469,5.138053894042969,5.138053894042969
actor_critic,n_step,10,,0,858,523.5569345653486,365,0.06971287727355957,48.12158274650574,,,116.94976806640625,12.753181457519531,148.85226440429688,2.194244623184204,72.37348937988281,5.5527424812316895,5.5527424812316895
actor_critic,n_step,10,,0,859,547.2781407381312,387,0.07368922233581543,48.19546294212341,,,110.0089340209961,12.482034683227539,139.3241424560547,2.194385051727295,72.34009552001953,5.4518208503723145,5.4518208503723145
actor_critic,n_step,10,,0,860,511.5696654148002,357,0.06813907623291016,48.26378870010376,646.7728099254421,2.541246617928301,113.2242660522461,12.043472290039062,144.5439910888672,2.194611072540283,72.44011688232422,5.483976364135742,5.483976364135742
actor_critic,n_step,10,,0,861,580.0961738554056,427,0.08166003227233887,48.55134582519531,,,98.34576416015625,11.666647911071777,123.82730865478516,2.194824695587158,72.08477020263672,5.0614237785339355,5.0614237785339355
actor_critic,n_step,10,,0,862,576.6694604573066,419,0.08002614974975586,48.63153696060181,,,99.3725814819336,11.194024085998535,125.96936798095703,2.1950666904449463,72.28775024414062,5.197639465332031,5.197639465332031
actor_critic,n_step,10,,0,863,527.1691818098986,369,0.07059574127197266,48.702316761016846,,,114.64409637451172,12.851161003112793,145.41848754882812,2.1952781677246094,72.63784790039062,5.480465888977051,5.480465888977051
actor_critic,n_step,10,,0,864,609.6330630594692,450,0.10826420783996582,48.81076097488403,,,95.2843017578125,10.422533988952637,121.2311019897461,2.195585012435913,72.30690002441406,5.081231594085693,5.081231594085693
actor_critic,n_step,10,,0,865,600.9027787821323,439,0.08393001556396484,48.89486384391785,,,97.83507537841797,12.249506950378418,122.26510620117188,2.195817708969116,72.46150970458984,5.16763973236084,5.16763973236084
actor_critic,n_step,10,,0,866,545.8133876945541,384,0.07361483573913574,48.96863293647766,,,108.65876007080078,12.469294548034668,137.4135284423828,2.196098566055298,72.8104476928711,5.4504218101501465,5.4504218101501465
actor_critic,n_step,10,,0,867,588.6101079006423,428,0.08215808868408203,49.050940990448,,,98.70912170410156,10.912464141845703,125.42378997802734,2.196385145187378,72.6081314086914,5.180103778839111,5.180103778839111
actor_critic,n_step,10,,0,868,541.6118841313389,383,0.07253503799438477,49.1236617565155,,,111.49305725097656,13.081756591796875,140.5875701904297,2.1966114044189453,72.85733795166016,5.363584041595459,5.363584041595459
actor_critic,n_step,10,,0,869,505.83340421403676,346,0.0667409896850586,49.19057488441467,,,119.72381591796875,12.002484321594238,153.8876190185547,2.196948766708374,73.19031524658203,5.6276774406433105,5.6276774406433105
actor_critic,n_step,10,,0,870,576.0096442176736,418,0.07924485206604004,49.269988775253296,,,99.20915222167969,11.376959800720215,125.47456359863281,2.1972293853759766,72.77348327636719,5.14320182800293,5.14320182800293
actor_critic,n_step,10,,0,871,514.304287140604,355,0.06835484504699707,49.338531732559204,,,119.04597473144531,12.502175331115723,152.20542907714844,2.1975021362304688,73.23358154296875,5.536266803741455,5.536266803741455
actor_critic,n_step,10,,0,872,494.67286408263334,336,0.06414675712585449,49.40286684036255,,,123.94576263427734,12.415536880493164,159.3289031982422,2.197794198989868,73.41031646728516,5.6467108726501465,5.6467108726501465
actor_critic,n_step,10,,0,873,415.5015521930169,310,0.05950522422790527,49.46254801750183,,,108.88091278076172,9.075045585632324,142.57981872558594,2.1980669498443604,72.04277038574219,4.2114338874816895,4.2114338874816895
actor_critic,n_step,10,,0,874,568.3069070378288,407,0.07750320434570312,49.54023504257202,,,106.14618682861328,12.643487930297852,133.57528686523438,2.198303699493408,73.14464569091797,5.246142387390137,5.246142387390137
actor_critic,n_step,10,,0,875,530.4130972365094,372,0.0716550350189209,49.61208200454712,,,114.18819427490234,12.989295959472656,144.56985473632812,2.19868540763855,73.33370971679688,5.36646032333374,5.36646032333374
actor_critic,n_step,10,,0,876,551.429273678855,392,0.0751950740814209,49.68746495246887,,,108.02327728271484,12.007164001464844,137.16587829589844,2.199159860610962,73.29893493652344,5.264114856719971,5.264114856719971
actor_critic,n_step,10,,0,877,551.7798703030369,392,0.07685494422912598,49.76446986198425,,,107.29186248779297,11.009566307067871,137.546142578125,2.199647903442383,73.37012481689453,5.2677388191223145,5.2677388191223145
actor_critic,n_step,10,,0,878,581.2085431873045,420,0.08160185813903809,49.846269845962524,,,102.19651794433594,10.683341026306152,130.7331085205078,2.2000467777252197,73.31333923339844,5.143626689910889,5.143626689910889
actor_critic,n_step,10,,0,879,532.4158752506329,377,0.07306814193725586,49.919535875320435,,,112.69203186035156,11.667227745056152,144.32115173339844,2.2003180980682373,73.46490478515625,5.22829008102417,5.22829008102417
actor_critic,n_step,10,,0,880,537.7355545742281,380,0.07425999641418457,49.99397683143616,584.6344043171399,2.2906441179165626,111.05379486083984,12.256180763244629,141.1394500732422,2.2005841732025146,73.56783294677734,5.263557434082031,5.263557434082031
actor_critic,n_step,10,,0,881,525.4625963311612,367,0.07268881797790527,50.24703598022461,,,114.77457427978516,11.251846313476562,147.88961791992188,2.2009055614471436,73.7252197265625,5.35422420501709,5.35422420501709
actor_critic,n_step,10,,0,882,512.456944944658,355,0.07387208938598633,50.321117877960205,,,118.22450256347656,11.474897384643555,152.4994354248047,2.2011547088623047,73.8380126953125,5.398616790771484,5.398616790771484
actor_critic,n_step,10,,0,883,591.3264555461823,432,0.08615708351135254,50.407458782196045,,,99.41999816894531,10.5335111618042,126.98069763183594,2.2013566493988037,73.50947570800781,5.0033488273620605,5.0033488273620605
actor_critic,n_step,10,,0,884,495.3388324416122,338,0.0660250186920166,50.473655700683594,,,125.20549011230469,12.582648277282715,160.8897705078125,2.201500415802002,74.06918334960938,5.497191429138184,5.497191429138184
actor_critic,n_step,10,,0,885,504.4066056583108,346,0.06653285026550293,50.5403528213501,,,122.0777816772461,10.91291332244873,158.8069610595703,2.201672315597534,74.0959701538086,5.454959392547607,5.454959392547607
actor_critic,n_step,10,,0,886,536.6463332124259,375,0.07213687896728516,50.61264681816101,,,115.17132568359375,12.833174705505371,146.19735717773438,2.2017714977264404,74.05152130126953,5.343142032623291,5.343142032623291
actor_critic,n_step,10,,0,887,483.0267797066989,319,0.06175589561462402,50.6745867729187,,,132.39584350585938,12.12200927734375,171.81976318359375,2.2019219398498535,74.59076690673828,5.814217567443848,5.814217567443848
actor_critic,n_step,10,,0,888,461.6129539636971,300,0.05983328819274902,50.734591007232666,,,142.48550415039062,13.298530578613281,184.55284118652344,2.2020187377929688,74.75353240966797,5.911599636077881,5.911599636077881
actor_critic,n_step,10,,0,889,317.39721626136696,247,0.05108523368835449,50.78593897819519,,,139.7052764892578,7.136049270629883,189.38461303710938,2.2021234035491943,71.90416717529297,2.9950802326202393,2.9950802326202393
actor_critic,n_step,10,,0,890,496.8947650555085,334,0.06858992576599121,50.854721784591675,,,127.70365142822266,12.401115417480469,164.71791076660156,2.2022550106048584,74.60790252685547,5.630393981933594,5.630393981933594
actor_critic,n_step,10,,0,891,272.66720137419816,210,0.0436708927154541,50.89862084388733,,,161.99380493164062,6.161158561706543,222.61805725097656,2.2023777961730957,71.67277526855469,2.6299355030059814,2.6299355030059814
actor_critic,n_step,10,,0,892,531.2952223610426,366,0.07215619087219238,50.97095203399658,,,115.38597869873047,10.829244613647461,149.36676025390625,2.2025439739227295,74.55533599853516,5.443790435791016,5.443790435791016
actor_critic,n_step,10,,0,893,490.78298308617394,332,0.06444525718688965,51.03558397293091,,,128.11439514160156,14.023746490478516,162.9866485595703,2.202592134475708,74.68182373046875,5.501659393310547,5.501659393310547
actor_critic,n_step,10,,0,894,445.214326892682,284,0.054357051849365234,51.09013295173645,,,146.45806884765625,12.628150939941406,191.18560791015625,2.2027554512023926,75.25536346435547,6.007843971252441,6.007843971252441
actor_critic,n_step,10,,0,895,459.24014433303716,300,0.05950284004211426,51.149813652038574,,,136.79173278808594,12.330745697021484,177.80142211914062,2.2028846740722656,75.0873031616211,5.774548053741455,5.774548053741455
actor_critic,n_step,10,,0,896,467.4909910955792,305,0.059987783432006836,51.21005582809448,,,140.10794067382812,14.173806190490723,179.90591430664062,2.202982187271118,75.20806884765625,5.825399398803711,5.825399398803711
actor_critic,n_step,10,,0,897,456.74555170656237,295,0.0626068115234375,51.27284574508667,,,143.61915588378906,11.95284366607666,188.0947265625,2.203216791152954,75.33077239990234,5.885595798492432,5.885595798492432
actor_critic,n_step,10,,0,898,454.8639803723747,301,0.06128978729248047,51.334309816360474,,,136.84288024902344,14.526808738708496,174.73724365234375,2.203399658203125,75.08778381347656,5.570827007293701,5.570827007293701
actor_critic,n_step,10,,0,899,452.54653662007934,290,0.05699920654296875,51.391485929489136,,,145.95965576171875,14.25964641571045,188.14288330078125,2.2037463188171387,75.52711486816406,5.944462299346924,5.944462299346924
actor_critic,n_step,10,,0,900,456.39363201648325,294,0.0565037727355957,51.4482147693634,506.0746115092846,2.3336852850313012,141.77452087402344,13.535567283630371,183.19850158691406,2.2042922973632812,75.5439453125,5.895786285400391,5.895786285400391
actor_critic,n_step,10,,0,901,484.68484388917796,327,0.06443905830383301,51.66329503059387,,,125.13743591308594,11.227374076843262,162.72866821289062,2.2048211097717285,75.1600341796875,5.441469669342041,5.441469669342041
actor_critic,n_step,10,,0,902,463.6746576698591,306,0.059647321701049805,51.723124980926514,,,132.5404815673828,11.91512680053711,172.3219451904297,2.2052435874938965,75.3954849243164,5.6099138259887695,5.6099138259887695
actor_critic,n_step,10,,0,903,474.6641407800916,311,0.059113264083862305,51.782346963882446,,,136.6747589111328,12.099870681762695,177.96412658691406,2.205597400665283,75.59986877441406,5.745533466339111,5.745533466339111
actor_critic,n_step,10,,0,904,474.7895074022769,315,0.06300806999206543,51.845577001571655,,,130.7611083984375,12.778136253356934,168.547119140625,2.205883264541626,75.49951934814453,5.578984260559082,5.578984260559082
actor_critic,n_step,10,,0,905,455.24005659310876,293,0.06255006790161133,51.90831279754639,,,142.19009399414062,12.201622009277344,185.6978302001953,2.2061734199523926,75.84324645996094,5.856884479522705,5.856884479522705
actor_critic,n_step,10,,0,906,480.1061720397166,320,0.06106114387512207,51.96957492828369,,,130.99246215820312,12.396018028259277,169.42349243164062,2.2064051628112793,75.58152770996094,5.529496192932129,5.529496192932129
actor_critic,n_step,10,,0,907,471.65819263633114,309,0.05893206596374512,52.02868294715881,,,135.8971405029297,11.979344367980957,177.0254364013672,2.206627130508423,75.81587219238281,5.695000171661377,5.695000171661377
actor_critic,n_step,10,,0,908,461.7647041444041,309,0.0592501163482666,52.0881187915802,,,131.58523559570312,12.155821800231934,170.61346435546875,2.2067983150482178,75.57273864746094,5.383438587188721,5.383438587188721
actor_critic,n_step,10,,0,909,458.7199437500954,318,0.060173988342285156,52.14850187301636,,,126.14292907714844,11.677474975585938,163.52207946777344,2.206990957260132,75.19652557373047,4.940665245056152,4.940665245056152
actor_critic,n_step,10,,0,910,487.64551243990576,328,0.0622861385345459,52.2109489440918,,,128.19754028320312,12.380243301391602,165.45327758789062,2.2072319984436035,75.74806213378906,5.42363977432251,5.42363977432251
actor_critic,n_step,10,,0,911,467.3423641084274,308,0.05786895751953125,52.269009828567505,,,132.2437744140625,11.92978572845459,171.87713623046875,2.2075002193450928,75.94912719726562,5.563604354858398,5.563604354858398
actor_critic,n_step,10,,0,912,440.3002593167952,281,0.05315399169921875,52.32235598564148,,,144.8048095703125,12.483973503112793,189.02975463867188,2.20772123336792,76.27688598632812,5.819694519042969,5.819694519042969
actor_critic,n_step,10,,0,913,439.1116510320319,275,0.05216789245605469,52.374677658081055,,,152.55233764648438,13.55872917175293,198.5623016357422,2.2079029083251953,76.57376098632812,6.047677040100098,6.047677040100098
actor_critic,n_step,10,,0,914,450.5980363778915,300,0.05645608901977539,52.43129301071167,,,134.04708862304688,12.358301162719727,173.84112548828125,2.2080917358398438,75.92914581298828,5.337240219116211,5.337240219116211
actor_critic,n_step,10,,0,915,470.2574111131551,306,0.05762290954589844,52.48906683921814,,,138.2967071533203,12.242799758911133,180.07701110839844,2.208282470703125,76.36286926269531,5.7041335105896,5.7041335105896
actor_critic,n_step,10,,0,916,448.8377573812907,296,0.05644106864929199,52.54566979408264,,,137.171875,11.922865867614746,178.92715454101562,2.208435535430908,76.155029296875,5.427159309387207,5.427159309387207
actor_critic,n_step,10,,0,917,455.662838997054,297,0.056242942810058594,52.60206389427185,,,141.93235778808594,12.947602272033691,184.26394653320312,2.2085728645324707,76.39157104492188,5.598038673400879,5.598038673400879
actor_critic,n_step,10,,0,918,449.8211183658065,287,0.05456113815307617,52.65679693222046,,,148.18264770507812,14.232964515686035,191.35667419433594,2.2087454795837402,76.69036865234375,5.829681873321533,5.829681873321533
actor_critic,n_step,10,,0,919,432.39621909170666,272,0.05130600929260254,52.70826506614685,,,154.81430053710938,12.040605545043945,203.96243286132812,2.209007740020752,76.82495880126953,5.898334980010986,5.898334980010986
actor_critic,n_step,10,,0,920,445.77229193846836,294,0.0558171272277832,52.7642719745636,519.3973854539165,2.0080265399758006,139.6017303466797,11.283504486083984,183.31175231933594,2.2091939449310303,76.37287139892578,5.377071857452393,5.377071857452393
actor_critic,n_step,10,,0,921,455.627978193783,304,0.05770683288574219,52.97188472747803,,,134.85069274902344,12.17224407196045,175.2549285888672,2.2093284130096436,76.3448257446289,5.282487392425537,5.282487392425537
actor_critic,n_step,10,,0,922,452.33430765969024,305,0.05707120895385742,53.029118061065674,,,133.58773803710938,11.156499862670898,174.90176391601562,2.20949387550354,76.25353240966797,5.124570846557617,5.124570846557617
actor_critic,n_step,10,,0,923,470.5548001376318,310,0.059378862380981445,53.08867788314819,,,135.21148681640625,11.253575325012207,177.08273315429688,2.209639072418213,76.68852996826172,5.491486549377441,5.491486549377441
actor_critic,n_step,10,,0,924,264.3274045635613,193,0.0371248722076416,53.12598466873169,,,181.13795471191406,5.502599239349365,250.9076690673828,2.209723711013794,73.97537994384766,2.7139127254486084,2.7139127254486084
actor_critic,n_step,10,,0,925,400.93334265330077,271,0.05077385902404785,53.1769380569458,,,145.48355102539062,11.69903564453125,191.12074279785156,2.209784984588623,76.11113739013672,4.7873663902282715,4.7873663902282715
actor_critic,n_step,10,,0,926,392.0675927533783,265,0.050475120544433594,53.227606773376465,,,140.21603393554688,10.755715370178223,184.9433135986328,2.2099077701568604,76.11436462402344,4.718112945556641,4.718112945556641
actor_critic,n_step,10,,0,927,398.1867011627732,242,0.04637002944946289,53.2741539478302,,,169.35470581054688,13.773266792297363,222.2592010498047,2.2100470066070557,77.50931549072266,6.044435024261475,6.044435024261475
actor_critic,n_step,10,,0,928,476.6611422388963,316,0.05981326103210449,53.334144115448,,,133.16317749023438,11.292790412902832,174.10055541992188,2.2101919651031494,76.931396484375,5.398665428161621,5.398665428161621
actor_critic,n_step,10,,0,929,480.24560892866816,319,0.060330867767333984,53.39466977119446,,,132.1504669189453,12.504463195800781,170.92286682128906,2.210265636444092,76.9648208618164,5.385179042816162,5.385179042816162
actor_critic,n_step,10,,0,930,476.24405348661355,321,0.06099104881286621,53.455840826034546,,,128.3474578857422,11.685693740844727,166.65966796875,2.2103753089904785,76.84785461425781,5.180468559265137,5.180468559265137
actor_critic,n_step,10,,0,931,463.36034215838856,316,0.060006141662597656,53.516028881073,,,126.42705535888672,10.462854385375977,165.66314697265625,2.2105116844177246,76.70236206054688,4.968173027038574,4.968173027038574
actor_critic,n_step,10,,0,932,463.06172899413235,300,0.05719590187072754,53.57342290878296,,,144.07958984375,12.586116790771484,187.84780883789062,2.2106127738952637,77.38526153564453,5.5840349197387695,5.5840349197387695
actor_critic,n_step,10,,0,933,424.4546531137531,262,0.04999399185180664,53.62359881401062,,,166.75653076171875,13.937854766845703,218.31239318847656,2.2107348442077637,77.83345794677734,5.967426300048828,5.967426300048828
actor_critic,n_step,10,,0,934,447.0979679727692,293,0.055565834045410156,53.679338693618774,,,137.68231201171875,8.920576095581055,183.94534301757812,2.2108917236328125,77.2820053100586,5.347125053405762,5.347125053405762
actor_critic,n_step,10,,0,935,505.6181547930311,336,0.0638570785522461,53.743345975875854,,,131.74488830566406,12.52618408203125,170.31243896484375,2.2108724117279053,77.40616607666016,5.439696788787842,5.439696788787842
actor_critic,n_step,10,,0,936,492.07566970195757,329,0.06243777275085449,53.80597472190857,,,131.70542907714844,10.896547317504883,172.58412170410156,2.2109010219573975,77.36580657958984,5.297577857971191,5.297577857971191
actor_critic,n_step,10,,0,937,490.70949602128394,327,0.06227707862854004,53.868436098098755,,,131.8003387451172,11.636438369750977,171.66270446777344,2.210838794708252,77.45777130126953,5.322926998138428,5.322926998138428
actor_critic,n_step,10,,0,938,544.2992057752418,382,0.07152199745178223,53.94014382362366,,,115.94296264648438,11.7868070602417,148.7945098876953,2.2107784748077393,77.0995101928711,4.8971638679504395,4.8971638679504395
actor_critic,n_step,10,,0,939,463.45394499903307,298,0.05604887008666992,53.996376752853394,,,149.01901245117188,13.372427940368652,193.7808380126953,2.210801601409912,77.88643646240234,5.620095252990723,5.620095252990723
actor_critic,n_step,10,,0,940,484.3267702764227,324,0.06175804138183594,54.05830478668213,562.6566033968599,1.8286804838804744,128.85830688476562,10.212989807128906,169.49331665039062,2.2108798027038574,77.56033325195312,5.221920967102051,5.221920967102051
actor_critic,n_step,10,,0,941,362.99039444649435,244,0.05658602714538574,54.28307104110718,,,153.3073272705078,10.537970542907715,203.95623779296875,2.210880756378174,76.83972930908203,4.436619281768799,4.436619281768799
actor_critic,n_step,10,,0,942,435.3250633387711,278,0.061490774154663086,54.34481596946716,,,153.78189086914062,11.126208305358887,203.79383850097656,2.210933208465576,77.98471069335938,5.531336307525635,5.531336307525635
actor_critic,n_step,10,,0,943,349.11573915925425,246,0.052008867263793945,54.39705777168274,,,149.03179931640625,5.975615978240967,204.36598205566406,2.2108960151672363,76.32752227783203,3.793686866760254,3.793686866760254
actor_critic,n_step,10,,0,944,479.74577643662303,319,0.06312704086303711,54.46036386489868,,,137.9324493408203,12.946233749389648,178.55174255371094,2.2107505798339844,77.84565734863281,5.23948860168457,5.23948860168457
actor_critic,n_step,10,,0,945,563.474858478656,398,0.07624387741088867,54.53678798675537,,,111.54740142822266,11.356988906860352,143.12916564941406,2.2107224464416504,77.4698486328125,4.830259323120117,4.830259323120117
actor_critic,n_step,10,,0,946,539.6403777175976,376,0.07102608680725098,54.60797882080078,,,118.14591217041016,11.239903450012207,152.72286987304688,2.2108054161071777,77.6402359008789,4.900805950164795,4.900805950164795
actor_critic,n_step,10,,0,947,445.17448306128756,294,0.05591988563537598,54.66409087181091,,,143.8499755859375,11.512116432189941,189.05409240722656,2.2109532356262207,77.93663024902344,5.128662586212158,5.128662586212158
actor_critic,n_step,10,,0,948,453.7484998747894,293,0.05459284782409668,54.718862771987915,,,147.07980346679688,12.056137084960938,192.8909454345703,2.2111096382141113,78.31060791015625,5.438879013061523,5.438879013061523
actor_critic,n_step,10,,0,949,402.17824925779513,254,0.0501859188079834,54.769221782684326,,,165.02182006835938,12.447517395019531,217.96328735351562,2.2112536430358887,78.28015899658203,5.4120893478393555,5.4120893478393555
actor_critic,n_step,10,,0,950,488.8237775307348,327,0.06570196151733398,54.83509087562561,,,131.72021484375,11.422415733337402,171.85400390625,2.2114107608795166,78.16844940185547,5.161070823669434,5.161070823669434
actor_critic,n_step,10,,0,951,476.45227375594266,314,0.06279778480529785,54.89808177947998,,,139.95431518554688,11.036758422851562,184.16793823242188,2.211557149887085,78.35183715820312,5.283199310302734,5.283199310302734
actor_critic,n_step,10,,0,952,452.84874807004667,294,0.059255123138427734,54.95753884315491,,,151.39794921875,12.732053756713867,198.09413146972656,2.2116222381591797,78.48033905029297,5.336454391479492,5.336454391479492
actor_critic,n_step,10,,0,953,450.53237470140584,296,0.0563662052154541,55.01406383514404,,,144.7699737548828,11.500372886657715,190.38516235351562,2.2117269039154053,78.38098907470703,5.177188396453857,5.177188396453857
actor_critic,n_step,10,,0,954,475.7525951644153,319,0.060675859451293945,55.07491493225098,,,136.741455078125,11.015660285949707,179.60829162597656,2.21183180809021,78.31470489501953,5.038283348083496,5.038283348083496
actor_critic,n_step,10,,0,955,515.0025492270589,407,0.07782983779907227,55.152931928634644,,,94.22489929199219,7.508513927459717,123.88054656982422,2.211923360824585,76.69024658203125,3.3471264839172363,3.3471264839172363
actor_critic,n_step,10,,0,956,491.806688876341,331,0.06353116035461426,55.216625928878784,,,131.77020263671875,11.52020263671875,171.78570556640625,2.2120213508605957,78.45494842529297,5.047956466674805,5.047956466674805
actor_critic,n_step,10,,0,957,423.3289890355801,264,0.07196974754333496,55.28878974914551,,,164.1077117919922,9.388935089111328,221.02684020996094,2.212128162384033,79.06454467773438,5.621868133544922,5.621868133544922
actor_critic,n_step,10,,0,958,491.09709349274175,343,0.06586813926696777,55.35484600067139,,,125.23603057861328,10.055312156677246,164.54388427734375,2.211944818496704,78.1318588256836,4.592330455780029,4.592330455780029
actor_critic,n_step,10,,0,959,496.8542344399579,338,0.06419777870178223,55.41922473907471,,,131.97064208984375,11.164968490600586,172.5795440673828,2.211780071258545,78.52635955810547,4.916714191436768,4.916714191436768
actor_critic,n_step,10,,0,960,521.0654665003901,361,0.06850481033325195,55.48791790008545,550.2925024740692,4.460258968330254,119.36642456054688,8.903834342956543,157.8037109375,2.211663007736206,78.47065734863281,4.793046474456787,4.793046474456787
actor_critic,n_step,10,,0,961,484.831700935691,330,0.06661391258239746,55.71570372581482,,,132.19813537597656,10.873292922973633,173.3212127685547,2.211482286453247,78.58753204345703,4.8438920974731445,4.8438920974731445
actor_critic,n_step,10,,0,962,544.9205843929797,387,0.07416701316833496,55.7900607585907,,,113.59722900390625,9.476819038391113,148.74343872070312,2.211346387863159,78.38591766357422,4.573770046234131,4.573770046234131
actor_critic,n_step,10,,0,963,563.9268181157471,408,0.08078908920288086,55.87103891372681,,,108.75643157958984,9.663185119628906,141.56178283691406,2.211160898208618,78.28602600097656,4.408539295196533,4.408539295196533
actor_critic,n_step,10,,0,964,472.0115047445454,317,0.06561684608459473,55.936848878860474,,,135.55068969726562,10.967988967895508,177.97528076171875,2.210994005203247,78.79737854003906,4.92599630355835,4.92599630355835
actor_critic,n_step,10,,0,965,502.0382338740111,345,0.07530498504638672,56.01235580444336,,,129.8001708984375,11.251487731933594,169.3552703857422,2.210848093032837,78.78047180175781,4.769999980926514,4.769999980926514
actor_critic,n_step,10,,0,966,440.39213369672433,282,0.061116933822631836,56.0736768245697,,,157.75596618652344,11.999078750610352,208.22412109375,2.210770845413208,79.39273071289062,5.323488712310791,5.323488712310791
actor_critic,n_step,10,,0,967,435.82863199195475,279,0.057881832122802734,56.13176679611206,,,153.96871948242188,11.350194931030273,203.74075317382812,2.2107160091400146,79.3653793334961,5.296864032745361,5.296864032745361
actor_critic,n_step,10,,0,968,534.9834676553838,372,0.07883024215698242,56.210789918899536,,,118.99602508544922,9.936999320983887,155.79861450195312,2.2106454372406006,78.94667053222656,4.734002113342285,4.734002113342285
actor_critic,n_step,10,,0,969,427.86140469562673,270,0.053614139556884766,56.26460289955139,,,164.0931396484375,12.785096168518066,216.1543426513672,2.210557699203491,79.63986206054688,5.402587890625,5.402587890625
actor_critic,n_step,10,,0,970,458.664870362331,301,0.06211400032043457,56.3269100189209,,,145.267822265625,11.64647102355957,190.8876495361328,2.2105040550231934,79.43028259277344,5.0844011306762695,5.0844011306762695
actor_critic,n_step,10,,0,971,396.189036637353,237,0.04804801940917969,56.375186920166016,,,186.61740112304688,13.980628967285156,246.62396240234375,2.2104945182800293,80.24710083007812,5.8498029708862305,5.8498029708862305
actor_critic,n_step,10,,0,972,294.6736258464431,234,0.04521298408508301,56.420569896698,,,159.71200561523438,2.010558605194092,225.28778076171875,2.210589647293091,76.33150482177734,1.853707194328308,1.853707194328308
actor_critic,n_step,10,,0,973,434.9265903944957,274,0.05267500877380371,56.47340798377991,,,161.34864807128906,11.56320858001709,213.97921752929688,2.210522174835205,79.95750427246094,5.429558753967285,5.429558753967285
actor_critic,n_step,10,,0,974,440.44701630509655,282,0.0753011703491211,56.54885983467102,,,158.01602172851562,10.884600639343262,210.187744140625,2.2104337215423584,79.85771179199219,5.246829509735107,5.246829509735107
actor_critic,n_step,10,,0,975,442.41960733230485,287,0.05566906929016113,56.60469102859497,,,152.68386840820312,11.540474891662598,201.63340759277344,2.210322856903076,79.7730941772461,5.097080230712891,5.097080230712891
actor_critic,n_step,10,,0,976,224.57027946888843,167,0.031950950622558594,56.6368088722229,,,217.13250732421875,4.649166107177734,303.5476379394531,2.210257053375244,76.11986541748047,1.4014886617660522,1.4014886617660522
actor_critic,n_step,10,,0,977,201.82817250888039,151,0.02974390983581543,56.66672396659851,,,240.72642517089844,1.610089898109436,341.5947570800781,2.210273265838623,75.63824462890625,0.8541245460510254,0.8541245460510254
actor_critic,n_step,10,,0,978,272.6205157442335,211,0.04339766502380371,56.71030569076538,,,175.88735961914062,3.596548557281494,246.12974548339844,2.210280656814575,76.64324188232422,1.7770559787750244,1.7770559787750244
actor_critic,n_step,10,,0,979,492.1751422851119,337,0.06767892837524414,56.77815794944763,,,131.60952758789062,10.940085411071777,172.38491821289062,2.210266590118408,79.59703063964844,4.6594767570495605,4.6594767570495605
actor_critic,n_step,10,,0,980,218.5657778991157,167,0.035119056701660156,56.81347990036011,355.2526457358675,2.149587636488784,220.66831970214844,2.4211301803588867,311.7817077636719,2.2103047370910645,76.03116607666016,1.0165395736694336,1.0165395736694336
actor_critic,n_step,10,,0,981,501.8318722115647,338,0.07574033737182617,57.03204107284546,,,133.79483032226562,11.749659538269043,174.35025024414062,2.2103495597839355,79.96611785888672,4.880246639251709,4.880246639251709
actor_critic,n_step,10,,0,982,316.362591173789,252,0.054093122482299805,57.086331844329834,,,152.50929260253906,3.0471112728118896,213.51742553710938,2.2104740142822266,77.09149169921875,1.9479924440383911,1.9479924440383911
actor_critic,n_step,10,,0,983,523.5559272391101,362,0.07838106155395508,57.16492795944214,,,125.795166015625,10.075190544128418,165.3142547607422,2.210527181625366,79.85748291015625,4.637884616851807,4.637884616851807
actor_critic,n_step,10,,0,984,241.92412624603935,183,0.03990602493286133,57.205024003982544,,,197.3829345703125,2.9940760135650635,277.6983642578125,2.2105696201324463,76.7590560913086,1.4845682382583618,1.4845682382583618
actor_critic,n_step,10,,0,985,520.5130729323478,364,0.07730484008789062,57.28255081176758,,,120.51119995117188,9.732685089111328,158.25502014160156,2.2106001377105713,79.83529663085938,4.480399131774902,4.480399131774902
actor_critic,n_step,10,,0,986,311.80868599152353,248,0.05271720886230469,57.335498094558716,,,157.27224731445312,4.124375820159912,218.7826690673828,2.2106242179870605,77.30684661865234,1.8879127502441406,1.8879127502441406
actor_critic,n_step,10,,0,987,492.45445219251485,328,0.06482100486755371,57.40055584907532,,,137.10231018066406,11.345205307006836,179.65301513671875,2.2106471061706543,80.41139221191406,4.922815799713135,4.922815799713135
actor_critic,n_step,10,,0,988,291.86980896119786,232,0.05075788497924805,57.45152187347412,,,164.09564208984375,2.2169485092163086,231.25527954101562,2.210700511932373,77.21595764160156,1.6743478775024414,1.6743478775024414
actor_critic,n_step,10,,0,989,283.3895544235928,223,0.04738306999206543,57.499104022979736,,,172.35723876953125,3.3865230083465576,241.38673400878906,2.2105793952941895,77.2714614868164,1.6546539068222046,1.6546539068222046
actor_critic,n_step,10,,0,990,458.68553218380373,299,0.0633699893951416,57.562659740448,,,150.87527465820312,11.760771751403809,198.73501586914062,2.2104554176330566,80.6849136352539,4.99613094329834,4.99613094329834
actor_critic,n_step,10,,0,991,506.5939726819579,350,0.06853580474853516,57.631404876708984,,,125.80158996582031,9.615768432617188,165.97975158691406,2.2103822231292725,80.26921844482422,4.512519359588623,4.512519359588623
actor_critic,n_step,10,,0,992,583.5493207132089,427,0.08770084381103516,57.719244718551636,,,105.91276550292969,9.62540054321289,137.5533905029297,2.2102997303009033,79.9306411743164,4.106696128845215,4.106696128845215
actor_critic,n_step,10,,0,993,519.5947454659647,361,0.07319402694702148,57.79264187812805,,,124.54529571533203,10.037038803100586,163.58322143554688,2.2102885246276855,80.37864685058594,4.490109443664551,4.490109443664551
actor_critic,n_step,10,,0,994,535.2681924572481,379,0.0735328197479248,57.866379737854004,,,116.50038146972656,8.65604019165039,154.06333923339844,2.210296869277954,80.27294158935547,4.316040992736816,4.316040992736816
actor_critic,n_step,10,,0,995,520.9896977434977,362,0.07002019882202148,57.936614990234375,,,120.11687469482422,7.525702476501465,160.8445281982422,2.2102150917053223,80.49640655517578,4.4722490310668945,4.4722490310668945
actor_critic,n_step,10,,0,996,456.52939737477817,302,0.05837082862854004,57.99520492553711,,,146.3252410888672,10.097901344299316,194.61048889160156,2.2100160121917725,80.84296417236328,4.751777172088623,4.751777172088623
actor_critic,n_step,10,,0,997,559.4920467389621,404,0.0772562026977539,58.072649002075195,,,112.64733123779297,10.459681510925293,145.98236083984375,2.209789514541626,80.30879211425781,4.150081157684326,4.150081157684326
actor_critic,n_step,10,,0,998,512.9995643509769,362,0.06900310516357422,58.14184093475342,,,120.5980224609375,9.234320640563965,159.09100341796875,2.209693193435669,80.45909118652344,4.234377384185791,4.234377384185791
actor_critic,n_step,10,,0,999,469.81200846655594,319,0.06055116653442383,58.20258188247681,,,137.7829132080078,9.341747283935547,183.4873809814453,2.2095999717712402,80.77762603759766,4.4867262840271,4.4867262840271
actor_critic,n_step,10,,0,1000,508.56839740528113,356,0.06788516044616699,58.27066397666931,1056.388899458141,0.49567266006013844,124.38023376464844,8.622967720031738,165.36752319335938,2.2094879150390625,80.65430450439453,4.295681953430176,4.295681953430176
