algo,ac_variant,n_steps,baseline,seed,episode,episode_return,episode_steps,episode_time_sec,elapsed_time_sec,eval_mean_return,eval_std_return,loss,policy_loss,value_loss,entropy,mean_return,mean_advantage,advantage
reinforce,,,100.0,2,1,54.226682973028716,66,0.022349834442138672,0.022351980209350586,,,-168.50323486328125,-168.50323486328125,,,20.092098236083984,-79.90790557861328,
reinforce,,,100.0,2,2,14.127486229989561,43,0.0070078372955322266,0.029491901397705078,,,-174.4208221435547,-174.4208221435547,,,2.362121343612671,-97.63787841796875,
reinforce,,,100.0,2,3,8.7278862895334,17,0.0035178661346435547,0.03309488296508789,,,-205.61270141601562,-205.61270141601562,,,2.707897424697876,-97.29210662841797,
reinforce,,,100.0,2,4,5.159616532097234,13,0.0025510787963867188,0.035733938217163086,,,-244.73745727539062,-244.73745727539062,,,1.020003318786621,-98.97999572753906,
reinforce,,,100.0,2,5,6.71858226734773,11,0.002012968063354492,0.0378267765045166,,,-184.09750366210938,-184.09750366210938,,,2.7167670726776123,-97.28323364257812,
reinforce,,,100.0,2,6,3.896719225402668,8,0.0014491081237792969,0.03934192657470703,,,-236.5464324951172,-236.5464324951172,,,1.6092692613601685,-98.39073181152344,
reinforce,,,100.0,2,7,5.42535499344115,11,0.002209901809692383,0.041606903076171875,,,-197.43568420410156,-197.43568420410156,,,1.820526123046875,-98.17947387695312,
reinforce,,,100.0,2,8,5.680547870134995,11,0.0024280548095703125,0.04413294792175293,,,-222.63095092773438,-222.63095092773438,,,1.9200652837753296,-98.0799331665039,
reinforce,,,100.0,2,9,7.263658956906228,11,0.001978158950805664,0.046196937561035156,,,-199.22254943847656,-199.22254943847656,,,2.8292324542999268,-97.17076873779297,
reinforce,,,100.0,2,10,3.1052119171292,9,0.001631021499633789,0.047883033752441406,,,-177.1582489013672,-177.1582489013672,,,0.6077670454978943,-99.39222717285156,
reinforce,,,100.0,2,11,3.7369136426001073,8,0.0019199848175048828,0.04985189437866211,,,-253.69052124023438,-253.69052124023438,,,1.1263995170593262,-98.87359619140625,
reinforce,,,100.0,2,12,3.683114117853889,9,0.0017588138580322266,0.05170583724975586,,,-260.0216369628906,-260.0216369628906,,,0.9881814122200012,-99.01181030273438,
reinforce,,,100.0,2,13,3.120447184262755,9,0.001641988754272461,0.0534060001373291,,,-225.99765014648438,-225.99765014648438,,,0.4788721799850464,-99.52112579345703,
reinforce,,,100.0,2,14,4.873241029224133,10,0.0020978450775146484,0.055565834045410156,,,-226.0603790283203,-226.0603790283203,,,1.6603243350982666,-98.33967590332031,
reinforce,,,100.0,2,15,4.568808572331957,10,0.0019071102142333984,0.05755901336669922,,,-180.58290100097656,-180.58290100097656,,,1.367803931236267,-98.63218688964844,
reinforce,,,100.0,2,16,4.825359780259233,10,0.0018031597137451172,0.05942797660827637,,,-176.5214385986328,-176.5214385986328,,,1.674292802810669,-98.3257064819336,
reinforce,,,100.0,2,17,4.984961092704406,10,0.0018339157104492188,0.061311960220336914,,,-203.9732666015625,-203.9732666015625,,,1.9690561294555664,-98.03094482421875,
reinforce,,,100.0,2,18,4.941741512715308,10,0.0019762516021728516,0.06333708763122559,,,-170.94491577148438,-170.94491577148438,,,1.7820125818252563,-98.2179946899414,
reinforce,,,100.0,2,19,4.462599232393587,10,0.001837015151977539,0.06524801254272461,,,-222.50869750976562,-222.50869750976562,,,1.3517539501190186,-98.64823913574219,
reinforce,,,100.0,2,20,4.1298289597912605,10,0.0017819404602050781,0.06708312034606934,4.074091152212088,0.1706367881906758,-227.408935546875,-227.408935546875,,,1.202020287513733,-98.79798126220703,
reinforce,,,100.0,2,21,3.420866117817872,10,0.0020859241485595703,0.07652997970581055,,,-243.54483032226562,-243.54483032226562,,,0.5405927300453186,-99.45940399169922,
reinforce,,,100.0,2,22,4.461616426691783,9,0.0016117095947265625,0.07821178436279297,,,-202.3439178466797,-202.3439178466797,,,1.57960045337677,-98.42039489746094,
reinforce,,,100.0,2,23,3.9037588706646256,10,0.0017900466918945312,0.08005309104919434,,,-229.69912719726562,-229.69912719726562,,,1.0900293588638306,-98.90998077392578,
reinforce,,,100.0,2,24,2.975345855231237,7,0.0012989044189453125,0.08142495155334473,,,-253.351318359375,-253.351318359375,,,0.9285807609558105,-99.07141876220703,
reinforce,,,100.0,2,25,2.9820051668697505,9,0.0016570091247558594,0.08313798904418945,,,-233.20904541015625,-233.20904541015625,,,0.45498955249786377,-99.54501342773438,
reinforce,,,100.0,2,26,4.757486203351044,8,0.0013959407806396484,0.08459186553955078,,,-191.6100616455078,-191.6100616455078,,,2.000999927520752,-97.99899291992188,
reinforce,,,100.0,2,27,3.5636609775976433,9,0.0016102790832519531,0.08625388145446777,,,-245.96337890625,-245.96337890625,,,0.9191436767578125,-99.08084869384766,
reinforce,,,100.0,2,28,3.8841036804249933,8,0.0014531612396240234,0.08774995803833008,,,-311.95263671875,-311.95263671875,,,1.3588391542434692,-98.64115905761719,
reinforce,,,100.0,2,29,2.394459196487589,8,0.0014481544494628906,0.08925008773803711,,,-171.71319580078125,-171.71319580078125,,,0.19228652119636536,-99.80770874023438,
reinforce,,,100.0,2,30,4.273565388821925,8,0.0014657974243164062,0.09076690673828125,,,-314.0588684082031,-314.0588684082031,,,1.5342177152633667,-98.46578216552734,
reinforce,,,100.0,2,31,3.2941936552183835,10,0.0017290115356445312,0.09257197380065918,,,-182.23263549804688,-182.23263549804688,,,0.25497445464134216,-99.74502563476562,
reinforce,,,100.0,2,32,3.1643648113174225,6,0.0011141300201416016,0.09372711181640625,,,-172.9974365234375,-172.9974365234375,,,1.348591923713684,-98.65140533447266,
reinforce,,,100.0,2,33,2.069362020213644,8,0.0014190673828125,0.09519386291503906,,,-215.00152587890625,-215.00152587890625,,,-0.05209428071975708,-100.05209350585938,
reinforce,,,100.0,2,34,6.007176417059622,11,0.002029895782470703,0.09727287292480469,,,-274.2413024902344,-274.2413024902344,,,1.7327723503112793,-98.2672348022461,
reinforce,,,100.0,2,35,4.752954362066038,8,0.0014522075653076172,0.09877800941467285,,,-228.71719360351562,-228.71719360351562,,,1.8693346977233887,-98.13066101074219,
reinforce,,,100.0,2,36,2.633497157147553,7,0.0012819766998291016,0.1001129150390625,,,-213.7495880126953,-213.7495880126953,,,0.6991004347801208,-99.3009033203125,
reinforce,,,100.0,2,37,3.253257651882114,7,0.0012788772583007812,0.10143899917602539,,,-157.5016326904297,-157.5016326904297,,,1.1024507284164429,-98.89754486083984,
reinforce,,,100.0,2,38,3.3577722861130495,8,0.0015130043029785156,0.1029970645904541,,,-233.60516357421875,-233.60516357421875,,,0.8867125511169434,-99.11328887939453,
reinforce,,,100.0,2,39,3.3740559250536375,8,0.0014379024505615234,0.10451102256774902,,,-257.208740234375,-257.208740234375,,,0.8696442246437073,-99.13035583496094,
reinforce,,,100.0,2,40,3.2178781988119667,7,0.0012700557708740234,0.10583710670471191,3.3804798891654073,0.07757935277818966,-182.23365783691406,-182.23365783691406,,,1.0967389345169067,-98.90325927734375,
reinforce,,,100.0,2,41,2.658892875027533,7,0.001461029052734375,0.11128711700439453,,,-158.15672302246094,-158.15672302246094,,,0.5921036601066589,-99.40789794921875,
reinforce,,,100.0,2,42,5.5627129455471795,9,0.0015878677368164062,0.11294794082641602,,,-264.5577392578125,-264.5577392578125,,,1.995300531387329,-98.00469970703125,
reinforce,,,100.0,2,43,2.799340168332258,6,0.0011069774627685547,0.1141049861907959,,,-192.9652099609375,-192.9652099609375,,,1.0976442098617554,-98.90235137939453,
reinforce,,,100.0,2,44,3.2985753738041947,7,0.0013349056243896484,0.11549186706542969,,,-216.08181762695312,-216.08181762695312,,,1.037865400314331,-98.9621353149414,
reinforce,,,100.0,2,45,4.626174216250402,9,0.001725912094116211,0.11726593971252441,,,-192.92056274414062,-192.92056274414062,,,1.2569334506988525,-98.74307250976562,
reinforce,,,100.0,2,46,2.7096968387779428,6,0.0011200904846191406,0.1184699535369873,,,-189.9600067138672,-189.9600067138672,,,1.0021628141403198,-98.99783325195312,
reinforce,,,100.0,2,47,2.9489574629835356,8,0.001421213150024414,0.11994504928588867,,,-265.99908447265625,-265.99908447265625,,,0.43559694290161133,-99.56440734863281,
reinforce,,,100.0,2,48,1.6324984678816732,8,0.001447916030883789,0.12143993377685547,,,-239.1586456298828,-239.1586456298828,,,-0.47513309121131897,-100.47512817382812,
reinforce,,,100.0,2,49,2.5765605680257226,7,0.0012748241424560547,0.12293004989624023,,,-204.3247833251953,-204.3247833251953,,,0.6262748837471008,-99.37371826171875,
reinforce,,,100.0,2,50,2.913224194663652,7,0.0013413429260253906,0.12432217597961426,,,-146.26133728027344,-146.26133728027344,,,0.8107137680053711,-99.18928527832031,
reinforce,,,100.0,2,51,4.524956296194306,8,0.0014238357543945312,0.1258089542388916,,,-200.68994140625,-200.68994140625,,,1.7134534120559692,-98.28654479980469,
reinforce,,,100.0,2,52,4.308458446221129,8,0.0013880729675292969,0.12724900245666504,,,-305.69512939453125,-305.69512939453125,,,1.5341970920562744,-98.4657974243164,
reinforce,,,100.0,2,53,2.7153519857164605,8,0.0013649463653564453,0.1286609172821045,,,-182.5535125732422,-182.5535125732422,,,0.3606218695640564,-99.63937377929688,
reinforce,,,100.0,2,54,4.561362911577147,8,0.001425027847290039,0.130126953125,,,-157.04367065429688,-157.04367065429688,,,1.683519721031189,-98.31647491455078,
reinforce,,,100.0,2,55,3.57826367530257,7,0.0012378692626953125,0.1314098834991455,,,-147.29579162597656,-147.29579162597656,,,1.2546275854110718,-98.74536895751953,
reinforce,,,100.0,2,56,3.6087168199459074,7,0.0012097358703613281,0.13266682624816895,,,-189.8855438232422,-189.8855438232422,,,1.3110681772232056,-98.68892669677734,
reinforce,,,100.0,2,57,3.8016088900050162,8,0.0013728141784667969,0.13410377502441406,,,-168.15098571777344,-168.15098571777344,,,1.1047321557998657,-98.895263671875,
reinforce,,,100.0,2,58,2.577978144074959,7,0.0012238025665283203,0.13536787033081055,,,-120.12586975097656,-120.12586975097656,,,0.5575218796730042,-99.44246673583984,
reinforce,,,100.0,2,59,2.781599948316521,6,0.0010831356048583984,0.13649201393127441,,,-140.12184143066406,-140.12184143066406,,,0.9765778183937073,-99.02342987060547,
reinforce,,,100.0,2,60,2.7169245166662597,8,0.0013561248779296875,0.13788604736328125,3.2624758589498555,0.05533671188165161,-217.84368896484375,-217.84368896484375,,,0.3140796422958374,-99.68592834472656,
reinforce,,,100.0,2,61,3.3155060845547717,6,0.0011532306671142578,0.1430962085723877,,,-198.34190368652344,-198.34190368652344,,,1.4097394943237305,-98.59026336669922,
reinforce,,,100.0,2,62,2.5700276267096642,7,0.0012853145599365234,0.14443612098693848,,,-177.6285400390625,-177.6285400390625,,,0.5995067954063416,-99.40049743652344,
reinforce,,,100.0,2,63,4.708468638499088,8,0.001547098159790039,0.14603400230407715,,,-241.32809448242188,-241.32809448242188,,,1.7936182022094727,-98.20638275146484,
reinforce,,,100.0,2,64,3.5341416122759677,7,0.001275777816772461,0.1473679542541504,,,-215.01953125,-215.01953125,,,1.1992601156234741,-98.80073547363281,
reinforce,,,100.0,2,65,2.7192074110418423,7,0.001271963119506836,0.1486988067626953,,,-190.03823852539062,-190.03823852539062,,,0.6137624382972717,-99.38623809814453,
reinforce,,,100.0,2,66,2.495885403599444,6,0.001149892807006836,0.14989805221557617,,,-145.02162170410156,-145.02162170410156,,,0.761638879776001,-99.23834991455078,
reinforce,,,100.0,2,67,2.2779187102002028,7,0.001255035400390625,0.15120697021484375,,,-222.76443481445312,-222.76443481445312,,,0.2521948218345642,-99.747802734375,
reinforce,,,100.0,2,68,3.20817720868933,7,0.0013799667358398438,0.1526319980621338,,,-193.15359497070312,-193.15359497070312,,,0.8876977562904358,-99.11229705810547,
reinforce,,,100.0,2,69,3.867835508737525,9,0.0015821456909179688,0.15427112579345703,,,-250.88134765625,-250.88134765625,,,0.6312242746353149,-99.3687744140625,
reinforce,,,100.0,2,70,3.912442149437597,8,0.001420736312866211,0.15573787689208984,,,-231.96583557128906,-231.96583557128906,,,1.0356476306915283,-98.96435546875,
reinforce,,,100.0,2,71,1.9160658792854315,7,0.001209259033203125,0.15699315071105957,,,-204.8829803466797,-204.8829803466797,,,-0.009425277821719646,-100.0094223022461,
reinforce,,,100.0,2,72,2.4508528433558467,6,0.0010609626770019531,0.15809392929077148,,,-224.0033416748047,-224.0033416748047,,,0.7015417218208313,-99.2984619140625,
reinforce,,,100.0,2,73,3.2981432051266957,7,0.0013298988342285156,0.15950798988342285,,,-261.1033630371094,-261.1033630371094,,,0.9557600617408752,-99.04424285888672,
reinforce,,,100.0,2,74,3.3261522595249526,7,0.001238107681274414,0.16080808639526367,,,-301.17669677734375,-301.17669677734375,,,0.9798927903175354,-99.02010345458984,
reinforce,,,100.0,2,75,2.388223658086255,6,0.0010690689086914062,0.16192197799682617,,,-171.5537567138672,-171.5537567138672,,,0.6844614148139954,-99.3155288696289,
reinforce,,,100.0,2,76,2.1960525295269706,7,0.0012469291687011719,0.1632089614868164,,,-187.30935668945312,-187.30935668945312,,,0.19790375232696533,-99.80208587646484,
reinforce,,,100.0,2,77,2.3477447418164816,7,0.0012390613555908203,0.1644880771636963,,,-351.0188293457031,-351.0188293457031,,,0.3080679476261139,-99.69193267822266,
reinforce,,,100.0,2,78,2.6256687163944976,7,0.0012409687042236328,0.16576790809631348,,,-182.4351043701172,-182.4351043701172,,,0.4888492226600647,-99.51115417480469,
reinforce,,,100.0,2,79,3.281962282694245,7,0.007889986038208008,0.1737051010131836,,,-324.2958984375,-324.2958984375,,,0.9219070672988892,-99.07808685302734,
reinforce,,,100.0,2,80,2.63389715601163,8,0.015166997909545898,0.18987202644348145,2.592098761764438,0.11010860465230113,-303.1760559082031,-303.1760559082031,,,0.14775922894477844,-99.85224151611328,
reinforce,,,100.0,2,81,2.545888033581873,7,0.004338979721069336,0.20670390129089355,,,-232.6124267578125,-232.6124267578125,,,0.3824998736381531,-99.61750030517578,
reinforce,,,100.0,2,82,2.643830397638169,6,0.0022978782653808594,0.20935893058776855,,,-177.5481414794922,-177.5481414794922,,,0.8340374827384949,-99.16596221923828,
reinforce,,,100.0,2,83,2.2048676881876466,7,0.004320621490478516,0.21390175819396973,,,-192.084228515625,-192.084228515625,,,0.23071125149726868,-99.769287109375,
reinforce,,,100.0,2,84,2.5736642341362135,7,0.005155086517333984,0.21927094459533691,,,-218.9449005126953,-218.9449005126953,,,0.42366862297058105,-99.57633209228516,
reinforce,,,100.0,2,85,1.7371805741074784,7,0.0016407966613769531,0.22110891342163086,,,-192.93821716308594,-192.93821716308594,,,-0.11538578569889069,-100.11539459228516,
reinforce,,,100.0,2,86,1.981651975406744,7,0.0014393329620361328,0.2226581573486328,,,-239.18711853027344,-239.18711853027344,,,0.010432357899844646,-99.98956298828125,
reinforce,,,100.0,2,87,2.4104160977104705,7,0.0019440650939941406,0.22467994689941406,,,-202.56723022460938,-202.56723022460938,,,0.32329708337783813,-99.67670440673828,
reinforce,,,100.0,2,88,3.4493835933552743,7,0.00836491584777832,0.23318791389465332,,,-239.80189514160156,-239.80189514160156,,,0.9999549984931946,-99.00004577636719,
reinforce,,,100.0,2,89,2.11582425507236,7,0.003170013427734375,0.2366647720336914,,,-241.75157165527344,-241.75157165527344,,,0.1304396688938141,-99.86956024169922,
reinforce,,,100.0,2,90,3.64951219162643,7,0.0015339851379394531,0.23835492134094238,,,-156.8610382080078,-156.8610382080078,,,1.1882469654083252,-98.81175994873047,
reinforce,,,100.0,2,91,1.925456799506433,7,0.0013911724090576172,0.23985004425048828,,,-238.27444458007812,-238.27444458007812,,,-0.010100007057189941,-100.01009368896484,
reinforce,,,100.0,2,92,3.1508236839872112,7,0.0012717247009277344,0.24118781089782715,,,-204.69969177246094,-204.69969177246094,,,0.8574346899986267,-99.14256286621094,
reinforce,,,100.0,2,93,3.102269375088147,7,0.001470804214477539,0.24272704124450684,,,-270.72052001953125,-270.72052001953125,,,0.7964460253715515,-99.20355224609375,
reinforce,,,100.0,2,94,2.6831662308530024,7,0.0012519359588623047,0.24408698081970215,,,-163.1114501953125,-163.1114501953125,,,0.48320725560188293,-99.51679229736328,
reinforce,,,100.0,2,95,3.059419785705937,8,0.0014011859893798828,0.24553704261779785,,,-217.31167602539062,-217.31167602539062,,,0.41516998410224915,-99.58483123779297,
reinforce,,,100.0,2,96,1.8121826337104812,7,0.0012149810791015625,0.24680089950561523,,,-231.89157104492188,-231.89157104492188,,,-0.07991010695695877,-100.07991027832031,
reinforce,,,100.0,2,97,2.100929835233023,7,0.001207113265991211,0.2480771541595459,,,-184.41702270507812,-184.41702270507812,,,0.10932588577270508,-99.89067077636719,
reinforce,,,100.0,2,98,3.8598365295183195,7,0.001318216323852539,0.2494511604309082,,,-189.9973907470703,-189.9973907470703,,,1.3794084787368774,-98.62059020996094,
reinforce,,,100.0,2,99,2.276201673964375,6,0.0010929107666015625,0.2505989074707031,,,-189.54730224609375,-189.54730224609375,,,0.548916757106781,-99.45108795166016,
reinforce,,,100.0,2,100,2.908932853301396,7,0.0012581348419189453,0.25190305709838867,2.5631812179103797,0.06100613437329818,-154.177734375,-154.177734375,,,0.6378320455551147,-99.36216735839844,
reinforce,,,100.0,2,101,2.430530778076117,7,0.0013909339904785156,0.2573049068450928,,,-187.15977478027344,-187.15977478027344,,,0.3188035786151886,-99.68120574951172,
reinforce,,,100.0,2,102,1.3315699983786753,7,0.0012481212615966797,0.25860595703125,,,-278.8758850097656,-278.8758850097656,,,-0.4224763512611389,-100.42247772216797,
reinforce,,,100.0,2,103,3.6986871742345966,8,0.0014369487762451172,0.26009202003479004,,,-249.06309509277344,-249.06309509277344,,,0.891556978225708,-99.10844421386719,
reinforce,,,100.0,2,104,2.196744643349578,7,0.0013060569763183594,0.26145100593566895,,,-204.66165161132812,-204.66165161132812,,,0.19142141938209534,-99.80857849121094,
reinforce,,,100.0,2,105,2.5823702689201418,6,0.0011031627655029297,0.26264190673828125,,,-269.9812316894531,-269.9812316894531,,,0.7649157047271729,-99.2350845336914,
reinforce,,,100.0,2,106,3.0322187999242423,7,0.0013360977172851562,0.2640230655670166,,,-191.81460571289062,-191.81460571289062,,,0.7653109431266785,-99.23469543457031,
reinforce,,,100.0,2,107,2.2110104008451232,7,0.0012888908386230469,0.2653660774230957,,,-246.2437286376953,-246.2437286376953,,,0.15682053565979004,-99.84317779541016,
reinforce,,,100.0,2,108,2.9385064726241232,7,0.0012760162353515625,0.26670098304748535,,,-308.8764953613281,-308.8764953613281,,,0.6846835017204285,-99.31531524658203,
reinforce,,,100.0,2,109,2.2519050856683838,6,0.0011489391326904297,0.2678999900817871,,,-228.4027862548828,-228.4027862548828,,,0.5560751557350159,-99.44393157958984,
reinforce,,,100.0,2,110,1.5086204984144989,7,0.001238107681274414,0.26919102668762207,,,-261.3913879394531,-261.3913879394531,,,-0.28967222571372986,-100.2896728515625,
reinforce,,,100.0,2,111,2.1503973696778766,7,0.001338958740234375,0.27057480812072754,,,-187.48338317871094,-187.48338317871094,,,0.14156946539878845,-99.85843658447266,
reinforce,,,100.0,2,112,3.310105091365564,7,0.0013267993927001953,0.27196383476257324,,,-217.78494262695312,-217.78494262695312,,,0.9535833597183228,-99.0464096069336,
reinforce,,,100.0,2,113,2.4946642953516247,7,0.0013070106506347656,0.2733120918273926,,,-262.2501525878906,-262.2501525878906,,,0.3753199279308319,-99.62468719482422,
reinforce,,,100.0,2,114,2.696886000010137,7,0.0012750625610351562,0.2746429443359375,,,-224.19845581054688,-224.19845581054688,,,0.527055561542511,-99.47294616699219,
reinforce,,,100.0,2,115,2.014682771258996,6,0.001127004623413086,0.2758150100708008,,,-173.47413635253906,-173.47413635253906,,,0.3800606429576874,-99.61993408203125,
reinforce,,,100.0,2,116,2.3098138966533135,7,0.001352071762084961,0.27721405029296875,,,-226.06556701660156,-226.06556701660156,,,0.2602459490299225,-99.73975372314453,
reinforce,,,100.0,2,117,2.861435966167928,6,0.001068115234375,0.27833986282348633,,,-194.456787109375,-194.456787109375,,,1.0287896394729614,-98.9712142944336,
reinforce,,,100.0,2,118,2.544431688907641,6,0.0011126995086669922,0.27950286865234375,,,-206.9994659423828,-206.9994659423828,,,0.7597442269325256,-99.2402572631836,
reinforce,,,100.0,2,119,2.7399580222528943,6,0.0010800361633300781,0.28062891960144043,,,-178.3270263671875,-178.3270263671875,,,0.8900456428527832,-99.10995483398438,
reinforce,,,100.0,2,120,2.150538572820223,7,0.0012960433959960938,0.2819650173187256,1.7781101866063307,0.08541796186552128,-291.10992431640625,-291.10992431640625,,,0.1642429530620575,-99.83575439453125,
reinforce,,,100.0,2,121,2.081727928288734,7,0.0012869834899902344,0.28751182556152344,,,-234.44088745117188,-234.44088745117188,,,0.06995407491922379,-99.93004608154297,
reinforce,,,100.0,2,122,2.093433188681873,7,0.0013000965118408203,0.2888610363006592,,,-209.5506591796875,-209.5506591796875,,,0.07795865088701248,-99.92205047607422,
reinforce,,,100.0,2,123,1.849123404258,7,0.001277923583984375,0.2901918888092041,,,-203.26516723632812,-203.26516723632812,,,-0.05477514490485191,-100.05477142333984,
reinforce,,,100.0,2,124,2.7380428423154015,6,0.001190185546875,0.29143404960632324,,,-174.3964080810547,-174.3964080810547,,,0.9257077574729919,-99.07430267333984,
reinforce,,,100.0,2,125,1.8053599146025152,6,0.0010881423950195312,0.29261088371276855,,,-225.59385681152344,-225.59385681152344,,,0.22593867778778076,-99.77405548095703,
reinforce,,,100.0,2,126,1.7895714490752659,7,0.0012209415435791016,0.2938809394836426,,,-227.626708984375,-227.626708984375,,,-0.11653674393892288,-100.11652374267578,
reinforce,,,100.0,2,127,2.30219516260534,7,0.0012919902801513672,0.2952158451080322,,,-226.98794555664062,-226.98794555664062,,,0.24030451476573944,-99.75969696044922,
reinforce,,,100.0,2,128,1.2735418432593055,7,0.0013341903686523438,0.29659199714660645,,,-173.8577423095703,-173.8577423095703,,,-0.44389989972114563,-100.44390106201172,
reinforce,,,100.0,2,129,2.1104972594843776,7,0.0014421939849853516,0.2980811595916748,,,-181.2586212158203,-181.2586212158203,,,0.07561908662319183,-99.92437744140625,
reinforce,,,100.0,2,130,1.4241249980120256,7,0.0012574195861816406,0.2993931770324707,,,-150.71046447753906,-150.71046447753906,,,-0.3272773325443268,-100.32727813720703,
reinforce,,,100.0,2,131,2.323338442477061,6,0.0011169910430908203,0.30055999755859375,,,-352.823974609375,-352.823974609375,,,0.6110644340515137,-99.3889389038086,
reinforce,,,100.0,2,132,2.4987472253520506,6,0.0010700225830078125,0.30167293548583984,,,-223.84326171875,-223.84326171875,,,0.7051479816436768,-99.29485321044922,
reinforce,,,100.0,2,133,1.6844722321601615,7,0.0013058185577392578,0.3030238151550293,,,-232.09349060058594,-232.09349060058594,,,-0.17125500738620758,-100.17124938964844,
reinforce,,,100.0,2,134,2.1809165031148527,6,0.0010843276977539062,0.3041501045227051,,,-263.3083801269531,-263.3083801269531,,,0.49434396624565125,-99.50565338134766,
reinforce,,,100.0,2,135,2.2508347311243657,6,0.001207113265991211,0.3054039478302002,,,-243.35609436035156,-243.35609436035156,,,0.5761837363243103,-99.42382049560547,
reinforce,,,100.0,2,136,1.324037692074859,7,0.0012569427490234375,0.3067150115966797,,,-194.47657775878906,-194.47657775878906,,,-0.4102765619754791,-100.4102783203125,
reinforce,,,100.0,2,137,2.1320371347272795,6,0.0011289119720458984,0.3078889846801758,,,-271.317138671875,-271.317138671875,,,0.48712679743766785,-99.51287078857422,
reinforce,,,100.0,2,138,2.7212515930094328,6,0.0011119842529296875,0.30904197692871094,,,-236.71104431152344,-236.71104431152344,,,0.8476638197898865,-99.15233612060547,
reinforce,,,100.0,2,139,2.050137262743198,6,0.0010843276977539062,0.3101661205291748,,,-298.7287902832031,-298.7287902832031,,,0.3884084224700928,-99.6115951538086,
reinforce,,,100.0,2,140,1.5728847501330292,7,0.0013060569763183594,0.31151700019836426,1.4256269568494966,0.05055254639489701,-287.83294677734375,-287.83294677734375,,,-0.23608218133449554,-100.236083984375,
reinforce,,,100.0,2,141,1.4600037433107558,7,0.0013508796691894531,0.3169848918914795,,,-208.22763061523438,-208.22763061523438,,,-0.3127916157245636,-100.31279754638672,
reinforce,,,100.0,2,142,2.13891159408674,7,0.0012340545654296875,0.3182659149169922,,,-239.11476135253906,-239.11476135253906,,,0.16668327152729034,-99.83332061767578,
reinforce,,,100.0,2,143,2.0018178255556713,6,0.001207113265991211,0.31952691078186035,,,-191.0598907470703,-191.0598907470703,,,0.3972192704677582,-99.602783203125,
reinforce,,,100.0,2,144,1.819687699506488,7,0.001294851303100586,0.32086896896362305,,,-277.53900146484375,-277.53900146484375,,,-0.08183162659406662,-100.08183288574219,
reinforce,,,100.0,2,145,1.9672161883739452,7,0.0012516975402832031,0.32221078872680664,,,-135.01609802246094,-135.01609802246094,,,0.018792275339365005,-99.98120880126953,
reinforce,,,100.0,2,146,1.3691763201661205,7,0.0012900829315185547,0.3235650062561035,,,-246.47048950195312,-246.47048950195312,,,-0.37007325887680054,-100.37007141113281,
reinforce,,,100.0,2,147,1.2451965732237296,7,0.0013039112091064453,0.3249208927154541,,,-251.12210083007812,-251.12210083007812,,,-0.4546928107738495,-100.4546890258789,
reinforce,,,100.0,2,148,1.19398299669229,7,0.001352071762084961,0.32632994651794434,,,-172.65499877929688,-172.65499877929688,,,-0.4939495623111725,-100.49394989013672,
reinforce,,,100.0,2,149,1.4598354603697021,7,0.0012469291687011719,0.32764196395874023,,,-194.60134887695312,-194.60134887695312,,,-0.33441251516342163,-100.33441162109375,
reinforce,,,100.0,2,150,1.7527955229692855,7,0.0012578964233398438,0.32901883125305176,,,-220.8826141357422,-220.8826141357422,,,-0.14222164452075958,-100.14221954345703,
reinforce,,,100.0,2,151,1.3656090605745108,7,0.0012497901916503906,0.3303189277648926,,,-238.3578643798828,-238.3578643798828,,,-0.3871374726295471,-100.38713836669922,
reinforce,,,100.0,2,152,2.2187738321863923,6,0.0010890960693359375,0.3314509391784668,,,-193.1505584716797,-193.1505584716797,,,0.5596705079078674,-99.4403305053711,
reinforce,,,100.0,2,153,2.07044060639985,6,0.0011868476867675781,0.3326759338378906,,,-181.3653564453125,-181.3653564453125,,,0.4101003110408783,-99.58990478515625,
reinforce,,,100.0,2,154,1.8575909030202993,7,0.0012629032135009766,0.33399105072021484,,,-271.8436279296875,-271.8436279296875,,,-0.07335325330495834,-100.07335662841797,
reinforce,,,100.0,2,155,2.1206865711141907,7,0.0012340545654296875,0.33527398109436035,,,-208.4396514892578,-208.4396514892578,,,0.09642618149518967,-99.90357971191406,
reinforce,,,100.0,2,156,1.8961142040975125,6,0.0010650157928466797,0.3363769054412842,,,-220.64381408691406,-220.64381408691406,,,0.31955230236053467,-99.68045043945312,
reinforce,,,100.0,2,157,2.0152062961229316,6,0.0010678768157958984,0.33748292922973633,,,-187.1437530517578,-187.1437530517578,,,0.37962910532951355,-99.62036895751953,
reinforce,,,100.0,2,158,2.028145795671127,6,0.0010399818420410156,0.3385629653930664,,,-154.0374298095703,-154.0374298095703,,,0.3847702741622925,-99.61522674560547,
reinforce,,,100.0,2,159,2.158728601670437,6,0.0011169910430908203,0.33973002433776855,,,-142.57957458496094,-142.57957458496094,,,0.4922751188278198,-99.50772094726562,
reinforce,,,100.0,2,160,2.396081565242546,7,0.0012347698211669922,0.341019868850708,1.6987546698257319,0.11437654430295806,-303.32476806640625,-303.32476806640625,,,0.2590234577655792,-99.74097442626953,
reinforce,,,100.0,2,161,1.225008986551962,7,0.0014050006866455078,0.34630393981933594,,,-216.462158203125,-216.462158203125,,,-0.4570087790489197,-100.4570083618164,
reinforce,,,100.0,2,162,1.1837096325832126,7,0.001332998275756836,0.34771108627319336,,,-201.20835876464844,-201.20835876464844,,,-0.4996013045310974,-100.4996109008789,
reinforce,,,100.0,2,163,1.0968768271927298,7,0.0012509822845458984,0.34902095794677734,,,-311.5920715332031,-311.5920715332031,,,-0.5570993423461914,-100.55709075927734,
reinforce,,,100.0,2,164,1.3934541232390198,7,0.001255035400390625,0.3503270149230957,,,-272.5594177246094,-272.5594177246094,,,-0.35531193017959595,-100.35530853271484,
reinforce,,,100.0,2,165,2.2267617174898975,7,0.0013427734375,0.3517129421234131,,,-241.85353088378906,-241.85353088378906,,,0.19272637367248535,-99.80726623535156,
reinforce,,,100.0,2,166,1.5491936560310557,7,0.0012259483337402344,0.3529798984527588,,,-238.968994140625,-238.968994140625,,,-0.2483116239309311,-100.24830627441406,
reinforce,,,100.0,2,167,1.649958398863716,8,0.0015361309051513672,0.3545670509338379,,,-223.13058471679688,-223.13058471679688,,,-0.565799355506897,-100.5657958984375,
reinforce,,,100.0,2,168,1.6738598737021402,7,0.00127410888671875,0.3558950424194336,,,-174.1021270751953,-174.1021270751953,,,-0.19153103232383728,-100.19153594970703,
reinforce,,,100.0,2,169,2.0763096795923017,6,0.0011010169982910156,0.3571960926055908,,,-195.94610595703125,-195.94610595703125,,,0.42456933856010437,-99.57543182373047,
reinforce,,,100.0,2,170,1.9242874418195317,6,0.0010869503021240234,0.3583259582519531,,,-240.3091583251953,-240.3091583251953,,,0.34958672523498535,-99.6504135131836,
reinforce,,,100.0,2,171,1.7267074539884824,7,0.0012359619140625,0.35960984230041504,,,-147.1249542236328,-147.1249542236328,,,-0.14645600318908691,-100.14644622802734,
reinforce,,,100.0,2,172,2.3025448028750244,7,0.0012831687927246094,0.36093807220458984,,,-205.16061401367188,-205.16061401367188,,,0.24909432232379913,-99.75090789794922,
reinforce,,,100.0,2,173,2.718128956391129,8,0.0014331340789794922,0.36242008209228516,,,-197.0070037841797,-197.0070037841797,,,0.1343274861574173,-99.86566925048828,
reinforce,,,100.0,2,174,2.4886929651283936,7,0.0012211799621582031,0.36368799209594727,,,-181.8894805908203,-181.8894805908203,,,0.3636593520641327,-99.63633728027344,
reinforce,,,100.0,2,175,1.8278949063134653,7,0.0012068748474121094,0.36493587493896484,,,-164.59207153320312,-164.59207153320312,,,-0.07915021479129791,-100.07914733886719,
reinforce,,,100.0,2,176,2.517291940193716,6,0.001071929931640625,0.366055965423584,,,-350.0885925292969,-350.0885925292969,,,0.7510290145874023,-99.24898529052734,
reinforce,,,100.0,2,177,2.821225342134974,7,0.0013110637664794922,0.36741209030151367,,,-203.72328186035156,-203.72328186035156,,,0.571959912776947,-99.42804718017578,
reinforce,,,100.0,2,178,2.4162219444333743,8,0.0013918876647949219,0.3688998222351074,,,-207.54344177246094,-207.54344177246094,,,-0.05890935659408569,-100.05890655517578,
reinforce,,,100.0,2,179,2.1189036322638106,7,0.0012428760528564453,0.3701908588409424,,,-249.0153045654297,-249.0153045654297,,,0.09104066342115402,-99.9089584350586,
reinforce,,,100.0,2,180,1.2922126035627308,7,0.0011870861053466797,0.37142205238342285,1.6453088654660366,0.2571906981245998,-267.9110412597656,-267.9110412597656,,,-0.41863617300987244,-100.41864013671875,
reinforce,,,100.0,2,181,1.6040345564630065,7,0.0012409687042236328,0.37676095962524414,,,-181.4553985595703,-181.4553985595703,,,-0.1986825317144394,-100.19868469238281,
reinforce,,,100.0,2,182,2.073062045579894,6,0.001081228256225586,0.37788915634155273,,,-162.84815979003906,-162.84815979003906,,,0.4510763883590698,-99.54891967773438,
reinforce,,,100.0,2,183,2.2707685475572776,7,0.0011742115020751953,0.3791050910949707,,,-311.76104736328125,-311.76104736328125,,,0.23939594626426697,-99.76061248779297,
reinforce,,,100.0,2,184,1.3886343678008615,7,0.0012159347534179688,0.3803598880767822,,,-228.08377075195312,-228.08377075195312,,,-0.39024707674980164,-100.3902587890625,
reinforce,,,100.0,2,185,2.015762389369176,7,0.0013248920440673828,0.3817570209503174,,,-278.2049255371094,-278.2049255371094,,,0.03261256963014603,-99.96739196777344,
reinforce,,,100.0,2,186,1.767815145474633,7,0.0012009143829345703,0.3830118179321289,,,-190.650390625,-190.650390625,,,-0.1256909817457199,-100.12568664550781,
reinforce,,,100.0,2,187,1.9684135693771359,7,0.0012311935424804688,0.38428497314453125,,,-364.67828369140625,-364.67828369140625,,,0.034470830112695694,-99.96553039550781,
reinforce,,,100.0,2,188,1.947247458075347,6,0.0010540485382080078,0.3853788375854492,,,-278.4713439941406,-278.4713439941406,,,0.3184627592563629,-99.6815414428711,
reinforce,,,100.0,2,189,2.2144221159111623,7,0.0011849403381347656,0.38660407066345215,,,-222.02151489257812,-222.02151489257812,,,0.16233976185321808,-99.83765411376953,
reinforce,,,100.0,2,190,1.8888385368076155,7,0.0012350082397460938,0.3878769874572754,,,-237.81710815429688,-237.81710815429688,,,-0.009855245240032673,-100.0098648071289,
reinforce,,,100.0,2,191,1.6016085281364214,7,0.0012128353118896484,0.3891730308532715,,,-275.7388610839844,-275.7388610839844,,,-0.23202356696128845,-100.2320327758789,
reinforce,,,100.0,2,192,1.4094078710064035,7,0.0012660026550292969,0.390488862991333,,,-136.75918579101562,-136.75918579101562,,,-0.31560733914375305,-100.31560516357422,
reinforce,,,100.0,2,193,1.9233917216937506,7,0.001216888427734375,0.3917708396911621,,,-258.14410400390625,-258.14410400390625,,,0.007044332567602396,-99.99295806884766,
reinforce,,,100.0,2,194,1.7442349014834995,7,0.0011799335479736328,0.39298582077026367,,,-189.2976531982422,-189.2976531982422,,,-0.16663162410259247,-100.1666259765625,
reinforce,,,100.0,2,195,1.819547423498617,7,0.0012481212615966797,0.3942720890045166,,,-268.8945007324219,-268.8945007324219,,,-0.07261738926172256,-100.07261657714844,
reinforce,,,100.0,2,196,2.0309612343277528,7,0.001271963119506836,0.3955819606781006,,,-140.9962921142578,-140.9962921142578,,,0.062213122844696045,-99.93778991699219,
reinforce,,,100.0,2,197,2.618028297187581,7,0.0012559890747070312,0.39688992500305176,,,-238.32423400878906,-238.32423400878906,,,0.3970291316509247,-99.60297393798828,
reinforce,,,100.0,2,198,1.5424505858429018,7,0.0012810230255126953,0.39821505546569824,,,-214.26852416992188,-214.26852416992188,,,-0.2588732838630676,-100.25887298583984,
reinforce,,,100.0,2,199,1.934704342564386,7,0.0012869834899902344,0.39954590797424316,,,-227.46421813964844,-227.46421813964844,,,-0.02667548879981041,-100.02667999267578,
reinforce,,,100.0,2,200,1.4237269287470824,7,0.0012881755828857422,0.4008750915527344,1.6447198416080255,0.2123622881268075,-190.7150115966797,-190.7150115966797,,,-0.3220546543598175,-100.32205963134766,
reinforce,,,100.0,2,201,1.3705902429446948,7,0.001332998275756836,0.40630507469177246,,,-215.3251495361328,-215.3251495361328,,,-0.35683611035346985,-100.3568344116211,
reinforce,,,100.0,2,202,1.7308294187985571,7,0.001306772232055664,0.4076559543609619,,,-150.06661987304688,-150.06661987304688,,,-0.14867986738681793,-100.148681640625,
reinforce,,,100.0,2,203,1.8684989707590962,7,0.0013079643249511719,0.4090099334716797,,,-333.55963134765625,-333.55963134765625,,,-0.08087078481912613,-100.08087158203125,
reinforce,,,100.0,2,204,2.541721262684548,7,0.0013082027435302734,0.4103679656982422,,,-235.99069213867188,-235.99069213867188,,,0.3936873972415924,-99.60631561279297,
reinforce,,,100.0,2,205,1.545415254971257,7,0.0012679100036621094,0.4116790294647217,,,-181.18966674804688,-181.18966674804688,,,-0.2560991644859314,-100.256103515625,
reinforce,,,100.0,2,206,2.033094281815081,7,0.0012569427490234375,0.4129788875579834,,,-235.3417205810547,-235.3417205810547,,,0.056991446763277054,-99.94300842285156,
reinforce,,,100.0,2,207,2.1620587010784726,7,0.0012791156768798828,0.414294958114624,,,-175.6799774169922,-175.6799774169922,,,0.14438952505588531,-99.85560607910156,
reinforce,,,100.0,2,208,1.61877569647022,7,0.0012509822845458984,0.4155850410461426,,,-178.62525939941406,-178.62525939941406,,,-0.21637068688869476,-100.21636962890625,
reinforce,,,100.0,2,209,2.0322938605194754,7,0.0013442039489746094,0.4169731140136719,,,-285.5714416503906,-285.5714416503906,,,0.030190322548151016,-99.96980285644531,
reinforce,,,100.0,2,210,2.3237197065073185,8,0.0014379024505615234,0.41846394538879395,,,-350.34906005859375,-350.34906005859375,,,-0.12020713090896606,-100.12020874023438,
reinforce,,,100.0,2,211,1.558679869975614,8,0.0014309883117675781,0.4199380874633789,,,-319.77410888671875,-319.77410888671875,,,-0.651237428188324,-100.65123748779297,
reinforce,,,100.0,2,212,2.2581202502353053,7,0.0012938976287841797,0.42127394676208496,,,-209.18434143066406,-209.18434143066406,,,0.1854221075773239,-99.8145751953125,
reinforce,,,100.0,2,213,1.0916503578425405,8,0.0016398429870605469,0.422961950302124,,,-236.82691955566406,-236.82691955566406,,,-0.936406672000885,-100.9364013671875,
reinforce,,,100.0,2,214,1.8248222296698597,7,0.0013289451599121094,0.42435193061828613,,,-221.5669708251953,-221.5669708251953,,,-0.08394960314035416,-100.08394622802734,
reinforce,,,100.0,2,215,1.6129927793925598,7,0.0012969970703125,0.4257030487060547,,,-244.38577270507812,-244.38577270507812,,,-0.2302055060863495,-100.23020935058594,
reinforce,,,100.0,2,216,1.619043072074005,7,0.0012679100036621094,0.42701292037963867,,,-183.51708984375,-183.51708984375,,,-0.24118484556674957,-100.2411880493164,
reinforce,,,100.0,2,217,2.0597927093122874,7,0.0013997554779052734,0.4286978244781494,,,-215.09231567382812,-215.09231567382812,,,0.09480201452970505,-99.90519714355469,
reinforce,,,100.0,2,218,1.3302015453424403,7,0.0013370513916015625,0.4300839900970459,,,-248.2150115966797,-248.2150115966797,,,-0.39353179931640625,-100.39353942871094,
reinforce,,,100.0,2,219,1.9171793988450616,7,0.0012769699096679688,0.43141889572143555,,,-247.61203002929688,-247.61203002929688,,,-0.030286474153399467,-100.03028869628906,
reinforce,,,100.0,2,220,1.9722189248481294,7,0.001230001449584961,0.4326961040496826,1.5184562667126633,0.2161476867997114,-166.09402465820312,-166.09402465820312,,,0.03592885285615921,-99.96407318115234,
reinforce,,,100.0,2,221,1.7133535820807158,7,0.0012993812561035156,0.4381251335144043,,,-218.0695343017578,-218.0695343017578,,,-0.17712704837322235,-100.1771240234375,
reinforce,,,100.0,2,222,1.4581316328045388,7,0.001232147216796875,0.4394052028656006,,,-212.97720336914062,-212.97720336914062,,,-0.29442644119262695,-100.29443359375,
reinforce,,,100.0,2,223,1.4585221876462924,7,0.0012249946594238281,0.4406759738922119,,,-175.07814025878906,-175.07814025878906,,,-0.28508809208869934,-100.28508758544922,
reinforce,,,100.0,2,224,2.014234994509243,7,0.0013408660888671875,0.44206690788269043,,,-172.10519409179688,-172.10519409179688,,,0.04354513809084892,-99.95645904541016,
reinforce,,,100.0,2,225,2.016041630504515,7,0.0013070106506347656,0.44341397285461426,,,-224.01065063476562,-224.01065063476562,,,0.05040640011429787,-99.94959259033203,
reinforce,,,100.0,2,226,1.4680655645923852,7,0.0013189315795898438,0.444774866104126,,,-164.0105743408203,-164.0105743408203,,,-0.2978885769844055,-100.29788970947266,
reinforce,,,100.0,2,227,1.4238994958737177,7,0.0012569427490234375,0.4460790157318115,,,-204.30392456054688,-204.30392456054688,,,-0.36451810598373413,-100.36451721191406,
reinforce,,,100.0,2,228,2.625840027735423,8,0.0014348030090332031,0.4475557804107666,,,-177.5127716064453,-177.5127716064453,,,0.09822330623865128,-99.90177917480469,
reinforce,,,100.0,2,229,1.0487012490280687,8,0.0014748573303222656,0.4490818977355957,,,-144.5543975830078,-144.5543975830078,,,-0.9482904672622681,-100.94829559326172,
reinforce,,,100.0,2,230,1.7124577638037413,7,0.0012981891632080078,0.4504241943359375,,,-188.05055236816406,-188.05055236816406,,,-0.12168929725885391,-100.12168884277344,
reinforce,,,100.0,2,231,1.560550561024284,7,0.001341104507446289,0.45185303688049316,,,-186.02413940429688,-186.02413940429688,,,-0.2557412087917328,-100.25574493408203,
reinforce,,,100.0,2,232,1.4061059066165895,7,0.001277923583984375,0.45317888259887695,,,-191.01490783691406,-191.01490783691406,,,-0.3415517807006836,-100.341552734375,
reinforce,,,100.0,2,233,1.8130460163611306,7,0.0012679100036621094,0.4544970989227295,,,-263.84857177734375,-263.84857177734375,,,-0.07521235942840576,-100.07521057128906,
reinforce,,,100.0,2,234,1.4604702840102834,7,0.0012950897216796875,0.4558370113372803,,,-234.2533721923828,-234.2533721923828,,,-0.31843075156211853,-100.31842803955078,
reinforce,,,100.0,2,235,1.1606785552561152,8,0.0014777183532714844,0.45735979080200195,,,-177.532470703125,-177.532470703125,,,-0.8416202068328857,-100.84162139892578,
reinforce,,,100.0,2,236,2.175076433574646,7,0.0013911724090576172,0.45879507064819336,,,-176.90504455566406,-176.90504455566406,,,0.14156819880008698,-99.85843658447266,
reinforce,,,100.0,2,237,2.061809527903156,7,0.00127410888671875,0.4601171016693115,,,-235.48948669433594,-235.48948669433594,,,0.11249474436044693,-99.88750457763672,
reinforce,,,100.0,2,238,1.9324961585852154,8,0.0013740062713623047,0.4615349769592285,,,-261.8448486328125,-261.8448486328125,,,-0.3819950819015503,-100.38198852539062,
reinforce,,,100.0,2,239,1.2670169861593705,8,0.0014278888702392578,0.46300792694091797,,,-247.39649963378906,-247.39649963378906,,,-0.8028743267059326,-100.80287170410156,
reinforce,,,100.0,2,240,1.7891490835884356,7,0.0015149116516113281,0.46459293365478516,1.5547392535950704,0.09839862778101091,-276.4454040527344,-276.4454040527344,,,-0.10742424428462982,-100.10742950439453,
reinforce,,,100.0,2,241,1.7013131027591248,7,0.0012989044189453125,0.4698638916015625,,,-266.5911865234375,-266.5911865234375,,,-0.1580103486776352,-100.15801239013672,
reinforce,,,100.0,2,242,1.5867254324869384,7,0.0015490055084228516,0.4714639186859131,,,-152.20980834960938,-152.20980834960938,,,-0.24205687642097473,-100.24205017089844,
reinforce,,,100.0,2,243,1.6929492475734558,7,0.0012989044189453125,0.4728429317474365,,,-178.7741241455078,-178.7741241455078,,,-0.16973745822906494,-100.16973876953125,
reinforce,,,100.0,2,244,1.2392551865277324,7,0.0012760162353515625,0.474200963973999,,,-258.6205749511719,-258.6205749511719,,,-0.4418029487133026,-100.44181060791016,
reinforce,,,100.0,2,245,2.184396376726982,7,0.001294851303100586,0.47554683685302734,,,-262.8809509277344,-262.8809509277344,,,0.14092841744422913,-99.85907745361328,
reinforce,,,100.0,2,246,1.5923809673585074,7,0.0013091564178466797,0.47690701484680176,,,-193.209228515625,-193.209228515625,,,-0.27134206891059875,-100.2713394165039,
reinforce,,,100.0,2,247,2.548068522544109,8,0.0015769004821777344,0.4785280227661133,,,-254.32415771484375,-254.32415771484375,,,0.0034611672163009644,-99.99653625488281,
reinforce,,,100.0,2,248,1.5549706547857411,7,0.0013413429260253906,0.47992610931396484,,,-227.39207458496094,-227.39207458496094,,,-0.2669549584388733,-100.26695251464844,
reinforce,,,100.0,2,249,1.5554941590971263,7,0.0012867450714111328,0.48126792907714844,,,-186.04432678222656,-186.04432678222656,,,-0.24845807254314423,-100.24846649169922,
reinforce,,,100.0,2,250,1.7660707054194345,7,0.0012629032135009766,0.4825758934020996,,,-262.1645202636719,-262.1645202636719,,,-0.10981317609548569,-100.10981750488281,
reinforce,,,100.0,2,251,1.7460377985002766,7,0.0013039112091064453,0.48392701148986816,,,-192.8312225341797,-192.8312225341797,,,-0.127456933259964,-100.12745666503906,
reinforce,,,100.0,2,252,2.1426785442940766,6,0.0010559558868408203,0.48502683639526367,,,-199.22735595703125,-199.22735595703125,,,0.4809396266937256,-99.5190658569336,
reinforce,,,100.0,2,253,1.1537114496931866,8,0.0013990402221679688,0.48665714263916016,,,-216.37039184570312,-216.37039184570312,,,-0.8994013071060181,-100.89940643310547,
reinforce,,,100.0,2,254,1.9360164081995292,7,0.0012507438659667969,0.4879629611968994,,,-257.31304931640625,-257.31304931640625,,,-0.00872899778187275,-100.00873565673828,
reinforce,,,100.0,2,255,1.01577183301852,8,0.0014221668243408203,0.48943114280700684,,,-330.83404541015625,-330.83404541015625,,,-0.9794621467590332,-100.97946166992188,
reinforce,,,100.0,2,256,1.6702687208606275,7,0.001199960708618164,0.49067091941833496,,,-258.68768310546875,-258.68768310546875,,,-0.1470254510641098,-100.14702606201172,
reinforce,,,100.0,2,257,1.2863017000421382,7,0.0012500286102294922,0.4919700622558594,,,-226.95469665527344,-226.95469665527344,,,-0.4054819643497467,-100.40547943115234,
reinforce,,,100.0,2,258,1.3699641995101806,7,0.001329183578491211,0.49344897270202637,,,-296.2353515625,-296.2353515625,,,-0.35447433590888977,-100.35447692871094,
reinforce,,,100.0,2,259,1.2899572563059025,8,0.0013942718505859375,0.4949021339416504,,,-200.69549560546875,-200.69549560546875,,,-0.8082284927368164,-100.8082275390625,
reinforce,,,100.0,2,260,1.7237346400539717,7,0.0012087821960449219,0.4961528778076172,1.8496768765283036,0.07635359555575949,-302.244140625,-302.244140625,,,-0.15784284472465515,-100.1578369140625,
reinforce,,,100.0,2,261,1.424396731015678,7,0.0012729167938232422,0.5016138553619385,,,-249.8392333984375,-249.8392333984375,,,-0.34753936529159546,-100.3475341796875,
reinforce,,,100.0,2,262,1.3086118768470247,7,0.0012290477752685547,0.5028910636901855,,,-276.464111328125,-276.464111328125,,,-0.42561203241348267,-100.42561340332031,
reinforce,,,100.0,2,263,1.9541943779919158,7,0.0012700557708740234,0.5042068958282471,,,-196.6865997314453,-196.6865997314453,,,0.035230737179517746,-99.96477508544922,
reinforce,,,100.0,2,264,1.4967618572120316,7,0.0013391971588134766,0.5056309700012207,,,-178.21412658691406,-178.21412658691406,,,-0.2924027442932129,-100.29240417480469,
reinforce,,,100.0,2,265,1.7394093850230035,7,0.0013098716735839844,0.5070648193359375,,,-274.9893798828125,-274.9893798828125,,,-0.13149957358837128,-100.13150787353516,
reinforce,,,100.0,2,266,1.7568450557354844,7,0.001210927963256836,0.5083270072937012,,,-274.2366638183594,-274.2366638183594,,,-0.0916467234492302,-100.09163665771484,
reinforce,,,100.0,2,267,0.7881889185101041,8,0.0013751983642578125,0.5097410678863525,,,-210.50872802734375,-210.50872802734375,,,-1.0799906253814697,-101.07998657226562,
reinforce,,,100.0,2,268,1.5933837690999513,7,0.0012040138244628906,0.5109860897064209,,,-254.84043884277344,-254.84043884277344,,,-0.2214633673429489,-100.22147369384766,
reinforce,,,100.0,2,269,0.9195160646986973,8,0.001463174819946289,0.5124921798706055,,,-281.7522888183594,-281.7522888183594,,,-1.0156528949737549,-101.01565551757812,
reinforce,,,100.0,2,270,0.7015088811941943,8,0.0014579296112060547,0.5139977931976318,,,-276.69586181640625,-276.69586181640625,,,-1.163072109222412,-101.16307067871094,
reinforce,,,100.0,2,271,1.5467098882456651,7,0.0012290477752685547,0.51528000831604,,,-212.8773651123047,-212.8773651123047,,,-0.2520290017127991,-100.25202178955078,
reinforce,,,100.0,2,272,0.9268608842773198,8,0.0013492107391357422,0.5166730880737305,,,-259.24212646484375,-259.24212646484375,,,-0.9862942695617676,-100.98628997802734,
reinforce,,,100.0,2,273,1.0681324875650993,8,0.001432657241821289,0.5181467533111572,,,-171.9045867919922,-171.9045867919922,,,-0.9041064381599426,-100.90410614013672,
reinforce,,,100.0,2,274,0.9464157565824203,8,0.0014290809631347656,0.5196208953857422,,,-240.80819702148438,-240.80819702148438,,,-0.9767098426818848,-100.9767074584961,
reinforce,,,100.0,2,275,1.8388388029970084,7,0.0013778209686279297,0.5210378170013428,,,-296.20758056640625,-296.20758056640625,,,-0.05078471079468727,-100.05078125,
reinforce,,,100.0,2,276,1.845197369059562,7,0.0012469291687011719,0.5223388671875,,,-243.97572326660156,-243.97572326660156,,,-0.024570481851696968,-100.02457427978516,
reinforce,,,100.0,2,277,0.9146833127473257,8,0.0014181137084960938,0.5237991809844971,,,-411.02728271484375,-411.02728271484375,,,-0.9680770635604858,-100.96807098388672,
reinforce,,,100.0,2,278,1.6605317979986733,8,0.0014081001281738281,0.5252518653869629,,,-255.7420654296875,-255.7420654296875,,,-0.5052824020385742,-100.50528717041016,
reinforce,,,100.0,2,279,2.588928299426058,9,0.001567840576171875,0.5268638134002686,,,-210.00575256347656,-210.00575256347656,,,-0.35226547718048096,-100.35226440429688,
reinforce,,,100.0,2,280,2.320493640311869,8,0.0014050006866455078,0.5283200740814209,1.9647479720489325,0.09448597968919821,-262.8020324707031,-262.8020324707031,,,-0.12075921893119812,-100.12075805664062,
reinforce,,,100.0,2,281,2.4969030922576367,9,0.001657247543334961,0.5340440273284912,,,-235.17320251464844,-235.17320251464844,,,-0.35732999444007874,-100.35733032226562,
reinforce,,,100.0,2,282,1.5031267259616428,8,0.0014078617095947266,0.5355110168457031,,,-268.0928649902344,-268.0928649902344,,,-0.6658296585083008,-100.66583251953125,
reinforce,,,100.0,2,283,1.442369488644863,8,0.0013628005981445312,0.536923885345459,,,-147.67831420898438,-147.67831420898438,,,-0.6742063164710999,-100.67420959472656,
reinforce,,,100.0,2,284,2.40451767354815,7,0.0012390613555908203,0.5382080078125,,,-195.08021545410156,-195.08021545410156,,,0.30598196387290955,-99.69402313232422,
reinforce,,,100.0,2,285,1.5726055748732075,8,0.001383066177368164,0.53963303565979,,,-182.13104248046875,-182.13104248046875,,,-0.6020338535308838,-100.60203552246094,
reinforce,,,100.0,2,286,1.4105981565426329,8,0.001466989517211914,0.5411419868469238,,,-173.94097900390625,-173.94097900390625,,,-0.7042959332466125,-100.70429229736328,
reinforce,,,100.0,2,287,1.436193661478912,8,0.0013799667358398438,0.5425770282745361,,,-219.41412353515625,-219.41412353515625,,,-0.6489853262901306,-100.64898681640625,
reinforce,,,100.0,2,288,0.9581692660477659,8,0.0014579296112060547,0.5441429615020752,,,-195.45016479492188,-195.45016479492188,,,-0.9878277778625488,-100.98782348632812,
reinforce,,,100.0,2,289,1.3392505805302493,7,0.0011839866638183594,0.5453689098358154,,,-225.1539306640625,-225.1539306640625,,,-0.3796418011188507,-100.37964630126953,
reinforce,,,100.0,2,290,3.6822109654448716,9,0.0015192031860351562,0.5469250679016113,,,-244.16647338867188,-244.16647338867188,,,0.4285154342651367,-99.57147979736328,
reinforce,,,100.0,2,291,1.7052330709631771,8,0.0014622211456298828,0.5484230518341064,,,-275.49456787109375,-275.49456787109375,,,-0.5287952423095703,-100.52879333496094,
reinforce,,,100.0,2,292,1.5608862376418053,7,0.001329183578491211,0.5498261451721191,,,-199.40158081054688,-199.40158081054688,,,-0.2525937557220459,-100.2525863647461,
reinforce,,,100.0,2,293,2.06576439949606,7,0.0012431144714355469,0.5511128902435303,,,-188.65318298339844,-188.65318298339844,,,0.06460960954427719,-99.93538665771484,
reinforce,,,100.0,2,294,1.826755685609177,7,0.0012509822845458984,0.5524077415466309,,,-242.12472534179688,-242.12472534179688,,,-0.06738883256912231,-100.0673828125,
reinforce,,,100.0,2,295,2.004450736245725,7,0.001268148422241211,0.5537171363830566,,,-207.96958923339844,-207.96958923339844,,,0.025397198274731636,-99.97460174560547,
reinforce,,,100.0,2,296,1.7029121577178008,8,0.0016241073608398438,0.5553820133209229,,,-143.4788360595703,-143.4788360595703,,,-0.5122630000114441,-100.51225280761719,
reinforce,,,100.0,2,297,1.6976622326664765,7,0.0012772083282470703,0.5567271709442139,,,-279.9322814941406,-279.9322814941406,,,-0.16777898371219635,-100.16777801513672,
reinforce,,,100.0,2,298,2.764328016093172,9,0.0015652179718017578,0.5583381652832031,,,-218.7306671142578,-218.7306671142578,,,-0.19112753868103027,-100.19113159179688,
reinforce,,,100.0,2,299,2.0011740883318714,7,0.001255035400390625,0.5596339702606201,,,-297.4928894042969,-297.4928894042969,,,0.043523259460926056,-99.95648193359375,
reinforce,,,100.0,2,300,1.5180202590118157,7,0.0013151168823242188,0.5609879493713379,1.6233831465875377,0.18254162354793269,-294.72918701171875,-294.72918701171875,,,-0.29362204670906067,-100.29362487792969,
reinforce,,,100.0,2,301,1.588928193820209,7,0.0013098716735839844,0.566431999206543,,,-188.55661010742188,-188.55661010742188,,,-0.2296774834394455,-100.22967529296875,
reinforce,,,100.0,2,302,1.386013508953057,7,0.0012958049774169922,0.5677788257598877,,,-206.54135131835938,-206.54135131835938,,,-0.35608237981796265,-100.3560791015625,
reinforce,,,100.0,2,303,1.939520771843693,7,0.0013589859008789062,0.5691819190979004,,,-220.34791564941406,-220.34791564941406,,,-0.028404805809259415,-100.02839660644531,
reinforce,,,100.0,2,304,2.8931625354920487,8,0.001394033432006836,0.5706210136413574,,,-278.137939453125,-278.137939453125,,,0.21978464722633362,-99.78022003173828,
reinforce,,,100.0,2,305,1.816789547742769,7,0.0013010501861572266,0.5719728469848633,,,-146.73880004882812,-146.73880004882812,,,-0.08277615159749985,-100.08277893066406,
reinforce,,,100.0,2,306,1.9590263884577443,7,0.0012822151184082031,0.5732970237731934,,,-243.79127502441406,-243.79127502441406,,,-0.009920754469931126,-100.00992584228516,
reinforce,,,100.0,2,307,2.013024683130303,8,0.0014498233795166016,0.5747919082641602,,,-238.4782257080078,-238.4782257080078,,,-0.33380943536758423,-100.33380889892578,
reinforce,,,100.0,2,308,2.0659753657546887,6,0.0011909008026123047,0.5760269165039062,,,-246.71726989746094,-246.71726989746094,,,0.44719162583351135,-99.55281829833984,
reinforce,,,100.0,2,309,1.5671738770619752,7,0.0012879371643066406,0.5773708820343018,,,-246.1848907470703,-246.1848907470703,,,-0.23661288619041443,-100.23662567138672,
reinforce,,,100.0,2,310,1.1376516387719926,7,0.0012259483337402344,0.5786440372467041,,,-202.31919860839844,-202.31919860839844,,,-0.5344849228858948,-100.53448486328125,
reinforce,,,100.0,2,311,1.7817384851144642,7,0.0012171268463134766,0.5799040794372559,,,-289.3699951171875,-289.3699951171875,,,-0.08391696959733963,-100.08392333984375,
reinforce,,,100.0,2,312,2.2370185471685615,6,0.0010678768157958984,0.5810370445251465,,,-220.3214874267578,-220.3214874267578,,,0.5671981573104858,-99.43280029296875,
reinforce,,,100.0,2,313,2.0462130364173667,7,0.0014278888702392578,0.5825059413909912,,,-190.3655548095703,-190.3655548095703,,,0.07726229727268219,-99.92273712158203,
reinforce,,,100.0,2,314,1.3284241403143027,7,0.001291036605834961,0.583853006362915,,,-204.8955078125,-204.8955078125,,,-0.39319825172424316,-100.39319610595703,
reinforce,,,100.0,2,315,1.5230505313340879,7,0.0012531280517578125,0.5851490497589111,,,-166.446044921875,-166.446044921875,,,-0.2735443115234375,-100.27354431152344,
reinforce,,,100.0,2,316,1.663646787459547,7,0.0012497901916503906,0.5864458084106445,,,-216.34530639648438,-216.34530639648438,,,-0.18042902648448944,-100.18042755126953,
reinforce,,,100.0,2,317,1.690937372996779,7,0.0013439655303955078,0.5878300666809082,,,-265.48419189453125,-265.48419189453125,,,-0.1891038715839386,-100.18910217285156,
reinforce,,,100.0,2,318,1.8859038769131138,7,0.001313924789428711,0.5891900062561035,,,-265.08660888671875,-265.08660888671875,,,-0.07126837968826294,-100.07127380371094,
reinforce,,,100.0,2,319,2.0829107505950377,7,0.0012729167938232422,0.5905179977416992,,,-260.6243591308594,-260.6243591308594,,,0.08390961587429047,-99.91608428955078,
reinforce,,,100.0,2,320,2.0579607819149857,6,0.0010449886322021484,0.5916039943695068,1.6186698780010098,0.3608182508391426,-318.2986755371094,-318.2986755371094,,,0.4021480977535248,-99.59784698486328,
reinforce,,,100.0,2,321,1.4184126881825065,8,0.001486063003540039,0.5968170166015625,,,-200.8034210205078,-200.8034210205078,,,-0.7303784489631653,-100.73037719726562,
reinforce,,,100.0,2,322,1.692990596679719,7,0.001276254653930664,0.5981450080871582,,,-215.4757843017578,-215.4757843017578,,,-0.17938925325870514,-100.17938232421875,
reinforce,,,100.0,2,323,1.3979937699805616,7,0.0012848377227783203,0.599484920501709,,,-159.7593231201172,-159.7593231201172,,,-0.3526964783668518,-100.35269927978516,
reinforce,,,100.0,2,324,2.0708652095902838,6,0.0011849403381347656,0.6007130146026611,,,-304.5209045410156,-304.5209045410156,,,0.42472681403160095,-99.57527923583984,
reinforce,,,100.0,2,325,2.092097692554891,6,0.0011019706726074219,0.601855993270874,,,-448.2003479003906,-448.2003479003906,,,0.43299415707588196,-99.56700897216797,
reinforce,,,100.0,2,326,2.1452454584782465,7,0.001375436782836914,0.6032772064208984,,,-273.8901672363281,-273.8901672363281,,,0.11407545953989029,-99.88592529296875,
reinforce,,,100.0,2,327,2.115406684906035,6,0.0011608600616455078,0.6044847965240479,,,-228.26329040527344,-228.26329040527344,,,0.4501996338367462,-99.5498046875,
reinforce,,,100.0,2,328,1.3479184209965909,7,0.0012450218200683594,0.6057748794555664,,,-239.33030700683594,-239.33030700683594,,,-0.4005007743835449,-100.40049743652344,
reinforce,,,100.0,2,329,1.7460322235220855,7,0.0012831687927246094,0.6071100234985352,,,-177.98056030273438,-177.98056030273438,,,-0.12316890805959702,-100.1231689453125,
reinforce,,,100.0,2,330,1.0864120511109108,7,0.0012722015380859375,0.6084260940551758,,,-181.6259765625,-181.6259765625,,,-0.580376923084259,-100.58037567138672,
reinforce,,,100.0,2,331,2.336522345409295,7,0.0013031959533691406,0.6097700595855713,,,-262.07220458984375,-262.07220458984375,,,0.22662806510925293,-99.77336883544922,
reinforce,,,100.0,2,332,1.4952831037981802,7,0.001367807388305664,0.6111819744110107,,,-199.38560485839844,-199.38560485839844,,,-0.3190244734287262,-100.31903076171875,
reinforce,,,100.0,2,333,2.2042639836366433,7,0.0013260841369628906,0.6125609874725342,,,-268.71954345703125,-268.71954345703125,,,0.1769862174987793,-99.82301330566406,
reinforce,,,100.0,2,334,2.2611942621231362,6,0.0010960102081298828,0.613706111907959,,,-207.5612335205078,-207.5612335205078,,,0.5682135820388794,-99.4317855834961,
reinforce,,,100.0,2,335,1.5583748712448424,7,0.0012288093566894531,0.6149787902832031,,,-190.06983947753906,-190.06983947753906,,,-0.2426212728023529,-100.24262237548828,
reinforce,,,100.0,2,336,1.192031061225001,7,0.0012569427490234375,0.6164460182189941,,,-238.90890502929688,-238.90890502929688,,,-0.4932114779949188,-100.49321746826172,
reinforce,,,100.0,2,337,1.670714409065068,7,0.0013818740844726562,0.6178817749023438,,,-218.45091247558594,-218.45091247558594,,,-0.203168123960495,-100.20317077636719,
reinforce,,,100.0,2,338,2.117026208124753,6,0.0011339187622070312,0.6190659999847412,,,-226.54791259765625,-226.54791259765625,,,0.466279000043869,-99.53372192382812,
reinforce,,,100.0,2,339,1.7762970558589117,7,0.001249074935913086,0.6203558444976807,,,-253.99305725097656,-253.99305725097656,,,-0.10714196413755417,-100.10713958740234,
reinforce,,,100.0,2,340,1.1010465887936298,7,0.001168966293334961,0.6215620040893555,1.6257378080068847,0.4206326277755302,-208.404052734375,-208.404052734375,,,-0.5696162581443787,-100.56961822509766,
reinforce,,,100.0,2,341,1.3813327547351462,7,0.001257181167602539,0.626690149307251,,,-166.0214080810547,-166.0214080810547,,,-0.34868124127388,-100.34868621826172,
reinforce,,,100.0,2,342,1.9808517445321605,6,0.0010631084442138672,0.6277990341186523,,,-249.03492736816406,-249.03492736816406,,,0.36692166328430176,-99.6330795288086,
reinforce,,,100.0,2,343,1.767548941602246,7,0.0012438297271728516,0.6290838718414307,,,-138.03073120117188,-138.03073120117188,,,-0.1211928278207779,-100.1211929321289,
reinforce,,,100.0,2,344,1.773598119286753,7,0.0012857913970947266,0.6304159164428711,,,-188.85203552246094,-188.85203552246094,,,-0.10224523395299911,-100.10224151611328,
reinforce,,,100.0,2,345,1.2824707571059806,7,0.0014252662658691406,0.6318831443786621,,,-182.31617736816406,-182.31617736816406,,,-0.44247907400131226,-100.4424819946289,
reinforce,,,100.0,2,346,1.7928983368128641,6,0.0010879039764404297,0.6330349445343018,,,-244.68223571777344,-244.68223571777344,,,0.2535991668701172,-99.74640655517578,
reinforce,,,100.0,2,347,1.483088956898461,7,0.0012118816375732422,0.634289026260376,,,-197.9978790283203,-197.9978790283203,,,-0.315460741519928,-100.31546783447266,
reinforce,,,100.0,2,348,1.2231719835001933,7,0.0012021064758300781,0.6355299949645996,,,-151.81471252441406,-151.81471252441406,,,-0.4814494550228119,-100.4814453125,
reinforce,,,100.0,2,349,2.249311884533815,6,0.0010569095611572266,0.6366238594055176,,,-179.034912109375,-179.034912109375,,,0.5749729871749878,-99.4250259399414,
reinforce,,,100.0,2,350,1.6181430227422733,7,0.0014019012451171875,0.6380748748779297,,,-190.90260314941406,-190.90260314941406,,,-0.24453194439411163,-100.2445297241211,
reinforce,,,100.0,2,351,1.3424380706222916,7,0.0012390613555908203,0.6393628120422363,,,-204.6701202392578,-204.6701202392578,,,-0.35979774594306946,-100.35979461669922,
reinforce,,,100.0,2,352,1.2442152463943374,7,0.0011889934539794922,0.6405899524688721,,,-222.52174377441406,-222.52174377441406,,,-0.48874881863594055,-100.48875427246094,
reinforce,,,100.0,2,353,1.405107358954189,7,0.0011730194091796875,0.6417989730834961,,,-183.52587890625,-183.52587890625,,,-0.3501206934452057,-100.3501205444336,
reinforce,,,100.0,2,354,1.2753557218794727,7,0.0011739730834960938,0.6430089473724365,,,-202.97433471679688,-202.97433471679688,,,-0.42422086000442505,-100.4242172241211,
reinforce,,,100.0,2,355,1.1931563393766746,7,0.0012290477752685547,0.6442749500274658,,,-231.7223358154297,-231.7223358154297,,,-0.49231234192848206,-100.4923095703125,
reinforce,,,100.0,2,356,1.8787193976662273,7,0.0012938976287841797,0.6456131935119629,,,-368.3401794433594,-368.3401794433594,,,-0.05560293421149254,-100.05560302734375,
reinforce,,,100.0,2,357,2.035572132752841,6,0.0010471343994140625,0.6467111110687256,,,-172.7796173095703,-172.7796173095703,,,0.3991541564464569,-99.6008529663086,
reinforce,,,100.0,2,358,2.182121627169933,6,0.0010387897491455078,0.6477909088134766,,,-235.0436248779297,-235.0436248779297,,,0.51756751537323,-99.48242950439453,
reinforce,,,100.0,2,359,1.867828032956024,6,0.0010418891906738281,0.648871898651123,,,-266.8122863769531,-266.8122863769531,,,0.271318644285202,-99.72867584228516,
reinforce,,,100.0,2,360,1.942102320997502,6,0.0011181831359863281,0.6501851081848145,1.4241537288471011,0.3124511742675083,-207.9718475341797,-207.9718475341797,,,0.31555476784706116,-99.6844482421875,
reinforce,,,100.0,2,361,1.7845689932287163,6,0.0010538101196289062,0.6549818515777588,,,-192.22572326660156,-192.22572326660156,,,0.24577707052230835,-99.75421905517578,
reinforce,,,100.0,2,362,1.324818591848996,7,0.0012049674987792969,0.6562299728393555,,,-255.01919555664062,-255.01919555664062,,,-0.40420347452163696,-100.4041976928711,
reinforce,,,100.0,2,363,2.190227513806331,6,0.001068115234375,0.6573379039764404,,,-231.36900329589844,-231.36900329589844,,,0.521310031414032,-99.47869110107422,
reinforce,,,100.0,2,364,1.2863964925727245,7,0.0012400150299072266,0.6586239337921143,,,-167.34120178222656,-167.34120178222656,,,-0.42206355929374695,-100.42206573486328,
reinforce,,,100.0,2,365,2.039524104484455,6,0.0010979175567626953,0.6597898006439209,,,-221.52406311035156,-221.52406311035156,,,0.39185500144958496,-99.60814666748047,
reinforce,,,100.0,2,366,2.1512658229288593,6,0.0010302066802978516,0.660865068435669,,,-180.55450439453125,-180.55450439453125,,,0.4986710548400879,-99.5013198852539,
reinforce,,,100.0,2,367,2.1069580501917775,6,0.0010402202606201172,0.6619441509246826,,,-221.25355529785156,-221.25355529785156,,,0.4912473261356354,-99.50875091552734,
reinforce,,,100.0,2,368,1.9746801378570675,6,0.0010449886322021484,0.66302490234375,,,-238.2207794189453,-238.2207794189453,,,0.3636057376861572,-99.63639068603516,
reinforce,,,100.0,2,369,2.233016826904916,6,0.0010306835174560547,0.6640918254852295,,,-203.11549377441406,-203.11549377441406,,,0.5671010613441467,-99.43289947509766,
reinforce,,,100.0,2,370,1.7454889153931108,7,0.0011758804321289062,0.6653048992156982,,,-318.4974060058594,-318.4974060058594,,,-0.13971328735351562,-100.13970947265625,
reinforce,,,100.0,2,371,2.037211012305657,6,0.0011818408966064453,0.6665279865264893,,,-232.89312744140625,-232.89312744140625,,,0.389497846364975,-99.61050415039062,
reinforce,,,100.0,2,372,1.3145950454403574,7,0.0012428760528564453,0.6678237915039062,,,-233.72628784179688,-233.72628784179688,,,-0.3938300907611847,-100.39383697509766,
reinforce,,,100.0,2,373,2.1382911705202003,6,0.0010540485382080078,0.6689200401306152,,,-250.8528289794922,-250.8528289794922,,,0.5081328749656677,-99.49187469482422,
reinforce,,,100.0,2,374,1.971457114434187,6,0.0010459423065185547,0.6700060367584229,,,-204.4768829345703,-204.4768829345703,,,0.3902980387210846,-99.60970306396484,
reinforce,,,100.0,2,375,2.119362230304415,6,0.001062154769897461,0.6711039543151855,,,-157.063720703125,-157.063720703125,,,0.449429988861084,-99.55056762695312,
reinforce,,,100.0,2,376,2.142538836672203,6,0.001116037368774414,0.6722619533538818,,,-180.35401916503906,-180.35401916503906,,,0.4947555363178253,-99.5052490234375,
reinforce,,,100.0,2,377,1.7856387065995694,6,0.0010797977447509766,0.6733899116516113,,,-292.8297119140625,-292.8297119140625,,,0.24837236106395721,-99.75162506103516,
reinforce,,,100.0,2,378,1.3011190532082806,7,0.001194000244140625,0.674623966217041,,,-251.90455627441406,-251.90455627441406,,,-0.4006127417087555,-100.40061950683594,
reinforce,,,100.0,2,379,2.2311790249978602,6,0.0010600090026855469,0.675724983215332,,,-224.6971893310547,-224.6971893310547,,,0.5647774338722229,-99.43521881103516,
reinforce,,,100.0,2,380,2.2162489254707234,8,0.0013570785522460938,0.6771180629730225,1.4241355200598615,0.36546462098062327,-302.72723388671875,-302.72723388671875,,,-0.22562450170516968,-100.22562408447266,
reinforce,,,100.0,2,381,1.3911116636747938,7,0.0012388229370117188,0.6822028160095215,,,-204.09336853027344,-204.09336853027344,,,-0.33243328332901,-100.33243560791016,
reinforce,,,100.0,2,382,1.3486159625814191,7,0.0011649131774902344,0.6834158897399902,,,-247.67745971679688,-247.67745971679688,,,-0.3743913471698761,-100.3743896484375,
reinforce,,,100.0,2,383,1.908109152671568,6,0.0010428428649902344,0.684499979019165,,,-169.15586853027344,-169.15586853027344,,,0.3141110837459564,-99.6858901977539,
reinforce,,,100.0,2,384,1.2855819616768984,7,0.0012021064758300781,0.6857690811157227,,,-166.71578979492188,-166.71578979492188,,,-0.42172005772590637,-100.42171478271484,
reinforce,,,100.0,2,385,2.0297302361325196,6,0.0011529922485351562,0.686959981918335,,,-186.6924285888672,-186.6924285888672,,,0.3964613676071167,-99.6035385131836,
reinforce,,,100.0,2,386,2.020169525425386,6,0.0010747909545898438,0.6880838871002197,,,-309.2834167480469,-309.2834167480469,,,0.3784733712673187,-99.62152099609375,
reinforce,,,100.0,2,387,1.9432775062816763,7,0.0012276172637939453,0.6893467903137207,,,-306.216796875,-306.216796875,,,-0.01409322489053011,-100.01409149169922,
reinforce,,,100.0,2,388,1.995542058027002,6,0.0010590553283691406,0.69045090675354,,,-238.76951599121094,-238.76951599121094,,,0.3953244388103485,-99.60467529296875,
reinforce,,,100.0,2,389,2.198125464419313,6,0.0010898113250732422,0.6915769577026367,,,-164.0156707763672,-164.0156707763672,,,0.5463463664054871,-99.45365142822266,
reinforce,,,100.0,2,390,2.0837511764671284,6,0.0011332035064697266,0.6927571296691895,,,-192.81646728515625,-192.81646728515625,,,0.4271754324436188,-99.57282257080078,
reinforce,,,100.0,2,391,1.6251023564635374,7,0.0013918876647949219,0.6941909790039062,,,-227.29489135742188,-227.29489135742188,,,-0.22423312067985535,-100.22422790527344,
reinforce,,,100.0,2,392,1.5015737227650627,7,0.0012781620025634766,0.6955239772796631,,,-176.95437622070312,-176.95437622070312,,,-0.31232452392578125,-100.31232452392578,
reinforce,,,100.0,2,393,2.1057357421216873,6,0.0011157989501953125,0.696685791015625,,,-144.52674865722656,-144.52674865722656,,,0.4601779878139496,-99.53982543945312,
reinforce,,,100.0,2,394,1.2787309575308459,7,0.0012531280517578125,0.697983980178833,,,-155.7206573486328,-155.7206573486328,,,-0.41489139199256897,-100.41490173339844,
reinforce,,,100.0,2,395,1.5722409744561205,7,0.0012669563293457031,0.6993439197540283,,,-177.34481811523438,-177.34481811523438,,,-0.24290049076080322,-100.24290466308594,
reinforce,,,100.0,2,396,1.3298004651869724,7,0.0013010501861572266,0.7007019519805908,,,-210.0308380126953,-210.0308380126953,,,-0.38593775033950806,-100.38593292236328,
reinforce,,,100.0,2,397,1.3506095758960928,7,0.0012600421905517578,0.7020230293273926,,,-224.49742126464844,-224.49742126464844,,,-0.384259968996048,-100.38426208496094,
reinforce,,,100.0,2,398,2.0530567298558147,6,0.001110076904296875,0.7031769752502441,,,-219.53013610839844,-219.53013610839844,,,0.4110879898071289,-99.58890533447266,
reinforce,,,100.0,2,399,1.4519601086853549,7,0.001291036605834961,0.704509973526001,,,-218.0713653564453,-218.0713653564453,,,-0.329118937253952,-100.32911682128906,
reinforce,,,100.0,2,400,2.0924828502616135,6,0.0011072158813476562,0.7056660652160645,1.7841842667542056,0.4700229114040616,-208.5218505859375,-208.5218505859375,,,0.43320295214653015,-99.5667953491211,
reinforce,,,100.0,2,401,1.5763603804406825,7,0.001260995864868164,0.7107319831848145,,,-219.21031188964844,-219.21031188964844,,,-0.2349303513765335,-100.23493194580078,
reinforce,,,100.0,2,402,1.366621547077413,7,0.001283884048461914,0.7120668888092041,,,-256.9971923828125,-256.9971923828125,,,-0.37566354870796204,-100.37566375732422,
reinforce,,,100.0,2,403,1.7630062220056506,6,0.0010950565338134766,0.7132070064544678,,,-256.5550842285156,-256.5550842285156,,,0.22511589527130127,-99.7748794555664,
reinforce,,,100.0,2,404,1.192680201842808,7,0.0015218257904052734,0.7147729396820068,,,-191.8750457763672,-191.8750457763672,,,-0.49136319756507874,-100.4913558959961,
reinforce,,,100.0,2,405,1.7044523690062903,7,0.0013248920440673828,0.7161679267883301,,,-263.9398498535156,-263.9398498535156,,,-0.16358517110347748,-100.16358184814453,
reinforce,,,100.0,2,406,2.0067586140501845,6,0.0011038780212402344,0.7173159122467041,,,-192.8502960205078,-192.8502960205078,,,0.400651216506958,-99.59935760498047,
reinforce,,,100.0,2,407,1.399127588578029,7,0.0012729167938232422,0.7186388969421387,,,-195.60360717773438,-195.60360717773438,,,-0.3673880994319916,-100.36738586425781,
reinforce,,,100.0,2,408,1.3367309237690665,7,0.0012998580932617188,0.7200188636779785,,,-221.31861877441406,-221.31861877441406,,,-0.38212260603904724,-100.38211822509766,
reinforce,,,100.0,2,409,1.6705920022717013,7,0.0014719963073730469,0.7215428352355957,,,-167.98837280273438,-167.98837280273438,,,-0.1721314638853073,-100.17212677001953,
reinforce,,,100.0,2,410,2.117559898150341,6,0.0011591911315917969,0.7227652072906494,,,-188.64447021484375,-188.64447021484375,,,0.4672372341156006,-99.53276824951172,
reinforce,,,100.0,2,411,1.867291671586906,6,0.0011050701141357422,0.7239220142364502,,,-260.2891845703125,-260.2891845703125,,,0.2627178728580475,-99.7372817993164,
reinforce,,,100.0,2,412,2.0384619231121155,6,0.0010571479797363281,0.7250220775604248,,,-147.65980529785156,-147.65980529785156,,,0.4295571744441986,-99.57044219970703,
reinforce,,,100.0,2,413,1.8144249135167543,7,0.0012350082397460938,0.7263000011444092,,,-319.29046630859375,-319.29046630859375,,,-0.12220069020986557,-100.12220001220703,
reinforce,,,100.0,2,414,2.0255099939285945,6,0.0010838508605957031,0.7274298667907715,,,-198.76690673828125,-198.76690673828125,,,0.4134330749511719,-99.5865707397461,
reinforce,,,100.0,2,415,1.8499067972922913,6,0.0012369155883789062,0.7287209033966064,,,-163.70079040527344,-163.70079040527344,,,0.2597838342189789,-99.7402114868164,
reinforce,,,100.0,2,416,2.1806310616844256,6,0.0011131763458251953,0.7298901081085205,,,-330.2735900878906,-330.2735900878906,,,0.514985203742981,-99.48501586914062,
reinforce,,,100.0,2,417,1.86300115433181,6,0.001107931137084961,0.7310538291931152,,,-165.722900390625,-165.722900390625,,,0.29703548550605774,-99.70296478271484,
reinforce,,,100.0,2,418,1.1370415384649841,7,0.0012309551239013672,0.732327938079834,,,-190.45460510253906,-190.45460510253906,,,-0.5346139669418335,-100.53461456298828,
reinforce,,,100.0,2,419,1.1735090154154524,7,0.0012600421905517578,0.7336268424987793,,,-238.1566619873047,-238.1566619873047,,,-0.5042330026626587,-100.50423431396484,
reinforce,,,100.0,2,420,1.0289806621358841,7,0.001271963119506836,0.7349419593811035,1.5992366885190705,0.44098693285211726,-241.53292846679688,-241.53292846679688,,,-0.6106899380683899,-100.61067962646484,
reinforce,,,100.0,2,421,2.197607143324995,6,0.0011830329895019531,0.740013837814331,,,-227.963623046875,-227.963623046875,,,0.5453694462776184,-99.45462799072266,
reinforce,,,100.0,2,422,1.613522262239295,7,0.0012748241424560547,0.741339921951294,,,-230.30392456054688,-230.30392456054688,,,-0.22394779324531555,-100.22394561767578,
reinforce,,,100.0,2,423,1.4508183752822608,7,0.0013742446899414062,0.7427651882171631,,,-216.45140075683594,-216.45140075683594,,,-0.3417743146419525,-100.3417739868164,
reinforce,,,100.0,2,424,1.9842724672733094,6,0.0011110305786132812,0.7439370155334473,,,-196.75836181640625,-196.75836181640625,,,0.3582112491130829,-99.64179229736328,
reinforce,,,100.0,2,425,2.132815618586844,6,0.0011448860168457031,0.7451338768005371,,,-292.9541931152344,-292.9541931152344,,,0.47722315788269043,-99.52277374267578,
reinforce,,,100.0,2,426,1.108185277161734,7,0.0012669563293457031,0.7464468479156494,,,-277.9317626953125,-277.9317626953125,,,-0.5505053400993347,-100.55049896240234,
reinforce,,,100.0,2,427,1.8708525158314602,7,0.0012569427490234375,0.7477540969848633,,,-259.9844055175781,-259.9844055175781,,,-0.0426175594329834,-100.04261779785156,
reinforce,,,100.0,2,428,2.3236801365665425,6,0.0010728836059570312,0.7488720417022705,,,-323.6817321777344,-323.6817321777344,,,0.6260012984275818,-99.3740005493164,
reinforce,,,100.0,2,429,1.6349419619124228,7,0.0012998580932617188,0.7502238750457764,,,-206.88485717773438,-206.88485717773438,,,-0.1789310723543167,-100.1789321899414,
reinforce,,,100.0,2,430,2.0228333895930843,6,0.0011019706726074219,0.7513809204101562,,,-144.61251831054688,-144.61251831054688,,,0.3908308446407318,-99.60916900634766,
reinforce,,,100.0,2,431,2.3199338184123546,6,0.0010800361633300781,0.7525229454040527,,,-179.13568115234375,-179.13568115234375,,,0.6093601584434509,-99.39063262939453,
reinforce,,,100.0,2,432,2.0995731857250393,6,0.0010590553283691406,0.7536618709564209,,,-225.652099609375,-225.652099609375,,,0.4852180778980255,-99.5147933959961,
reinforce,,,100.0,2,433,2.072176102281894,6,0.0010633468627929688,0.7547731399536133,,,-190.25331115722656,-190.25331115722656,,,0.450395792722702,-99.54959869384766,
reinforce,,,100.0,2,434,1.4779991568403237,7,0.0013890266418457031,0.7562119960784912,,,-331.24853515625,-331.24853515625,,,-0.32854345440864563,-100.32853698730469,
reinforce,,,100.0,2,435,1.8779886469218954,7,0.0012760162353515625,0.757551908493042,,,-231.75881958007812,-231.75881958007812,,,-0.03879588842391968,-100.03880310058594,
reinforce,,,100.0,2,436,1.4889894720975296,7,0.0012340545654296875,0.7588369846343994,,,-234.89634704589844,-234.89634704589844,,,-0.31494712829589844,-100.31494140625,
reinforce,,,100.0,2,437,1.3885104011620995,7,0.0012753009796142578,0.7601580619812012,,,-186.25758361816406,-186.25758361816406,,,-0.3462386131286621,-100.34624481201172,
reinforce,,,100.0,2,438,1.4549116678390686,7,0.0013508796691894531,0.7615559101104736,,,-266.0158386230469,-266.0158386230469,,,-0.32733485102653503,-100.32733154296875,
reinforce,,,100.0,2,439,1.1183933997566735,7,0.001432180404663086,0.7630360126495361,,,-197.77943420410156,-197.77943420410156,,,-0.545228123664856,-100.54522705078125,
reinforce,,,100.0,2,440,1.9863431656559303,6,0.0011489391326904297,0.7642440795898438,1.4945979072752231,0.2899930865761843,-247.18162536621094,-247.18162536621094,,,0.3868919312953949,-99.61309814453125,
reinforce,,,100.0,2,441,1.3493680021687522,7,0.0013120174407958984,0.7693147659301758,,,-273.7594299316406,-273.7594299316406,,,-0.4057886302471161,-100.4057846069336,
reinforce,,,100.0,2,442,1.6068690724130754,7,0.0013279914855957031,0.77069091796875,,,-291.8646240234375,-291.8646240234375,,,-0.205117866396904,-100.20512390136719,
reinforce,,,100.0,2,443,1.7597618868362803,7,0.0012841224670410156,0.7720341682434082,,,-216.85714721679688,-216.85714721679688,,,-0.0984504222869873,-100.09845733642578,
reinforce,,,100.0,2,444,1.2775551446877345,7,0.0012290477752685547,0.7733120918273926,,,-251.91836547851562,-251.91836547851562,,,-0.4145043194293976,-100.41450500488281,
reinforce,,,100.0,2,445,2.094653279243978,6,0.0011148452758789062,0.7744719982147217,,,-229.0712432861328,-229.0712432861328,,,0.45491495728492737,-99.54508209228516,
reinforce,,,100.0,2,446,1.6795028345655507,6,0.0011298656463623047,0.7756538391113281,,,-337.60101318359375,-337.60101318359375,,,0.17569132149219513,-99.82431030273438,
reinforce,,,100.0,2,447,1.8722636186008388,6,0.0011639595031738281,0.776871919631958,,,-245.17637634277344,-245.17637634277344,,,0.3009636700153351,-99.69903564453125,
reinforce,,,100.0,2,448,1.6172784047068525,6,0.0011401176452636719,0.7780718803405762,,,-220.32814025878906,-220.32814025878906,,,0.12141987681388855,-99.87857818603516,
reinforce,,,100.0,2,449,1.158703017492953,7,0.001249074935913086,0.7793710231781006,,,-197.02317810058594,-197.02317810058594,,,-0.5225244164466858,-100.52252197265625,
reinforce,,,100.0,2,450,1.4308763206128887,7,0.001233816146850586,0.780648946762085,,,-250.22959899902344,-250.22959899902344,,,-0.3306199610233307,-100.33061981201172,
reinforce,,,100.0,2,451,1.199038445775098,7,0.0012919902801513672,0.7819869518280029,,,-286.00238037109375,-286.00238037109375,,,-0.4889272153377533,-100.48892974853516,
reinforce,,,100.0,2,452,2.1005600041464807,6,0.00115203857421875,0.7831850051879883,,,-186.266845703125,-186.266845703125,,,0.4559025466442108,-99.54409790039062,
reinforce,,,100.0,2,453,2.043086552422534,6,0.0012371540069580078,0.784480094909668,,,-254.4056854248047,-254.4056854248047,,,0.40282976627349854,-99.59716796875,
reinforce,,,100.0,2,454,1.232566756068287,7,0.0012722015380859375,0.7858109474182129,,,-249.58396911621094,-249.58396911621094,,,-0.4829126000404358,-100.48291015625,
reinforce,,,100.0,2,455,2.173008758888767,6,0.001127004623413086,0.7869908809661865,,,-337.2056579589844,-337.2056579589844,,,0.5095133781433105,-99.49048614501953,
reinforce,,,100.0,2,456,1.763732344215936,6,0.0011141300201416016,0.7882349491119385,,,-294.8786315917969,-294.8786315917969,,,0.23667991161346436,-99.76331329345703,
reinforce,,,100.0,2,457,1.971666660881283,6,0.0011022090911865234,0.7893891334533691,,,-201.99778747558594,-201.99778747558594,,,0.3594551086425781,-99.64054107666016,
reinforce,,,100.0,2,458,2.009578380891239,6,0.001104116439819336,0.7905399799346924,,,-132.39456176757812,-132.39456176757812,,,0.38281288743019104,-99.6171875,
reinforce,,,100.0,2,459,1.7283397659229744,7,0.0013270378112792969,0.7919139862060547,,,-227.8190460205078,-227.8190460205078,,,-0.15510950982570648,-100.15510559082031,
reinforce,,,100.0,2,460,1.3546580915611686,7,0.0012440681457519531,0.793208122253418,1.8279433246672252,0.3516988513940891,-190.30020141601562,-190.30020141601562,,,-0.3686419427394867,-100.36863708496094,
reinforce,,,100.0,2,461,1.6167804302785573,7,0.0014331340789794922,0.7982840538024902,,,-290.28546142578125,-290.28546142578125,,,-0.24372519552707672,-100.24372100830078,
reinforce,,,100.0,2,462,1.9220092294093993,6,0.001107931137084961,0.7994539737701416,,,-269.7756042480469,-269.7756042480469,,,0.35967370867729187,-99.64032745361328,
reinforce,,,100.0,2,463,1.7359926383512094,6,0.001094818115234375,0.8005998134613037,,,-326.0181579589844,-326.0181579589844,,,0.21822810173034668,-99.78176879882812,
reinforce,,,100.0,2,464,1.787909234688774,6,0.0010950565338134766,0.8017499446868896,,,-271.9010009765625,-271.9010009765625,,,0.26803767681121826,-99.7319564819336,
reinforce,,,100.0,2,465,1.1964126528504404,7,0.0012738704681396484,0.803074836730957,,,-212.49606323242188,-212.49606323242188,,,-0.49560362100601196,-100.49561309814453,
reinforce,,,100.0,2,466,1.470936950903212,7,0.0012650489807128906,0.8043949604034424,,,-304.59326171875,-304.59326171875,,,-0.28400275111198425,-100.28399658203125,
reinforce,,,100.0,2,467,1.880598951964741,6,0.001180887222290039,0.8056199550628662,,,-251.594482421875,-251.594482421875,,,0.29551342129707336,-99.7044906616211,
reinforce,,,100.0,2,468,1.2494336294419954,7,0.0012140274047851562,0.8068828582763672,,,-250.26901245117188,-250.26901245117188,,,-0.443313330411911,-100.44331359863281,
reinforce,,,100.0,2,469,1.8430240402807636,7,0.0011830329895019531,0.8081109523773193,,,-226.2701416015625,-226.2701416015625,,,-0.04709881916642189,-100.04710388183594,
reinforce,,,100.0,2,470,2.098029970601947,6,0.0011210441589355469,0.8092739582061768,,,-241.1949920654297,-241.1949920654297,,,0.4563320577144623,-99.54367065429688,
reinforce,,,100.0,2,471,1.630491195348575,7,0.0012199878692626953,0.8105449676513672,,,-194.11416625976562,-194.11416625976562,,,-0.19537274539470673,-100.19537353515625,
reinforce,,,100.0,2,472,1.8815304549206617,6,0.0011439323425292969,0.8117339611053467,,,-203.1585235595703,-203.1585235595703,,,0.2951619625091553,-99.704833984375,
reinforce,,,100.0,2,473,1.8708405450858197,6,0.0011000633239746094,0.8128910064697266,,,-209.65594482421875,-209.65594482421875,,,0.2992519438266754,-99.70074462890625,
reinforce,,,100.0,2,474,1.5442487507230187,7,0.0011990070343017578,0.8141369819641113,,,-238.34263610839844,-238.34263610839844,,,-0.2655239403247833,-100.26551818847656,
reinforce,,,100.0,2,475,1.288498509559636,7,0.0012459754943847656,0.8154239654541016,,,-237.2145233154297,-237.2145233154297,,,-0.41703668236732483,-100.41703796386719,
reinforce,,,100.0,2,476,1.9947279290424402,6,0.0010752677917480469,0.8165462017059326,,,-195.59657287597656,-195.59657287597656,,,0.36392149329185486,-99.63607788085938,
reinforce,,,100.0,2,477,1.602005016397426,7,0.0012519359588623047,0.8178379535675049,,,-225.0858917236328,-225.0858917236328,,,-0.25323328375816345,-100.25323486328125,
reinforce,,,100.0,2,478,1.0930798943490858,7,0.0012500286102294922,0.8191280364990234,,,-183.91737365722656,-183.91737365722656,,,-0.573011577129364,-100.57300567626953,
reinforce,,,100.0,2,479,1.1919021598821675,7,0.0011620521545410156,0.8203411102294922,,,-230.19717407226562,-230.19717407226562,,,-0.5135570764541626,-100.5135498046875,
reinforce,,,100.0,2,480,2.1181250323454552,6,0.0010669231414794922,0.8214929103851318,1.4816961858454776,0.31058275166160615,-183.04974365234375,-183.04974365234375,,,0.47849714756011963,-99.5215072631836,
reinforce,,,100.0,2,481,1.9985952667132698,6,0.0012416839599609375,0.8264567852020264,,,-282.9197998046875,-282.9197998046875,,,0.3654417097568512,-99.63455200195312,
reinforce,,,100.0,2,482,2.033959267152211,6,0.0011069774627685547,0.8276119232177734,,,-209.9507293701172,-209.9507293701172,,,0.4272545278072357,-99.57274627685547,
reinforce,,,100.0,2,483,1.9545068479663303,6,0.00109100341796875,0.8287479877471924,,,-186.3391571044922,-186.3391571044922,,,0.3520496189594269,-99.64794921875,
reinforce,,,100.0,2,484,1.809829449638634,6,0.0010819435119628906,0.8298709392547607,,,-284.5887145996094,-284.5887145996094,,,0.283104807138443,-99.7168960571289,
reinforce,,,100.0,2,485,1.464523248055783,7,0.0013151168823242188,0.8312299251556396,,,-174.24172973632812,-174.24172973632812,,,-0.33183637261390686,-100.33184051513672,
reinforce,,,100.0,2,486,1.9900492235404106,6,0.0012285709381103516,0.8325047492980957,,,-238.1929473876953,-238.1929473876953,,,0.37053731083869934,-99.62945556640625,
reinforce,,,100.0,2,487,1.1019852445930889,7,0.0012726783752441406,0.8338298797607422,,,-189.3222198486328,-189.3222198486328,,,-0.5687556862831116,-100.56876373291016,
reinforce,,,100.0,2,488,1.5623405567380457,7,0.0013079643249511719,0.8351879119873047,,,-231.4619598388672,-231.4619598388672,,,-0.27380380034446716,-100.2738037109375,
reinforce,,,100.0,2,489,1.8777129671397124,6,0.0010938644409179688,0.8363289833068848,,,-151.78578186035156,-151.78578186035156,,,0.2781262695789337,-99.72187042236328,
reinforce,,,100.0,2,490,1.3172713001637166,7,0.0012731552124023438,0.8376510143280029,,,-241.0162353515625,-241.0162353515625,,,-0.39241892099380493,-100.39241790771484,
reinforce,,,100.0,2,491,1.2007126564722677,7,0.0012831687927246094,0.8389761447906494,,,-302.6044616699219,-302.6044616699219,,,-0.4954685866832733,-100.49547576904297,
reinforce,,,100.0,2,492,1.4372553147137286,7,0.0013959407806396484,0.8404140472412109,,,-344.11590576171875,-344.11590576171875,,,-0.34715256094932556,-100.34715270996094,
reinforce,,,100.0,2,493,1.4961955737259005,7,0.0012590885162353516,0.8417308330535889,,,-201.33346557617188,-201.33346557617188,,,-0.26313674449920654,-100.26313781738281,
reinforce,,,100.0,2,494,1.5493698183766296,7,0.0012569427490234375,0.8430318832397461,,,-225.83680725097656,-225.83680725097656,,,-0.27497395873069763,-100.27497863769531,
reinforce,,,100.0,2,495,1.8092600507703755,7,0.0012693405151367188,0.8443441390991211,,,-280.8423767089844,-280.8423767089844,,,-0.0983264222741127,-100.09832000732422,
reinforce,,,100.0,2,496,1.3882490475610412,7,0.001276254653930664,0.8456640243530273,,,-151.15785217285156,-151.15785217285156,,,-0.35129514336586,-100.3512954711914,
reinforce,,,100.0,2,497,2.112208388922006,6,0.0011992454528808594,0.846912145614624,,,-286.75634765625,-286.75634765625,,,0.4640125334262848,-99.5359878540039,
reinforce,,,100.0,2,498,1.274266689811653,7,0.0012710094451904297,0.8482351303100586,,,-386.0993347167969,-386.0993347167969,,,-0.4236559569835663,-100.42365264892578,
reinforce,,,100.0,2,499,2.1678121864023265,6,0.0011339187622070312,0.8494429588317871,,,-174.2317352294922,-174.2317352294922,,,0.5038188695907593,-99.49617767333984,
reinforce,,,100.0,2,500,1.5925534604994416,7,0.00121307373046875,0.850701093673706,1.8607904065497387,0.30324098245897196,-193.2777557373047,-193.2777557373047,,,-0.21462289988994598,-100.2146224975586,
reinforce,,,100.0,2,501,1.8093546972939016,7,0.0013051033020019531,0.8558690547943115,,,-184.9603729248047,-184.9603729248047,,,-0.07189105451107025,-100.07189178466797,
reinforce,,,100.0,2,502,1.1422394324090772,7,0.0012612342834472656,0.8571751117706299,,,-277.8722839355469,-277.8722839355469,,,-0.5367917418479919,-100.53679656982422,
reinforce,,,100.0,2,503,1.2830844230818985,7,0.0012969970703125,0.858705997467041,,,-190.99514770507812,-190.99514770507812,,,-0.43401509523391724,-100.43401336669922,
reinforce,,,100.0,2,504,1.1739795977546492,7,0.001294851303100586,0.8600919246673584,,,-214.435302734375,-214.435302734375,,,-0.5010038614273071,-100.5009994506836,
reinforce,,,100.0,2,505,1.44606317949289,7,0.0012938976287841797,0.8615398406982422,,,-256.2979736328125,-256.2979736328125,,,-0.30033397674560547,-100.30033111572266,
reinforce,,,100.0,2,506,2.038723264751051,6,0.0011363029479980469,0.8627290725708008,,,-230.6562042236328,-230.6562042236328,,,0.40082383155822754,-99.59917449951172,
reinforce,,,100.0,2,507,1.5110982392627834,7,0.0012710094451904297,0.8640539646148682,,,-212.668701171875,-212.668701171875,,,-0.2684217393398285,-100.26841735839844,
reinforce,,,100.0,2,508,1.4698656233662648,7,0.0012412071228027344,0.8653430938720703,,,-216.56344604492188,-216.56344604492188,,,-0.27167657017707825,-100.27167510986328,
reinforce,,,100.0,2,509,1.5687677531873288,7,0.001271963119506836,0.866657018661499,,,-200.28262329101562,-200.28262329101562,,,-0.2626613974571228,-100.26265716552734,
reinforce,,,100.0,2,510,1.2536262989201796,7,0.0013701915740966797,0.8680751323699951,,,-194.41067504882812,-194.41067504882812,,,-0.4383731484413147,-100.43836975097656,
reinforce,,,100.0,2,511,1.7574012976066122,6,0.0010919570922851562,0.8692259788513184,,,-293.7741394042969,-293.7741394042969,,,0.22111362218856812,-99.77887725830078,
reinforce,,,100.0,2,512,1.4727846759872516,7,0.001291036605834961,0.8705627918243408,,,-153.85012817382812,-153.85012817382812,,,-0.3014059066772461,-100.30140686035156,
reinforce,,,100.0,2,513,1.678178555696123,7,0.0012869834899902344,0.8719010353088379,,,-233.15695190429688,-233.15695190429688,,,-0.1825018972158432,-100.18250274658203,
reinforce,,,100.0,2,514,1.4457071569891649,7,0.0012726783752441406,0.8732218742370605,,,-224.841796875,-224.841796875,,,-0.34193775057792664,-100.34193420410156,
reinforce,,,100.0,2,515,1.28696715325977,7,0.0013549327850341797,0.8746287822723389,,,-242.05252075195312,-242.05252075195312,,,-0.4488193988800049,-100.44881439208984,
reinforce,,,100.0,2,516,1.4864432870234683,7,0.0012478828430175781,0.8759329319000244,,,-204.3032684326172,-204.3032684326172,,,-0.2694729268550873,-100.26947021484375,
reinforce,,,100.0,2,517,2.262782797537318,6,0.0011157989501953125,0.877112865447998,,,-251.34010314941406,-251.34010314941406,,,0.5939580798149109,-99.40604400634766,
reinforce,,,100.0,2,518,1.7627904110882973,6,0.001096963882446289,0.8782548904418945,,,-232.99810791015625,-232.99810791015625,,,0.22245173156261444,-99.77754974365234,
reinforce,,,100.0,2,519,1.3036240883855028,7,0.0012660026550292969,0.8795669078826904,,,-238.88656616210938,-238.88656616210938,,,-0.39930588006973267,-100.39930725097656,
reinforce,,,100.0,2,520,1.1518737595833417,7,0.0013930797576904297,0.8810040950775146,2.061311643611527,0.06021589752762648,-192.87667846679688,-192.87667846679688,,,-0.5162436366081238,-100.51624298095703,
reinforce,,,100.0,2,521,1.7993430283046474,6,0.0011131763458251953,0.885746955871582,,,-206.319580078125,-206.319580078125,,,0.23049621284008026,-99.76950073242188,
reinforce,,,100.0,2,522,1.9395426559200166,6,0.0011069774627685547,0.8869059085845947,,,-195.4376983642578,-195.4376983642578,,,0.34112992882728577,-99.65886688232422,
reinforce,,,100.0,2,523,2.120479857046073,6,0.0011641979217529297,0.8881161212921143,,,-227.56321716308594,-227.56321716308594,,,0.4802927076816559,-99.51970672607422,
reinforce,,,100.0,2,524,2.2126509152196636,6,0.0011148452758789062,0.889286994934082,,,-295.4132995605469,-295.4132995605469,,,0.55330890417099,-99.44668579101562,
reinforce,,,100.0,2,525,1.7772893496218305,6,0.0010700225830078125,0.8904039859771729,,,-264.0923767089844,-264.0923767089844,,,0.23485040664672852,-99.76514434814453,
reinforce,,,100.0,2,526,1.3430426849384203,7,0.0013051033020019531,0.8917551040649414,,,-248.95323181152344,-248.95323181152344,,,-0.41055235266685486,-100.4105453491211,
reinforce,,,100.0,2,527,1.808483203248725,6,0.001134634017944336,0.8929758071899414,,,-221.13206481933594,-221.13206481933594,,,0.23434984683990479,-99.7656478881836,
reinforce,,,100.0,2,528,2.0938812462313736,6,0.0010790824890136719,0.8941030502319336,,,-171.92100524902344,-171.92100524902344,,,0.43518194556236267,-99.5648193359375,
reinforce,,,100.0,2,529,1.7312282865913937,6,0.0011799335479736328,0.8953371047973633,,,-222.02943420410156,-222.02943420410156,,,0.21621982753276825,-99.78378295898438,
reinforce,,,100.0,2,530,1.3244377760230281,7,0.001216888427734375,0.8966069221496582,,,-226.2763214111328,-226.2763214111328,,,-0.38935932517051697,-100.38935852050781,
reinforce,,,100.0,2,531,2.0298822917796215,6,0.0011239051818847656,0.8977758884429932,,,-233.6337127685547,-233.6337127685547,,,0.4248722791671753,-99.57512664794922,
reinforce,,,100.0,2,532,1.2949358707761367,7,0.0011773109436035156,0.898996114730835,,,-325.0222473144531,-325.0222473144531,,,-0.4121263027191162,-100.41212463378906,
reinforce,,,100.0,2,533,2.137589512720394,6,0.0010349750518798828,0.9000668525695801,,,-178.21397399902344,-178.21397399902344,,,0.5080634355545044,-99.491943359375,
reinforce,,,100.0,2,534,1.9762667465642711,6,0.0010230541229248047,0.9011359214782715,,,-208.72264099121094,-208.72264099121094,,,0.3927507698535919,-99.60724639892578,
reinforce,,,100.0,2,535,2.118426132130332,6,0.0011839866638183594,0.9023580551147461,,,-167.15963745117188,-167.15963745117188,,,0.46667441725730896,-99.5333251953125,
reinforce,,,100.0,2,536,1.914599054198956,6,0.0010669231414794922,0.903472900390625,,,-196.2583770751953,-196.2583770751953,,,0.31681498885154724,-99.68318939208984,
reinforce,,,100.0,2,537,2.216257209001439,6,0.0011150836944580078,0.9046280384063721,,,-200.71324157714844,-200.71324157714844,,,0.5465623736381531,-99.45343780517578,
reinforce,,,100.0,2,538,2.017477158288771,6,0.0010509490966796875,0.9057199954986572,,,-206.60240173339844,-206.60240173339844,,,0.39035627245903015,-99.6096420288086,
reinforce,,,100.0,2,539,2.1411039666370195,6,0.0010480880737304688,0.906804084777832,,,-196.5692901611328,-196.5692901611328,,,0.5016953349113464,-99.4983139038086,
reinforce,,,100.0,2,540,2.001404791109323,6,0.0010170936584472656,0.9078578948974609,1.9885109136213892,0.08512322887415538,-148.643310546875,-148.643310546875,,,0.3706634044647217,-99.62934112548828,
reinforce,,,100.0,2,541,2.0259348152001535,6,0.0010960102081298828,0.9124360084533691,,,-211.5766143798828,-211.5766143798828,,,0.39141735434532166,-99.60858154296875,
reinforce,,,100.0,2,542,1.95255622565029,6,0.0010688304901123047,0.9135518074035645,,,-211.26377868652344,-211.26377868652344,,,0.3798879086971283,-99.6201171875,
reinforce,,,100.0,2,543,2.1669775350233422,6,0.0010638236999511719,0.914658784866333,,,-290.4684753417969,-290.4684753417969,,,0.5077664256095886,-99.49224090576172,
reinforce,,,100.0,2,544,1.6499937105981073,6,0.0012030601501464844,0.9159030914306641,,,-296.7393493652344,-296.7393493652344,,,0.13813583552837372,-99.86185455322266,
reinforce,,,100.0,2,545,1.6643920162219408,6,0.0010790824890136719,0.9170639514923096,,,-210.2168731689453,-210.2168731689453,,,0.16632813215255737,-99.83367156982422,
reinforce,,,100.0,2,546,2.107535738066848,6,0.0010650157928466797,0.91817307472229,,,-302.9683532714844,-302.9683532714844,,,0.4602980613708496,-99.53970336914062,
reinforce,,,100.0,2,547,1.2248519035427603,7,0.0012090206146240234,0.919421911239624,,,-225.00965881347656,-225.00965881347656,,,-0.4803191125392914,-100.48033142089844,
reinforce,,,100.0,2,548,1.9896404508893135,6,0.0010349750518798828,0.9205000400543213,,,-184.9680633544922,-184.9680633544922,,,0.37268853187561035,-99.62731170654297,
reinforce,,,100.0,2,549,1.6666534492224867,6,0.0010759830474853516,0.9216148853302002,,,-254.2375946044922,-254.2375946044922,,,0.16814689338207245,-99.83185577392578,
reinforce,,,100.0,2,550,1.7729876410115815,7,0.0012929439544677734,0.9229450225830078,,,-251.73890686035156,-251.73890686035156,,,-0.09110721200704575,-100.09110260009766,
reinforce,,,100.0,2,551,1.905012162256328,6,0.0010671615600585938,0.9240999221801758,,,-175.15765380859375,-175.15765380859375,,,0.31196466088294983,-99.68804168701172,
reinforce,,,100.0,2,552,2.0834487322202824,6,0.00102996826171875,0.9251768589019775,,,-357.6678771972656,-357.6678771972656,,,0.45755013823509216,-99.54244995117188,
reinforce,,,100.0,2,553,1.724311774172046,6,0.0010960102081298828,0.9263219833374023,,,-193.9809112548828,-193.9809112548828,,,0.20304375886917114,-99.79695892333984,
reinforce,,,100.0,2,554,1.889111597832047,6,0.0010826587677001953,0.9274487495422363,,,-399.4219055175781,-399.4219055175781,,,0.32833659648895264,-99.67166137695312,
reinforce,,,100.0,2,555,1.3547811883684606,7,0.0012438297271728516,0.9287397861480713,,,-297.22796630859375,-297.22796630859375,,,-0.35066598653793335,-100.35066986083984,
reinforce,,,100.0,2,556,1.6154771533732462,6,0.0011219978332519531,0.9299180507659912,,,-209.4266357421875,-209.4266357421875,,,0.11898151785135269,-99.88101959228516,
reinforce,,,100.0,2,557,1.904431705132975,6,0.0010750293731689453,0.9310469627380371,,,-187.0758819580078,-187.0758819580078,,,0.33887729048728943,-99.66112518310547,
reinforce,,,100.0,2,558,1.876523790753004,6,0.001068115234375,0.9321639537811279,,,-291.7967224121094,-291.7967224121094,,,0.31239181756973267,-99.68761444091797,
reinforce,,,100.0,2,559,2.0369105215237546,6,0.0010249614715576172,0.9332318305969238,,,-258.72088623046875,-258.72088623046875,,,0.4193609654903412,-99.58063507080078,
reinforce,,,100.0,2,560,1.8979900849927722,6,0.0010521411895751953,0.9343240261077881,1.9061528396602831,0.06430772759998615,-238.38751220703125,-238.38751220703125,,,0.3646981716156006,-99.63530731201172,
reinforce,,,100.0,2,561,1.8209342528690255,6,0.0011298656463623047,0.9390678405761719,,,-199.530029296875,-199.530029296875,,,0.24413710832595825,-99.755859375,
reinforce,,,100.0,2,562,1.6153620570411495,6,0.0010318756103515625,0.9401419162750244,,,-234.2183837890625,-234.2183837890625,,,0.11091385036706924,-99.88909149169922,
reinforce,,,100.0,2,563,2.2140800383384134,6,0.0010831356048583984,0.9412689208984375,,,-233.8675537109375,-233.8675537109375,,,0.5539572238922119,-99.446044921875,
reinforce,,,100.0,2,564,1.9040277923440414,6,0.001010894775390625,0.9423198699951172,,,-291.2886047363281,-291.2886047363281,,,0.33907654881477356,-99.66092681884766,
reinforce,,,100.0,2,565,2.0507497066123506,6,0.0010640621185302734,0.9434220790863037,,,-283.94580078125,-283.94580078125,,,0.43770071864128113,-99.56229400634766,
reinforce,,,100.0,2,566,1.9880440220465723,6,0.0011017322540283203,0.9446537494659424,,,-219.1711883544922,-219.1711883544922,,,0.36021602153778076,-99.63977813720703,
reinforce,,,100.0,2,567,2.0727250409551394,6,0.0010669231414794922,0.9457700252532959,,,-250.4427947998047,-250.4427947998047,,,0.45163264870643616,-99.54837036132812,
reinforce,,,100.0,2,568,1.2091103201381852,7,0.0012192726135253906,0.9470391273498535,,,-227.9501190185547,-227.9501190185547,,,-0.4905237853527069,-100.49052429199219,
reinforce,,,100.0,2,569,1.7995805793906763,6,0.0010480880737304688,0.948127031326294,,,-264.13189697265625,-264.13189697265625,,,0.2567167282104492,-99.7432861328125,
reinforce,,,100.0,2,570,1.7275775791555283,6,0.0010230541229248047,0.9491879940032959,,,-317.4779357910156,-317.4779357910156,,,0.21250741183757782,-99.7874984741211,
reinforce,,,100.0,2,571,1.8824694539273403,6,0.0010330677032470703,0.950268030166626,,,-342.6986389160156,-342.6986389160156,,,0.30528202652931213,-99.69470977783203,
reinforce,,,100.0,2,572,2.0451485678534054,6,0.0011382102966308594,0.9515860080718994,,,-340.55877685546875,-340.55877685546875,,,0.40552636981010437,-99.59447479248047,
reinforce,,,100.0,2,573,1.721680940555588,6,0.0010690689086914062,0.9527029991149902,,,-229.32188415527344,-229.32188415527344,,,0.2092311531305313,-99.79076385498047,
reinforce,,,100.0,2,574,2.0479883596581647,6,0.0010349750518798828,0.9537780284881592,,,-179.54457092285156,-179.54457092285156,,,0.4258060157299042,-99.57418823242188,
reinforce,,,100.0,2,575,1.815953822904762,6,0.0009961128234863281,0.9548120498657227,,,-314.38714599609375,-314.38714599609375,,,0.28615424036979675,-99.7138442993164,
reinforce,,,100.0,2,576,1.8169862959576153,6,0.001055002212524414,0.9559319019317627,,,-229.904052734375,-229.904052734375,,,0.24226884543895721,-99.75772857666016,
reinforce,,,100.0,2,577,2.081384744784799,6,0.0010120868682861328,0.9569790363311768,,,-170.6524200439453,-170.6524200439453,,,0.4569644629955292,-99.54303741455078,
reinforce,,,100.0,2,578,1.0582923847409995,7,0.0012898445129394531,0.9583039283752441,,,-255.27066040039062,-255.27066040039062,,,-0.5921964049339294,-100.59220123291016,
reinforce,,,100.0,2,579,1.7319524472402292,6,0.001046895980834961,0.9594008922576904,,,-203.81817626953125,-203.81817626953125,,,0.21606327593326569,-99.783935546875,
reinforce,,,100.0,2,580,1.8853613471858737,6,0.001081228256225586,0.9605300426483154,1.9171241542040227,0.038228854075707,-234.50567626953125,-234.50567626953125,,,0.3574405610561371,-99.6425552368164,
reinforce,,,100.0,2,581,2.076678038717283,6,0.0012688636779785156,0.9653608798980713,,,-213.05079650878906,-213.05079650878906,,,0.47212672233581543,-99.52787017822266,
reinforce,,,100.0,2,582,1.896760834957684,6,0.0010919570922851562,0.9665069580078125,,,-166.30886840820312,-166.30886840820312,,,0.3451847732067108,-99.65481567382812,
reinforce,,,100.0,2,583,2.0111698465366556,6,0.0011200904846191406,0.9676780700683594,,,-316.3932800292969,-316.3932800292969,,,0.41388294100761414,-99.58612060546875,
reinforce,,,100.0,2,584,1.8150887111209746,6,0.0010938644409179688,0.968817949295044,,,-299.6278381347656,-299.6278381347656,,,0.2848796844482422,-99.71511840820312,
reinforce,,,100.0,2,585,1.9000069989409418,6,0.001153707504272461,0.9700188636779785,,,-285.42254638671875,-285.42254638671875,,,0.36606693267822266,-99.6339340209961,
reinforce,,,100.0,2,586,2.076467935269216,6,0.0012640953063964844,0.9713258743286133,,,-129.06532287597656,-129.06532287597656,,,0.42359623312950134,-99.57640838623047,
reinforce,,,100.0,2,587,2.174477022886073,6,0.0011069774627685547,0.9724948406219482,,,-216.18243408203125,-216.18243408203125,,,0.5319308042526245,-99.46807098388672,
reinforce,,,100.0,2,588,1.8372281973847888,6,0.0011131763458251953,0.9736630916595459,,,-172.9140167236328,-172.9140167236328,,,0.2533542811870575,-99.74664306640625,
reinforce,,,100.0,2,589,1.285224654120513,7,0.001268148422241211,0.9749820232391357,,,-181.3269500732422,-181.3269500732422,,,-0.4108830988407135,-100.41088104248047,
reinforce,,,100.0,2,590,2.0400179215811454,6,0.0010542869567871094,0.9760761260986328,,,-253.46934509277344,-253.46934509277344,,,0.4312983453273773,-99.5687026977539,
reinforce,,,100.0,2,591,1.6729692780890595,6,0.0010721683502197266,0.9771971702575684,,,-241.7696990966797,-241.7696990966797,,,0.15243302285671234,-99.84756469726562,
reinforce,,,100.0,2,592,2.0175820155549173,6,0.001119852066040039,0.9783627986907959,,,-335.2879943847656,-335.2879943847656,,,0.386167973279953,-99.61383056640625,
reinforce,,,100.0,2,593,2.0480975327166027,6,0.0011279582977294922,0.9795358180999756,,,-226.01104736328125,-226.01104736328125,,,0.42532286047935486,-99.57467651367188,
reinforce,,,100.0,2,594,2.139197630329571,6,0.0011181831359863281,0.980705976486206,,,-289.9140930175781,-289.9140930175781,,,0.5095802545547485,-99.49041748046875,
reinforce,,,100.0,2,595,2.009078315139808,6,0.0011661052703857422,0.9819169044494629,,,-231.598876953125,-231.598876953125,,,0.41336140036582947,-99.58663177490234,
reinforce,,,100.0,2,596,1.4434920211462468,7,0.0012290477752685547,0.9831900596618652,,,-310.1253356933594,-310.1253356933594,,,-0.3440529406070709,-100.34405517578125,
reinforce,,,100.0,2,597,1.8352300393542942,6,0.001096963882446289,0.9843389987945557,,,-231.38868713378906,-231.38868713378906,,,0.27770960330963135,-99.7222900390625,
reinforce,,,100.0,2,598,1.189187511578619,7,0.0013971328735351562,0.9857840538024902,,,-237.917724609375,-237.917724609375,,,-0.4925786554813385,-100.4925765991211,
reinforce,,,100.0,2,599,1.7960162755337716,6,0.0011279582977294922,0.9869709014892578,,,-268.50457763671875,-268.50457763671875,,,0.2737254202365875,-99.72626495361328,
reinforce,,,100.0,2,600,1.8339637785556533,6,0.001110076904296875,0.9882900714874268,1.7016742758625938,0.030951823921195845,-383.3906555175781,-383.3906555175781,,,0.2677796483039856,-99.73221588134766,
reinforce,,,100.0,2,601,1.8163951047129794,6,0.0012962818145751953,0.9930450916290283,,,-186.5736846923828,-186.5736846923828,,,0.28610554337501526,-99.71389770507812,
reinforce,,,100.0,2,602,1.6963866833637167,6,0.0011091232299804688,0.9942119121551514,,,-177.0938262939453,-177.0938262939453,,,0.1830958127975464,-99.81690216064453,
reinforce,,,100.0,2,603,1.7421431245474295,6,0.0011172294616699219,0.9953820705413818,,,-210.740234375,-210.740234375,,,0.2122107297182083,-99.78778839111328,
reinforce,,,100.0,2,604,1.5916547286969953,6,0.0011110305786132812,0.9965379238128662,,,-201.63580322265625,-201.63580322265625,,,0.1035529300570488,-99.89644622802734,
reinforce,,,100.0,2,605,1.6322634288455617,6,0.001104116439819336,0.9976849555969238,,,-193.8005828857422,-193.8005828857422,,,0.12952741980552673,-99.87047576904297,
reinforce,,,100.0,2,606,1.7130902697884427,6,0.0012187957763671875,0.9989478588104248,,,-205.00567626953125,-205.00567626953125,,,0.19469185173511505,-99.80530548095703,
reinforce,,,100.0,2,607,2.0596856081294983,6,0.0010750293731689453,1.0000851154327393,,,-264.1694030761719,-264.1694030761719,,,0.4322618246078491,-99.56774139404297,
reinforce,,,100.0,2,608,1.792647547049733,6,0.00109100341796875,1.001222848892212,,,-196.11602783203125,-196.11602783203125,,,0.271155446767807,-99.72885131835938,
reinforce,,,100.0,2,609,1.7000735911695728,6,0.0011620521545410156,1.0024330615997314,,,-326.5867614746094,-326.5867614746094,,,0.18611180782318115,-99.81388092041016,
reinforce,,,100.0,2,610,1.6964130112824396,6,0.0010941028594970703,1.0035719871520996,,,-279.8835144042969,-279.8835144042969,,,0.18311558663845062,-99.81688690185547,
reinforce,,,100.0,2,611,1.8127775351010929,6,0.0011088848114013672,1.0047318935394287,,,-394.2557067871094,-394.2557067871094,,,0.29530373215675354,-99.70470428466797,
reinforce,,,100.0,2,612,1.6790174000527036,6,0.001196146011352539,1.0059731006622314,,,-191.8989715576172,-191.8989715576172,,,0.17413489520549774,-99.82585906982422,
reinforce,,,100.0,2,613,1.6292189773908408,6,0.0010831356048583984,1.0071139335632324,,,-263.0110778808594,-263.0110778808594,,,0.12852461636066437,-99.8714828491211,
reinforce,,,100.0,2,614,1.7893949385493713,6,0.0010759830474853516,1.008234977722168,,,-277.1451110839844,-277.1451110839844,,,0.26999711990356445,-99.7300033569336,
reinforce,,,100.0,2,615,1.843722419810545,6,0.0010521411895751953,1.0093319416046143,,,-214.3103790283203,-214.3103790283203,,,0.3127306401729584,-99.6872787475586,
reinforce,,,100.0,2,616,1.7810009265293967,6,0.0010747909545898438,1.0104498863220215,,,-327.8854064941406,-327.8854064941406,,,0.26403936743736267,-99.7359619140625,
reinforce,,,100.0,2,617,1.7081219229448064,6,0.0011467933654785156,1.011650800704956,,,-186.96791076660156,-186.96791076660156,,,0.20432095229625702,-99.79568481445312,
reinforce,,,100.0,2,618,1.721707285409307,6,0.0011439323425292969,1.0128469467163086,,,-295.6063232421875,-295.6063232421875,,,0.19985955953598022,-99.80014038085938,
reinforce,,,100.0,2,619,1.7636750857146806,6,0.0011548995971679688,1.014103889465332,,,-137.4044647216797,-137.4044647216797,,,0.2534455358982086,-99.7465591430664,
reinforce,,,100.0,2,620,1.7000380702586635,6,0.0010378360748291016,1.0151917934417725,1.7552683674300684,0.04364442276674993,-218.40138244628906,-218.40138244628906,,,0.18524689972400665,-99.81475830078125,
reinforce,,,100.0,2,621,1.8259844120403592,6,0.0011789798736572266,1.0199339389801025,,,-189.10919189453125,-189.10919189453125,,,0.30263927578926086,-99.6973648071289,
reinforce,,,100.0,2,622,1.7488073671686961,6,0.0011410713195800781,1.0211379528045654,,,-304.0931396484375,-304.0931396484375,,,0.22828209400177002,-99.77172088623047,
reinforce,,,100.0,2,623,2.1668845497231364,6,0.0011000633239746094,1.0223009586334229,,,-279.7458801269531,-279.7458801269531,,,0.48663195967674255,-99.51336669921875,
reinforce,,,100.0,2,624,1.7475385871628042,6,0.0010979175567626953,1.0234827995300293,,,-179.9784393310547,-179.9784393310547,,,0.22502417862415314,-99.77497100830078,
reinforce,,,100.0,2,625,1.875578207831241,6,0.0011136531829833984,1.0246458053588867,,,-197.1961669921875,-197.1961669921875,,,0.34146663546562195,-99.65853118896484,
reinforce,,,100.0,2,626,1.6484744193897454,6,0.0011382102966308594,1.0258350372314453,,,-205.3805694580078,-205.3805694580078,,,0.13757212460041046,-99.8624267578125,
reinforce,,,100.0,2,627,1.6981833983387413,6,0.001234292984008789,1.0271151065826416,,,-252.22735595703125,-252.22735595703125,,,0.1959710717201233,-99.80402374267578,
reinforce,,,100.0,2,628,1.6834161784270427,6,0.0010972023010253906,1.0282690525054932,,,-212.4847412109375,-212.4847412109375,,,0.17699451744556427,-99.822998046875,
reinforce,,,100.0,2,629,1.6462841061452704,6,0.0011069774627685547,1.0294270515441895,,,-319.24847412109375,-319.24847412109375,,,0.13638468086719513,-99.86361694335938,
reinforce,,,100.0,2,630,1.8092230065433823,6,0.0010831356048583984,1.0305590629577637,,,-242.2093505859375,-242.2093505859375,,,0.2933942973613739,-99.70660400390625,
reinforce,,,100.0,2,631,1.635225274386129,6,0.001094818115234375,1.0316998958587646,,,-233.62745666503906,-233.62745666503906,,,0.1282256841659546,-99.87177276611328,
reinforce,,,100.0,2,632,1.69904199058368,6,0.0011010169982910156,1.0328419208526611,,,-293.8434753417969,-293.8434753417969,,,0.1833622008562088,-99.8166275024414,
reinforce,,,100.0,2,633,1.686672168963822,6,0.0011439323425292969,1.0340309143066406,,,-355.4908752441406,-355.4908752441406,,,0.17856229841709137,-99.8214340209961,
reinforce,,,100.0,2,634,1.8199907094248307,6,0.0010690689086914062,1.0351529121398926,,,-183.73692321777344,-183.73692321777344,,,0.2882137596607208,-99.7117919921875,
reinforce,,,100.0,2,635,1.745361997856449,6,0.0010340213775634766,1.0362298488616943,,,-195.28558349609375,-195.28558349609375,,,0.22483055293560028,-99.7751693725586,
reinforce,,,100.0,2,636,1.8684415468458975,6,0.0010709762573242188,1.0373508930206299,,,-251.1657257080078,-251.1657257080078,,,0.31830012798309326,-99.68169403076172,
reinforce,,,100.0,2,637,1.628197463496569,6,0.0010819435119628906,1.0384950637817383,,,-160.85287475585938,-160.85287475585938,,,0.12752947211265564,-99.87246704101562,
reinforce,,,100.0,2,638,1.6699017185452982,6,0.0010869503021240234,1.0396230220794678,,,-244.98289489746094,-244.98289489746094,,,0.170248880982399,-99.82975006103516,
reinforce,,,100.0,2,639,1.6745833760791842,6,0.0011746883392333984,1.040846824645996,,,-241.3344268798828,-241.3344268798828,,,0.17170770466327667,-99.82828521728516,
reinforce,,,100.0,2,640,1.948980759276377,6,0.0010519027709960938,1.0419490337371826,1.7163046201821863,0.09792301034569086,-389.5582275390625,-389.5582275390625,,,0.3778766393661499,-99.62212371826172,
reinforce,,,100.0,2,641,1.808920548705398,6,0.0010890960693359375,1.046360969543457,,,-221.9215850830078,-221.9215850830078,,,0.2808232605457306,-99.71917724609375,
reinforce,,,100.0,2,642,1.794745404973481,6,0.0010838508605957031,1.0474908351898193,,,-194.63902282714844,-194.63902282714844,,,0.2723846733570099,-99.72760772705078,
reinforce,,,100.0,2,643,1.6866790545986583,6,0.0011742115020751953,1.0487911701202393,,,-197.66331481933594,-197.66331481933594,,,0.16921210289001465,-99.8307876586914,
reinforce,,,100.0,2,644,1.832892308485422,6,0.0011098384857177734,1.0499567985534668,,,-391.2337646484375,-391.2337646484375,,,0.30647966265678406,-99.69351959228516,
reinforce,,,100.0,2,645,1.8493901113735363,6,0.001096963882446289,1.0511000156402588,,,-231.34690856933594,-231.34690856933594,,,0.31580793857574463,-99.68419647216797,
reinforce,,,100.0,2,646,1.816925800521933,6,0.0010709762573242188,1.0522160530090332,,,-173.82310485839844,-173.82310485839844,,,0.2856646478176117,-99.7143325805664,
reinforce,,,100.0,2,647,1.7996245447981534,6,0.0010628700256347656,1.0533199310302734,,,-197.6673126220703,-197.6673126220703,,,0.27447253465652466,-99.72552490234375,
reinforce,,,100.0,2,648,1.8084886043377286,6,0.0011153221130371094,1.054474115371704,,,-151.9702911376953,-151.9702911376953,,,0.28419920802116394,-99.7157974243164,
reinforce,,,100.0,2,649,1.9051395222599614,6,0.0010581016540527344,1.0555830001831055,,,-283.0481262207031,-283.0481262207031,,,0.323775976896286,-99.67623138427734,
reinforce,,,100.0,2,650,1.7995443470203842,6,0.0010960102081298828,1.0567219257354736,,,-249.94580078125,-249.94580078125,,,0.27804121375083923,-99.72195434570312,
reinforce,,,100.0,2,651,1.7078874089477127,6,0.0010440349578857422,1.0578179359436035,,,-200.37396240234375,-200.37396240234375,,,0.19071847200393677,-99.80928802490234,
reinforce,,,100.0,2,652,1.7847621819434552,6,0.001051187515258789,1.0589110851287842,,,-240.7744140625,-240.7744140625,,,0.26754334568977356,-99.73245239257812,
reinforce,,,100.0,2,653,1.68657564426274,6,0.0010521411895751953,1.060002088546753,,,-248.01393127441406,-248.01393127441406,,,0.18140558898448944,-99.81859588623047,
reinforce,,,100.0,2,654,1.7206724414567187,6,0.0011551380157470703,1.06119704246521,,,-208.3201446533203,-208.3201446533203,,,0.2107006162405014,-99.789306640625,
reinforce,,,100.0,2,655,1.8900123470207215,6,0.0010809898376464844,1.0623328685760498,,,-232.75677490234375,-232.75677490234375,,,0.3599315583705902,-99.64006805419922,
reinforce,,,100.0,2,656,1.663446896426022,6,0.0010838508605957031,1.0634639263153076,,,-147.83724975585938,-147.83724975585938,,,0.16403408348560333,-99.8359603881836,
reinforce,,,100.0,2,657,1.6847771772064002,6,0.0010771751403808594,1.0645830631256104,,,-145.71287536621094,-145.71287536621094,,,0.1772361546754837,-99.82276153564453,
reinforce,,,100.0,2,658,1.8308402775412365,6,0.0010890960693359375,1.065716028213501,,,-218.67083740234375,-218.67083740234375,,,0.3063608705997467,-99.69363403320312,
reinforce,,,100.0,2,659,1.8711288165926432,6,0.0010378360748291016,1.0667979717254639,,,-142.951171875,-142.951171875,,,0.3491641581058502,-99.65084075927734,
reinforce,,,100.0,2,660,2.109859196963002,6,0.0012688636779785156,1.0681159496307373,1.74672459026824,0.09528359265763325,-218.0853729248047,-218.0853729248047,,,0.47909411787986755,-99.52090454101562,
reinforce,,,100.0,2,661,1.7908519052042589,6,0.0011010169982910156,1.0727019309997559,,,-172.0825958251953,-172.0825958251953,,,0.2730347812175751,-99.72696685791016,
reinforce,,,100.0,2,662,1.7117510593288872,6,0.0011980533599853516,1.0739610195159912,,,-197.3765106201172,-197.3765106201172,,,0.19233672320842743,-99.80765533447266,
reinforce,,,100.0,2,663,1.8104068828839353,6,0.0011620521545410156,1.0751769542694092,,,-242.9478302001953,-242.9478302001953,,,0.28333425521850586,-99.71666717529297,
reinforce,,,100.0,2,664,1.7789652284873172,6,0.0012791156768798828,1.0765149593353271,,,-177.3109588623047,-177.3109588623047,,,0.26587367057800293,-99.734130859375,
reinforce,,,100.0,2,665,1.717000227711674,6,0.0011248588562011719,1.0777769088745117,,,-293.1863098144531,-293.1863098144531,,,0.19594021141529083,-99.8040542602539,
reinforce,,,100.0,2,666,1.5641587726245108,6,0.001049041748046875,1.0788800716400146,,,-260.107421875,-260.107421875,,,0.07950108498334885,-99.92049407958984,
reinforce,,,100.0,2,667,1.807003437509401,6,0.0011258125305175781,1.0800609588623047,,,-257.6277770996094,-257.6277770996094,,,0.2909218668937683,-99.70907592773438,
reinforce,,,100.0,2,668,1.8601769963266597,6,0.001087188720703125,1.0811970233917236,,,-291.0506286621094,-291.0506286621094,,,0.3230317533016205,-99.67696380615234,
reinforce,,,100.0,2,669,1.8418668558753286,6,0.001444101333618164,1.0826880931854248,,,-274.7762145996094,-274.7762145996094,,,0.31147563457489014,-99.68852996826172,
reinforce,,,100.0,2,670,1.7529877966928145,6,0.0011110305786132812,1.0839040279388428,,,-262.3911437988281,-262.3911437988281,,,0.22824108600616455,-99.77175903320312,
reinforce,,,100.0,2,671,1.679381475979867,6,0.0010819435119628906,1.0850410461425781,,,-204.3573760986328,-204.3573760986328,,,0.17289644479751587,-99.82711029052734,
reinforce,,,100.0,2,672,1.7889797559710208,6,0.0010609626770019531,1.0861499309539795,,,-238.29222106933594,-238.29222106933594,,,0.26890668272972107,-99.73108673095703,
reinforce,,,100.0,2,673,1.7840026387396,6,0.0010647773742675781,1.0872619152069092,,,-138.48728942871094,-138.48728942871094,,,0.2684595584869385,-99.73153686523438,
reinforce,,,100.0,2,674,1.6890558350851244,6,0.0010881423950195312,1.088395118713379,,,-140.39004516601562,-140.39004516601562,,,0.17999346554279327,-99.82000732421875,
reinforce,,,100.0,2,675,1.8061592857707527,6,0.0014181137084960938,1.0898780822753906,,,-392.6449890136719,-392.6449890136719,,,0.2795912027359009,-99.72040557861328,
reinforce,,,100.0,2,676,1.8531166147662534,6,0.0012481212615966797,1.0912079811096191,,,-275.6429748535156,-275.6429748535156,,,0.31898435950279236,-99.6810073852539,
reinforce,,,100.0,2,677,1.757077994831455,6,0.0011019706726074219,1.092371940612793,,,-179.9738311767578,-179.9738311767578,,,0.2306451052427292,-99.76934814453125,
reinforce,,,100.0,2,678,1.7745524436098945,6,0.0011119842529296875,1.0935370922088623,,,-244.38246154785156,-244.38246154785156,,,0.2622940242290497,-99.73770904541016,
reinforce,,,100.0,2,679,1.7149949391444665,6,0.0011849403381347656,1.094770908355713,,,-227.09019470214844,-227.09019470214844,,,0.19548217952251434,-99.80452728271484,
reinforce,,,100.0,2,680,1.6547699347753744,6,0.0015010833740234375,1.0963830947875977,1.767492274187635,0.059546835930603,-201.37005615234375,-201.37005615234375,,,0.15859784185886383,-99.84140014648438,
reinforce,,,100.0,2,681,1.92256551084557,6,0.0011436939239501953,1.101243019104004,,,-268.1737976074219,-268.1737976074219,,,0.3778630197048187,-99.62213134765625,
reinforce,,,100.0,2,682,1.7426445428948332,6,0.0011289119720458984,1.1024348735809326,,,-266.8708801269531,-266.8708801269531,,,0.22272543609142303,-99.77728271484375,
reinforce,,,100.0,2,683,1.816349885136618,6,0.0012927055358886719,1.1037797927856445,,,-253.7811279296875,-253.7811279296875,,,0.2960411310195923,-99.7039566040039,
reinforce,,,100.0,2,684,1.5917596724667211,6,0.0011467933654785156,1.104996919631958,,,-293.591064453125,-293.591064453125,,,0.09612381458282471,-99.90387725830078,
reinforce,,,100.0,2,685,1.7304521942292639,6,0.0011377334594726562,1.1062967777252197,,,-214.05987548828125,-214.05987548828125,,,0.21366100013256073,-99.78633880615234,
reinforce,,,100.0,2,686,1.7000150276435864,6,0.0012197494506835938,1.1076078414916992,,,-205.14434814453125,-205.14434814453125,,,0.18584080040454865,-99.81415557861328,
reinforce,,,100.0,2,687,1.9297379878475454,6,0.001096963882446289,1.108767032623291,,,-252.2399139404297,-252.2399139404297,,,0.36644378304481506,-99.6335678100586,
reinforce,,,100.0,2,688,1.7465100158237754,6,0.0011327266693115234,1.1099457740783691,,,-192.8690643310547,-192.8690643310547,,,0.2227628231048584,-99.77722930908203,
reinforce,,,100.0,2,689,1.9282083310453484,6,0.0014801025390625,1.1115500926971436,,,-235.1415557861328,-235.1415557861328,,,0.3635289669036865,-99.636474609375,
reinforce,,,100.0,2,690,1.7922809991825455,6,0.0011379718780517578,1.112818956375122,,,-200.84722900390625,-200.84722900390625,,,0.273206889629364,-99.7267837524414,
reinforce,,,100.0,2,691,1.6323400037452407,6,0.0011491775512695312,1.1140401363372803,,,-186.4959716796875,-186.4959716796875,,,0.12928079068660736,-99.8707275390625,
reinforce,,,100.0,2,692,1.8058252249769033,6,0.0010428428649902344,1.1151418685913086,,,-253.23126220703125,-253.23126220703125,,,0.28026774525642395,-99.7197265625,
reinforce,,,100.0,2,693,1.7423106264699748,6,0.0010578632354736328,1.1162488460540771,,,-203.8987274169922,-203.8987274169922,,,0.22276617586612701,-99.7772445678711,
reinforce,,,100.0,2,694,1.603057259316548,6,0.002315998077392578,1.1186089515686035,,,-211.9565887451172,-211.9565887451172,,,0.10290255397558212,-99.8970947265625,
reinforce,,,100.0,2,695,1.8977142882560567,6,0.0012347698211669922,1.119950771331787,,,-334.2472839355469,-334.2472839355469,,,0.34466418623924255,-99.65533447265625,
reinforce,,,100.0,2,696,1.785125844314536,6,0.0011861324310302734,1.1212050914764404,,,-218.8633575439453,-218.8633575439453,,,0.2664538621902466,-99.7335433959961,
reinforce,,,100.0,2,697,1.8062836510050597,6,0.0011217594146728516,1.1223828792572021,,,-184.7444610595703,-184.7444610595703,,,0.27996698021888733,-99.72003173828125,
reinforce,,,100.0,2,698,1.822563433889154,6,0.0011489391326904297,1.1235888004302979,,,-213.664794921875,-213.664794921875,,,0.29936304688453674,-99.70063018798828,
reinforce,,,100.0,2,699,1.7077308110390266,6,0.0013880729675292969,1.1250371932983398,,,-250.1430206298828,-250.1430206298828,,,0.19200684130191803,-99.8079833984375,
reinforce,,,100.0,2,700,1.796270749371621,6,0.0011148452758789062,1.1262328624725342,1.740900650329868,0.03545001173017163,-247.25738525390625,-247.25738525390625,,,0.2748662233352661,-99.72513580322266,
reinforce,,,100.0,2,701,1.8007804872179196,6,0.0013320446014404297,1.1311628818511963,,,-252.74513244628906,-252.74513244628906,,,0.28699031472206116,-99.7130126953125,
reinforce,,,100.0,2,702,1.7119027167544858,6,0.0011849403381347656,1.1324260234832764,,,-265.9136047363281,-265.9136047363281,,,0.2035766839981079,-99.79642486572266,
reinforce,,,100.0,2,703,1.7553274534942942,6,0.0011429786682128906,1.1336309909820557,,,-182.079833984375,-182.079833984375,,,0.230680450797081,-99.7693099975586,
reinforce,,,100.0,2,704,1.6527224757781198,6,0.0011310577392578125,1.1348249912261963,,,-216.45306396484375,-216.45306396484375,,,0.14248205721378326,-99.8575210571289,
reinforce,,,100.0,2,705,1.605216933322629,6,0.0011429786682128906,1.1360290050506592,,,-279.1186828613281,-279.1186828613281,,,0.11127632856369019,-99.88872528076172,
reinforce,,,100.0,2,706,1.7044850677225296,6,0.001264810562133789,1.1373467445373535,,,-132.65931701660156,-132.65931701660156,,,0.20085839927196503,-99.79914093017578,
reinforce,,,100.0,2,707,1.787275217926539,6,0.0011849403381347656,1.1386089324951172,,,-178.46192932128906,-178.46192932128906,,,0.2676849663257599,-99.73230743408203,
reinforce,,,100.0,2,708,1.6022492366706285,6,0.0011820793151855469,1.1398680210113525,,,-278.60467529296875,-278.60467529296875,,,0.10950515419244766,-99.89049530029297,
reinforce,,,100.0,2,709,1.7464814573334067,6,0.0011358261108398438,1.1410608291625977,,,-203.2889404296875,-203.2889404296875,,,0.22429001331329346,-99.77570343017578,
reinforce,,,100.0,2,710,1.816995263106873,6,0.0011129379272460938,1.1422278881072998,,,-183.64903259277344,-183.64903259277344,,,0.28517165780067444,-99.7148208618164,
reinforce,,,100.0,2,711,1.7552352739874741,6,0.0011420249938964844,1.1434218883514404,,,-265.7141418457031,-265.7141418457031,,,0.23168431222438812,-99.76831817626953,
reinforce,,,100.0,2,712,1.6816632864041754,6,0.0011153221130371094,1.1445891857147217,,,-318.3804931640625,-318.3804931640625,,,0.17535191774368286,-99.82464599609375,
reinforce,,,100.0,2,713,1.674410124699994,6,0.0012400150299072266,1.1458780765533447,,,-177.0228729248047,-177.0228729248047,,,0.1696755439043045,-99.830322265625,
reinforce,,,100.0,2,714,1.906625447558545,6,0.001107931137084961,1.1470448970794678,,,-216.11370849609375,-216.11370849609375,,,0.3511672914028168,-99.64883422851562,
reinforce,,,100.0,2,715,1.829717150248596,6,0.0011119842529296875,1.1482069492340088,,,-218.6813507080078,-218.6813507080078,,,0.30465877056121826,-99.69534301757812,
reinforce,,,100.0,2,716,1.733434787290617,6,0.0011181831359863281,1.1493780612945557,,,-252.2506866455078,-252.2506866455078,,,0.21649374067783356,-99.78350067138672,
reinforce,,,100.0,2,717,1.8285621863486905,6,0.0011010169982910156,1.1505248546600342,,,-320.1651306152344,-320.1651306152344,,,0.2947179973125458,-99.70528411865234,
reinforce,,,100.0,2,718,1.645996520876533,6,0.0010869503021240234,1.1516590118408203,,,-285.2173156738281,-285.2173156738281,,,0.1384645253419876,-99.86153411865234,
reinforce,,,100.0,2,719,1.7798687391531463,6,0.0011930465698242188,1.1529009342193604,,,-280.7060241699219,-280.7060241699219,,,0.2455042004585266,-99.7544937133789,
reinforce,,,100.0,2,720,1.7780501296035192,6,0.00116729736328125,1.1541221141815186,1.7764620713762764,0.09747374773224342,-183.31959533691406,-183.31959533691406,,,0.2626470625400543,-99.73735809326172,
reinforce,,,100.0,2,721,1.9021307010491546,6,0.001194000244140625,1.1589009761810303,,,-240.255859375,-240.255859375,,,0.3668164312839508,-99.63318634033203,
reinforce,,,100.0,2,722,2.0566572596769315,6,0.0011718273162841797,1.1601967811584473,,,-165.29393005371094,-165.29393005371094,,,0.4607343375682831,-99.53926849365234,
reinforce,,,100.0,2,723,1.6286897809060383,6,0.00113677978515625,1.1613898277282715,,,-236.39892578125,-236.39892578125,,,0.12703748047351837,-99.87295532226562,
reinforce,,,100.0,2,724,1.7299392973048338,6,0.0011029243469238281,1.1625418663024902,,,-221.68145751953125,-221.68145751953125,,,0.2065221518278122,-99.7934799194336,
reinforce,,,100.0,2,725,1.6497380431888797,6,0.0010869503021240234,1.163672924041748,,,-242.3816680908203,-242.3816680908203,,,0.13824830949306488,-99.86175537109375,
reinforce,,,100.0,2,726,1.6704665764216708,6,0.0011479854583740234,1.1648709774017334,,,-163.8382110595703,-163.8382110595703,,,0.1696912795305252,-99.8302993774414,
reinforce,,,100.0,2,727,1.7703954355679672,6,0.0011699199676513672,1.16609787940979,,,-353.6512756347656,-353.6512756347656,,,0.2291456013917923,-99.7708511352539,
reinforce,,,100.0,2,728,1.6189653888866347,6,0.0010998249053955078,1.1672577857971191,,,-261.123291015625,-261.123291015625,,,0.12122395634651184,-99.87877655029297,
reinforce,,,100.0,2,729,1.901402810532133,6,0.001094818115234375,1.1683988571166992,,,-173.01402282714844,-173.01402282714844,,,0.32001176476478577,-99.67999267578125,
reinforce,,,100.0,2,730,1.830762500318999,6,0.0011069774627685547,1.1695518493652344,,,-252.31932067871094,-252.31932067871094,,,0.30644622445106506,-99.69356536865234,
reinforce,,,100.0,2,731,1.654731251862709,6,0.0011019706726074219,1.1706979274749756,,,-237.84388732910156,-237.84388732910156,,,0.15086504817008972,-99.8491439819336,
reinforce,,,100.0,2,732,1.645481150237368,6,0.0011470317840576172,1.171895980834961,,,-209.87351989746094,-209.87351989746094,,,0.13626216351985931,-99.86373901367188,
reinforce,,,100.0,2,733,1.6404471668187317,6,0.0011572837829589844,1.1731011867523193,,,-253.5621795654297,-253.5621795654297,,,0.13485901057720184,-99.8651351928711,
reinforce,,,100.0,2,734,1.7999368046342399,6,0.0010907649993896484,1.174245834350586,,,-380.2048645019531,-380.2048645019531,,,0.2864823043346405,-99.7135238647461,
reinforce,,,100.0,2,735,1.7979751568155107,6,0.001123189926147461,1.1754140853881836,,,-231.2917938232422,-231.2917938232422,,,0.27590692043304443,-99.7240982055664,
reinforce,,,100.0,2,736,1.6366850882269335,6,0.0010840892791748047,1.176543951034546,,,-322.5672912597656,-322.5672912597656,,,0.13053761422634125,-99.86946868896484,
reinforce,,,100.0,2,737,1.7105436745688534,6,0.0011420249938964844,1.1777379512786865,,,-202.432861328125,-202.432861328125,,,0.1944061517715454,-99.80559539794922,
reinforce,,,100.0,2,738,1.5994894813863882,6,0.0011398792266845703,1.1789250373840332,,,-260.6854553222656,-260.6854553222656,,,0.1071854829788208,-99.892822265625,
reinforce,,,100.0,2,739,1.638293531514812,6,0.0011920928955078125,1.1801629066467285,,,-184.1890411376953,-184.1890411376953,,,0.13073784112930298,-99.8692626953125,
reinforce,,,100.0,2,740,1.6840139208214837,6,0.0011138916015625,1.1813290119171143,1.7986293599400305,0.05615640230742866,-186.65673828125,-186.65673828125,,,0.1780334711074829,-99.82196807861328,
reinforce,,,100.0,2,741,1.6954768974927987,6,0.0011608600616455078,1.1859369277954102,,,-228.5418701171875,-228.5418701171875,,,0.1846880316734314,-99.8153076171875,
reinforce,,,100.0,2,742,1.674631261015381,6,0.0011401176452636719,1.187119960784912,,,-244.9657440185547,-244.9657440185547,,,0.17234615981578827,-99.8276596069336,
reinforce,,,100.0,2,743,1.7913840950658162,6,0.0014710426330566406,1.1886379718780518,,,-153.17787170410156,-153.17787170410156,,,0.27299296855926514,-99.72701263427734,
reinforce,,,100.0,2,744,1.6179090564822978,6,0.0011491775512695312,1.1898691654205322,,,-239.63165283203125,-239.63165283203125,,,0.12070956081151962,-99.8792953491211,
reinforce,,,100.0,2,745,1.6158685063005398,6,0.0010960102081298828,1.1910159587860107,,,-183.9310302734375,-183.9310302734375,,,0.12168040126562119,-99.8783187866211,
reinforce,,,100.0,2,746,1.8968509976315562,6,0.0011031627655029297,1.1921710968017578,,,-171.3713836669922,-171.3713836669922,,,0.364155650138855,-99.6358413696289,
reinforce,,,100.0,2,747,1.7938625196456879,6,0.001096963882446289,1.1933159828186035,,,-268.5188903808594,-268.5188903808594,,,0.27415868639945984,-99.72583770751953,
reinforce,,,100.0,2,748,1.852318153457741,6,0.0012030601501464844,1.1945719718933105,,,-262.9618835449219,-262.9618835449219,,,0.31866711378097534,-99.68133544921875,
reinforce,,,100.0,2,749,1.7003311859443595,6,0.0011110305786132812,1.1957321166992188,,,-173.26568603515625,-173.26568603515625,,,0.18545310199260712,-99.81454467773438,
reinforce,,,100.0,2,750,1.7486012494880445,6,0.001119852066040039,1.1968979835510254,,,-232.40830993652344,-232.40830993652344,,,0.2249765247106552,-99.7750244140625,
reinforce,,,100.0,2,751,1.833908652623326,6,0.001132965087890625,1.198077917098999,,,-224.90037536621094,-224.90037536621094,,,0.3072429895401001,-99.69275665283203,
reinforce,,,100.0,2,752,1.7202138746240176,6,0.0011057853698730469,1.1992309093475342,,,-264.1942443847656,-264.1942443847656,,,0.21144725382328033,-99.7885513305664,
reinforce,,,100.0,2,753,1.8235942026466627,6,0.0011899471282958984,1.2004711627960205,,,-216.1905975341797,-216.1905975341797,,,0.29034164547920227,-99.70965576171875,
reinforce,,,100.0,2,754,1.8812924050197142,6,0.0010628700256347656,1.2015869617462158,,,-224.8513641357422,-224.8513641357422,,,0.3554874658584595,-99.6445083618164,
reinforce,,,100.0,2,755,1.7445154807803107,6,0.0010602474212646484,1.2026901245117188,,,-260.00079345703125,-260.00079345703125,,,0.225022554397583,-99.77498626708984,
reinforce,,,100.0,2,756,1.6344438089726692,6,0.001093149185180664,1.2038280963897705,,,-326.4890441894531,-326.4890441894531,,,0.12869174778461456,-99.87130737304688,
reinforce,,,100.0,2,757,1.837279535846952,6,0.0010819435119628906,1.204953908920288,,,-167.34849548339844,-167.34849548339844,,,0.3094600439071655,-99.69054412841797,
reinforce,,,100.0,2,758,1.7742818195523604,6,0.0010466575622558594,1.206040859222412,,,-205.9732208251953,-205.9732208251953,,,0.26181039214134216,-99.73818969726562,
reinforce,,,100.0,2,759,1.8232696177056371,6,0.0012018680572509766,1.2072949409484863,,,-191.58856201171875,-191.58856201171875,,,0.28951555490493774,-99.71048736572266,
reinforce,,,100.0,2,760,1.787151429572899,6,0.0011169910430908203,1.2084629535675049,1.7491994784661888,0.10894195305757022,-162.1213836669922,-162.1213836669922,,,0.26940691471099854,-99.7305908203125,
reinforce,,,100.0,2,761,1.732352807952989,6,0.0011708736419677734,1.2132508754730225,,,-249.3597412109375,-249.3597412109375,,,0.21705742180347443,-99.7829360961914,
reinforce,,,100.0,2,762,1.8056892278360845,6,0.0011510848999023438,1.2144551277160645,,,-244.73919677734375,-244.73919677734375,,,0.27982014417648315,-99.72017669677734,
reinforce,,,100.0,2,763,1.8128178368076409,6,0.0011818408966064453,1.2156858444213867,,,-308.6344909667969,-308.6344909667969,,,0.28410470485687256,-99.71588897705078,
reinforce,,,100.0,2,764,1.63614223292987,6,0.0011098384857177734,1.2168488502502441,,,-231.51341247558594,-231.51341247558594,,,0.13129764795303345,-99.86870574951172,
reinforce,,,100.0,2,765,1.885644649146071,6,0.0011126995086669922,1.2180078029632568,,,-311.4418640136719,-311.4418640136719,,,0.35809990763664246,-99.64189910888672,
reinforce,,,100.0,2,766,1.6709773223588058,6,0.0011191368103027344,1.2191870212554932,,,-315.4604187011719,-315.4604187011719,,,0.16846363246440887,-99.83154296875,
reinforce,,,100.0,2,767,1.7133898045639135,6,0.001088857650756836,1.220322847366333,,,-240.65318298339844,-240.65318298339844,,,0.20492829382419586,-99.7950668334961,
reinforce,,,100.0,2,768,1.6207459314884713,6,0.0013051033020019531,1.2216720581054688,,,-240.0319061279297,-240.0319061279297,,,0.12110994011163712,-99.8788833618164,
reinforce,,,100.0,2,769,1.6137428051225633,6,0.0011701583862304688,1.2229130268096924,,,-229.0723419189453,-229.0723419189453,,,0.11722380667924881,-99.88278198242188,
reinforce,,,100.0,2,770,1.8537033641529221,6,0.0011107921600341797,1.224078893661499,,,-186.64036560058594,-186.64036560058594,,,0.31975480914115906,-99.68024444580078,
reinforce,,,100.0,2,771,1.8314968457877892,6,0.001065969467163086,1.225182056427002,,,-274.93896484375,-274.93896484375,,,0.3059850037097931,-99.69400787353516,
reinforce,,,100.0,2,772,1.805749367718011,6,0.0010809898376464844,1.226304054260254,,,-208.01025390625,-208.01025390625,,,0.27941641211509705,-99.7205810546875,
reinforce,,,100.0,2,773,1.8054548541326536,6,0.0010907649993896484,1.2274398803710938,,,-277.72174072265625,-277.72174072265625,,,0.2801204323768616,-99.71987915039062,
reinforce,,,100.0,2,774,1.7376217618709022,6,0.0012638568878173828,1.2287540435791016,,,-221.78065490722656,-221.78065490722656,,,0.2178884744644165,-99.78211212158203,
reinforce,,,100.0,2,775,1.6877353647664848,6,0.0011377334594726562,1.2299718856811523,,,-314.1897888183594,-314.1897888183594,,,0.17970097064971924,-99.82030487060547,
reinforce,,,100.0,2,776,1.7902814362918236,6,0.001116037368774414,1.2311389446258545,,,-184.380859375,-184.380859375,,,0.2686794102191925,-99.7313232421875,
reinforce,,,100.0,2,777,1.8162930655649283,6,0.0010380744934082031,1.232219934463501,,,-224.7626495361328,-224.7626495361328,,,0.29706871509552,-99.70293426513672,
reinforce,,,100.0,2,778,1.8613581650656335,6,0.001062154769897461,1.2333240509033203,,,-226.0328826904297,-226.0328826904297,,,0.3225569427013397,-99.67743682861328,
reinforce,,,100.0,2,779,1.746125020807846,6,0.0010840892791748047,1.2344510555267334,,,-203.7448272705078,-203.7448272705078,,,0.22473637759685516,-99.77526092529297,
reinforce,,,100.0,2,780,1.8606938791080148,6,0.0012679100036621094,1.235780954360962,1.7049141956680725,0.043426275912486885,-172.58985900878906,-172.58985900878906,,,0.3223256766796112,-99.67767333984375,
reinforce,,,100.0,2,781,1.8497121248150772,6,0.0010981559753417969,1.2403650283813477,,,-203.47010803222656,-203.47010803222656,,,0.31599166989326477,-99.68401336669922,
reinforce,,,100.0,2,782,1.8148759896652482,6,0.001096963882446289,1.2415099143981934,,,-227.9043426513672,-227.9043426513672,,,0.2855851352214813,-99.71441650390625,
reinforce,,,100.0,2,783,1.679948957589633,6,0.0011179447174072266,1.2426879405975342,,,-240.52723693847656,-240.52723693847656,,,0.17503507435321808,-99.8249740600586,
reinforce,,,100.0,2,784,1.8301718951696915,6,0.0011372566223144531,1.243873119354248,,,-205.6610107421875,-205.6610107421875,,,0.29437586665153503,-99.70562744140625,
reinforce,,,100.0,2,785,1.6568818990776708,6,0.0011258125305175781,1.2450487613677979,,,-264.3787536621094,-264.3787536621094,,,0.1439955234527588,-99.85601043701172,
reinforce,,,100.0,2,786,1.7566279738157953,6,0.0011172294616699219,1.2462100982666016,,,-194.46434020996094,-194.46434020996094,,,0.2413211464881897,-99.7586898803711,
reinforce,,,100.0,2,787,1.9226913099556637,6,0.0010919570922851562,1.2473468780517578,,,-260.0166931152344,-260.0166931152344,,,0.378884881734848,-99.6211166381836,
reinforce,,,100.0,2,788,1.6413996274124534,6,0.0011138916015625,1.2485058307647705,,,-266.4393615722656,-266.4393615722656,,,0.13396668434143066,-99.86602783203125,
reinforce,,,100.0,2,789,1.8028787954242227,6,0.001252889633178711,1.249804973602295,,,-232.83482360839844,-232.83482360839844,,,0.2889735698699951,-99.71102905273438,
reinforce,,,100.0,2,790,1.561637400868205,6,0.0010869503021240234,1.2509410381317139,,,-243.95782470703125,-243.95782470703125,,,0.07887396216392517,-99.9211196899414,
reinforce,,,100.0,2,791,1.755571256684464,6,0.0011119842529296875,1.2521040439605713,,,-183.40089416503906,-183.40089416503906,,,0.23009489476680756,-99.7698974609375,
reinforce,,,100.0,2,792,1.6964922964404978,6,0.0010800361633300781,1.2532238960266113,,,-216.4225616455078,-216.4225616455078,,,0.18503542244434357,-99.8149642944336,
reinforce,,,100.0,2,793,1.7114412260685863,6,0.0011210441589355469,1.2543890476226807,,,-275.7198486328125,-275.7198486328125,,,0.2054181545972824,-99.79458618164062,
reinforce,,,100.0,2,794,1.568974972240987,6,0.0011479854583740234,1.2555789947509766,,,-209.8306427001953,-209.8306427001953,,,0.08292491734027863,-99.91707611083984,
reinforce,,,100.0,2,795,1.7192112683607572,6,0.0013120174407958984,1.2569360733032227,,,-263.076171875,-263.076171875,,,0.20948052406311035,-99.79051971435547,
reinforce,,,100.0,2,796,1.8341044694116317,6,0.001096963882446289,1.258086919784546,,,-321.4551086425781,-321.4551086425781,,,0.31981804966926575,-99.68018341064453,
reinforce,,,100.0,2,797,1.8611382773923173,6,0.0011272430419921875,1.2592639923095703,,,-219.36260986328125,-219.36260986328125,,,0.3230268657207489,-99.6769790649414,
reinforce,,,100.0,2,798,1.7056969446740156,6,0.0011191368103027344,1.2604320049285889,,,-273.73834228515625,-273.73834228515625,,,0.18958723545074463,-99.81041717529297,
reinforce,,,100.0,2,799,1.8910722907687567,6,0.001119852066040039,1.2615978717803955,,,-325.4063720703125,-325.4063720703125,,,0.360969215631485,-99.6390380859375,
reinforce,,,100.0,2,800,1.829497560695824,6,0.0012288093566894531,1.2628717422485352,1.7799214930139058,0.06541103218494143,-220.8206024169922,-220.8206024169922,,,0.29494091868400574,-99.7050552368164,
reinforce,,,100.0,2,801,1.7186901574681923,6,0.001116037368774414,1.2676010131835938,,,-250.50616455078125,-250.50616455078125,,,0.19707798957824707,-99.80292510986328,
reinforce,,,100.0,2,802,1.8180093721869657,6,0.0011510848999023438,1.2688069343566895,,,-292.7113037109375,-292.7113037109375,,,0.28583499789237976,-99.71417236328125,
reinforce,,,100.0,2,803,1.6703687894181511,6,0.001184701919555664,1.27004075050354,,,-232.07659912109375,-232.07659912109375,,,0.16825143992900848,-99.83174896240234,
reinforce,,,100.0,2,804,1.6888560765900882,6,0.0011148452758789062,1.271202802658081,,,-227.4990234375,-227.4990234375,,,0.181653693318367,-99.8183364868164,
reinforce,,,100.0,2,805,1.6409940265716418,6,0.0010979175567626953,1.2723479270935059,,,-153.7597198486328,-153.7597198486328,,,0.13387449085712433,-99.86611938476562,
reinforce,,,100.0,2,806,1.6577310553683988,6,0.0011172294616699219,1.27351713180542,,,-301.0844421386719,-301.0844421386719,,,0.1521398276090622,-99.84786224365234,
reinforce,,,100.0,2,807,1.8003641378470372,6,0.0011172294616699219,1.274679183959961,,,-305.26348876953125,-305.26348876953125,,,0.2768559455871582,-99.72314453125,
reinforce,,,100.0,2,808,1.9228833921431987,6,0.0010671615600585938,1.2757899761199951,,,-196.09690856933594,-196.09690856933594,,,0.37855157256126404,-99.62145233154297,
reinforce,,,100.0,2,809,1.6097885120507802,6,0.001188039779663086,1.2770249843597412,,,-182.62657165527344,-182.62657165527344,,,0.11587975174188614,-99.88412475585938,
reinforce,,,100.0,2,810,1.79718702320782,6,0.0011348724365234375,1.2782118320465088,,,-175.6498260498047,-175.6498260498047,,,0.27436432242393494,-99.72563934326172,
reinforce,,,100.0,2,811,1.7249833773261596,6,0.0011258125305175781,1.2793879508972168,,,-234.45408630371094,-234.45408630371094,,,0.2096334546804428,-99.79037475585938,
reinforce,,,100.0,2,812,1.7230299105811822,6,0.0010950565338134766,1.2805321216583252,,,-252.2120819091797,-252.2120819091797,,,0.20932061970233917,-99.79067993164062,
reinforce,,,100.0,2,813,1.7194024244655843,6,0.0011119842529296875,1.2816929817199707,,,-246.18890380859375,-246.18890380859375,,,0.2089555859565735,-99.79104614257812,
reinforce,,,100.0,2,814,1.8579502604024583,6,0.001085042953491211,1.2828199863433838,,,-275.5872802734375,-275.5872802734375,,,0.3201214373111725,-99.67989349365234,
reinforce,,,100.0,2,815,1.6541284938951721,6,0.0011620521545410156,1.28403902053833,,,-195.6763153076172,-195.6763153076172,,,0.14265120029449463,-99.85735321044922,
reinforce,,,100.0,2,816,1.9039188352271232,6,0.001138925552368164,1.2852330207824707,,,-351.9659729003906,-351.9659729003906,,,0.3792707920074463,-99.6207275390625,
reinforce,,,100.0,2,817,1.8409011655386234,6,0.0011157989501953125,1.2863948345184326,,,-296.3604431152344,-296.3604431152344,,,0.31135252118110657,-99.68865203857422,
reinforce,,,100.0,2,818,1.6344531377180527,6,0.0010879039764404297,1.2875258922576904,,,-229.2281951904297,-229.2281951904297,,,0.13186238706111908,-99.86813354492188,
reinforce,,,100.0,2,819,1.8043200164028126,6,0.0011348724365234375,1.2887039184570312,,,-287.7160949707031,-287.7160949707031,,,0.27890345454216003,-99.72109985351562,
reinforce,,,100.0,2,820,1.8666014276374179,6,0.0011219978332519531,1.2898750305175781,1.6776251656722139,0.0786915194684168,-191.00709533691406,-191.00709533691406,,,0.3267041742801666,-99.67330169677734,
reinforce,,,100.0,2,821,1.7370744213355491,6,0.0011017322540283203,1.2945637702941895,,,-228.36973571777344,-228.36973571777344,,,0.2207271307706833,-99.7792739868164,
reinforce,,,100.0,2,822,1.6940096819522104,6,0.001094818115234375,1.2957079410552979,,,-245.99766540527344,-245.99766540527344,,,0.18245482444763184,-99.81754302978516,
reinforce,,,100.0,2,823,1.8243117381959444,6,0.0011630058288574219,1.2969169616699219,,,-218.50645446777344,-218.50645446777344,,,0.2909679412841797,-99.70903778076172,
reinforce,,,100.0,2,824,1.8394045218637027,6,0.0012469291687011719,1.2982218265533447,,,-248.111083984375,-248.111083984375,,,0.30960044264793396,-99.69039916992188,
reinforce,,,100.0,2,825,1.9255763781070228,6,0.0010840892791748047,1.2993519306182861,,,-187.3755645751953,-187.3755645751953,,,0.35628795623779297,-99.64370727539062,
reinforce,,,100.0,2,826,1.846737502368659,6,0.0011150836944580078,1.3005099296569824,,,-225.4084014892578,-225.4084014892578,,,0.3042978346347809,-99.6957015991211,
reinforce,,,100.0,2,827,1.8420349323091385,6,0.0011091232299804688,1.301664113998413,,,-172.2212371826172,-172.2212371826172,,,0.3105640113353729,-99.6894302368164,
reinforce,,,100.0,2,828,1.6736912250869083,6,0.0011167526245117188,1.302825927734375,,,-198.3586883544922,-198.3586883544922,,,0.16384302079677582,-99.83615112304688,
reinforce,,,100.0,2,829,1.716054670642543,6,0.0011718273162841797,1.3040478229522705,,,-186.48826599121094,-186.48826599121094,,,0.19601690769195557,-99.8039779663086,
reinforce,,,100.0,2,830,1.7708519480102205,6,0.0012979507446289062,1.305393934249878,,,-244.05645751953125,-244.05645751953125,,,0.258038729429245,-99.7419662475586,
reinforce,,,100.0,2,831,1.8612781691263267,6,0.0011050701141357422,1.3065509796142578,,,-289.4332580566406,-289.4332580566406,,,0.3271794617176056,-99.67282104492188,
reinforce,,,100.0,2,832,1.8108804240074552,6,0.0010907649993896484,1.3076848983764648,,,-243.4349365234375,-243.4349365234375,,,0.29514041543006897,-99.70486450195312,
reinforce,,,100.0,2,833,1.879626463292232,6,0.0010869503021240234,1.3088159561157227,,,-299.8626708984375,-299.8626708984375,,,0.2824103832244873,-99.71759033203125,
reinforce,,,100.0,2,834,1.7153262421001771,6,0.0011560916900634766,1.3100240230560303,,,-270.9302673339844,-270.9302673339844,,,0.19683420658111572,-99.80316162109375,
reinforce,,,100.0,2,835,1.8023796658391495,6,0.0011768341064453125,1.311249017715454,,,-238.2520751953125,-238.2520751953125,,,0.28726205229759216,-99.71273803710938,
reinforce,,,100.0,2,836,1.7539991438583609,6,0.001116037368774414,1.3124189376831055,,,-239.80152893066406,-239.80152893066406,,,0.22374768555164337,-99.77625274658203,
reinforce,,,100.0,2,837,1.648412295452223,6,0.0011029243469238281,1.3135669231414795,,,-269.1578063964844,-269.1578063964844,,,0.13774536550045013,-99.86226654052734,
reinforce,,,100.0,2,838,1.7596918776605828,6,0.0011248588562011719,1.3147368431091309,,,-231.50193786621094,-231.50193786621094,,,0.24550195038318634,-99.7544937133789,
reinforce,,,100.0,2,839,1.7018978518576644,6,0.001107931137084961,1.3158941268920898,,,-162.08349609375,-162.08349609375,,,0.18837296962738037,-99.8116226196289,
reinforce,,,100.0,2,840,2.230761357049429,6,0.0011262893676757812,1.3170671463012695,1.758324029957715,0.048187556981628354,-219.1697540283203,-219.1697540283203,,,0.5489001870155334,-99.45110321044922,
reinforce,,,100.0,2,841,1.6664941500493844,6,0.0011539459228515625,1.3217899799346924,,,-198.4858856201172,-198.4858856201172,,,0.16733761131763458,-99.8326644897461,
reinforce,,,100.0,2,842,1.671888531885078,6,0.0010950565338134766,1.3229269981384277,,,-226.385986328125,-226.385986328125,,,0.17155516147613525,-99.82845306396484,
reinforce,,,100.0,2,843,2.0460924191740437,6,0.001096963882446289,1.3240668773651123,,,-263.95806884765625,-263.95806884765625,,,0.4549091160297394,-99.54509735107422,
reinforce,,,100.0,2,844,1.8571580520343784,6,0.001104116439819336,1.3252151012420654,,,-249.1317901611328,-249.1317901611328,,,0.3202994167804718,-99.67969512939453,
reinforce,,,100.0,2,845,1.8148068673445839,6,0.001276254653930664,1.3265390396118164,,,-191.3929901123047,-191.3929901123047,,,0.29761865735054016,-99.7023696899414,
reinforce,,,100.0,2,846,1.7741142392448976,6,0.0011110305786132812,1.3277089595794678,,,-201.22998046875,-201.22998046875,,,0.2316189557313919,-99.76837921142578,
reinforce,,,100.0,2,847,1.667388438170452,6,0.0011241436004638672,1.3288772106170654,,,-183.4917755126953,-183.4917755126953,,,0.16699092090129852,-99.8330078125,
reinforce,,,100.0,2,848,2.1980808973401063,6,0.0011141300201416016,1.330035924911499,,,-176.2023468017578,-176.2023468017578,,,0.5048074126243591,-99.49520111083984,
reinforce,,,100.0,2,849,1.750695454772493,6,0.001127004623413086,1.3312039375305176,,,-180.81883239746094,-180.81883239746094,,,0.22758179903030396,-99.77242279052734,
reinforce,,,100.0,2,850,1.7422090933767116,6,0.0011630058288574219,1.33241605758667,,,-250.0502471923828,-250.0502471923828,,,0.22232210636138916,-99.77767944335938,
reinforce,,,100.0,2,851,1.8312602212216786,6,0.0011060237884521484,1.3335800170898438,,,-227.7650909423828,-227.7650909423828,,,0.3036853075027466,-99.69631958007812,
reinforce,,,100.0,2,852,1.7730176324314844,6,0.0011472702026367188,1.3347721099853516,,,-290.43267822265625,-290.43267822265625,,,0.2580347955226898,-99.7419662475586,
reinforce,,,100.0,2,853,1.8003268050696213,6,0.0011048316955566406,1.3359220027923584,,,-217.83226013183594,-217.83226013183594,,,0.2870737612247467,-99.71292114257812,
reinforce,,,100.0,2,854,1.6732175883332476,6,0.00109100341796875,1.337054967880249,,,-274.14208984375,-274.14208984375,,,0.1565464586019516,-99.84344482421875,
reinforce,,,100.0,2,855,1.8451802040052914,6,0.00109100341796875,1.3381919860839844,,,-252.9419403076172,-252.9419403076172,,,0.3135744035243988,-99.6864242553711,
reinforce,,,100.0,2,856,1.8771470487169157,6,0.001232147216796875,1.3394770622253418,,,-207.92515563964844,-207.92515563964844,,,0.3390127718448639,-99.66098022460938,
reinforce,,,100.0,2,857,1.810985961730901,6,0.001110076904296875,1.3406338691711426,,,-321.4886779785156,-321.4886779785156,,,0.2818552553653717,-99.71814727783203,
reinforce,,,100.0,2,858,1.883090915793918,6,0.0011129379272460938,1.3417949676513672,,,-210.55650329589844,-210.55650329589844,,,0.35630130767822266,-99.6436996459961,
reinforce,,,100.0,2,859,2.085955114962128,6,0.0011141300201416016,1.3429551124572754,,,-230.2492218017578,-230.2492218017578,,,0.4801997244358063,-99.51980590820312,
reinforce,,,100.0,2,860,1.7338809515997087,6,0.0011250972747802734,1.3441190719604492,1.7517371807902884,0.04269151883498195,-232.03924560546875,-232.03924560546875,,,0.21794675290584564,-99.78205108642578,
reinforce,,,100.0,2,861,1.650428999452133,6,0.0011088848114013672,1.348888874053955,,,-240.11317443847656,-240.11317443847656,,,0.13931633532047272,-99.86067962646484,
reinforce,,,100.0,2,862,1.7242167229093535,6,0.0011248588562011719,1.350064992904663,,,-244.11643981933594,-244.11643981933594,,,0.2107454389333725,-99.78925323486328,
reinforce,,,100.0,2,863,1.7062601022584205,6,0.0011053085327148438,1.3512310981750488,,,-272.6396789550781,-272.6396789550781,,,0.20098435878753662,-99.79901885986328,
reinforce,,,100.0,2,864,2.4236526253068957,6,0.0011141300201416016,1.3523919582366943,,,-189.9114532470703,-189.9114532470703,,,0.6894672513008118,-99.3105239868164,
reinforce,,,100.0,2,865,1.8236329384651215,6,0.0012280941009521484,1.3536689281463623,,,-232.9596405029297,-232.9596405029297,,,0.2913816273212433,-99.7086181640625,
reinforce,,,100.0,2,866,1.888196182790591,6,0.0011138916015625,1.3548729419708252,,,-249.4785919189453,-249.4785919189453,,,0.3584606647491455,-99.64154052734375,
reinforce,,,100.0,2,867,2.0937879555418095,6,0.0011138916015625,1.356036901473999,,,-249.6947784423828,-249.6947784423828,,,0.4583900272846222,-99.5416030883789,
reinforce,,,100.0,2,868,1.8073065434063416,6,0.0010569095611572266,1.3571348190307617,,,-231.4366912841797,-231.4366912841797,,,0.28294527530670166,-99.71704864501953,
reinforce,,,100.0,2,869,1.5970312540549592,6,0.0010879039764404297,1.3582689762115479,,,-208.1033172607422,-208.1033172607422,,,0.10785549879074097,-99.89214324951172,
reinforce,,,100.0,2,870,1.906734064444961,6,0.0011370182037353516,1.359447956085205,,,-239.9673614501953,-239.9673614501953,,,0.3699478209018707,-99.63005828857422,
reinforce,,,100.0,2,871,2.082841163080334,6,0.0011870861053466797,1.360685110092163,,,-361.84033203125,-361.84033203125,,,0.4763399064540863,-99.5236587524414,
reinforce,,,100.0,2,872,1.7586192116307389,6,0.001127004623413086,1.361875057220459,,,-203.77484130859375,-203.77484130859375,,,0.2425854653120041,-99.75741577148438,
reinforce,,,100.0,2,873,1.6532966622423182,6,0.0011010169982910156,1.3630259037017822,,,-284.97320556640625,-284.97320556640625,,,0.1419631689786911,-99.85803985595703,
reinforce,,,100.0,2,874,1.6926132706982409,6,0.0010900497436523438,1.3641560077667236,,,-223.72161865234375,-223.72161865234375,,,0.18384949862957,-99.81615447998047,
reinforce,,,100.0,2,875,2.1215406027707626,6,0.0011200904846191406,1.3653199672698975,,,-300.3337097167969,-300.3337097167969,,,0.49594101309776306,-99.50405883789062,
reinforce,,,100.0,2,876,1.9593367769665486,6,0.0010769367218017578,1.3664441108703613,,,-373.3321228027344,-373.3321228027344,,,0.4072927236557007,-99.59271240234375,
reinforce,,,100.0,2,877,2.1950974249972512,6,0.001280069351196289,1.3677661418914795,,,-329.2978210449219,-329.2978210449219,,,0.5265780091285706,-99.47341918945312,
reinforce,,,100.0,2,878,1.6063683484854183,6,0.0011138916015625,1.3689539432525635,,,-222.01902770996094,-222.01902770996094,,,0.11359262466430664,-99.88640594482422,
reinforce,,,100.0,2,879,1.8959418663191976,6,0.0011119842529296875,1.3701119422912598,,,-248.6686553955078,-248.6686553955078,,,0.36410465836524963,-99.63589477539062,
reinforce,,,100.0,2,880,1.7487691538112784,6,0.0010631084442138672,1.3712170124053955,1.7547056446381184,0.10692076514408992,-216.21484375,-216.21484375,,,0.232453390955925,-99.76753997802734,
reinforce,,,100.0,2,881,1.7396514024538163,6,0.0011239051818847656,1.3760669231414795,,,-235.3939666748047,-235.3939666748047,,,0.22193513810634613,-99.77806854248047,
reinforce,,,100.0,2,882,1.8493746983866133,6,0.0011472702026367188,1.3772680759429932,,,-201.6306610107422,-201.6306610107422,,,0.31491997838020325,-99.6850814819336,
reinforce,,,100.0,2,883,1.8864978349685766,6,0.001107931137084961,1.3784220218658447,,,-229.7189178466797,-229.7189178466797,,,0.34447431564331055,-99.65552520751953,
reinforce,,,100.0,2,884,1.776259164953742,6,0.0011298656463623047,1.37959885597229,,,-245.917236328125,-245.917236328125,,,0.25617197155952454,-99.74382781982422,
reinforce,,,100.0,2,885,1.8256717873308395,6,0.0011289119720458984,1.3807780742645264,,,-220.8851318359375,-220.8851318359375,,,0.30451151728630066,-99.69548797607422,
reinforce,,,100.0,2,886,1.609932395296735,6,0.0012159347534179688,1.3820397853851318,,,-224.4121551513672,-224.4121551513672,,,0.11851105839014053,-99.8814926147461,
reinforce,,,100.0,2,887,1.8851784149747972,6,0.0010600090026855469,1.383147954940796,,,-157.0001220703125,-157.0001220703125,,,0.3569173514842987,-99.6430892944336,
reinforce,,,100.0,2,888,1.678287719748389,6,0.0010411739349365234,1.3842339515686035,,,-231.5296630859375,-231.5296630859375,,,0.1762516051530838,-99.82373809814453,
reinforce,,,100.0,2,889,1.7107665615519732,6,0.001071929931640625,1.3853468894958496,,,-187.31578063964844,-187.31578063964844,,,0.20356930792331696,-99.79644012451172,
reinforce,,,100.0,2,890,1.8471748860841628,6,0.0011131763458251953,1.3865139484405518,,,-226.86016845703125,-226.86016845703125,,,0.312912255525589,-99.68708038330078,
reinforce,,,100.0,2,891,1.8165161495194189,6,0.001111745834350586,1.387686014175415,,,-286.07879638671875,-286.07879638671875,,,0.293478786945343,-99.70651245117188,
reinforce,,,100.0,2,892,2.0128077835632663,6,0.0011458396911621094,1.3889009952545166,,,-285.0441589355469,-285.0441589355469,,,0.45857465267181396,-99.54141998291016,
reinforce,,,100.0,2,893,1.9001867675604873,6,0.0011410713195800781,1.390092134475708,,,-158.84617614746094,-158.84617614746094,,,0.3585820496082306,-99.64141845703125,
reinforce,,,100.0,2,894,1.903175965814955,6,0.0011107921600341797,1.3912467956542969,,,-183.5847625732422,-183.5847625732422,,,0.36400485038757324,-99.63599395751953,
reinforce,,,100.0,2,895,1.8715153638146882,6,0.0011050701141357422,1.39239501953125,,,-217.4046630859375,-217.4046630859375,,,0.34181058406829834,-99.6581802368164,
reinforce,,,100.0,2,896,1.8202193367416435,6,0.0011043548583984375,1.3935561180114746,,,-283.6489562988281,-283.6489562988281,,,0.2945269048213959,-99.70547485351562,
reinforce,,,100.0,2,897,1.9367100365797008,6,0.0011470317840576172,1.3947489261627197,,,-264.15380859375,-264.15380859375,,,0.39160576462745667,-99.60839080810547,
reinforce,,,100.0,2,898,1.8614508573598914,6,0.001188039779663086,1.395988941192627,,,-166.56468200683594,-166.56468200683594,,,0.32305556535720825,-99.67694091796875,
reinforce,,,100.0,2,899,1.678314344601983,6,0.0010950565338134766,1.3971309661865234,,,-219.31443786621094,-219.31443786621094,,,0.1741490364074707,-99.82584381103516,
reinforce,,,100.0,2,900,1.872897248264183,6,0.0010519027709960938,1.3982279300689697,1.709111559205993,0.03617444432879011,-162.01478576660156,-162.01478576660156,,,0.3427368402481079,-99.65726470947266,
reinforce,,,100.0,2,901,1.8859607554452955,6,0.0011980533599853516,1.4029109477996826,,,-256.36083984375,-256.36083984375,,,0.3438582122325897,-99.65613555908203,
reinforce,,,100.0,2,902,1.713335191909552,6,0.0011281967163085938,1.4040889739990234,,,-185.07476806640625,-185.07476806640625,,,0.20564205944538116,-99.79434967041016,
reinforce,,,100.0,2,903,1.9944283967468548,6,0.0011310577392578125,1.4052670001983643,,,-239.17030334472656,-239.17030334472656,,,0.41054317355155945,-99.5894546508789,
reinforce,,,100.0,2,904,2.078290476791924,6,0.001092672348022461,1.4064037799835205,,,-251.3932342529297,-251.3932342529297,,,0.4993113577365875,-99.50067901611328,
reinforce,,,100.0,2,905,1.9702010905155085,6,0.001138925552368164,1.4075908660888672,,,-254.47804260253906,-254.47804260253906,,,0.42648759484291077,-99.5735092163086,
reinforce,,,100.0,2,906,1.8221482700755895,6,0.00128936767578125,1.4089291095733643,,,-243.64788818359375,-243.64788818359375,,,0.30264726281166077,-99.69735717773438,
reinforce,,,100.0,2,907,1.82817009343683,6,0.0010988712310791016,1.410093069076538,,,-151.4441680908203,-151.4441680908203,,,0.29882243275642395,-99.70117950439453,
reinforce,,,100.0,2,908,1.8645765407628168,6,0.0011110305786132812,1.4112520217895508,,,-198.59759521484375,-198.59759521484375,,,0.3036811351776123,-99.6963119506836,
reinforce,,,100.0,2,909,1.745510338192538,6,0.0011069774627685547,1.4124019145965576,,,-267.5772705078125,-267.5772705078125,,,0.23379816114902496,-99.76620483398438,
reinforce,,,100.0,2,910,2.1093274129052375,6,0.0011200904846191406,1.4135708808898926,,,-251.46067810058594,-251.46067810058594,,,0.5322109460830688,-99.46778106689453,
reinforce,,,100.0,2,911,1.9605921199811764,6,0.0011379718780517578,1.4147558212280273,,,-247.70155334472656,-247.70155334472656,,,0.4194192588329315,-99.5805892944336,
reinforce,,,100.0,2,912,1.8601016332690532,6,0.0012280941009521484,1.4160280227661133,,,-279.9809875488281,-279.9809875488281,,,0.33374908566474915,-99.66625213623047,
reinforce,,,100.0,2,913,1.674194635244399,6,0.0011239051818847656,1.4172098636627197,,,-294.2770080566406,-294.2770080566406,,,0.17614753544330597,-99.8238525390625,
reinforce,,,100.0,2,914,1.8365575933937137,6,0.0010716915130615234,1.4183318614959717,,,-206.16294860839844,-206.16294860839844,,,0.3119795024394989,-99.68802642822266,
reinforce,,,100.0,2,915,1.7640668610319072,6,0.0011081695556640625,1.4194819927215576,,,-225.5536346435547,-225.5536346435547,,,0.24400202929973602,-99.7560043334961,
reinforce,,,100.0,2,916,1.6951678736358464,6,0.0011048316955566406,1.4206328392028809,,,-189.367919921875,-189.367919921875,,,0.1852215677499771,-99.81478881835938,
reinforce,,,100.0,2,917,2.0633144545276574,6,0.0011620521545410156,1.4218389987945557,,,-189.1136016845703,-189.1136016845703,,,0.44811877608299255,-99.5518798828125,
reinforce,,,100.0,2,918,1.8156688240529761,6,0.0012102127075195312,1.4230930805206299,,,-357.3343505859375,-357.3343505859375,,,0.2953997850418091,-99.70459747314453,
reinforce,,,100.0,2,919,2.2255320782314194,6,0.001096963882446289,1.4242618083953857,,,-236.420654296875,-236.420654296875,,,0.5670042634010315,-99.43299102783203,
reinforce,,,100.0,2,920,2.0266888426413097,6,0.0011289119720458984,1.4254369735717773,1.751927741139347,0.06253521823657363,-250.6278533935547,-250.6278533935547,,,0.4255286157131195,-99.57447052001953,
reinforce,,,100.0,2,921,2.577104199932921,6,0.0012328624725341797,1.4301819801330566,,,-193.354248046875,-193.354248046875,,,0.8223002552986145,-99.17769622802734,
reinforce,,,100.0,2,922,2.0001684218363214,6,0.00109100341796875,1.4313228130340576,,,-222.87388610839844,-222.87388610839844,,,0.4333714246749878,-99.5666275024414,
reinforce,,,100.0,2,923,1.7654153330584126,6,0.0010759830474853516,1.432446002960205,,,-281.1979064941406,-281.1979064941406,,,0.24838922917842865,-99.7516098022461,
reinforce,,,100.0,2,924,1.6648925491895412,6,0.001116037368774414,1.433609962463379,,,-211.21446228027344,-211.21446228027344,,,0.16291110217571259,-99.83708953857422,
reinforce,,,100.0,2,925,2.4453018690697683,6,0.0011630058288574219,1.4348180294036865,,,-282.3606262207031,-282.3606262207031,,,0.7546623349189758,-99.2453384399414,
reinforce,,,100.0,2,926,1.7741728449799186,6,0.00125885009765625,1.4361207485198975,,,-263.05877685546875,-263.05877685546875,,,0.2421341985464096,-99.75787353515625,
reinforce,,,100.0,2,927,1.9782622583919538,6,0.0010950565338134766,1.4372780323028564,,,-243.0962677001953,-243.0962677001953,,,0.43822216987609863,-99.56177520751953,
reinforce,,,100.0,2,928,1.760651798290465,6,0.0010738372802734375,1.4383928775787354,,,-293.1015930175781,-293.1015930175781,,,0.24448204040527344,-99.75552368164062,
reinforce,,,100.0,2,929,1.8670160518929242,6,0.0010700225830078125,1.439504861831665,,,-216.48089599609375,-216.48089599609375,,,0.3322239816188812,-99.66777801513672,
reinforce,,,100.0,2,930,1.7357871622549177,6,0.0011239051818847656,1.440675973892212,,,-200.5906219482422,-200.5906219482422,,,0.2254171222448349,-99.77457427978516,
reinforce,,,100.0,2,931,1.6909614768441024,6,0.001127004623413086,1.4418549537658691,,,-222.8742218017578,-222.8742218017578,,,0.18339712917804718,-99.81659698486328,
reinforce,,,100.0,2,932,1.8222078322088424,6,0.0011749267578125,1.4430749416351318,,,-203.993408203125,-203.993408203125,,,0.29941949248313904,-99.70056915283203,
reinforce,,,100.0,2,933,1.696797983988252,6,0.0011157989501953125,1.4442498683929443,,,-199.1407470703125,-199.1407470703125,,,0.19510309398174286,-99.80490112304688,
reinforce,,,100.0,2,934,2.4221697555761907,6,0.0011019706726074219,1.4453959465026855,,,-302.8868103027344,-302.8868103027344,,,0.6864984631538391,-99.31350708007812,
reinforce,,,100.0,2,935,1.8918209776154107,6,0.0010831356048583984,1.4465200901031494,,,-193.4524383544922,-193.4524383544922,,,0.360166996717453,-99.63983154296875,
reinforce,,,100.0,2,936,1.7298646797356434,6,0.0011048316955566406,1.447666883468628,,,-249.3516082763672,-249.3516082763672,,,0.221756711602211,-99.77823638916016,
reinforce,,,100.0,2,937,2.017575626514539,6,0.0011823177337646484,1.4488980770111084,,,-211.64598083496094,-211.64598083496094,,,0.45779016613960266,-99.54220581054688,
reinforce,,,100.0,2,938,1.878835137134093,6,0.0012669563293457031,1.4502170085906982,,,-216.6793212890625,-216.6793212890625,,,0.34390830993652344,-99.65608978271484,
reinforce,,,100.0,2,939,1.8152091503840393,6,0.0011179447174072266,1.4513890743255615,,,-270.7725830078125,-270.7725830078125,,,0.2925112843513489,-99.70748901367188,
reinforce,,,100.0,2,940,1.8099447564013902,6,0.001104116439819336,1.4525461196899414,1.6900163849803949,0.10356053789475665,-260.8079833984375,-260.8079833984375,,,0.29389265179634094,-99.70610809326172,
reinforce,,,100.0,2,941,1.7152552190458195,6,0.0011110305786132812,1.4571819305419922,,,-268.94927978515625,-268.94927978515625,,,0.20136432349681854,-99.79863739013672,
reinforce,,,100.0,2,942,1.8551739411387207,6,0.001232147216796875,1.4584660530090332,,,-229.5148162841797,-229.5148162841797,,,0.329423189163208,-99.67057037353516,
reinforce,,,100.0,2,943,1.7101519191714427,6,0.0011157989501953125,1.4596328735351562,,,-229.99586486816406,-229.99586486816406,,,0.19257815182209015,-99.80742645263672,
reinforce,,,100.0,2,944,1.8323931716202033,6,0.0011029243469238281,1.4607858657836914,,,-186.510498046875,-186.510498046875,,,0.3062567114830017,-99.6937484741211,
reinforce,,,100.0,2,945,1.8319272390015828,6,0.0011577606201171875,1.4619898796081543,,,-178.25868225097656,-178.25868225097656,,,0.30587658286094666,-99.69412231445312,
reinforce,,,100.0,2,946,1.8173717995116492,6,0.0011267662048339844,1.4631638526916504,,,-263.6897277832031,-263.6897277832031,,,0.28658148646354675,-99.71341705322266,
reinforce,,,100.0,2,947,2.553518689592919,6,0.00116729736328125,1.4643762111663818,,,-276.3994445800781,-276.3994445800781,,,0.7768039703369141,-99.22319793701172,
reinforce,,,100.0,2,948,1.8443575815958624,6,0.001135110855102539,1.4655659198760986,,,-175.78627014160156,-175.78627014160156,,,0.3143094778060913,-99.6856918334961,
reinforce,,,100.0,2,949,1.7414284658171035,6,0.0011169910430908203,1.4667279720306396,,,-220.6256561279297,-220.6256561279297,,,0.2218756228685379,-99.77812957763672,
reinforce,,,100.0,2,950,1.8323748120757228,6,0.0011091232299804688,1.4679040908813477,,,-241.08160400390625,-241.08160400390625,,,0.3093045949935913,-99.6906967163086,
reinforce,,,100.0,2,951,1.7390700970082797,6,0.0011169910430908203,1.4690699577331543,,,-190.7179718017578,-190.7179718017578,,,0.22161608934402466,-99.77838134765625,
reinforce,,,100.0,2,952,1.7178388191259566,6,0.0010831356048583984,1.470196008682251,,,-192.40789794921875,-192.40789794921875,,,0.20741726458072662,-99.7925796508789,
reinforce,,,100.0,2,953,1.7377016899098365,6,0.0011782646179199219,1.4714210033416748,,,-193.3667449951172,-193.3667449951172,,,0.22536955773830414,-99.77462768554688,
reinforce,,,100.0,2,954,1.8463771363558568,6,0.0011208057403564453,1.4725899696350098,,,-246.88218688964844,-246.88218688964844,,,0.3153517246246338,-99.68465423583984,
reinforce,,,100.0,2,955,1.804263564934469,6,0.0011432170867919922,1.4737811088562012,,,-213.0980987548828,-213.0980987548828,,,0.2792086899280548,-99.72078704833984,
reinforce,,,100.0,2,956,1.8963077055905846,6,0.0011222362518310547,1.4749510288238525,,,-295.0713806152344,-295.0713806152344,,,0.36695995926856995,-99.6330337524414,
reinforce,,,100.0,2,957,1.8162100051620556,6,0.0011129379272460938,1.476119041442871,,,-203.72840881347656,-203.72840881347656,,,0.2918538749217987,-99.70813751220703,
reinforce,,,100.0,2,958,1.827036675358083,6,0.0011210441589355469,1.4772839546203613,,,-230.4164276123047,-230.4164276123047,,,0.29188597202301025,-99.7081069946289,
reinforce,,,100.0,2,959,1.8114916754432009,6,0.0011949539184570312,1.4785189628601074,,,-179.0251922607422,-179.0251922607422,,,0.2827127277851105,-99.71729278564453,
reinforce,,,100.0,2,960,2.384967329920551,6,0.0011279582977294922,1.4797000885009766,1.7281095688871477,0.06615958041184575,-265.04766845703125,-265.04766845703125,,,0.725042998790741,-99.27495574951172,
reinforce,,,100.0,2,961,2.370850665615066,6,0.0011157989501953125,1.4843547344207764,,,-274.1312561035156,-274.1312561035156,,,0.6789953708648682,-99.32100677490234,
reinforce,,,100.0,2,962,1.8761337534970837,6,0.0012831687927246094,1.4856860637664795,,,-250.7852325439453,-250.7852325439453,,,0.35153210163116455,-99.64846801757812,
reinforce,,,100.0,2,963,2.432643584297608,6,0.0011131763458251953,1.4868559837341309,,,-283.30096435546875,-283.30096435546875,,,0.6985359787940979,-99.30146026611328,
reinforce,,,100.0,2,964,2.0208214732976346,6,0.0010912418365478516,1.487990140914917,,,-214.3977813720703,-214.3977813720703,,,0.42708805203437805,-99.57290649414062,
reinforce,,,100.0,2,965,1.7496341135879534,6,0.0010979175567626953,1.4891400337219238,,,-232.80657958984375,-232.80657958984375,,,0.2261093705892563,-99.77388763427734,
reinforce,,,100.0,2,966,1.8051674758290923,6,0.0011379718780517578,1.4903240203857422,,,-259.3511657714844,-259.3511657714844,,,0.2801167070865631,-99.71988677978516,
reinforce,,,100.0,2,967,1.6982865301469434,6,0.001087188720703125,1.4914650917053223,,,-250.9486846923828,-250.9486846923828,,,0.18644364178180695,-99.81356048583984,
reinforce,,,100.0,2,968,1.7896986243289033,6,0.0012919902801513672,1.4928009510040283,,,-301.6098327636719,-301.6098327636719,,,0.26824137568473816,-99.73175811767578,
reinforce,,,100.0,2,969,1.828433521781937,6,0.0011148452758789062,1.4939699172973633,,,-222.3563995361328,-222.3563995361328,,,0.30439242720603943,-99.69561004638672,
reinforce,,,100.0,2,970,2.024944332418109,6,0.0011458396911621094,1.495163917541504,,,-230.46710205078125,-230.46710205078125,,,0.42900028824806213,-99.57100677490234,
reinforce,,,100.0,2,971,1.8366378975957738,6,0.0010781288146972656,1.496284008026123,,,-243.55152893066406,-243.55152893066406,,,0.30608299374580383,-99.69390869140625,
reinforce,,,100.0,2,972,1.6335321246641825,6,0.0010938644409179688,1.4974238872528076,,,-232.14613342285156,-232.14613342285156,,,0.13113731145858765,-99.86886596679688,
reinforce,,,100.0,2,973,1.7142287119719903,6,0.0011169910430908203,1.498586893081665,,,-188.1428985595703,-188.1428985595703,,,0.20632033050060272,-99.7936782836914,
reinforce,,,100.0,2,974,2.015401749204602,6,0.0011582374572753906,1.4997870922088623,,,-237.5918731689453,-237.5918731689453,,,0.40879377722740173,-99.5912094116211,
reinforce,,,100.0,2,975,1.9252153321516614,6,0.0010840892791748047,1.500931978225708,,,-160.522216796875,-160.522216796875,,,0.3538968563079834,-99.6460952758789,
reinforce,,,100.0,2,976,1.9839526746449498,6,0.0010721683502197266,1.5020480155944824,,,-314.63909912109375,-314.63909912109375,,,0.4366495609283447,-99.56334686279297,
reinforce,,,100.0,2,977,1.7121506606425199,6,0.0010979175567626953,1.5031909942626953,,,-200.7109832763672,-200.7109832763672,,,0.19727425277233124,-99.80272674560547,
reinforce,,,100.0,2,978,1.6996672525533332,6,0.0011229515075683594,1.5043659210205078,,,-225.5524139404297,-225.5524139404297,,,0.18440915644168854,-99.81558227539062,
reinforce,,,100.0,2,979,1.8645249045352192,6,0.001234292984008789,1.5056531429290771,,,-175.52964782714844,-175.52964782714844,,,0.3226872384548187,-99.67731475830078,
reinforce,,,100.0,2,980,1.7964485205218184,6,0.0011439323425292969,1.506861925125122,1.7750366571486413,0.027435678723705403,-168.07972717285156,-168.07972717285156,,,0.27421048283576965,-99.72579193115234,
reinforce,,,100.0,2,981,1.8094274835405775,6,0.001093149185180664,1.5114219188690186,,,-228.33447265625,-228.33447265625,,,0.2927651107311249,-99.70723724365234,
reinforce,,,100.0,2,982,2.3438774855610633,6,0.0012161731719970703,1.5126800537109375,,,-196.5242156982422,-196.5242156982422,,,0.6326021552085876,-99.36740112304688,
reinforce,,,100.0,2,983,1.816314061166629,6,0.0011200904846191406,1.513857126235962,,,-227.3423614501953,-227.3423614501953,,,0.2978593409061432,-99.70214080810547,
reinforce,,,100.0,2,984,1.7287728020371007,6,0.0011022090911865234,1.5150060653686523,,,-212.5962677001953,-212.5962677001953,,,0.19507694244384766,-99.80492401123047,
reinforce,,,100.0,2,985,1.7579862501712489,6,0.0011200904846191406,1.5161731243133545,,,-296.8428039550781,-296.8428039550781,,,0.2398700714111328,-99.7601318359375,
reinforce,,,100.0,2,986,2.071863658081864,6,0.0011260509490966797,1.5173439979553223,,,-209.62696838378906,-209.62696838378906,,,0.47172418236732483,-99.52828216552734,
reinforce,,,100.0,2,987,1.8586432435846116,6,0.0011181831359863281,1.5185091495513916,,,-223.9097900390625,-223.9097900390625,,,0.32747259736061096,-99.67252349853516,
reinforce,,,100.0,2,988,1.7970841967957738,6,0.0011217594146728516,1.5196728706359863,,,-261.3220520019531,-261.3220520019531,,,0.2755192220211029,-99.72447967529297,
reinforce,,,100.0,2,989,2.055347511328672,6,0.0011930465698242188,1.5209109783172607,,,-258.5762634277344,-258.5762634277344,,,0.49093231558799744,-99.50906372070312,
reinforce,,,100.0,2,990,2.0357042393674134,6,0.0011141300201416016,1.5220799446105957,,,-203.18214416503906,-203.18214416503906,,,0.45003512501716614,-99.54996490478516,
reinforce,,,100.0,2,991,2.3459164807622437,6,0.0011162757873535156,1.523245096206665,,,-286.2154846191406,-286.2154846191406,,,0.6417102217674255,-99.3582992553711,
reinforce,,,100.0,2,992,1.5784644968539208,6,0.001107931137084961,1.5244019031524658,,,-212.2185821533203,-212.2185821533203,,,0.08903529495000839,-99.91095733642578,
reinforce,,,100.0,2,993,1.7455763052339925,6,0.001116037368774414,1.5255630016326904,,,-229.62071228027344,-229.62071228027344,,,0.22150929272174835,-99.77849578857422,
reinforce,,,100.0,2,994,1.8670973412434724,6,0.0012061595916748047,1.52681303024292,,,-219.41871643066406,-219.41871643066406,,,0.3179434835910797,-99.68206024169922,
reinforce,,,100.0,2,995,1.8288123049220235,6,0.00119781494140625,1.5281548500061035,,,-249.1953582763672,-249.1953582763672,,,0.3004872500896454,-99.69951629638672,
reinforce,,,100.0,2,996,1.7023942025147079,6,0.0011210441589355469,1.5293278694152832,,,-223.7352294921875,-223.7352294921875,,,0.19847525656223297,-99.8015365600586,
reinforce,,,100.0,2,997,1.7871246127507001,6,0.0011031627655029297,1.5304760932922363,,,-241.9320526123047,-241.9320526123047,,,0.26799747347831726,-99.73200225830078,
reinforce,,,100.0,2,998,1.7949112633235538,6,0.0011029243469238281,1.5316219329833984,,,-386.787353515625,-386.787353515625,,,0.2560432255268097,-99.74395751953125,
reinforce,,,100.0,2,999,1.71712353776735,6,0.0011608600616455078,1.5328278541564941,,,-189.3299102783203,-189.3299102783203,,,0.1984737068414688,-99.80152130126953,
reinforce,,,100.0,2,1000,2.0845994880010847,6,0.0012857913970947266,1.5341639518737793,1.6884107467474347,0.0512430114319484,-218.38719177246094,-218.38719177246094,,,0.4788469076156616,-99.52115631103516,
