algo,baseline,seed,episode,episode_return,episode_steps,episode_time_sec,elapsed_time_sec,eval_mean_return,eval_std_return,loss,policy_loss,value_loss,entropy,mean_return,mean_advantage,advantage
reinforce,20.0,0,1,62.30948772976065,38,0.049397945404052734,0.04940009117126465,,,30.396957397460938,30.396957397460938,,,31.979774475097656,11.979774475097656,
reinforce,20.0,0,2,61.582169276170866,38,0.006765127182006836,0.056310176849365234,,,34.32099533081055,34.32099533081055,,,31.528865814208984,11.5288667678833,
reinforce,20.0,0,3,29.414999199676764,26,0.005164146423339844,0.06161904335021973,,,-9.408031463623047,-9.408031463623047,,,14.178116798400879,-5.821883678436279,
reinforce,20.0,0,4,65.36655808264246,40,0.007264852523803711,0.0691230297088623,,,22.824499130249023,22.824499130249023,,,33.13826370239258,13.138262748718262,
reinforce,20.0,0,5,58.632795976237176,36,0.006529092788696289,0.07581186294555664,,,25.762563705444336,25.762563705444336,,,29.492631912231445,9.492633819580078,
reinforce,20.0,0,6,6.141664109411068,8,0.0016689300537109375,0.07765603065490723,,,-44.886993408203125,-44.886993408203125,,,3.1233253479003906,-16.87667465209961,
reinforce,20.0,0,7,62.282520672216826,38,0.0069692134857177734,0.08477902412414551,,,18.411033630371094,18.411033630371094,,,32.014095306396484,12.014092445373535,
reinforce,20.0,0,8,54.01583535726162,33,0.005936861038208008,0.09088897705078125,,,16.342941284179688,16.342941284179688,,,28.208620071411133,8.208620071411133,
reinforce,20.0,0,9,60.659375197103,37,0.006277799606323242,0.09736394882202148,,,18.002525329589844,18.002525329589844,,,30.65653419494629,10.656534194946289,
reinforce,20.0,0,10,56.01760906440049,34,0.00593876838684082,0.10344290733337402,,,16.85381507873535,16.85381507873535,,,28.96856689453125,8.96856689453125,
reinforce,20.0,0,11,6.037417124452302,8,0.0017769336700439453,0.10537409782409668,,,-31.728816986083984,-31.728816986083984,,,2.941472053527832,-17.058528900146484,
reinforce,20.0,0,12,60.75619313053683,37,0.0063266754150390625,0.11181187629699707,,,21.449268341064453,21.449268341064453,,,31.209674835205078,11.209671974182129,
reinforce,20.0,0,13,53.6992794080326,33,0.006175041198730469,0.11811113357543945,,,9.246243476867676,9.246243476867676,,,27.64832305908203,7.648323059082031,
reinforce,20.0,0,14,57.60774310439813,35,0.005914211273193359,0.12418317794799805,,,15.571396827697754,15.571396827697754,,,29.95616912841797,9.956170082092285,
reinforce,20.0,0,15,62.25093497250698,38,0.006487607955932617,0.13084077835083008,,,20.459468841552734,20.459468841552734,,,31.831581115722656,11.831581115722656,
reinforce,20.0,0,16,7.48824871555631,9,0.0017290115356445312,0.13269305229187012,,,-36.88127517700195,-36.88127517700195,,,3.6702609062194824,-16.32973861694336,
reinforce,20.0,0,17,61.49598603162395,38,0.006623029708862305,0.13944721221923828,,,21.3350772857666,21.3350772857666,,,31.3581485748291,11.358146667480469,
reinforce,20.0,0,18,68.3340362300246,42,0.007483243942260742,0.14707422256469727,,,36.895023345947266,36.895023345947266,,,34.129737854003906,14.129734992980957,
reinforce,20.0,0,19,66.84537465780497,41,0.0069849491119384766,0.1541919708251953,,,28.043169021606445,28.043169021606445,,,33.94757843017578,13.947576522827148,
reinforce,20.0,0,20,66.44120276231806,41,0.007058143615722656,0.16141009330749512,68.03778891671509,0.68236604242702,26.070587158203125,26.070587158203125,,,33.578887939453125,13.578886985778809,
reinforce,20.0,0,21,70.13149730677787,43,0.010516881942749023,0.19383597373962402,,,30.557849884033203,30.557849884033203,,,34.99253463745117,14.992533683776855,
reinforce,20.0,0,22,76.21228804768876,46,0.021916866302490234,0.21604681015014648,,,38.23298263549805,38.23298263549805,,,38.313560485839844,18.313562393188477,
reinforce,20.0,0,23,68.72968933330358,42,0.011434078216552734,0.22779393196105957,,,32.420921325683594,32.420921325683594,,,34.84481430053711,14.844810485839844,
reinforce,20.0,0,24,57.79530691533084,41,0.00782322883605957,0.23587417602539062,,,13.771041870117188,13.771041870117188,,,27.021276473999023,7.021275997161865,
reinforce,20.0,0,25,75.60568836059247,46,0.008012056350708008,0.2441868782043457,,,38.28728103637695,38.28728103637695,,,37.426170349121094,17.426170349121094,
reinforce,20.0,0,26,86.35871988324291,54,0.009427309036254883,0.25377321243286133,,,50.391265869140625,50.391265869140625,,,39.596797943115234,19.596797943115234,
reinforce,20.0,0,27,116.51188285555897,72,0.012140035629272461,0.2660670280456543,,,63.34810256958008,63.34810256958008,,,49.21828842163086,29.21828842163086,
reinforce,20.0,0,28,82.87513130793305,50,0.008533000946044922,0.27475905418395996,,,44.738807678222656,44.738807678222656,,,40.532325744628906,20.532325744628906,
reinforce,20.0,0,29,96.34140482301042,57,0.009939908981323242,0.28484296798706055,,,56.53847885131836,56.53847885131836,,,45.04513931274414,25.045141220092773,
reinforce,20.0,0,30,86.78901813955956,51,0.008441925048828125,0.2934839725494385,,,43.520050048828125,43.520050048828125,,,42.13536834716797,22.13536834716797,
reinforce,20.0,0,31,27.902979807108085,24,0.00409388542175293,0.2977328300476074,,,-15.821269035339355,-15.821269035339355,,,13.784174919128418,-6.215826034545898,
reinforce,20.0,0,32,84.35923110237033,50,0.009026050567626953,0.3068711757659912,,,42.805477142333984,42.805477142333984,,,41.3339958190918,21.333995819091797,
reinforce,20.0,0,33,102.99753328166986,59,0.010310173034667969,0.31734299659729004,,,62.67046356201172,62.67046356201172,,,48.10478973388672,28.10478973388672,
reinforce,20.0,0,34,68.3904389922283,42,0.007207155227661133,0.3247051239013672,,,29.02059555053711,29.02059555053711,,,34.42210006713867,14.422099113464355,
reinforce,20.0,0,35,81.94408336995767,53,0.00932002067565918,0.33417201042175293,,,33.479522705078125,33.479522705078125,,,37.05143356323242,17.051435470581055,
reinforce,20.0,0,36,70.40440487683789,43,0.007314920425415039,0.3416478633880615,,,33.05084228515625,33.05084228515625,,,35.28751754760742,15.287518501281738,
reinforce,20.0,0,37,68.53021644743656,42,0.007081031799316406,0.34887003898620605,,,33.78515625,33.78515625,,,34.37723922729492,14.377236366271973,
reinforce,20.0,0,38,72.12396419631833,44,0.0076677799224853516,0.356673002243042,,,31.182201385498047,31.182201385498047,,,35.99244689941406,15.992449760437012,
reinforce,20.0,0,39,70.35672960854038,43,0.007476091384887695,0.36429405212402344,,,28.222497940063477,28.222497940063477,,,35.18328857421875,15.1832857131958,
reinforce,20.0,0,40,66.31413971907558,41,0.007328033447265625,0.3717539310455322,69.08359023528232,1.4341386954453736,35.64192581176758,35.64192581176758,,,33.47991943359375,13.4799165725708,
reinforce,20.0,0,41,125.81060489219605,70,0.011766910552978516,0.40385890007019043,,,79.43569946289062,79.43569946289062,,,56.0637092590332,36.0637092590332,
reinforce,20.0,0,42,70.60981818961345,43,0.007467985153198242,0.4114539623260498,,,31.713659286499023,31.713659286499023,,,35.10193634033203,15.101940155029297,
reinforce,20.0,0,43,65.00652090192061,40,0.007161140441894531,0.4187929630279541,,,30.214889526367188,30.214889526367188,,,32.62664031982422,12.626640319824219,
reinforce,20.0,0,44,67.04582167643821,41,0.007011890411376953,0.425947904586792,,,31.056337356567383,31.056337356567383,,,33.731224060058594,13.731222152709961,
reinforce,20.0,0,45,64.93731561489811,40,0.007139921188354492,0.4332098960876465,,,29.512170791625977,29.512170791625977,,,32.664894104003906,12.66489315032959,
reinforce,20.0,0,46,67.04047196214394,41,0.007320880889892578,0.44065403938293457,,,42.10710525512695,42.10710525512695,,,34.05210494995117,14.052104949951172,
reinforce,20.0,0,47,65.14558552388338,40,0.006926774978637695,0.44772791862487793,,,27.398906707763672,27.398906707763672,,,33.07487869262695,13.074877738952637,
reinforce,20.0,0,48,66.5501388050989,41,0.007482051849365234,0.45532703399658203,,,27.832862854003906,27.832862854003906,,,33.69351577758789,13.693511009216309,
reinforce,20.0,0,49,65.37420508782253,40,0.006987094879150391,0.4624772071838379,,,28.378955841064453,28.378955841064453,,,32.808135986328125,12.808134078979492,
reinforce,20.0,0,50,68.57561972937138,42,0.007400989532470703,0.4700150489807129,,,25.067005157470703,25.067005157470703,,,34.39815902709961,14.398160934448242,
reinforce,20.0,0,51,68.83205486198915,42,0.007380008697509766,0.4775829315185547,,,33.396759033203125,33.396759033203125,,,34.55870819091797,14.558710098266602,
reinforce,20.0,0,52,78.6988862270584,47,0.008004903793334961,0.4857470989227295,,,35.17367935180664,35.17367935180664,,,38.43263626098633,18.432636260986328,
reinforce,20.0,0,53,76.96976995286641,46,0.008388280868530273,0.49427318572998047,,,42.618865966796875,42.618865966796875,,,38.101898193359375,18.101898193359375,
reinforce,20.0,0,54,113.71413164430643,63,0.010885953903198242,0.505342960357666,,,72.07623291015625,72.07623291015625,,,53.058650970458984,33.058650970458984,
reinforce,20.0,0,55,79.76636020771426,51,0.009089946746826172,0.5145978927612305,,,37.06700134277344,37.06700134277344,,,36.50347137451172,16.503467559814453,
reinforce,20.0,0,56,89.36524755446146,52,0.008966922760009766,0.5237331390380859,,,54.536376953125,54.536376953125,,,43.56771469116211,23.567716598510742,
reinforce,20.0,0,57,110.26539071915887,61,0.010497808456420898,0.5343828201293945,,,70.02226257324219,70.02226257324219,,,51.843631744384766,31.8436336517334,
reinforce,20.0,0,58,107.87346673356325,65,0.011337995529174805,0.5458970069885254,,,61.975669860839844,61.975669860839844,,,48.29252624511719,28.292526245117188,
reinforce,20.0,0,59,134.23455516621252,76,0.013106107711791992,0.559190034866333,,,83.61491394042969,83.61491394042969,,,57.98537063598633,37.98537063598633,
reinforce,20.0,0,60,108.39475324738065,61,0.01052999496459961,0.5698728561401367,119.23866719770858,1.3772001249798311,70.88543701171875,70.88543701171875,,,50.776649475097656,30.77665138244629,
reinforce,20.0,0,61,242.6597275953567,130,0.02182793617248535,0.6220409870147705,,,132.00213623046875,132.00213623046875,,,87.14331817626953,67.14331817626953,
reinforce,20.0,0,62,116.15804488950374,68,0.011584997177124023,0.6338179111480713,,,63.389427185058594,63.389427185058594,,,51.95895767211914,31.95896339416504,
reinforce,20.0,0,63,118.86162274203193,69,0.011655330657958984,0.6456232070922852,,,64.65010833740234,64.65010833740234,,,52.706329345703125,32.706329345703125,
reinforce,20.0,0,64,108.91206188243396,64,0.011316776275634766,0.6571378707885742,,,67.88836669921875,67.88836669921875,,,49.55657958984375,29.55658531188965,
reinforce,20.0,0,65,155.99443466008873,93,0.01544189453125,0.6727399826049805,,,97.12175750732422,97.12175750732422,,,61.978519439697266,41.978519439697266,
reinforce,20.0,0,66,156.81707654034065,91,0.015325784683227539,0.6882429122924805,,,99.30038452148438,99.30038452148438,,,63.539031982421875,43.539031982421875,
reinforce,20.0,0,67,73.7709827826114,45,0.007683992385864258,0.6960749626159668,,,34.85028076171875,34.85028076171875,,,36.83889389038086,16.83889389038086,
reinforce,20.0,0,68,102.22629674373533,62,0.010853052139282227,0.7070670127868652,,,55.80257034301758,55.80257034301758,,,46.75315856933594,26.75316047668457,
reinforce,20.0,0,69,122.38458042113777,76,0.013340950012207031,0.7205641269683838,,,69.56597900390625,69.56597900390625,,,51.92947769165039,31.929475784301758,
reinforce,20.0,0,70,107.72481370783838,68,0.011506080627441406,0.7322371006011963,,,59.6248779296875,59.6248779296875,,,47.152042388916016,27.15204620361328,
reinforce,20.0,0,71,98.72609607850966,62,0.01075601577758789,0.7431490421295166,,,51.9213981628418,51.9213981628418,,,44.6326904296875,24.632688522338867,
reinforce,20.0,0,72,114.14980734740845,73,0.012409687042236328,0.755742073059082,,,61.60551071166992,61.60551071166992,,,49.06882095336914,29.06882095336914,
reinforce,20.0,0,73,136.07924369511957,91,0.015487909317016602,0.7713699340820312,,,68.43566131591797,68.43566131591797,,,53.47521209716797,33.47521209716797,
reinforce,20.0,0,74,147.63758803259248,101,0.017100095748901367,0.7886221408843994,,,83.81884002685547,83.81884002685547,,,56.011451721191406,36.011451721191406,
reinforce,20.0,0,75,90.56678678344676,58,0.01007699966430664,0.7988629341125488,,,46.482330322265625,46.482330322265625,,,41.8408088684082,21.84080696105957,
reinforce,20.0,0,76,100.78871603381072,68,0.011516809463500977,0.8105599880218506,,,57.440860748291016,57.440860748291016,,,44.28817367553711,24.288171768188477,
reinforce,20.0,0,77,181.4542074227828,134,0.022951126098632812,0.8336770534515381,,,84.17073822021484,84.17073822021484,,,61.474056243896484,41.474056243896484,
reinforce,20.0,0,78,102.63708670555502,71,0.011887311935424805,0.8457422256469727,,,45.49907684326172,45.49907684326172,,,43.47703170776367,23.47702980041504,
reinforce,20.0,0,79,128.34734600202367,88,0.01522684097290039,0.8611159324645996,,,75.4636001586914,75.4636001586914,,,51.66561508178711,31.665616989135742,
reinforce,20.0,0,80,160.02473237194206,118,0.019875049591064453,0.8811650276184082,164.99308043612132,8.83952780368788,76.20159149169922,76.20159149169922,,,57.109134674072266,37.109134674072266,
reinforce,20.0,0,81,153.80120720343996,115,0.019400358200073242,0.9549992084503174,,,67.60517883300781,67.60517883300781,,,55.947017669677734,35.947017669677734,
reinforce,20.0,0,82,169.02448253339804,126,0.021443843841552734,0.9766228199005127,,,76.50069427490234,76.50069427490234,,,60.06694412231445,40.06694030761719,
reinforce,20.0,0,83,138.78205817345184,101,0.017019987106323242,0.9938130378723145,,,72.97569274902344,72.97569274902344,,,52.02177810668945,32.02177810668945,
reinforce,20.0,0,84,152.75515141936262,114,0.019543170928955078,1.013530969619751,,,75.21482849121094,75.21482849121094,,,55.7556037902832,35.7556037902832,
reinforce,20.0,0,85,176.28460114185475,134,0.02293682098388672,1.0366899967193604,,,89.55071258544922,89.55071258544922,,,61.23456573486328,41.23456573486328,
reinforce,20.0,0,86,205.45770353819108,161,0.027644872665405273,1.064521074295044,,,95.4230728149414,95.4230728149414,,,64.73975372314453,44.73975372314453,
reinforce,20.0,0,87,146.79393378814197,109,0.018702983856201172,1.0834100246429443,,,67.81616973876953,67.81616973876953,,,55.083885192871094,35.083885192871094,
reinforce,20.0,0,88,221.775238867857,183,0.03079080581665039,1.114367961883545,,,90.43707275390625,90.43707275390625,,,64.09300994873047,44.093013763427734,
reinforce,20.0,0,89,321.9458732311321,287,0.04936695098876953,1.1639189720153809,,,130.56736755371094,130.56736755371094,,,74.63748168945312,54.637474060058594,
reinforce,20.0,0,90,194.18861415204634,165,0.02773284912109375,1.1917970180511475,,,89.24961853027344,89.24961853027344,,,58.52647399902344,38.52647399902344,
reinforce,20.0,0,91,300.5699519073188,264,0.04326200485229492,1.235239028930664,,,111.70306396484375,111.70306396484375,,,72.45684814453125,52.456851959228516,
reinforce,20.0,0,92,295.5806345850217,264,0.04360604286193848,1.2790541648864746,,,105.29179382324219,105.29179382324219,,,70.1505126953125,50.150508880615234,
reinforce,20.0,0,93,283.3603152811051,257,0.04267406463623047,1.3218960762023926,,,105.23828125,105.23828125,,,68.07164764404297,48.07164764404297,
reinforce,20.0,0,94,281.9736755560969,251,0.04149985313415527,1.3635878562927246,,,103.97041320800781,103.97041320800781,,,70.56643676757812,50.566429138183594,
reinforce,20.0,0,95,188.12036429343266,161,0.026848793029785156,1.3905959129333496,,,81.91869354248047,81.91869354248047,,,57.98513412475586,37.985130310058594,
reinforce,20.0,0,96,197.19835875332956,177,0.029597759246826172,1.420362949371338,,,90.41206359863281,90.41206359863281,,,58.54111099243164,38.54111099243164,
reinforce,20.0,0,97,252.21462272310006,226,0.03792715072631836,1.4584650993347168,,,97.28569793701172,97.28569793701172,,,65.70337677001953,45.70337677001953,
reinforce,20.0,0,98,187.24646709708674,164,0.02823495864868164,1.4868969917297363,,,86.53965759277344,86.53965759277344,,,57.55926513671875,37.559268951416016,
reinforce,20.0,0,99,234.58117372357302,210,0.03568220138549805,1.522754192352295,,,83.0911865234375,83.0911865234375,,,63.24849319458008,43.24849319458008,
reinforce,20.0,0,100,191.54052259050317,170,0.02927088737487793,1.5521950721740723,258.35484460149894,3.0898899052341724,75.68228149414062,75.68228149414062,,,57.65399932861328,37.65399932861328,
reinforce,20.0,0,101,240.58795894791584,214,0.03688216209411621,1.6938800811767578,,,95.91084289550781,95.91084289550781,,,63.931758880615234,43.931758880615234,
reinforce,20.0,0,102,224.42669185995823,202,0.03640103340148926,1.7304620742797852,,,87.19915771484375,87.19915771484375,,,61.659915924072266,41.659915924072266,
reinforce,20.0,0,103,227.7231571944568,206,0.03735017776489258,1.7680120468139648,,,84.60902404785156,84.60902404785156,,,62.021968841552734,42.021968841552734,
reinforce,20.0,0,104,209.21748610167938,180,0.03257584571838379,1.800766944885254,,,86.50703430175781,86.50703430175781,,,61.81940460205078,41.81940460205078,
reinforce,20.0,0,105,159.0791821000147,140,0.02529597282409668,1.8262779712677002,,,62.83497619628906,62.83497619628906,,,51.69340133666992,31.693401336669922,
reinforce,20.0,0,106,141.24766201405083,120,0.021783828735351562,1.8482189178466797,,,55.21890640258789,55.21890640258789,,,48.1142578125,28.114259719848633,
reinforce,20.0,0,107,153.14572999086343,127,0.02259516716003418,1.8709540367126465,,,69.72250366210938,69.72250366210938,,,51.454139709472656,31.45414161682129,
reinforce,20.0,0,108,262.3019921777971,224,0.0411381721496582,1.9122681617736816,,,103.40711212158203,103.40711212158203,,,69.58124542236328,49.58124542236328,
reinforce,20.0,0,109,208.3193451120338,181,0.032286882400512695,1.9447779655456543,,,95.97395324707031,95.97395324707031,,,60.56450653076172,40.56450653076172,
reinforce,20.0,0,110,179.84495620016872,154,0.027560949325561523,1.9724879264831543,,,79.8353271484375,79.8353271484375,,,57.54587173461914,37.54587173461914,
reinforce,20.0,0,111,220.9547970895629,187,0.0324249267578125,2.0050790309906006,,,94.53031158447266,94.53031158447266,,,62.92643737792969,42.92643737792969,
reinforce,20.0,0,112,142.73671043863152,120,0.021451711654663086,2.026681900024414,,,64.22127532958984,64.22127532958984,,,50.149009704589844,30.149011611938477,
reinforce,20.0,0,113,237.27943532752167,203,0.03427696228027344,2.061131000518799,,,96.27104949951172,96.27104949951172,,,66.6485595703125,46.648563385009766,
reinforce,20.0,0,114,233.95284464822808,198,0.033833980560302734,2.0951409339904785,,,97.78660583496094,97.78660583496094,,,66.17575073242188,46.175758361816406,
reinforce,20.0,0,115,104.41895671519903,86,0.020448923110961914,2.1157572269439697,,,46.577911376953125,46.577911376953125,,,39.949501037597656,19.949501037597656,
reinforce,20.0,0,116,231.10953452594447,201,0.039420127868652344,2.155393123626709,,,92.72490692138672,92.72490692138672,,,64.66827392578125,44.66828155517578,
reinforce,20.0,0,117,251.81823492421134,219,0.039099931716918945,2.194661855697632,,,102.6739730834961,102.6739730834961,,,67.44276428222656,47.44276809692383,
reinforce,20.0,0,118,184.0270605730393,158,0.027236223220825195,2.222088098526001,,,75.1648941040039,75.1648941040039,,,56.966129302978516,36.96613693237305,
reinforce,20.0,0,119,25.437729573547653,25,0.00456690788269043,2.226830244064331,,,-20.580907821655273,-20.580907821655273,,,11.907724380493164,-8.092275619506836,
reinforce,20.0,0,120,302.8740670158814,267,0.046890974044799805,2.273864984512329,422.053328540355,1.8724055435421945,109.82527923583984,109.82527923583984,,,72.86592864990234,52.86593246459961,
reinforce,20.0,0,121,113.7654985494088,96,0.018613100051879883,2.47537899017334,,,44.220062255859375,44.220062255859375,,,41.461978912353516,21.46198081970215,
reinforce,20.0,0,122,316.32447966933245,277,0.05064797401428223,2.5262789726257324,,,117.28826141357422,117.28826141357422,,,73.31511688232422,53.31511688232422,
reinforce,20.0,0,123,262.0873428727332,228,0.04051995277404785,2.5669851303100586,,,101.16070556640625,101.16070556640625,,,68.14659881591797,48.1465950012207,
reinforce,20.0,0,124,302.8921860046277,263,0.0453181266784668,2.6125361919403076,,,124.59453582763672,124.59453582763672,,,72.1951675415039,52.195167541503906,
reinforce,20.0,0,125,302.46178848842163,267,0.046019792556762695,2.6587138175964355,,,111.16077423095703,111.16077423095703,,,71.9764404296875,51.976436614990234,
reinforce,20.0,0,126,170.24442843803303,134,0.02341604232788086,2.682337999343872,,,84.65433502197266,84.65433502197266,,,58.64585876464844,38.64585876464844,
reinforce,20.0,0,127,215.79918746555967,182,0.031384944915771484,2.713895082473755,,,95.41474914550781,95.41474914550781,,,63.50668716430664,43.506683349609375,
reinforce,20.0,0,128,248.6244838646184,209,0.03544807434082031,2.7495319843292236,,,94.34393310546875,94.34393310546875,,,67.65338134765625,47.65338134765625,
reinforce,20.0,0,129,343.4132669176722,299,0.05039572715759277,2.800105094909668,,,120.64531707763672,120.64531707763672,,,76.46896362304688,56.46896743774414,
reinforce,20.0,0,130,262.72158504001743,226,0.03789997100830078,2.8381760120391846,,,103.99356842041016,103.99356842041016,,,68.30408477783203,48.304080963134766,
reinforce,20.0,0,131,214.35999078726624,178,0.029844045639038086,2.8682000637054443,,,92.8929214477539,92.8929214477539,,,63.093650817871094,43.09365463256836,
reinforce,20.0,0,132,243.6046243016395,197,0.033345937728881836,2.901698112487793,,,107.31845092773438,107.31845092773438,,,68.9511947631836,48.95119094848633,
reinforce,20.0,0,133,188.3189837911483,152,0.025812864303588867,2.927659034729004,,,86.74110412597656,86.74110412597656,,,59.99223327636719,39.99223709106445,
reinforce,20.0,0,134,182.46080335839292,146,0.025120973587036133,2.9529380798339844,,,86.45057678222656,86.45057678222656,,,58.73965835571289,38.739654541015625,
reinforce,20.0,0,135,203.69076958269613,169,0.03578805923461914,2.9889140129089355,,,81.96710968017578,81.96710968017578,,,61.755043029785156,41.755043029785156,
reinforce,20.0,0,136,310.31621872088755,261,0.06919503211975098,3.058372974395752,,,126.21322631835938,126.21322631835938,,,74.8898696899414,54.88986587524414,
reinforce,20.0,0,137,203.18552423845267,161,0.08096098899841309,3.1395180225372314,,,92.47687530517578,92.47687530517578,,,63.18268966674805,43.18268966674805,
reinforce,20.0,0,138,212.13003875402094,167,0.03741598129272461,3.1771950721740723,,,92.9283447265625,92.9283447265625,,,65.75706481933594,45.75706481933594,
reinforce,20.0,0,139,150.25649535973136,116,0.02323317527770996,3.2007181644439697,,,73.18522644042969,73.18522644042969,,,54.18098831176758,34.180992126464844,
reinforce,20.0,0,140,189.07246928164002,148,0.029803037643432617,3.2307729721069336,441.29077735929684,0.5976055072632309,84.7441177368164,84.7441177368164,,,61.11591339111328,41.11591339111328,
reinforce,20.0,0,141,184.59427126850144,144,0.025114774703979492,3.436314821243286,,,83.13542938232422,83.13542938232422,,,60.66863250732422,40.66862869262695,
reinforce,20.0,0,142,233.00232482392693,191,0.0342707633972168,3.4707698822021484,,,93.33950805664062,93.33950805664062,,,66.41171264648438,46.41171646118164,
reinforce,20.0,0,143,158.2721765665129,120,0.023090839385986328,3.4940528869628906,,,81.79564666748047,81.79564666748047,,,55.65814208984375,35.65814208984375,
reinforce,20.0,0,144,126.69648791003267,93,0.01793217658996582,3.5121421813964844,,,58.65189743041992,58.65189743041992,,,48.51348114013672,28.513484954833984,
reinforce,20.0,0,145,128.0616663552145,96,0.01778578758239746,3.5300979614257812,,,56.88652420043945,56.88652420043945,,,49.0665283203125,29.0665283203125,
reinforce,20.0,0,146,175.06078909993107,134,0.02522587776184082,3.5555388927459717,,,87.02481079101562,87.02481079101562,,,59.25252914428711,39.25252914428711,
reinforce,20.0,0,147,139.16561006240116,103,0.01886916160583496,3.574563980102539,,,62.36658477783203,62.36658477783203,,,51.80986022949219,31.809860229492188,
reinforce,20.0,0,148,118.24344220096374,92,0.01678299903869629,3.5915260314941406,,,45.819068908691406,45.819068908691406,,,44.37091827392578,24.37091827392578,
reinforce,20.0,0,149,108.02329287706856,81,0.014837026596069336,3.6065471172332764,,,51.41987991333008,51.41987991333008,,,42.228660583496094,22.228656768798828,
reinforce,20.0,0,150,186.7305369896636,142,0.025515079498291016,3.6322178840637207,,,88.68856048583984,88.68856048583984,,,61.430877685546875,41.43088150024414,
reinforce,20.0,0,151,97.39201513508307,75,0.013411760330200195,3.6458499431610107,,,36.842132568359375,36.842132568359375,,,38.13835144042969,18.13835334777832,
reinforce,20.0,0,152,139.7743572763019,102,0.01776719093322754,3.6637561321258545,,,69.96222686767578,69.96222686767578,,,52.04520034790039,32.04520034790039,
reinforce,20.0,0,153,172.61558018953644,127,0.02236318588256836,3.686357021331787,,,80.8786392211914,80.8786392211914,,,59.880149841308594,39.880149841308594,
reinforce,20.0,0,154,154.75549650429417,115,0.02066206932067871,3.707200050354004,,,74.39684295654297,74.39684295654297,,,55.03286361694336,35.032859802246094,
reinforce,20.0,0,155,161.95732708561388,119,0.02240777015686035,3.729752779006958,,,80.33747863769531,80.33747863769531,,,56.630104064941406,36.63010787963867,
reinforce,20.0,0,156,120.97904197713514,85,0.016199827194213867,3.746126890182495,,,61.5987434387207,61.5987434387207,,,48.10295104980469,28.102949142456055,
reinforce,20.0,0,157,162.958524208186,121,0.022775650024414062,3.769070863723755,,,82.91646575927734,82.91646575927734,,,57.04694747924805,37.04694747924805,
reinforce,20.0,0,158,139.8777036119679,102,0.017544031143188477,3.7867841720581055,,,69.75297546386719,69.75297546386719,,,52.06563949584961,32.065643310546875,
reinforce,20.0,0,159,126.40318530425039,90,0.015208005905151367,3.802145004272461,,,55.577171325683594,55.577171325683594,,,48.73421096801758,28.734209060668945,
reinforce,20.0,0,160,158.91876492242218,114,0.01989912986755371,3.822200059890747,149.98825663946118,2.220058127293934,75.81723022460938,75.81723022460938,,,56.97076416015625,36.97076416015625,
reinforce,20.0,0,161,116.41548168894695,82,0.013846158981323242,3.8831591606140137,,,54.290061950683594,54.290061950683594,,,46.00612258911133,26.006120681762695,
reinforce,20.0,0,162,203.64031826340943,152,0.030863046646118164,3.9141781330108643,,,101.708251953125,101.708251953125,,,64.42129516601562,44.421295166015625,
reinforce,20.0,0,163,164.3254526073374,124,0.04552507400512695,3.960318088531494,,,73.48597717285156,73.48597717285156,,,56.94619369506836,36.94619369506836,
reinforce,20.0,0,164,135.45297941894248,97,0.018728017807006836,3.9792110919952393,,,66.0639877319336,66.0639877319336,,,51.80080795288086,31.800806045532227,
reinforce,20.0,0,165,140.44184054269732,100,0.016652822494506836,3.9960379600524902,,,79.8050308227539,79.8050308227539,,,52.85026550292969,32.85026550292969,
reinforce,20.0,0,166,142.79929011188352,105,0.019593238830566406,4.015801191329956,,,62.74777603149414,62.74777603149414,,,52.527400970458984,32.527400970458984,
reinforce,20.0,0,167,166.21528914646106,124,0.021433115005493164,4.037416934967041,,,79.23566436767578,79.23566436767578,,,57.93486022949219,37.93486022949219,
reinforce,20.0,0,168,154.27684159508755,111,0.019160985946655273,4.056746959686279,,,74.02385711669922,74.02385711669922,,,55.51811599731445,35.51811981201172,
reinforce,20.0,0,169,121.0574418161154,86,0.014913797378540039,4.071844816207886,,,60.72006607055664,60.72006607055664,,,47.81559371948242,27.815597534179688,
reinforce,20.0,0,170,146.16282173592597,105,0.01861882209777832,4.090641021728516,,,67.85741424560547,67.85741424560547,,,53.92034149169922,33.92034149169922,
reinforce,20.0,0,171,122.74023040543213,88,0.015581846237182617,4.106400966644287,,,66.54552459716797,66.54552459716797,,,48.718814849853516,28.71881103515625,
reinforce,20.0,0,172,128.37055404193043,91,0.015818119049072266,4.122381210327148,,,63.42068862915039,63.42068862915039,,,50.00357437133789,30.00357437133789,
reinforce,20.0,0,173,131.18103360283536,96,0.017353057861328125,4.139961242675781,,,65.6452865600586,65.6452865600586,,,50.53974914550781,30.53974723815918,
reinforce,20.0,0,174,159.33386481113405,120,0.021710872650146484,4.161839962005615,,,77.07329559326172,77.07329559326172,,,56.20541763305664,36.20541763305664,
reinforce,20.0,0,175,132.10313761230066,97,0.017395973205566406,4.179424047470093,,,76.3283920288086,76.3283920288086,,,50.35565948486328,30.35565185546875,
reinforce,20.0,0,176,190.48675169076344,144,0.02495598793029785,4.204540967941284,,,100.54790496826172,100.54790496826172,,,62.15925979614258,42.15925979614258,
reinforce,20.0,0,177,174.07299088707836,131,0.022368907928466797,4.227099895477295,,,95.83766174316406,95.83766174316406,,,59.49140548706055,39.49140167236328,
reinforce,20.0,0,178,147.82832598631532,109,0.018963098526000977,4.246242046356201,,,67.35848236083984,67.35848236083984,,,53.78400802612305,33.78401565551758,
reinforce,20.0,0,179,132.58577270079508,95,0.01632523536682129,4.262762069702148,,,72.88639068603516,72.88639068603516,,,50.80574035644531,30.805740356445312,
reinforce,20.0,0,180,468.2543299076955,387,0.06491208076477051,4.327852010726929,448.48982657289645,8.34750822116113,152.4918212890625,152.4918212890625,,,89.5758056640625,69.5758056640625,
reinforce,20.0,0,181,425.670282220395,330,0.05485987663269043,4.5544209480285645,,,161.47267150878906,161.47267150878906,,,91.27299499511719,71.27300262451172,
reinforce,20.0,0,182,421.8737724926909,373,0.0632016658782959,4.6178178787231445,,,129.2611083984375,129.2611083984375,,,80.84366607666016,60.843666076660156,
reinforce,20.0,0,183,206.6581268783505,157,0.02878403663635254,4.646790027618408,,,88.42976379394531,88.42976379394531,,,65.16448211669922,45.164485931396484,
reinforce,20.0,0,184,422.2620666016601,336,0.0612339973449707,4.708209037780762,,,161.34811401367188,161.34811401367188,,,89.29353332519531,69.29353332519531,
reinforce,20.0,0,185,323.91870031381563,289,0.0534060001373291,4.761831045150757,,,109.99698638916016,109.99698638916016,,,72.14387512207031,52.14387512207031,
reinforce,20.0,0,186,362.881188502146,330,0.11143898963928223,4.8734800815582275,,,114.37354278564453,114.37354278564453,,,74.16779327392578,54.16778564453125,
reinforce,20.0,0,187,388.0185865421581,344,0.05872201919555664,4.932394027709961,,,130.46778869628906,130.46778869628906,,,78.21480560302734,58.214805603027344,
reinforce,20.0,0,188,325.04884284603025,292,0.05287599563598633,4.985440015792847,,,108.87358093261719,108.87358093261719,,,71.5156478881836,51.515647888183594,
reinforce,20.0,0,189,306.90949958938273,276,0.04960012435913086,5.035234212875366,,,105.50513458251953,105.50513458251953,,,70.07571411132812,50.07571029663086,
reinforce,20.0,0,190,301.18049535438445,263,0.04713582992553711,5.082567930221558,,,113.73247528076172,113.73247528076172,,,71.5086441040039,51.50865173339844,
reinforce,20.0,0,191,319.57990160317604,279,0.04803204536437988,5.130845069885254,,,112.64456176757812,112.64456176757812,,,73.27406311035156,53.2740592956543,
reinforce,20.0,0,192,284.1078186806414,246,0.04123711585998535,5.172271013259888,,,109.28267669677734,109.28267669677734,,,69.76026916503906,49.7602653503418,
reinforce,20.0,0,193,262.1233817364452,232,0.039128780364990234,5.211591958999634,,,90.01596069335938,90.01596069335938,,,65.89909362792969,45.89909362792969,
reinforce,20.0,0,194,253.805590288914,219,0.03615999221801758,5.247925043106079,,,100.57237243652344,100.57237243652344,,,66.64266967773438,46.642662048339844,
reinforce,20.0,0,195,273.776789026119,241,0.03976106643676758,5.287865161895752,,,108.17892456054688,108.17892456054688,,,67.95478057861328,47.95478820800781,
reinforce,20.0,0,196,264.1423467321797,227,0.03757882118225098,5.325621128082275,,,103.86824798583984,103.86824798583984,,,67.40428924560547,47.40428924560547,
reinforce,20.0,0,197,221.11395785072594,192,0.032378196716308594,5.358222961425781,,,91.1467056274414,91.1467056274414,,,61.54022216796875,41.540225982666016,
reinforce,20.0,0,198,233.9808455817481,203,0.03468489646911621,5.393064975738525,,,100.80748748779297,100.80748748779297,,,63.563140869140625,43.563133239746094,
reinforce,20.0,0,199,218.3544224380056,189,0.032113075256347656,5.4253599643707275,,,80.33773803710938,80.33773803710938,,,61.0673713684082,41.0673713684082,
reinforce,20.0,0,200,222.53201027444632,193,0.03232312202453613,5.457878112792969,237.88188951295493,0.45322059134840853,88.63107299804688,88.63107299804688,,,61.94483184814453,41.9448356628418,
reinforce,20.0,0,201,219.39209932539384,190,0.031987905502319336,5.578125,,,81.81307220458984,81.81307220458984,,,62.03575134277344,42.03575897216797,
reinforce,20.0,0,202,229.00233224861836,197,0.03318929672241211,5.611529111862183,,,93.26359558105469,93.26359558105469,,,63.459651947021484,43.459651947021484,
reinforce,20.0,0,203,223.90619083798367,191,0.031672000885009766,5.643373012542725,,,97.04386901855469,97.04386901855469,,,63.07893371582031,43.07893753051758,
reinforce,20.0,0,204,217.15468804747945,184,0.030193090438842773,5.673721075057983,,,91.9372787475586,91.9372787475586,,,62.22705078125,42.227054595947266,
reinforce,20.0,0,205,237.33464382447235,205,0.03383183479309082,5.7077319622039795,,,88.47720336914062,88.47720336914062,,,63.930152893066406,43.930152893066406,
reinforce,20.0,0,206,215.64178592707373,186,0.030562162399291992,5.738474130630493,,,91.99668884277344,91.99668884277344,,,61.699745178222656,41.699745178222656,
reinforce,20.0,0,207,213.08741514500687,182,0.03010106086730957,5.768732070922852,,,86.00149536132812,86.00149536132812,,,61.54184341430664,41.54184341430664,
reinforce,20.0,0,208,198.21150858564906,168,0.02806687355041504,5.796962022781372,,,81.65875244140625,81.65875244140625,,,59.57449722290039,39.57449722290039,
reinforce,20.0,0,209,197.49487858292363,170,0.028522968292236328,5.825644016265869,,,81.8382339477539,81.8382339477539,,,58.03174591064453,38.03174591064453,
reinforce,20.0,0,210,224.95008097522617,195,0.032772064208984375,5.858568906784058,,,86.3208236694336,86.3208236694336,,,62.609169006347656,42.60917282104492,
reinforce,20.0,0,211,205.64855195402916,175,0.029298782348632812,5.888041973114014,,,83.60333251953125,83.60333251953125,,,59.41984558105469,39.41984558105469,
reinforce,20.0,0,212,204.51031487729722,175,0.02929091453552246,5.917498826980591,,,79.45339965820312,79.45339965820312,,,59.325870513916016,39.32587432861328,
reinforce,20.0,0,213,212.58244078680008,181,0.03037118911743164,5.9480180740356445,,,86.51688385009766,86.51688385009766,,,61.041175842285156,41.041175842285156,
reinforce,20.0,0,214,214.23135471325332,186,0.031225919723510742,5.979388952255249,,,74.93816375732422,74.93816375732422,,,60.57096862792969,40.57096862792969,
reinforce,20.0,0,215,206.32599016928228,174,0.028973102569580078,6.008476972579956,,,85.12641143798828,85.12641143798828,,,60.467437744140625,40.46743392944336,
reinforce,20.0,0,216,199.5315843503566,169,0.02829122543334961,6.036963224411011,,,77.83975219726562,77.83975219726562,,,58.731712341308594,38.731712341308594,
reinforce,20.0,0,217,162.8682291761234,138,0.023278236389160156,6.060418128967285,,,74.2120361328125,74.2120361328125,,,52.9495849609375,32.9495849609375,
reinforce,20.0,0,218,193.39811589091497,163,0.02739405632019043,6.087976932525635,,,72.77519226074219,72.77519226074219,,,58.04467010498047,38.044673919677734,
reinforce,20.0,0,219,171.15636092221922,144,0.02424907684326172,6.112397193908691,,,81.31217193603516,81.31217193603516,,,54.14678955078125,34.14678955078125,
reinforce,20.0,0,220,200.39708130501882,168,0.027898073196411133,6.140472173690796,194.48451358649743,0.2797242891089178,77.5493392944336,77.5493392944336,,,59.24528503417969,39.24528503417969,
reinforce,20.0,0,221,193.810482726007,160,0.026733875274658203,6.237093925476074,,,81.99381256103516,81.99381256103516,,,58.61860275268555,38.61860275268555,
reinforce,20.0,0,222,193.20843756727177,160,0.026304960250854492,6.263585090637207,,,87.01057434082031,87.01057434082031,,,58.89690017700195,38.89690017700195,
reinforce,20.0,0,223,167.20238920061246,137,0.023118972778320312,6.286875009536743,,,68.62486267089844,68.62486267089844,,,53.93849563598633,33.938499450683594,
reinforce,20.0,0,224,181.24876733137316,150,0.024901866912841797,6.311930894851685,,,67.16265106201172,67.16265106201172,,,55.45309066772461,35.45309066772461,
reinforce,20.0,0,225,177.01727375528867,141,0.02359294891357422,6.335699081420898,,,78.14508056640625,78.14508056640625,,,57.06068801879883,37.06068420410156,
reinforce,20.0,0,226,154.72761235791987,119,0.01955580711364746,6.355407953262329,,,75.69401550292969,75.69401550292969,,,53.393898010253906,33.39390182495117,
reinforce,20.0,0,227,157.25380650779869,126,0.021020174026489258,6.376622200012207,,,64.9427261352539,64.9427261352539,,,52.046993255615234,32.0469970703125,
reinforce,20.0,0,228,174.27174433249212,140,0.023765087127685547,6.400559902191162,,,81.47785949707031,81.47785949707031,,,56.823143005371094,36.823143005371094,
reinforce,20.0,0,229,152.61979896360705,123,0.020632266998291016,6.421363115310669,,,68.36406707763672,68.36406707763672,,,51.06932830810547,31.069326400756836,
reinforce,20.0,0,230,158.34350844386137,128,0.021502971649169922,6.443034887313843,,,64.87215423583984,64.87215423583984,,,52.20706558227539,32.20706558227539,
reinforce,20.0,0,231,156.0907618258851,122,0.02051091194152832,6.4637157917022705,,,65.58588409423828,65.58588409423828,,,53.280086517333984,33.28008270263672,
reinforce,20.0,0,232,155.39683183549144,121,0.020050048828125,6.483925104141235,,,76.01472473144531,76.01472473144531,,,53.60829162597656,33.60829544067383,
reinforce,20.0,0,233,154.96704798081134,122,0.020477771759033203,6.504579782485962,,,60.735660552978516,60.735660552978516,,,52.88496398925781,32.88496398925781,
reinforce,20.0,0,234,124.8020894922447,97,0.016338109970092773,6.5210840702056885,,,63.942787170410156,63.942787170410156,,,46.85844039916992,26.85843276977539,
reinforce,20.0,0,235,157.75497414807361,126,0.02118396759033203,6.542373895645142,,,67.84622955322266,67.84622955322266,,,52.226924896240234,32.226924896240234,
reinforce,20.0,0,236,140.13338715334214,113,0.01893019676208496,6.561453104019165,,,68.88143920898438,68.88143920898438,,,49.51760482788086,29.517608642578125,
reinforce,20.0,0,237,154.26417483720223,125,0.02137303352355957,6.582978010177612,,,68.75849151611328,68.75849151611328,,,52.50252914428711,32.502525329589844,
reinforce,20.0,0,238,164.87358765756352,135,0.022642850875854492,6.605798959732056,,,77.55113983154297,77.55113983154297,,,54.697418212890625,34.697418212890625,
reinforce,20.0,0,239,161.2476670345493,133,0.022493839263916016,6.628477096557617,,,65.89784240722656,65.89784240722656,,,53.52873229980469,33.52873229980469,
reinforce,20.0,0,240,153.34529261428298,128,0.021656036376953125,6.650301933288574,164.79355591538638,1.3030790175829619,65.37108612060547,65.37108612060547,,,51.56057357788086,31.560569763183594,
reinforce,20.0,0,241,155.91016471835775,132,0.022425174713134766,6.733362913131714,,,69.7073745727539,69.7073745727539,,,52.876182556152344,32.876182556152344,
reinforce,20.0,0,242,103.76125881494234,89,0.015088081359863281,6.748630046844482,,,44.154258728027344,44.154258728027344,,,39.77599334716797,19.7759952545166,
reinforce,20.0,0,243,122.89280687920954,106,0.01811385154724121,6.766901969909668,,,52.12564468383789,52.12564468383789,,,44.94221878051758,24.94222068786621,
reinforce,20.0,0,244,129.8417822337625,115,0.019489049911499023,6.78655219078064,,,48.33832550048828,48.33832550048828,,,45.732906341552734,25.7329044342041,
reinforce,20.0,0,245,108.16666153704249,98,0.016795873641967773,6.803516864776611,,,39.23525619506836,39.23525619506836,,,40.44138717651367,20.441389083862305,
reinforce,20.0,0,246,109.32547044056967,100,0.017487287521362305,6.821177244186401,,,42.341766357421875,42.341766357421875,,,40.458805084228516,20.45880699157715,
reinforce,20.0,0,247,94.03685294128306,89,0.01502370834350586,6.836357831954956,,,38.082828521728516,38.082828521728516,,,35.82439041137695,15.824393272399902,
reinforce,20.0,0,248,101.56188692896669,96,0.01610398292541504,6.85261607170105,,,39.621028900146484,39.621028900146484,,,38.43788146972656,18.437883377075195,
reinforce,20.0,0,249,85.51690512368158,83,0.014514923095703125,6.867297172546387,,,28.559120178222656,28.559120178222656,,,33.446495056152344,13.446492195129395,
reinforce,20.0,0,250,89.71077339311285,89,0.015386819839477539,6.88286280632019,,,33.389373779296875,33.389373779296875,,,34.632164001464844,14.63216781616211,
reinforce,20.0,0,251,96.20640882982713,96,0.01632523536682129,6.899352073669434,,,29.951791763305664,29.951791763305664,,,35.74365997314453,15.743659973144531,
reinforce,20.0,0,252,90.19967261445713,92,0.015869855880737305,6.915400981903076,,,23.633089065551758,23.633089065551758,,,33.678131103515625,13.67813491821289,
reinforce,20.0,0,253,66.09816215594596,73,0.012372016906738281,6.927932977676392,,,15.092231750488281,15.092231750488281,,,26.3940372467041,6.394036293029785,
reinforce,20.0,0,254,76.61857200523147,81,0.013988018035888672,6.942090034484863,,,14.831615447998047,14.831615447998047,,,30.237092971801758,10.237091064453125,
reinforce,20.0,0,255,70.43102712963139,75,0.01314997673034668,6.955388069152832,,,20.50716781616211,20.50716781616211,,,28.4034366607666,8.40343952178955,
reinforce,20.0,0,256,80.67889605240195,86,0.014633893966674805,6.970178127288818,,,24.828659057617188,24.828659057617188,,,31.6726131439209,11.672616004943848,
reinforce,20.0,0,257,74.8912242173091,82,0.014274120330810547,6.9845991134643555,,,16.699411392211914,16.699411392211914,,,29.6284236907959,9.628426551818848,
reinforce,20.0,0,258,85.33413960354657,90,0.015428304672241211,7.000244140625,,,26.17160415649414,26.17160415649414,,,32.00144958496094,12.001447677612305,
reinforce,20.0,0,259,75.3242357900031,83,0.014322996139526367,7.014725923538208,,,19.042264938354492,19.042264938354492,,,29.948177337646484,9.948176383972168,
reinforce,20.0,0,260,73.85167122875228,80,0.013921976089477539,7.028814077377319,74.21836838803617,0.7314736962196532,15.050333976745605,15.050333976745605,,,28.84450340270996,8.844504356384277,
reinforce,20.0,0,261,70.9115808850524,79,0.013795137405395508,7.079009056091309,,,13.707723617553711,13.707723617553711,,,27.732337951660156,7.732339382171631,
reinforce,20.0,0,262,60.655808771530474,68,0.011688947677612305,7.090842008590698,,,10.47968864440918,10.47968864440918,,,24.45945930480957,4.45945930480957,
reinforce,20.0,0,263,59.86098209198835,69,0.011856794357299805,7.1028969287872314,,,11.093766212463379,11.093766212463379,,,24.409399032592773,4.409398078918457,
reinforce,20.0,0,264,97.77663242921363,106,0.018217086791992188,7.121291160583496,,,37.897247314453125,37.897247314453125,,,37.038124084472656,17.03812026977539,
reinforce,20.0,0,265,65.9483381375192,75,0.012997865676879883,7.1344499588012695,,,14.086134910583496,14.086134910583496,,,26.184934616088867,6.184935569763184,
reinforce,20.0,0,266,76.12276871862663,85,0.014414072036743164,7.149006128311157,,,20.975936889648438,20.975936889648438,,,29.79037857055664,9.790377616882324,
reinforce,20.0,0,267,73.4969543377927,81,0.014032840728759766,7.163184881210327,,,19.337404251098633,19.337404251098633,,,28.491548538208008,8.49155044555664,
reinforce,20.0,0,268,74.61292456191049,82,0.013747930526733398,7.177079200744629,,,21.07009506225586,21.07009506225586,,,29.24529266357422,9.245290756225586,
reinforce,20.0,0,269,96.36580718423738,101,0.017251253128051758,7.194494009017944,,,33.265045166015625,33.265045166015625,,,35.56116485595703,15.56116771697998,
reinforce,20.0,0,270,86.39805322637301,94,0.016202211380004883,7.21082615852356,,,29.230104446411133,29.230104446411133,,,32.66196823120117,12.661969184875488,
reinforce,20.0,0,271,63.057756442499,72,0.012388944625854492,7.223376989364624,,,14.29725170135498,14.29725170135498,,,25.646427154541016,5.646425247192383,
reinforce,20.0,0,272,105.24133221607367,110,0.018598079681396484,7.2421040534973145,,,36.770198822021484,36.770198822021484,,,38.302066802978516,18.30207061767578,
reinforce,20.0,0,273,104.7247204979104,109,0.018668651580810547,7.260995864868164,,,35.973167419433594,35.973167419433594,,,37.455387115478516,17.455387115478516,
reinforce,20.0,0,274,110.16997673905391,115,0.019505977630615234,7.280661106109619,,,39.73435974121094,39.73435974121094,,,39.45771789550781,19.457719802856445,
reinforce,20.0,0,275,97.0839331358644,103,0.01743292808532715,7.298264980316162,,,40.14104080200195,40.14104080200195,,,36.739662170410156,16.739660263061523,
reinforce,20.0,0,276,154.62682999876594,156,0.02640509605407715,7.324854135513306,,,64.9054946899414,64.9054946899414,,,49.48524475097656,29.485248565673828,
reinforce,20.0,0,277,123.68490899225874,126,0.02144789695739746,7.34649395942688,,,48.11516571044922,48.11516571044922,,,42.2879753112793,22.28797721862793,
reinforce,20.0,0,278,137.75685729049567,139,0.023569822311401367,7.370214939117432,,,58.169456481933594,58.169456481933594,,,45.771522521972656,25.771522521972656,
reinforce,20.0,0,279,162.137693021459,163,0.02745795249938965,7.397812128067017,,,71.13995361328125,71.13995361328125,,,50.75742721557617,30.75743293762207,
reinforce,20.0,0,280,252.43208260634322,246,0.041294097900390625,7.439271926879883,284.4547886579787,1.1525021045755786,94.07292175292969,94.07292175292969,,,64.37012481689453,44.37012481689453,
reinforce,20.0,0,281,268.81687945624276,262,0.04392504692077637,7.601778030395508,,,95.2432632446289,95.2432632446289,,,66.13880920410156,46.13880920410156,
reinforce,20.0,0,282,327.60499716002306,315,0.052842140197753906,7.654750108718872,,,108.99806213378906,108.99806213378906,,,72.14341735839844,52.14341354370117,
reinforce,20.0,0,283,362.24626604029623,348,0.057913780212402344,7.712838888168335,,,116.47966003417969,116.47966003417969,,,74.3309555053711,54.33094787597656,
reinforce,20.0,0,284,968.2367337332662,943,0.15800714492797852,7.871053218841553,,,151.89413452148438,151.89413452148438,,,91.45332336425781,71.45332336425781,
reinforce,20.0,0,285,1034.9740164831037,1000,0.16697907447814941,8.038222074508667,,,153.78121948242188,153.78121948242188,,,92.51715087890625,72.51715087890625,
reinforce,20.0,0,286,1039.6240497935846,1000,0.16471385955810547,8.203125,,,153.4193572998047,153.4193572998047,,,92.99288940429688,72.9928970336914,
reinforce,20.0,0,287,1047.7529041393122,1000,0.16442179679870605,8.36776089668274,,,155.21961975097656,155.21961975097656,,,93.725341796875,73.72533416748047,
reinforce,20.0,0,288,1055.4878756677708,1000,0.16389679908752441,8.531857013702393,,,153.6752166748047,153.6752166748047,,,94.12742614746094,74.12743377685547,
reinforce,20.0,0,289,1053.1557929258126,1000,0.1647181510925293,8.696768045425415,,,158.33941650390625,158.33941650390625,,,94.13928985595703,74.13929748535156,
reinforce,20.0,0,290,294.5105370929064,255,0.042838096618652344,8.73980712890625,,,113.49285888671875,113.49285888671875,,,73.63034057617188,53.630340576171875,
reinforce,20.0,0,291,226.62313467003838,191,0.031965017318725586,8.771950960159302,,,99.9681167602539,99.9681167602539,,,66.28099822998047,46.28099822998047,
reinforce,20.0,0,292,240.9712048764594,204,0.034288883209228516,8.80643105506897,,,96.21333312988281,96.21333312988281,,,67.56378936767578,47.56378936767578,
reinforce,20.0,0,293,208.26199449164017,175,0.029345989227294922,8.835961103439331,,,89.65227508544922,89.65227508544922,,,63.49855422973633,43.49855041503906,
reinforce,20.0,0,294,225.05156064486317,189,0.03162693977355957,8.867738962173462,,,92.3993911743164,92.3993911743164,,,66.08119201660156,46.08119583129883,
reinforce,20.0,0,295,226.7781535953013,188,0.03131699562072754,8.899240016937256,,,90.17890167236328,90.17890167236328,,,66.44794464111328,46.447940826416016,
reinforce,20.0,0,296,170.7992037962732,141,0.023955106735229492,8.923388004302979,,,74.04247283935547,74.04247283935547,,,56.970096588134766,36.9700927734375,
reinforce,20.0,0,297,178.45468870253873,147,0.02508687973022461,8.948642015457153,,,85.6210708618164,85.6210708618164,,,58.32556915283203,38.32556915283203,
reinforce,20.0,0,298,213.30988743769697,178,0.029787063598632812,8.978569984436035,,,102.17977905273438,102.17977905273438,,,63.63117218017578,43.63117218017578,
reinforce,20.0,0,299,167.69298102547913,137,0.023647069931030273,9.002377033233643,,,79.1042251586914,79.1042251586914,,,56.07578659057617,36.07578659057617,
reinforce,20.0,0,300,164.46443295770695,133,0.0225222110748291,9.025046110153198,176.89943178677157,1.9157652322066678,73.36267852783203,73.36267852783203,,,56.219383239746094,36.21937942504883,
reinforce,20.0,0,301,212.2873734159406,176,0.02981877326965332,9.117918014526367,,,90.53589630126953,90.53589630126953,,,64.33529663085938,44.33529281616211,
reinforce,20.0,0,302,175.85547347133587,142,0.024003982543945312,9.142067909240723,,,77.47022247314453,77.47022247314453,,,58.23292541503906,38.23292541503906,
reinforce,20.0,0,303,187.66058051994142,154,0.025632858276367188,9.167892932891846,,,77.87393188476562,77.87393188476562,,,60.05836486816406,40.05835723876953,
reinforce,20.0,0,304,165.7662760141933,133,0.022782087326049805,9.19081711769104,,,72.65404510498047,72.65404510498047,,,56.40970230102539,36.40970230102539,
reinforce,20.0,0,305,176.9065537944467,143,0.02427196502685547,9.215249061584473,,,85.8228759765625,85.8228759765625,,,59.11909103393555,39.11908721923828,
reinforce,20.0,0,306,147.44062830210996,117,0.019936084747314453,9.235351085662842,,,64.78104400634766,64.78104400634766,,,52.10435104370117,32.10435104370117,
reinforce,20.0,0,307,168.86772552267226,136,0.02288818359375,9.258403062820435,,,87.91279602050781,87.91279602050781,,,57.066226959228516,37.066226959228516,
reinforce,20.0,0,308,149.60011467604716,120,0.020711183547973633,9.27926516532898,,,67.20841217041016,67.20841217041016,,,53.345035552978516,33.345035552978516,
reinforce,20.0,0,309,158.66205007321636,127,0.021877050399780273,9.301268100738525,,,79.21643829345703,79.21643829345703,,,54.59843826293945,34.59843826293945,
reinforce,20.0,0,310,159.33830059284662,130,0.022034883499145508,9.323435068130493,,,73.22147369384766,73.22147369384766,,,54.71303176879883,34.71303176879883,
reinforce,20.0,0,311,167.552287285587,136,0.023255109786987305,9.346850156784058,,,75.54308319091797,75.54308319091797,,,56.560829162597656,36.560829162597656,
reinforce,20.0,0,312,145.21395539979062,118,0.019915103912353516,9.366905212402344,,,74.00676727294922,74.00676727294922,,,51.56852722167969,31.568532943725586,
reinforce,20.0,0,313,169.93794223443103,140,0.02375006675720215,9.390819072723389,,,75.84112548828125,75.84112548828125,,,56.78740310668945,36.78740310668945,
reinforce,20.0,0,314,204.72832493803017,170,0.029036760330200195,9.4199960231781,,,88.17625427246094,88.17625427246094,,,62.63502883911133,42.63502883911133,
reinforce,20.0,0,315,210.26099062415338,176,0.029702186584472656,9.449868202209473,,,88.8251724243164,88.8251724243164,,,63.911582946777344,43.911582946777344,
reinforce,20.0,0,316,209.5343088256706,175,0.030094146728515625,9.480118036270142,,,91.59235382080078,91.59235382080078,,,63.92921829223633,43.92921447753906,
reinforce,20.0,0,317,186.66266546000355,154,0.026432037353515625,9.506712913513184,,,83.92379760742188,83.92379760742188,,,59.15673828125,39.156742095947266,
reinforce,20.0,0,318,196.64568184925932,163,0.027721166610717773,9.534550189971924,,,82.71776580810547,82.71776580810547,,,61.43156814575195,41.43156433105469,
reinforce,20.0,0,319,192.970556238552,159,0.026936769485473633,9.561648845672607,,,79.85652160644531,79.85652160644531,,,61.266822814941406,41.26683044433594,
reinforce,20.0,0,320,231.3174397884976,194,0.03255295753479004,9.594384908676147,231.8216866350504,3.5522828315110515,93.93769073486328,93.93769073486328,,,66.82044982910156,46.82044982910156,
reinforce,20.0,0,321,191.79462986827136,158,0.027245044708251953,9.70564889907837,,,87.79225158691406,87.79225158691406,,,60.9023323059082,40.9023323059082,
reinforce,20.0,0,322,247.62819821605234,206,0.03493499755859375,9.740735054016113,,,112.52230072021484,112.52230072021484,,,69.75088500976562,49.750885009765625,
reinforce,20.0,0,323,267.7351430300765,226,0.038197994232177734,9.779088973999023,,,109.8462905883789,109.8462905883789,,,71.75293731689453,51.752933502197266,
reinforce,20.0,0,324,311.11476738466706,261,0.04363584518432617,9.822865962982178,,,112.64389038085938,112.64389038085938,,,76.66011047363281,56.66011428833008,
reinforce,20.0,0,325,286.72309271611664,241,0.0762779712677002,9.899295091629028,,,119.1662826538086,119.1662826538086,,,73.29192352294922,53.29192352294922,
reinforce,20.0,0,326,449.88795066681087,392,0.06527495384216309,9.964725017547607,,,136.00082397460938,136.00082397460938,,,85.22544860839844,65.2254409790039,
reinforce,20.0,0,327,471.45057885700413,411,0.06724190711975098,10.032104015350342,,,132.2782440185547,132.2782440185547,,,86.32363891601562,66.32363891601562,
reinforce,20.0,0,328,639.7602938873464,515,0.08603286743164062,10.118331909179688,,,168.09568786621094,168.09568786621094,,,101.18797302246094,81.18797302246094,
reinforce,20.0,0,329,677.1127210781051,547,0.09018230438232422,10.20869517326355,,,182.18045043945312,182.18045043945312,,,102.91891479492188,82.91891479492188,
reinforce,20.0,0,330,702.359798009751,580,0.09541893005371094,10.304306983947754,,,172.6042938232422,172.6042938232422,,,100.93939971923828,80.93939208984375,
reinforce,20.0,0,331,658.7291805766077,538,0.08887672424316406,10.393369913101196,,,169.93894958496094,169.93894958496094,,,100.83187103271484,80.83186340332031,
reinforce,20.0,0,332,759.6609699249419,638,0.10572504997253418,10.499248027801514,,,172.4231414794922,172.4231414794922,,,101.17784118652344,81.17784118652344,
reinforce,20.0,0,333,1049.7289309622781,1000,0.1646411418914795,10.664096117019653,,,152.8452606201172,152.8452606201172,,,93.4200668334961,73.4200668334961,
reinforce,20.0,0,334,1048.9296799413526,1000,0.16370105743408203,10.827990055084229,,,155.43447875976562,155.43447875976562,,,93.44332885742188,73.44332885742188,
reinforce,20.0,0,335,779.2559211913589,663,0.1096498966217041,10.937843084335327,,,174.65415954589844,174.65415954589844,,,100.62752532958984,80.62752532958984,
reinforce,20.0,0,336,1049.1214040853897,1000,0.16386795043945312,11.101909160614014,,,155.3196563720703,155.3196563720703,,,93.61575317382812,73.61575317382812,
reinforce,20.0,0,337,1038.819399268661,1000,0.16504788398742676,11.267161846160889,,,149.91671752929688,149.91671752929688,,,92.6942367553711,72.6942367553711,
reinforce,20.0,0,338,1042.6893585901755,1000,0.16425299644470215,11.431612014770508,,,154.9900360107422,154.9900360107422,,,93.13640594482422,73.13640594482422,
reinforce,20.0,0,339,1042.908532126212,1000,0.16453790664672852,11.596328020095825,,,154.03656005859375,154.03656005859375,,,93.20002746582031,73.20002746582031,
reinforce,20.0,0,340,745.2196159400501,707,0.13651204109191895,11.733038187026978,1035.9421607363565,0.39589209745161547,143.56561279296875,143.56561279296875,,,89.78376007080078,69.78376007080078,
reinforce,20.0,0,341,1033.182386820836,1000,0.16483831405639648,12.320598125457764,,,154.40264892578125,154.40264892578125,,,92.38416290283203,72.38416290283203,
reinforce,20.0,0,342,1037.1334097805861,1000,0.16481924057006836,12.485613107681274,,,154.40206909179688,154.40206909179688,,,92.88788604736328,72.88788604736328,
reinforce,20.0,0,343,913.6536667127889,878,0.14571809768676758,12.631532192230225,,,153.08172607421875,153.08172607421875,,,91.46399688720703,71.4639892578125,
reinforce,20.0,0,344,1034.3834788538459,1000,0.16878390312194824,12.800505876541138,,,155.952880859375,155.952880859375,,,92.40556335449219,72.40556335449219,
reinforce,20.0,0,345,1030.709524084537,1000,0.16782021522521973,12.968508005142212,,,153.08828735351562,153.08828735351562,,,92.19757843017578,72.19757843017578,
reinforce,20.0,0,346,583.3050720453688,542,0.08964300155639648,13.058336973190308,,,141.2141876220703,141.2141876220703,,,87.31837463378906,67.31837463378906,
reinforce,20.0,0,347,1036.7534888777507,1000,0.16539311408996582,13.22392201423645,,,156.7114715576172,156.7114715576172,,,92.78673553466797,72.78672790527344,
reinforce,20.0,0,348,789.7248771513749,756,0.12110185623168945,13.345215082168579,,,141.70176696777344,141.70176696777344,,,89.72913360595703,69.72913360595703,
reinforce,20.0,0,349,621.2676444079316,585,0.09348034858703613,13.438860177993774,,,142.25668334960938,142.25668334960938,,,87.32762145996094,67.32762145996094,
reinforce,20.0,0,350,522.1123365410956,481,0.0768129825592041,13.515851974487305,,,146.1133575439453,146.1133575439453,,,86.09516906738281,66.09516906738281,
reinforce,20.0,0,351,736.984178996781,705,0.11320090293884277,13.62920880317688,,,146.50509643554688,146.50509643554688,,,88.80010223388672,68.80010223388672,
reinforce,20.0,0,352,686.010728485806,654,0.10439014434814453,13.73376202583313,,,143.1749725341797,143.1749725341797,,,88.34182739257812,68.3418197631836,
reinforce,20.0,0,353,478.1820023327761,443,0.0733640193939209,13.807337045669556,,,130.55482482910156,130.55482482910156,,,82.95521545410156,62.95521545410156,
reinforce,20.0,0,354,895.4291616175115,862,0.1433851718902588,13.950877904891968,,,153.6167755126953,153.6167755126953,,,90.80742645263672,70.80742645263672,
reinforce,20.0,0,355,459.50437913179303,420,0.0696101188659668,14.020650148391724,,,131.92832946777344,131.92832946777344,,,83.87356567382812,63.873573303222656,
reinforce,20.0,0,356,443.6982774845078,403,0.06741595268249512,14.08825397491455,,,136.3254852294922,136.3254852294922,,,82.77201080322266,62.772010803222656,
reinforce,20.0,0,357,464.0834724450198,426,0.07115769386291504,14.15959882736206,,,134.06048583984375,134.06048583984375,,,83.12004852294922,63.12004089355469,
reinforce,20.0,0,358,454.5664626331312,416,0.06903815269470215,14.228800058364868,,,130.82899475097656,130.82899475097656,,,83.143798828125,63.143798828125,
reinforce,20.0,0,359,410.4028597566842,374,0.061907052993774414,14.290873050689697,,,123.80358123779297,123.80358123779297,,,79.95735168457031,59.95735168457031,
reinforce,20.0,0,360,512.2885689167558,479,0.0790872573852539,14.37015414237976,1029.0781905768276,0.3131642117566313,132.63682556152344,132.63682556152344,,,83.45158386230469,63.45158386230469,
reinforce,20.0,0,361,407.7160380613109,368,0.0620729923248291,14.85678505897522,,,123.66674041748047,123.66674041748047,,,80.7617416381836,60.761749267578125,
reinforce,20.0,0,362,608.6327086699522,500,0.0828559398651123,14.939815044403076,,,171.19265747070312,171.19265747070312,,,99.35832977294922,79.35832977294922,
reinforce,20.0,0,363,402.18452515253966,361,0.06022310256958008,15.000244140625,,,134.3331298828125,134.3331298828125,,,80.74918365478516,60.749183654785156,
reinforce,20.0,0,364,384.4986407177415,338,0.06092381477355957,15.06131100654602,,,121.8374252319336,121.8374252319336,,,80.67340087890625,60.67341232299805,
reinforce,20.0,0,365,558.257121898637,446,0.0762181282043457,15.13778305053711,,,170.63241577148438,170.63241577148438,,,99.18164825439453,79.18164825439453,
reinforce,20.0,0,366,494.266592370356,386,0.07479214668273926,15.212793111801147,,,167.08676147460938,167.08676147460938,,,97.98528289794922,77.98528289794922,
reinforce,20.0,0,367,522.4783249335646,412,0.07586479187011719,15.288931846618652,,,163.92718505859375,163.92718505859375,,,98.04912567138672,78.04912567138672,
reinforce,20.0,0,368,489.8617686889443,379,0.07034802436828613,15.359486103057861,,,160.012939453125,160.012939453125,,,98.76034545898438,78.76033782958984,
reinforce,20.0,0,369,503.2332707530541,389,0.06524276733398438,15.424913883209229,,,173.36500549316406,173.36500549316406,,,98.7872085571289,78.78720092773438,
reinforce,20.0,0,370,378.61505418053696,316,0.054280996322631836,15.479377031326294,,,138.3235321044922,138.3235321044922,,,83.55555725097656,63.5555534362793,
reinforce,20.0,0,371,461.5806861041418,349,0.061579227447509766,15.541101217269897,,,167.12667846679688,167.12667846679688,,,97.69886016845703,77.69886779785156,
reinforce,20.0,0,372,455.1514768837111,349,0.05822014808654785,15.59951114654541,,,167.91368103027344,167.91368103027344,,,96.60897064208984,76.60896301269531,
reinforce,20.0,0,373,400.1711770883871,294,0.04899477958679199,15.648699045181274,,,161.3824005126953,161.3824005126953,,,95.16436767578125,75.16436767578125,
reinforce,20.0,0,374,437.5168608510988,326,0.05424785614013672,15.703131914138794,,,164.61990356445312,164.61990356445312,,,96.88983154296875,76.88983154296875,
reinforce,20.0,0,375,399.9226607784481,290,0.047952890396118164,15.751267910003662,,,161.02175903320312,161.02175903320312,,,97.22254180908203,77.22254943847656,
reinforce,20.0,0,376,428.2990498389531,320,0.05247998237609863,15.803924083709717,,,151.52040100097656,151.52040100097656,,,96.08518981933594,76.08518981933594,
reinforce,20.0,0,377,409.07161431065924,299,0.049481868743896484,15.853538036346436,,,158.35531616210938,158.35531616210938,,,96.28785705566406,76.28785705566406,
reinforce,20.0,0,378,380.5157230381325,274,0.044981956481933594,15.898730039596558,,,156.90122985839844,156.90122985839844,,,94.75750732421875,74.75751495361328,
reinforce,20.0,0,379,390.62388205091287,283,0.046853065490722656,15.945739984512329,,,161.1332550048828,161.1332550048828,,,94.3489990234375,74.34900665283203,
reinforce,20.0,0,380,369.7036055170144,262,0.04404783248901367,15.989948987960815,389.1180259635914,1.1672455306794338,158.57913208007812,158.57913208007812,,,94.75254821777344,74.75254821777344,
reinforce,20.0,0,381,384.9177839356898,277,0.04641604423522949,16.156907081604004,,,174.5791473388672,174.5791473388672,,,95.18827819824219,75.18827819824219,
reinforce,20.0,0,382,358.64995931672837,257,0.042532920837402344,16.199630975723267,,,156.36026000976562,156.36026000976562,,,91.59589385986328,71.59589385986328,
reinforce,20.0,0,383,408.1374014051044,304,0.05016613006591797,16.24997901916504,,,158.94216918945312,158.94216918945312,,,93.76316833496094,73.76316833496094,
reinforce,20.0,0,384,374.68759999311766,274,0.045742034912109375,16.295907974243164,,,152.307373046875,152.307373046875,,,92.45777893066406,72.45777893066406,
reinforce,20.0,0,385,357.0217344555227,249,0.04145097732543945,16.33752202987671,,,157.13714599609375,157.13714599609375,,,93.83097839355469,73.83097839355469,
reinforce,20.0,0,386,338.6026569073093,231,0.03816986083984375,16.375869035720825,,,167.49874877929688,167.49874877929688,,,93.13226318359375,73.13226318359375,
reinforce,20.0,0,387,347.66077023769117,243,0.04049110412597656,16.416532039642334,,,161.5196075439453,161.5196075439453,,,91.99507141113281,71.99507141113281,
reinforce,20.0,0,388,337.6511988102696,236,0.03920912742614746,16.455905199050903,,,140.47776794433594,140.47776794433594,,,90.77759552001953,70.77760314941406,
reinforce,20.0,0,389,346.3217393544914,244,0.04051494598388672,16.496593952178955,,,160.4033966064453,160.4033966064453,,,91.5262222290039,71.5262222290039,
reinforce,20.0,0,390,324.98624499773194,220,0.036669254302978516,16.533453226089478,,,154.23245239257812,154.23245239257812,,,91.40452575683594,71.4045181274414,
reinforce,20.0,0,391,314.98155189364655,210,0.034677743911743164,16.568302869796753,,,141.9527130126953,141.9527130126953,,,90.68949127197266,70.68949890136719,
reinforce,20.0,0,392,338.6521352092967,233,0.0387578010559082,16.60724687576294,,,155.08763122558594,155.08763122558594,,,91.72274017333984,71.72273254394531,
reinforce,20.0,0,393,323.9031928307671,218,0.03592205047607422,16.643352031707764,,,137.2642822265625,137.2642822265625,,,91.6734619140625,71.6734619140625,
reinforce,20.0,0,394,292.15289478137345,197,0.03275585174560547,16.676279067993164,,,140.1585693359375,140.1585693359375,,,85.72269439697266,65.72270202636719,
reinforce,20.0,0,395,318.5939968537606,218,0.03644609451293945,16.712865114212036,,,153.66754150390625,153.66754150390625,,,89.67259216308594,69.6725845336914,
reinforce,20.0,0,396,317.8158267633737,216,0.03595399856567383,16.749011039733887,,,158.85946655273438,158.85946655273438,,,89.3509292602539,69.35092163085938,
reinforce,20.0,0,397,307.249231257068,211,0.03475499153137207,16.783960103988647,,,136.8764190673828,136.8764190673828,,,86.61467742919922,66.61467742919922,
reinforce,20.0,0,398,272.87228596480145,183,0.03007793426513672,16.814229011535645,,,131.2696990966797,131.2696990966797,,,82.10977935791016,62.109779357910156,
reinforce,20.0,0,399,291.8334052190481,197,0.03248119354248047,16.846891164779663,,,141.2847442626953,141.2847442626953,,,85.87986755371094,65.87986755371094,
reinforce,20.0,0,400,276.43771255476275,188,0.03192019462585449,16.878988027572632,283.21693531639033,1.9777102714781492,128.74160766601562,128.74160766601562,,,82.6661605834961,62.666160583496094,
reinforce,20.0,0,401,226.74839311611166,152,0.0302579402923584,17.025543928146362,,,109.2295150756836,109.2295150756836,,,74.43412780761719,54.434120178222656,
reinforce,20.0,0,402,191.38986574359964,132,0.029665708541870117,17.055384874343872,,,101.93325805664062,101.93325805664062,,,66.28665161132812,46.286651611328125,
reinforce,20.0,0,403,284.85132385988607,192,0.03869509696960449,17.09445309638977,,,124.29791259765625,124.29791259765625,,,84.52178192138672,64.52178192138672,
reinforce,20.0,0,404,219.61697797425632,150,0.02983403205871582,17.124500036239624,,,103.73197937011719,103.73197937011719,,,72.49839782714844,52.49839782714844,
reinforce,20.0,0,405,255.2937700853154,174,0.03028583526611328,17.154972076416016,,,119.83171844482422,119.83171844482422,,,78.65055084228516,58.65054702758789,
reinforce,20.0,0,406,263.105220152297,183,0.03264474868774414,17.187801837921143,,,120.46458435058594,120.46458435058594,,,79.29926300048828,59.299259185791016,
reinforce,20.0,0,407,263.7778366652751,182,0.03171420097351074,17.21970009803772,,,123.54949188232422,123.54949188232422,,,79.68215942382812,59.68215560913086,
reinforce,20.0,0,408,186.59757212808813,129,0.023233890533447266,17.243119955062866,,,88.1430892944336,88.1430892944336,,,64.8313980102539,44.83138656616211,
reinforce,20.0,0,409,182.22907178997198,126,0.022902965545654297,17.266186952590942,,,94.49042510986328,94.49042510986328,,,64.04048919677734,44.04049301147461,
reinforce,20.0,0,410,197.92374841255958,137,0.024441003799438477,17.29081702232361,,,91.80506134033203,91.80506134033203,,,67.5700912475586,47.57009506225586,
reinforce,20.0,0,411,167.3820958052365,112,0.019797801971435547,17.31079888343811,,,89.20848083496094,89.20848083496094,,,60.924320220947266,40.924320220947266,
reinforce,20.0,0,412,184.51491034735915,128,0.022276878356933594,17.333251953125,,,89.35602569580078,89.35602569580078,,,63.8963623046875,43.8963623046875,
reinforce,20.0,0,413,163.81070340633002,112,0.018758058547973633,17.35215997695923,,,95.26280212402344,95.26280212402344,,,60.79744338989258,40.79744338989258,
reinforce,20.0,0,414,151.78591759721442,102,0.017062902450561523,17.369391918182373,,,74.81261444091797,74.81261444091797,,,57.87424850463867,37.87424850463867,
reinforce,20.0,0,415,169.95757644799843,114,0.01916813850402832,17.388710021972656,,,85.68518829345703,85.68518829345703,,,62.36238098144531,42.36238098144531,
reinforce,20.0,0,416,187.89474935602516,129,0.02189803123474121,17.410755157470703,,,92.12017059326172,92.12017059326172,,,65.62263488769531,45.62263488769531,
reinforce,20.0,0,417,163.39043149901653,111,0.018559932708740234,17.429485082626343,,,93.24600219726562,93.24600219726562,,,59.80378723144531,39.80378723144531,
reinforce,20.0,0,418,154.55972079158644,103,0.017441987991333008,17.447099924087524,,,70.87789916992188,70.87789916992188,,,58.84410095214844,38.84410095214844,
reinforce,20.0,0,419,200.74674996765475,138,0.022938251495361328,17.470189094543457,,,110.86323547363281,110.86323547363281,,,67.91451263427734,47.91450881958008,
reinforce,20.0,0,420,181.76337949960188,122,0.02066802978515625,17.491007089614868,170.54719933589777,1.6322573609906896,98.84980010986328,98.84980010986328,,,64.69032287597656,44.69032669067383,
reinforce,20.0,0,421,163.02910928601602,110,0.018609285354614258,17.56084418296814,,,89.57573699951172,89.57573699951172,,,60.344520568847656,40.344520568847656,
reinforce,20.0,0,422,174.321386478268,120,0.02017688751220703,17.581170082092285,,,89.4228286743164,89.4228286743164,,,62.12289047241211,42.12289047241211,
reinforce,20.0,0,423,188.48898234309968,128,0.02111506462097168,17.602442979812622,,,90.12425231933594,90.12425231933594,,,65.67181396484375,45.671810150146484,
reinforce,20.0,0,424,174.55569978328796,119,0.020179271697998047,17.622777223587036,,,83.8927230834961,83.8927230834961,,,62.86573028564453,42.86573028564453,
reinforce,20.0,0,425,176.45796736729702,121,0.020348787307739258,17.643292903900146,,,89.90510559082031,89.90510559082031,,,63.19955825805664,43.199562072753906,
reinforce,20.0,0,426,192.40465804543533,132,0.02166008949279785,17.665109157562256,,,102.70215606689453,102.70215606689453,,,66.74978637695312,46.74979019165039,
reinforce,20.0,0,427,183.41141794972881,122,0.020295143127441406,17.685558080673218,,,96.61235046386719,96.61235046386719,,,66.01002502441406,46.0100212097168,
reinforce,20.0,0,428,173.09142462967586,114,0.019427061080932617,17.70519208908081,,,87.37553405761719,87.37553405761719,,,63.557979583740234,43.557987213134766,
reinforce,20.0,0,429,171.49239704381887,115,0.018979787826538086,17.72432589530945,,,98.12159729003906,98.12159729003906,,,62.62240982055664,42.62240982055664,
reinforce,20.0,0,430,175.4686435364267,116,0.019270896911621094,17.74375891685486,,,84.82943725585938,84.82943725585938,,,64.00198364257812,44.001983642578125,
reinforce,20.0,0,431,173.68085479435285,115,0.01900005340576172,17.76292109489441,,,87.57733154296875,87.57733154296875,,,63.44221115112305,43.44221115112305,
reinforce,20.0,0,432,178.54584685915663,119,0.01990509033203125,17.782998085021973,,,88.700927734375,88.700927734375,,,64.06380462646484,44.063804626464844,
reinforce,20.0,0,433,156.4511045642207,100,0.016695737838745117,17.799843788146973,,,84.40304565429688,84.40304565429688,,,60.008602142333984,40.008609771728516,
reinforce,20.0,0,434,159.37330867909745,100,0.01645374298095703,17.816444873809814,,,95.1379165649414,95.1379165649414,,,62.102970123291016,42.10297393798828,
reinforce,20.0,0,435,158.3053976130277,100,0.01725602149963379,17.833786964416504,,,84.96691131591797,84.96691131591797,,,61.08148956298828,41.08148956298828,
reinforce,20.0,0,436,160.28609962109903,101,0.01724100112915039,17.85117793083191,,,86.77684020996094,86.77684020996094,,,62.2760124206543,42.2760124206543,
reinforce,20.0,0,437,159.70207060346604,101,0.016883373260498047,17.86821722984314,,,78.7153091430664,78.7153091430664,,,61.12297439575195,41.12297439575195,
reinforce,20.0,0,438,152.6773320334806,96,0.016209840774536133,17.88458490371704,,,80.40290832519531,80.40290832519531,,,60.50551986694336,40.50551986694336,
reinforce,20.0,0,439,176.7176902162024,112,0.01867961883544922,17.90339684486389,,,99.4660873413086,99.4660873413086,,,66.29944610595703,46.29944610595703,
reinforce,20.0,0,440,162.5133940318637,93,0.015720129013061523,17.919255018234253,156.23396105209525,2.269021316360054,102.90432739257812,102.90432739257812,,,65.9228286743164,45.922828674316406,
reinforce,20.0,0,441,162.3241730787845,103,0.01733875274658203,17.97838282585144,,,93.36519622802734,93.36519622802734,,,62.207889556884766,42.207889556884766,
reinforce,20.0,0,442,162.10500101051315,99,0.016579866409301758,17.995139837265015,,,90.88787078857422,90.88787078857422,,,63.097843170166016,43.097843170166016,
reinforce,20.0,0,443,181.0339875506195,120,0.020398855209350586,18.015684843063354,,,98.74225616455078,98.74225616455078,,,65.41975402832031,45.41975021362305,
reinforce,20.0,0,444,171.33777542754277,111,0.018716812133789062,18.034568071365356,,,90.60047149658203,90.60047149658203,,,63.080562591552734,43.080562591552734,
reinforce,20.0,0,445,181.82619421342392,116,0.01941394805908203,18.05414605140686,,,93.45133209228516,93.45133209228516,,,66.63899230957031,46.63899230957031,
reinforce,20.0,0,446,161.66279921877296,105,0.01778388023376465,18.072089910507202,,,95.86692810058594,95.86692810058594,,,61.026084899902344,41.026084899902344,
reinforce,20.0,0,447,173.13730877393382,114,0.0190432071685791,18.09131407737732,,,88.10769653320312,88.10769653320312,,,63.799076080322266,43.799076080322266,
reinforce,20.0,0,448,172.23913554668775,109,0.018517017364501953,18.109992027282715,,,87.480712890625,87.480712890625,,,65.7303466796875,45.730342864990234,
reinforce,20.0,0,449,188.99089228630822,123,0.021030902862548828,18.131197929382324,,,106.94681549072266,106.94681549072266,,,67.36456298828125,47.364559173583984,
reinforce,20.0,0,450,170.79493039602812,114,0.01939988136291504,18.150743007659912,,,101.26304626464844,101.26304626464844,,,63.97171401977539,43.97170639038086,
reinforce,20.0,0,451,263.7956125376058,172,0.02861499786376953,18.179504871368408,,,134.36688232421875,134.36688232421875,,,82.75787353515625,62.757869720458984,
reinforce,20.0,0,452,194.8278708531633,133,0.022490262985229492,18.202165126800537,,,102.36402893066406,102.36402893066406,,,67.34257507324219,47.34256362915039,
reinforce,20.0,0,453,172.17622257594843,114,0.019336938858032227,18.221638917922974,,,92.4420394897461,92.4420394897461,,,63.09846878051758,43.09846878051758,
reinforce,20.0,0,454,194.7408139195326,132,0.022475004196166992,18.244323015213013,,,110.32826232910156,110.32826232910156,,,68.70720672607422,48.707210540771484,
reinforce,20.0,0,455,294.5112915439291,195,0.03271889686584473,18.27717900276184,,,151.5400390625,151.5400390625,,,87.80158233642578,67.80157470703125,
reinforce,20.0,0,456,297.67738085333957,197,0.03315305709838867,18.310489892959595,,,145.42076110839844,145.42076110839844,,,88.27030181884766,68.27031707763672,
reinforce,20.0,0,457,321.1377970732033,218,0.03589487075805664,18.3465359210968,,,161.0414581298828,161.0414581298828,,,90.2103042602539,70.2103042602539,
reinforce,20.0,0,458,314.4833006953448,210,0.03446793556213379,18.381187915802002,,,150.192138671875,150.192138671875,,,90.21710205078125,70.21710968017578,
reinforce,20.0,0,459,296.2294835598503,196,0.03206992149353027,18.413444995880127,,,146.11241149902344,146.11241149902344,,,88.40768432617188,68.40768432617188,
reinforce,20.0,0,460,313.6001618093729,208,0.0342106819152832,18.44782280921936,321.09120100768143,1.36175675258896,145.18553161621094,145.18553161621094,,,90.31422424316406,70.31423950195312,
reinforce,20.0,0,461,308.3881061873645,205,0.03424715995788574,18.574499130249023,,,151.31295776367188,151.31295776367188,,,89.7066879272461,69.70668029785156,
reinforce,20.0,0,462,317.0923885879491,213,0.03519630432128906,18.609877109527588,,,147.55038452148438,147.55038452148438,,,90.96025848388672,70.96026611328125,
reinforce,20.0,0,463,324.87173630493584,224,0.036934852600097656,18.646996021270752,,,156.31686401367188,156.31686401367188,,,89.37071228027344,69.37071228027344,
reinforce,20.0,0,464,316.9929387094464,217,0.03573775291442871,18.682926893234253,,,159.88833618164062,159.88833618164062,,,90.01715850830078,70.01715850830078,
reinforce,20.0,0,465,310.4036386591297,205,0.033785104751586914,18.716872930526733,,,155.32838439941406,155.32838439941406,,,90.8623275756836,70.86233520507812,
reinforce,20.0,0,466,322.09462542244677,220,0.03603792190551758,18.753084897994995,,,155.32582092285156,155.32582092285156,,,89.98387908935547,69.98387908935547,
reinforce,20.0,0,467,307.7775852266657,206,0.03377676010131836,18.787033796310425,,,139.7727508544922,139.7727508544922,,,89.77249145507812,69.77249145507812,
reinforce,20.0,0,468,333.4459032765671,234,0.03812670707702637,18.825337886810303,,,147.528076171875,147.528076171875,,,89.82823944091797,69.8282470703125,
reinforce,20.0,0,469,318.08568314800135,214,0.035527944564819336,18.861039876937866,,,148.25054931640625,148.25054931640625,,,91.1667709350586,71.1667709350586,
reinforce,20.0,0,470,314.5053097511954,217,0.03576993942260742,18.896981954574585,,,143.9154815673828,143.9154815673828,,,88.8773193359375,68.87731170654297,
reinforce,20.0,0,471,325.9455846528216,230,0.03797292709350586,18.935136079788208,,,150.94680786132812,150.94680786132812,,,88.62261962890625,68.62261962890625,
reinforce,20.0,0,472,302.24391926530814,205,0.034211158752441406,18.969536066055298,,,137.5319366455078,137.5319366455078,,,89.32966613769531,69.32966613769531,
reinforce,20.0,0,473,331.41712287903187,233,0.03867220878601074,19.008341073989868,,,146.90003967285156,146.90003967285156,,,90.48290252685547,70.48290252685547,
reinforce,20.0,0,474,324.4731034110395,228,0.03791189193725586,19.046424865722656,,,138.39816284179688,138.39816284179688,,,89.4697265625,69.46971893310547,
reinforce,20.0,0,475,373.13563120234284,286,0.046852827072143555,19.093446969985962,,,145.24069213867188,145.24069213867188,,,88.2335205078125,68.2335205078125,
reinforce,20.0,0,476,343.8657464016622,249,0.040940046310424805,19.13458013534546,,,157.62205505371094,157.62205505371094,,,90.63953399658203,70.63953399658203,
reinforce,20.0,0,477,369.2998506995063,278,0.04546403884887695,19.180211067199707,,,159.25698852539062,159.25698852539062,,,90.14319610595703,70.14319610595703,
reinforce,20.0,0,478,282.6513946648737,237,0.0392608642578125,19.21965193748474,,,109.69941711425781,109.69941711425781,,,72.81256866455078,52.81257247924805,
reinforce,20.0,0,479,276.8168021073163,234,0.03860306739807129,19.258418083190918,,,105.73902130126953,105.73902130126953,,,71.11810302734375,51.11809539794922,
reinforce,20.0,0,480,286.71506982854424,242,0.03976130485534668,19.298359155654907,288.42649108460216,1.3320927420306647,99.1250228881836,99.1250228881836,,,72.85799407958984,52.85799789428711,
reinforce,20.0,0,481,298.1328313239657,245,0.040899038314819336,19.441736936569214,,,120.67013549804688,120.67013549804688,,,77.00972747802734,57.009727478027344,
reinforce,20.0,0,482,298.2954887710431,250,0.04085874557495117,19.4827721118927,,,121.47406768798828,121.47406768798828,,,75.26448059082031,55.26448059082031,
reinforce,20.0,0,483,244.43500311534206,204,0.03366398811340332,19.516618013381958,,,107.0769271850586,107.0769271850586,,,69.55583953857422,49.55583572387695,
reinforce,20.0,0,484,385.06051580568044,300,0.04961895942687988,19.566406965255737,,,144.19992065429688,144.19992065429688,,,90.74261474609375,70.74261474609375,
reinforce,20.0,0,485,274.2903948550664,232,0.03873801231384277,19.605322122573853,,,112.09684753417969,112.09684753417969,,,72.77421569824219,52.77420425415039,
reinforce,20.0,0,486,251.81663208836895,214,0.035147905349731445,19.6406409740448,,,111.82845306396484,111.82845306396484,,,68.83961486816406,48.83961486816406,
reinforce,20.0,0,487,268.58126002987643,231,0.03844285011291504,19.679261922836304,,,108.53604888916016,108.53604888916016,,,70.60813903808594,50.60813903808594,
reinforce,20.0,0,488,382.04014886413785,299,0.06888389587402344,19.74831485748291,,,137.10317993164062,137.10317993164062,,,89.63060760498047,69.63060760498047,
reinforce,20.0,0,489,288.8329034445929,249,0.04120898246765137,19.789690017700195,,,114.01338195800781,114.01338195800781,,,73.4070816040039,53.407073974609375,
reinforce,20.0,0,490,279.15743975767975,242,0.039900779724121094,19.829757928848267,,,110.68936920166016,110.68936920166016,,,72.25513458251953,52.25513458251953,
reinforce,20.0,0,491,356.33514456415696,309,0.05161476135253906,19.881532907485962,,,126.13597106933594,126.13597106933594,,,79.46796417236328,59.46796798706055,
reinforce,20.0,0,492,410.2501402557851,321,0.05300593376159668,19.934685945510864,,,149.75662231445312,149.75662231445312,,,92.20464324951172,72.20464324951172,
reinforce,20.0,0,493,318.02922414148884,274,0.04577994346618652,19.98063898086548,,,120.9640884399414,120.9640884399414,,,76.3355941772461,56.335594177246094,
reinforce,20.0,0,494,435.973976351613,342,0.055731773376464844,20.036531925201416,,,151.2882080078125,151.2882080078125,,,94.1482925415039,74.1482925415039,
reinforce,20.0,0,495,488.98054996324834,398,0.06694507598876953,20.10365915298462,,,156.0898895263672,156.0898895263672,,,94.10376739501953,74.10376739501953,
reinforce,20.0,0,496,336.54971291501136,292,0.04844522476196289,20.152268171310425,,,126.38520812988281,126.38520812988281,,,77.37178802490234,57.371788024902344,
reinforce,20.0,0,497,348.2291998169972,305,0.05010509490966797,20.20255708694458,,,120.61601257324219,120.61601257324219,,,78.06067657470703,58.06067657470703,
reinforce,20.0,0,498,497.2080752132112,403,0.06600499153137207,20.268747091293335,,,158.4901580810547,158.4901580810547,,,95.02472686767578,75.02471923828125,
reinforce,20.0,0,499,363.89006634052447,315,0.05209803581237793,20.321053981781006,,,122.75711822509766,122.75711822509766,,,79.91019439697266,59.910194396972656,
reinforce,20.0,0,500,358.7798631279652,307,0.05083894729614258,20.37205696105957,516.1629467150782,0.6431090067494026,129.2735595703125,129.2735595703125,,,80.36290740966797,60.362911224365234,
reinforce,20.0,0,501,468.5379442657378,370,0.0609128475189209,20.6070339679718,,,163.14276123046875,163.14276123046875,,,95.75090789794922,75.75090026855469,
reinforce,20.0,0,502,501.1488646408807,397,0.06536602973937988,20.67259907722473,,,162.88754272460938,162.88754272460938,,,97.43413543701172,77.43414306640625,
reinforce,20.0,0,503,489.971460104763,387,0.06380319595336914,20.736597061157227,,,159.92991638183594,159.92991638183594,,,97.23291778564453,77.23291778564453,
reinforce,20.0,0,504,467.50745531841136,361,0.05960488319396973,20.796386003494263,,,163.58067321777344,163.58067321777344,,,98.08306121826172,78.08305358886719,
reinforce,20.0,0,505,484.48840812982627,381,0.06206011772155762,20.858626127243042,,,158.83253479003906,158.83253479003906,,,96.53450775146484,76.53450775146484,
reinforce,20.0,0,506,416.4985519573246,371,0.06133580207824707,20.920163869857788,,,125.63890838623047,125.63890838623047,,,81.98954772949219,61.98954391479492,
reinforce,20.0,0,507,498.9254374292812,395,0.06548714637756348,20.985838174819946,,,169.6376953125,169.6376953125,,,96.86441802978516,76.86441802978516,
reinforce,20.0,0,508,493.40255497942144,386,0.06333208084106445,21.04932403564453,,,165.24774169921875,165.24774169921875,,,98.26589965820312,78.26589965820312,
reinforce,20.0,0,509,370.8193872068698,323,0.05360579490661621,21.10310196876526,,,126.86394500732422,126.86394500732422,,,80.35880279541016,60.35881423950195,
reinforce,20.0,0,510,500.99582502383305,392,0.06415700912475586,21.167460918426514,,,168.66868591308594,168.66868591308594,,,98.3721923828125,78.3721923828125,
reinforce,20.0,0,511,478.99705685567704,371,0.06045103073120117,21.22810697555542,,,162.02783203125,162.02783203125,,,97.56038665771484,77.56038665771484,
reinforce,20.0,0,512,340.12362305361654,289,0.047837018966674805,21.27614402770996,,,133.5954132080078,133.5954132080078,,,79.41231536865234,59.41232681274414,
reinforce,20.0,0,513,504.5857249413043,400,0.06561112403869629,21.341930150985718,,,168.66928100585938,168.66928100585938,,,97.23279571533203,77.23279571533203,
reinforce,20.0,0,514,489.0204774914263,382,0.062499046325683594,21.40459394454956,,,158.18231201171875,158.18231201171875,,,97.30167388916016,77.30167388916016,
reinforce,20.0,0,515,527.0059094131842,423,0.07003378868103027,21.47481083869934,,,165.53985595703125,165.53985595703125,,,97.03036499023438,77.03035736083984,
reinforce,20.0,0,516,489.78283131494743,384,0.06352806091308594,21.53851819038391,,,159.51783752441406,159.51783752441406,,,97.25118255615234,77.25118255615234,
reinforce,20.0,0,517,473.9057592327076,365,0.059648990631103516,21.598356008529663,,,164.1831817626953,164.1831817626953,,,97.51158142089844,77.51158142089844,
reinforce,20.0,0,518,505.21108486666503,398,0.06604218482971191,21.66457986831665,,,157.4442596435547,157.4442596435547,,,97.5936508178711,77.59364318847656,
reinforce,20.0,0,519,480.01956547779497,371,0.06067371368408203,21.725412845611572,,,166.51499938964844,166.51499938964844,,,97.52490997314453,77.5249252319336,
reinforce,20.0,0,520,464.2320200945146,356,0.058537960052490234,21.784119129180908,476.81930480238697,0.47468098292621647,161.2252655029297,161.2252655029297,,,97.31295776367188,77.31295013427734,
reinforce,20.0,0,521,471.8674301189593,366,0.06091809272766113,22.00093913078308,,,168.26535034179688,168.26535034179688,,,96.52896881103516,76.5289535522461,
reinforce,20.0,0,522,451.386676797829,342,0.05678582191467285,22.05787491798401,,,160.6083526611328,160.6083526611328,,,97.28885650634766,77.28884887695312,
reinforce,20.0,0,523,440.3054418941157,331,0.05461621284484863,22.11267900466919,,,174.1746063232422,174.1746063232422,,,97.19719696044922,77.19719696044922,
reinforce,20.0,0,524,445.5149242984542,338,0.05540919303894043,22.168249130249023,,,160.07737731933594,160.07737731933594,,,96.74932098388672,76.74932098388672,
reinforce,20.0,0,525,424.72966853565725,316,0.0518038272857666,22.220242977142334,,,163.20858764648438,163.20858764648438,,,96.27735900878906,76.27735900878906,
reinforce,20.0,0,526,427.37826814275246,321,0.05323386192321777,22.273643016815186,,,157.5838165283203,157.5838165283203,,,95.71083068847656,75.71083068847656,
reinforce,20.0,0,527,382.51599548865767,279,0.046113014221191406,22.319941997528076,,,166.1659698486328,166.1659698486328,,,94.64075469970703,74.6407470703125,
reinforce,20.0,0,528,401.7641790250395,290,0.048537254333496094,22.368651151657104,,,165.45559692382812,165.45559692382812,,,96.9610595703125,76.9610595703125,
reinforce,20.0,0,529,387.58255520979304,280,0.04577779769897461,22.41461682319641,,,161.47869873046875,161.47869873046875,,,95.50801086425781,75.50801086425781,
reinforce,20.0,0,530,275.1354717707995,211,0.03500103950500488,22.44977903366089,,,114.38255310058594,114.38255310058594,,,77.43416595458984,57.43416213989258,
reinforce,20.0,0,531,385.14872461725037,281,0.046346187591552734,22.496304035186768,,,164.80043029785156,164.80043029785156,,,93.88575744628906,73.8857650756836,
reinforce,20.0,0,532,381.8320225661094,275,0.045188188552856445,22.541667222976685,,,158.3772430419922,158.3772430419922,,,94.48836517333984,74.48836517333984,
reinforce,20.0,0,533,346.6231555203994,250,0.041474103927612305,22.58330798149109,,,142.79136657714844,142.79136657714844,,,91.28456115722656,71.2845687866211,
reinforce,20.0,0,534,375.97964076491456,271,0.04473090171813965,22.628211975097656,,,162.51773071289062,162.51773071289062,,,94.47065734863281,74.47065734863281,
reinforce,20.0,0,535,365.8668585972473,266,0.043759822845458984,22.672143936157227,,,145.6424102783203,145.6424102783203,,,92.73603057861328,72.73603057861328,
reinforce,20.0,0,536,383.36379282089104,280,0.04607081413269043,22.718379974365234,,,153.72305297851562,153.72305297851562,,,93.79104614257812,73.79104614257812,
reinforce,20.0,0,537,353.14586061474046,256,0.04253387451171875,22.761096954345703,,,138.76263427734375,138.76263427734375,,,91.35809326171875,71.35809326171875,
reinforce,20.0,0,538,393.8795935040406,287,0.04667806625366211,22.807934045791626,,,147.78375244140625,147.78375244140625,,,95.33797454833984,75.33796691894531,
reinforce,20.0,0,539,334.44100147298695,238,0.03929591178894043,22.847403049468994,,,148.18728637695312,148.18728637695312,,,89.96993255615234,69.96994018554688,
reinforce,20.0,0,540,358.63967642594304,258,0.04285407066345215,22.890424013137817,382.46325710374015,0.8506174940778101,151.41354370117188,151.41354370117188,,,92.68631744384766,72.68631744384766,
reinforce,20.0,0,541,379.6409959376404,278,0.04678988456726074,23.056357860565186,,,167.60647583007812,167.60647583007812,,,94.36946868896484,74.36946868896484,
reinforce,20.0,0,542,376.29975122127803,270,0.04472017288208008,23.101237058639526,,,168.30789184570312,168.30789184570312,,,95.47261047363281,75.47261047363281,
reinforce,20.0,0,543,399.9297490654867,292,0.04806804656982422,23.14945888519287,,,169.0960235595703,169.0960235595703,,,96.30188751220703,76.30188751220703,
reinforce,20.0,0,544,405.9040436595056,302,0.05028080940246582,23.199926137924194,,,155.14544677734375,155.14544677734375,,,95.67586517333984,75.67586517333984,
reinforce,20.0,0,545,398.5716457050629,298,0.04955697059631348,23.249670028686523,,,159.6531982421875,159.6531982421875,,,94.4409408569336,74.4409408569336,
reinforce,20.0,0,546,398.5309118244603,298,0.04927206039428711,23.299103021621704,,,157.28221130371094,157.28221130371094,,,94.64506530761719,74.64506530761719,
reinforce,20.0,0,547,411.9279318533318,313,0.05160021781921387,23.350881099700928,,,149.10842895507812,149.10842895507812,,,94.50736236572266,74.50736236572266,
reinforce,20.0,0,548,431.778872867691,341,0.056380271911621094,23.40742516517639,,,151.93258666992188,151.93258666992188,,,93.21189880371094,73.21189880371094,
reinforce,20.0,0,549,416.0479002198563,321,0.05365920066833496,23.461283206939697,,,151.75315856933594,151.75315856933594,,,93.97653198242188,73.97652435302734,
reinforce,20.0,0,550,399.7232947276313,306,0.05066108703613281,23.51211905479431,,,149.7142791748047,149.7142791748047,,,93.53978729248047,73.53978729248047,
reinforce,20.0,0,551,407.29373302488824,318,0.05243492126464844,23.564730882644653,,,154.58084106445312,154.58084106445312,,,91.98895263671875,71.98896026611328,
reinforce,20.0,0,552,450.9622897040062,363,0.06013798713684082,23.62504291534424,,,153.5974578857422,153.5974578857422,,,92.75146484375,72.75147247314453,
reinforce,20.0,0,553,401.25956690066187,314,0.05212116241455078,23.677352905273438,,,147.7875518798828,147.7875518798828,,,91.53096771240234,71.53096771240234,
reinforce,20.0,0,554,253.3884040713782,218,0.03625798225402832,23.713752031326294,,,102.73125457763672,102.73125457763672,,,68.4876480102539,48.48764419555664,
reinforce,20.0,0,555,268.8053976132149,225,0.03704094886779785,23.750958919525146,,,112.15875244140625,112.15875244140625,,,72.31160736083984,52.311607360839844,
reinforce,20.0,0,556,266.1914646163272,223,0.03704094886779785,23.788161993026733,,,110.55428314208984,110.55428314208984,,,72.07421112060547,52.074214935302734,
reinforce,20.0,0,557,257.22575692802116,214,0.035262107849121094,23.823580026626587,,,107.5608139038086,107.5608139038086,,,70.809814453125,50.809810638427734,
reinforce,20.0,0,558,248.8399174090305,205,0.034011125564575195,23.857731103897095,,,109.24807739257812,109.24807739257812,,,70.51909637451172,50.51910400390625,
reinforce,20.0,0,559,232.37150127233784,192,0.03180885314941406,23.88971710205078,,,99.36222076416016,99.36222076416016,,,68.67960357666016,48.67959976196289,
reinforce,20.0,0,560,227.82624373068626,186,0.03083515167236328,23.920696020126343,237.85324288954058,0.24306711763546066,100.37676239013672,100.37676239013672,,,67.70259094238281,47.70259094238281,
reinforce,20.0,0,561,210.40359565208433,172,0.028728008270263672,24.03422212600708,,,91.67579650878906,91.67579650878906,,,64.89940643310547,44.8994026184082,
reinforce,20.0,0,562,224.484137860138,182,0.03023386001586914,24.06462597846985,,,96.78286743164062,96.78286743164062,,,67.68649291992188,47.68649673461914,
reinforce,20.0,0,563,236.24349981298354,191,0.03184008598327637,24.096630096435547,,,107.51919555664062,107.51919555664062,,,68.92567443847656,48.92567443847656,
reinforce,20.0,0,564,212.43185137980026,167,0.028165102005004883,24.124969959259033,,,104.8343505859375,104.8343505859375,,,66.9034652709961,46.903465270996094,
reinforce,20.0,0,565,211.46555245611557,170,0.028352975845336914,24.15348196029663,,,100.7732162475586,100.7732162475586,,,66.43180847167969,46.43180465698242,
reinforce,20.0,0,566,226.43539764778146,179,0.029838085174560547,24.183439016342163,,,107.74020385742188,107.74020385742188,,,68.53746032714844,48.5374641418457,
reinforce,20.0,0,567,302.2242426808522,225,0.037405967712402344,24.22102403640747,,,135.54238891601562,135.54238891601562,,,84.57643127441406,64.57643127441406,
reinforce,20.0,0,568,227.18133515529578,179,0.030186176300048828,24.251423120498657,,,95.71623229980469,95.71623229980469,,,68.14340209960938,48.143402099609375,
reinforce,20.0,0,569,209.8650376493054,164,0.02737712860107422,24.278977155685425,,,108.06558227539062,108.06558227539062,,,65.49384307861328,45.493839263916016,
reinforce,20.0,0,570,245.25119143676267,193,0.03241300582885742,24.311532020568848,,,110.98883056640625,110.98883056640625,,,72.3982162475586,52.39822006225586,
reinforce,20.0,0,571,224.84483195401398,176,0.029228687286376953,24.340922832489014,,,97.99274444580078,97.99274444580078,,,68.21846008300781,48.21846008300781,
reinforce,20.0,0,572,302.46859046976425,221,0.03729581832885742,24.37838387489319,,,134.62554931640625,134.62554931640625,,,84.4021224975586,64.40213012695312,
reinforce,20.0,0,573,231.64570054852064,181,0.03327775001525879,24.41184687614441,,,107.45335388183594,107.45335388183594,,,70.7586441040039,50.758644104003906,
reinforce,20.0,0,574,299.5301141405701,220,0.03845024108886719,24.45049810409546,,,130.0688934326172,130.0688934326172,,,83.7137451171875,63.713748931884766,
reinforce,20.0,0,575,239.53229176510692,186,0.03274989128112793,24.48342990875244,,,108.50923156738281,108.50923156738281,,,70.67455291748047,50.67455291748047,
reinforce,20.0,0,576,296.00469320696743,213,0.033998966217041016,24.517607927322388,,,127.4686050415039,127.4686050415039,,,83.9222412109375,63.92223358154297,
reinforce,20.0,0,577,294.03845705729975,211,0.03509116172790527,24.552877187728882,,,132.49203491210938,132.49203491210938,,,84.11225128173828,64.11225128173828,
reinforce,20.0,0,578,300.0307963747248,220,0.03612208366394043,24.589173078536987,,,138.4622039794922,138.4622039794922,,,83.36654663085938,63.366554260253906,
reinforce,20.0,0,579,306.06541455758145,224,0.06063723564147949,24.64995503425598,,,139.0483856201172,139.0483856201172,,,84.27323150634766,64.27323150634766,
reinforce,20.0,0,580,297.5172675820059,213,0.03513503074645996,24.685270071029663,300.19774762955456,1.1307657634144799,127.96620178222656,127.96620178222656,,,84.60808563232422,64.60807800292969,
reinforce,20.0,0,581,245.94742401788972,187,0.03163623809814453,24.809412002563477,,,106.12493896484375,106.12493896484375,,,72.57766723632812,52.57767105102539,
reinforce,20.0,0,582,287.4966295560584,205,0.034098148345947266,24.843682050704956,,,126.17658233642578,126.17658233642578,,,83.71412658691406,63.7141227722168,
reinforce,20.0,0,583,288.0769741142594,203,0.03334188461303711,24.8772029876709,,,139.5816192626953,139.5816192626953,,,83.75223541259766,63.752227783203125,
reinforce,20.0,0,584,290.4789380310775,204,0.03375101089477539,24.91110396385193,,,130.2021026611328,130.2021026611328,,,83.5916519165039,63.591644287109375,
reinforce,20.0,0,585,283.13291186991967,194,0.032254934310913086,24.943537950515747,,,125.3078384399414,125.3078384399414,,,84.6461181640625,64.6461181640625,
reinforce,20.0,0,586,275.6066188766523,183,0.029892921447753906,24.973607063293457,,,130.677001953125,130.677001953125,,,84.92156219482422,64.92156219482422,
reinforce,20.0,0,587,278.26435104647373,190,0.031768083572387695,25.00552201271057,,,139.58782958984375,139.58782958984375,,,83.3794174194336,63.37941360473633,
reinforce,20.0,0,588,276.1143684899459,187,0.030451297760009766,25.03613018989563,,,122.62312316894531,122.62312316894531,,,83.61382293701172,63.61382293701172,
reinforce,20.0,0,589,277.0242919263644,186,0.03225588798522949,25.068542003631592,,,134.40481567382812,134.40481567382812,,,84.27002716064453,64.27002716064453,
reinforce,20.0,0,590,261.3543121502123,169,0.02910470962524414,25.097839832305908,,,134.6583251953125,134.6583251953125,,,83.55224609375,63.552242279052734,
reinforce,20.0,0,591,271.7461720940997,184,0.030902624130249023,25.128920793533325,,,138.1930389404297,138.1930389404297,,,82.74162292480469,62.74161911010742,
reinforce,20.0,0,592,270.0182631575673,179,0.029940128326416016,25.159011125564575,,,133.2982635498047,133.2982635498047,,,84.21527099609375,64.21527099609375,
reinforce,20.0,0,593,254.54184709620742,166,0.02805805206298828,25.187235116958618,,,128.31158447265625,128.31158447265625,,,81.52522277832031,61.52522659301758,
reinforce,20.0,0,594,258.34183574057874,168,0.027643918991088867,25.215059995651245,,,123.29920959472656,123.29920959472656,,,82.49405670166016,62.49405288696289,
reinforce,20.0,0,595,257.4010883916883,166,0.027898311614990234,25.24312710762024,,,136.52798461914062,136.52798461914062,,,82.42765045166016,62.427650451660156,
reinforce,20.0,0,596,255.6586440122871,164,0.027650117874145508,25.270961046218872,,,145.39585876464844,145.39585876464844,,,83.28560638427734,63.28561019897461,
reinforce,20.0,0,597,254.5323548915592,167,0.027853727340698242,25.298991918563843,,,125.37667083740234,125.37667083740234,,,80.7001953125,60.7001953125,
reinforce,20.0,0,598,247.15132388033754,153,0.026077747344970703,25.325220823287964,,,123.42892456054688,123.42892456054688,,,83.63377380371094,63.63378143310547,
reinforce,20.0,0,599,244.82291301893423,158,0.026318073272705078,25.351741075515747,,,122.94511413574219,122.94511413574219,,,79.90292358398438,59.902923583984375,
reinforce,20.0,0,600,241.1477649595179,149,0.024908065795898438,25.37681794166565,246.28208593158215,0.9854349351234117,126.26113891601562,126.26113891601562,,,81.3626937866211,61.36268615722656,
reinforce,20.0,0,601,242.8526601809477,153,0.025896072387695312,25.470896005630493,,,118.06082916259766,118.06082916259766,,,81.23577117919922,61.23576736450195,
reinforce,20.0,0,602,233.17573115936622,144,0.02428603172302246,25.495346069335938,,,118.16683959960938,118.16683959960938,,,79.29049682617188,59.29050064086914,
reinforce,20.0,0,603,239.39151460741198,149,0.025391101837158203,25.52358603477478,,,141.02935791015625,141.02935791015625,,,81.11614227294922,61.116146087646484,
reinforce,20.0,0,604,230.98970029180262,144,0.024384021759033203,25.54813289642334,,,121.41205596923828,121.41205596923828,,,78.01070404052734,58.01070022583008,
reinforce,20.0,0,605,232.2376793362155,147,0.02458024024963379,25.57288408279419,,,108.73056030273438,108.73056030273438,,,77.14922332763672,57.14921951293945,
reinforce,20.0,0,606,224.14751285524815,132,0.021953105926513672,25.59500813484192,,,129.13853454589844,129.13853454589844,,,80.1169662475586,60.11695861816406,
reinforce,20.0,0,607,230.99296212989847,137,0.022976160049438477,25.618146181106567,,,118.3165283203125,118.3165283203125,,,80.74492645263672,60.74492645263672,
reinforce,20.0,0,608,223.92916370318457,128,0.02135300636291504,25.63965916633606,,,136.8384552001953,136.8384552001953,,,80.45504760742188,60.45504379272461,
reinforce,20.0,0,609,230.09783653846918,137,0.02306199073791504,25.66288113594055,,,136.163330078125,136.163330078125,,,81.65335845947266,61.65335464477539,
reinforce,20.0,0,610,223.85544112530968,135,0.022243022918701172,25.685280084609985,,,118.92339324951172,118.92339324951172,,,77.6424560546875,57.6424560546875,
reinforce,20.0,0,611,232.7292907215184,142,0.023910999298095703,25.709357023239136,,,130.37391662597656,130.37391662597656,,,79.53617095947266,59.53618240356445,
reinforce,20.0,0,612,229.0107815517059,136,0.022433042526245117,25.73195505142212,,,123.69815826416016,123.69815826416016,,,79.63479614257812,59.634788513183594,
reinforce,20.0,0,613,231.73626796351644,142,0.024029254913330078,25.756163120269775,,,133.07823181152344,133.07823181152344,,,79.3295669555664,59.32957077026367,
reinforce,20.0,0,614,227.2516121060741,134,0.022371768951416016,25.778693914413452,,,127.06192779541016,127.06192779541016,,,79.51150512695312,59.51150894165039,
reinforce,20.0,0,615,229.62853615214163,136,0.022670745849609375,25.801499843597412,,,141.2982177734375,141.2982177734375,,,81.94402313232422,61.94401931762695,
reinforce,20.0,0,616,227.86534704778742,137,0.022976160049438477,25.82462501525879,,,116.87234497070312,116.87234497070312,,,78.97761535644531,58.97761917114258,
reinforce,20.0,0,617,233.49320186813532,141,0.023426055908203125,25.848201036453247,,,117.84098052978516,117.84098052978516,,,80.79054260253906,60.7905387878418,
reinforce,20.0,0,618,225.9254591604257,137,0.023009061813354492,25.871350049972534,,,122.67072296142578,122.67072296142578,,,79.2435531616211,59.243553161621094,
reinforce,20.0,0,619,235.81244658980242,147,0.024419069290161133,25.89589500427246,,,135.8234405517578,135.8234405517578,,,79.0860824584961,59.086090087890625,
reinforce,20.0,0,620,213.87521900335574,119,0.020128726959228516,25.91617488861084,232.92935946154154,1.1318591179510766,133.54722595214844,133.54722595214844,,,79.91657257080078,59.916568756103516,
reinforce,20.0,0,621,237.4774442637235,153,0.025648832321166992,26.003325939178467,,,122.53252410888672,122.53252410888672,,,78.43267822265625,58.432674407958984,
reinforce,20.0,0,622,234.34499611850185,151,0.024897098541259766,26.028368949890137,,,120.12708282470703,120.12708282470703,,,77.63057708740234,57.63056945800781,
reinforce,20.0,0,623,219.4281950222867,136,0.023118019104003906,26.051659107208252,,,119.42410278320312,119.42410278320312,,,76.22368621826172,56.22368240356445,
reinforce,20.0,0,624,215.36146278423132,132,0.022099018096923828,26.07391905784607,,,110.78252410888672,110.78252410888672,,,75.50740814208984,55.50740432739258,
reinforce,20.0,0,625,224.31526710191662,145,0.024197816848754883,26.09826898574829,,,97.4744644165039,97.4744644165039,,,75.28125762939453,55.28125762939453,
reinforce,20.0,0,626,223.00787516808316,142,0.02405691146850586,26.122479915618896,,,123.82296752929688,123.82296752929688,,,76.11445617675781,56.114463806152344,
reinforce,20.0,0,627,207.29618795923986,134,0.022530078887939453,26.14517903327942,,,101.36260986328125,101.36260986328125,,,70.96355438232422,50.96354675292969,
reinforce,20.0,0,628,215.3542185778901,141,0.0237729549407959,26.16913890838623,,,123.18201446533203,123.18201446533203,,,72.78031158447266,52.78030776977539,
reinforce,20.0,0,629,204.73314543067394,127,0.021344900131225586,26.19065499305725,,,106.57695007324219,106.57695007324219,,,72.3989486694336,52.39894485473633,
reinforce,20.0,0,630,196.85485187653458,123,0.020627975463867188,26.211462020874023,,,96.21289825439453,96.21289825439453,,,70.58870697021484,50.58871078491211,
reinforce,20.0,0,631,185.76785940117597,120,0.020058870315551758,26.231709957122803,,,115.976318359375,115.976318359375,,,67.23033142089844,47.23033142089844,
reinforce,20.0,0,632,180.29223040435667,99,0.016941070556640625,26.248789072036743,,,110.15560150146484,110.15560150146484,,,72.55142211914062,52.551422119140625,
reinforce,20.0,0,633,156.104810929062,97,0.016367197036743164,26.265313148498535,,,84.64776611328125,84.64776611328125,,,61.126121520996094,41.12612533569336,
reinforce,20.0,0,634,186.77694894770696,111,0.01862311363220215,26.284080982208252,,,112.4837417602539,112.4837417602539,,,69.92852783203125,49.92852783203125,
reinforce,20.0,0,635,187.18758707325634,112,0.0189361572265625,26.30318808555603,,,101.7294692993164,101.7294692993164,,,70.09294891357422,50.09294891357422,
reinforce,20.0,0,636,170.90972822971597,100,0.016912221908569336,26.32025909423828,,,89.12846374511719,89.12846374511719,,,66.99839782714844,46.99839782714844,
reinforce,20.0,0,637,152.68367833316216,94,0.01594090461730957,26.33636784553528,,,85.41995239257812,85.41995239257812,,,60.6546745300293,40.6546745300293,
reinforce,20.0,0,638,143.22892819770834,86,0.014585018157958984,26.351107120513916,,,78.860595703125,78.860595703125,,,59.66109848022461,39.66109848022461,
reinforce,20.0,0,639,150.89692267887793,93,0.015650033950805664,26.36690402030945,,,80.5444564819336,80.5444564819336,,,60.211883544921875,40.21187973022461,
reinforce,20.0,0,640,157.35271383054243,101,0.017096757888793945,26.38415217399597,169.04323176002657,10.425968513276631,79.70835876464844,79.70835876464844,,,60.36854934692383,40.36854934692383,
reinforce,20.0,0,641,152.17083304760203,89,0.015280961990356445,26.44397497177124,,,94.88924407958984,94.88924407958984,,,62.798648834228516,42.798648834228516,
reinforce,20.0,0,642,185.93098110147773,112,0.01876521110534668,26.46288013458252,,,112.67827606201172,112.67827606201172,,,69.47176361083984,49.47176742553711,
reinforce,20.0,0,643,197.11171522069543,123,0.020944833755493164,26.483994960784912,,,114.06785583496094,114.06785583496094,,,71.87678527832031,51.87678527832031,
reinforce,20.0,0,644,166.5666714653702,100,0.016897916793823242,26.501062870025635,,,92.31240844726562,92.31240844726562,,,65.25115203857422,45.25115203857422,
reinforce,20.0,0,645,150.24411433203028,100,0.016850948333740234,26.518069982528687,,,82.90582275390625,82.90582275390625,,,56.89320755004883,36.89320755004883,
reinforce,20.0,0,646,172.71597877265063,113,0.01913309097290039,26.53737998008728,,,92.08586120605469,92.08586120605469,,,63.494903564453125,43.494911193847656,
reinforce,20.0,0,647,182.4262657956356,124,0.021061182022094727,26.558613061904907,,,88.48677062988281,88.48677062988281,,,65.35946655273438,45.35947036743164,
reinforce,20.0,0,648,211.2155362001722,137,0.02259993553161621,26.581372022628784,,,105.03174591064453,105.03174591064453,,,72.12320709228516,52.123199462890625,
reinforce,20.0,0,649,178.42023081776756,117,0.019323110580444336,26.600866079330444,,,92.78062438964844,92.78062438964844,,,65.29833221435547,45.298336029052734,
reinforce,20.0,0,650,232.89861205680083,154,0.026140213012695312,26.627117156982422,,,130.11399841308594,130.11399841308594,,,77.6211166381836,57.62112045288086,
reinforce,20.0,0,651,233.17095352371558,157,0.02616405487060547,26.653455018997192,,,111.99887084960938,111.99887084960938,,,75.65347290039062,55.65346908569336,
reinforce,20.0,0,652,234.95554551165466,159,0.026763916015625,26.680386066436768,,,116.64986419677734,116.64986419677734,,,75.7132568359375,55.713260650634766,
reinforce,20.0,0,653,228.48688867963105,150,0.02489328384399414,26.705464124679565,,,105.39418029785156,105.39418029785156,,,75.1268539428711,55.126861572265625,
reinforce,20.0,0,654,228.04757329052606,147,0.02468109130859375,26.73031997680664,,,123.39851379394531,123.39851379394531,,,77.03443908691406,57.03443908691406,
reinforce,20.0,0,655,240.31657945929194,155,0.026166915893554688,26.75666308403015,,,114.49874877929688,114.49874877929688,,,79.31375885009766,59.313758850097656,
reinforce,20.0,0,656,235.53520234517296,155,0.02639603614807129,26.783225059509277,,,122.2636489868164,122.2636489868164,,,77.67232513427734,57.67233657836914,
reinforce,20.0,0,657,226.3719222758558,140,0.02367687225341797,26.807080030441284,,,119.94403076171875,119.94403076171875,,,79.35041046142578,59.35041046142578,
reinforce,20.0,0,658,248.52622065221797,165,0.027404069900512695,26.83463406562805,,,119.59171295166016,119.59171295166016,,,79.9499282836914,59.94993591308594,
reinforce,20.0,0,659,238.64750165709955,153,0.025809764862060547,26.86061692237854,,,129.3108367919922,129.3108367919922,,,80.21443176269531,60.21443557739258,
reinforce,20.0,0,660,243.6010237846175,161,0.02694106101989746,26.88772702217102,242.36989650529887,1.151149594129366,119.87362670898438,119.87362670898438,,,78.73612976074219,58.73613357543945,
reinforce,20.0,0,661,237.9734832869267,156,0.02618718147277832,26.98207116127014,,,128.7227020263672,128.7227020263672,,,78.23999786376953,58.23999786376953,
reinforce,20.0,0,662,240.03138510412555,159,0.02663111686706543,27.008876085281372,,,122.72191619873047,122.72191619873047,,,77.80045318603516,57.80045700073242,
reinforce,20.0,0,663,241.56688745395059,162,0.026938199996948242,27.035988092422485,,,132.8772735595703,132.8772735595703,,,77.63927459716797,57.63927459716797,
reinforce,20.0,0,664,235.8880807889997,160,0.026782989501953125,27.06293511390686,,,104.66937255859375,104.66937255859375,,,74.65984344482422,54.65984344482422,
reinforce,20.0,0,665,247.6262209714722,166,0.027922868728637695,27.09102487564087,,,130.27757263183594,130.27757263183594,,,79.91122436523438,59.91122817993164,
reinforce,20.0,0,666,227.32970829554665,149,0.025054931640625,27.11621904373169,,,119.20447540283203,119.20447540283203,,,75.3322525024414,55.33224868774414,
reinforce,20.0,0,667,235.4201794634542,153,0.025711774826049805,27.14208483695984,,,108.44324493408203,108.44324493408203,,,77.08099365234375,57.080997467041016,
reinforce,20.0,0,668,189.30993453605504,134,0.022155046463012695,27.164417028427124,,,98.16207885742188,98.16207885742188,,,64.21735382080078,44.21735382080078,
reinforce,20.0,0,669,232.66134907709892,148,0.024860143661499023,27.189433097839355,,,133.81698608398438,133.81698608398438,,,79.8459701538086,59.84596633911133,
reinforce,20.0,0,670,186.3439618153284,132,0.02212810516357422,27.211745023727417,,,79.3489990234375,79.3489990234375,,,64.73475646972656,44.73476028442383,
reinforce,20.0,0,671,229.15536834329222,153,0.025922060012817383,27.237842082977295,,,119.88990783691406,119.88990783691406,,,75.52412414550781,55.52412796020508,
reinforce,20.0,0,672,236.63797765034607,157,0.026238203048706055,27.264249086380005,,,126.9922866821289,126.9922866821289,,,76.95892333984375,56.95892333984375,
reinforce,20.0,0,673,192.239716706851,138,0.023288965225219727,27.287704944610596,,,92.99874877929688,92.99874877929688,,,65.302490234375,45.302486419677734,
reinforce,20.0,0,674,244.637611741651,166,0.02730703353881836,27.315185070037842,,,122.62557983398438,122.62557983398438,,,78.6361312866211,58.636131286621094,
reinforce,20.0,0,675,245.7270229864697,165,0.027212142944335938,27.34256911277771,,,118.43528747558594,118.43528747558594,,,79.96276092529297,59.96276092529297,
reinforce,20.0,0,676,234.24095725100156,150,0.02479100227355957,27.367504835128784,,,135.28680419921875,135.28680419921875,,,79.5248794555664,59.5248908996582,
reinforce,20.0,0,677,244.4787422491309,161,0.026485919952392578,27.394164085388184,,,114.51093292236328,114.51093292236328,,,78.7630386352539,58.76303482055664,
reinforce,20.0,0,678,236.60364366612316,153,0.025679826736450195,27.42001485824585,,,114.001708984375,114.001708984375,,,78.77983093261719,58.77983474731445,
reinforce,20.0,0,679,250.4264565972362,168,0.02795577049255371,27.44813895225525,,,123.73421478271484,123.73421478271484,,,78.92591094970703,58.92591094970703,
reinforce,20.0,0,680,249.9365020107906,170,0.027866840362548828,27.476167917251587,242.82246274830194,1.6526051431149573,123.87794494628906,123.87794494628906,,,78.31160736083984,58.31160354614258,
reinforce,20.0,0,681,240.84095374754594,162,0.027191162109375,27.571916103363037,,,111.75699615478516,111.75699615478516,,,77.53649139404297,57.536495208740234,
reinforce,20.0,0,682,181.06778593600325,130,0.02160930633544922,27.59371018409729,,,76.73542785644531,76.73542785644531,,,60.77035140991211,40.77035140991211,
reinforce,20.0,0,683,225.45811765043453,147,0.024471044540405273,27.61835503578186,,,109.33079528808594,109.33079528808594,,,75.24190521240234,55.24190139770508,
reinforce,20.0,0,684,219.96237083583767,134,0.02225780487060547,27.640772819519043,,,125.08946228027344,125.08946228027344,,,77.4731216430664,57.473121643066406,
reinforce,20.0,0,685,222.37927063492177,142,0.023769140243530273,27.664725065231323,,,128.98965454101562,128.98965454101562,,,76.70632934570312,56.70633316040039,
reinforce,20.0,0,686,214.69460911625504,133,0.022198915481567383,27.687093019485474,,,107.84031677246094,107.84031677246094,,,75.39347076416016,55.393470764160156,
reinforce,20.0,0,687,209.74308622315266,129,0.021251916885375977,27.708515882492065,,,106.0381851196289,106.0381851196289,,,74.68236541748047,54.6823616027832,
reinforce,20.0,0,688,144.21521831068185,97,0.016681194305419922,27.72534704208374,,,79.5995864868164,79.5995864868164,,,55.935264587402344,35.935264587402344,
reinforce,20.0,0,689,153.8879104590596,103,0.017332077026367188,27.74290108680725,,,85.81415557861328,85.81415557861328,,,58.22642135620117,38.22642135620117,
reinforce,20.0,0,690,199.19850668253886,124,0.020679950714111328,27.76372790336609,,,109.37569427490234,109.37569427490234,,,71.9361801147461,51.93617630004883,
reinforce,20.0,0,691,140.04100824972386,93,0.01587367057800293,27.779749870300293,,,73.81294250488281,73.81294250488281,,,55.57416534423828,35.574161529541016,
reinforce,20.0,0,692,152.79034493351517,100,0.01693272590637207,27.796867847442627,,,80.5666275024414,80.5666275024414,,,59.038230895996094,39.038230895996094,
reinforce,20.0,0,693,135.77161935550373,89,0.0152740478515625,27.812294960021973,,,84.17292022705078,84.17292022705078,,,54.3414421081543,34.3414421081543,
reinforce,20.0,0,694,164.17229775407083,101,0.01648998260498047,27.828927040100098,,,101.29840087890625,101.29840087890625,,,64.22254943847656,44.2225456237793,
reinforce,20.0,0,695,141.6321638939948,91,0.015349864959716797,27.844421863555908,,,74.10859680175781,74.10859680175781,,,56.745792388916016,36.745792388916016,
reinforce,20.0,0,696,179.35661001743938,101,0.01715564727783203,27.861713886260986,,,86.99302673339844,86.99302673339844,,,72.24974060058594,52.24974060058594,
reinforce,20.0,0,697,181.2447424140865,105,0.01752185821533203,27.87939691543579,,,100.10462188720703,100.10462188720703,,,71.16999053955078,51.16999816894531,
reinforce,20.0,0,698,179.32940618882,104,0.01754283905029297,27.897061824798584,,,103.23683166503906,103.23683166503906,,,70.50262451171875,50.502620697021484,
reinforce,20.0,0,699,136.59113753669808,87,0.014683246612548828,27.911872148513794,,,84.06519317626953,84.06519317626953,,,55.8276481628418,35.82765197753906,
reinforce,20.0,0,700,174.5275164860774,99,0.01668381690979004,27.92868685722351,165.82834239845198,17.90319954520206,97.44955444335938,97.44955444335938,,,70.3332748413086,50.333274841308594,
reinforce,20.0,0,701,164.16660101320764,99,0.016588211059570312,27.98819899559021,,,96.64799499511719,96.64799499511719,,,65.34137725830078,45.341373443603516,
reinforce,20.0,0,702,146.29791774007697,88,0.014904022216796875,28.00325107574463,,,89.22429656982422,89.22429656982422,,,60.77040100097656,40.77040100097656,
reinforce,20.0,0,703,176.25262112097096,99,0.016746044158935547,28.020141124725342,,,110.43099212646484,110.43099212646484,,,71.07315063476562,51.07314682006836,
reinforce,20.0,0,704,178.72440456403967,103,0.017288923263549805,28.037583827972412,,,110.6072006225586,110.6072006225586,,,71.07235717773438,51.07236099243164,
reinforce,20.0,0,705,136.06012954551278,85,0.014389753341674805,28.05212092399597,,,69.92423248291016,69.92423248291016,,,56.44624328613281,36.44624328613281,
reinforce,20.0,0,706,180.14836704145355,104,0.017470836639404297,28.069764852523804,,,109.47274780273438,109.47274780273438,,,71.36808013916016,51.368080139160156,
reinforce,20.0,0,707,174.94936943789494,100,0.016833066940307617,28.086754083633423,,,87.63978576660156,87.63978576660156,,,70.13690948486328,50.13690948486328,
reinforce,20.0,0,708,151.145450584641,91,0.015487909317016602,28.102431058883667,,,86.25206756591797,86.25206756591797,,,62.00747299194336,42.00747299194336,
reinforce,20.0,0,709,184.78987960229125,110,0.01851797103881836,28.121123790740967,,,105.10026550292969,105.10026550292969,,,70.8423080444336,50.842308044433594,
reinforce,20.0,0,710,178.129959457234,100,0.016722917556762695,28.138020992279053,,,110.45521545410156,110.45521545410156,,,72.2071304321289,52.20713424682617,
reinforce,20.0,0,711,177.18574361408952,102,0.017086029052734375,28.155277013778687,,,100.36565399169922,100.36565399169922,,,70.37322235107422,50.37321853637695,
reinforce,20.0,0,712,198.23479298287864,122,0.020606279373168945,28.176045179367065,,,97.9816665649414,97.9816665649414,,,72.82876586914062,52.828765869140625,
reinforce,20.0,0,713,183.0941473224277,102,0.017070293426513672,28.19328808784485,,,110.42939758300781,110.42939758300781,,,73.23466491699219,53.23466110229492,
reinforce,20.0,0,714,198.9956713337212,124,0.0208740234375,28.214371919631958,,,109.86124420166016,109.86124420166016,,,72.44578552246094,52.4457893371582,
reinforce,20.0,0,715,184.19502447686338,102,0.0172579288482666,28.231823921203613,,,105.42451477050781,105.42451477050781,,,73.94086456298828,53.940860748291016,
reinforce,20.0,0,716,188.76083558566097,108,0.018136978149414062,28.250130891799927,,,104.23473358154297,104.23473358154297,,,73.77753448486328,53.77754211425781,
reinforce,20.0,0,717,188.7016890241076,103,0.017055988311767578,28.267351150512695,,,109.7325439453125,109.7325439453125,,,75.73877716064453,55.73877716064453,
reinforce,20.0,0,718,196.56084692382387,115,0.019169092178344727,28.28670597076416,,,121.62071990966797,121.62071990966797,,,74.20294189453125,54.202938079833984,
reinforce,20.0,0,719,189.45692560809508,104,0.017589330673217773,28.304441213607788,,,118.00060272216797,118.00060272216797,,,75.63947296142578,55.63947296142578,
reinforce,20.0,0,720,192.68143639383553,105,0.017744064331054688,28.322360038757324,197.1614732585017,2.0453123539483133,114.49278259277344,114.49278259277344,,,76.73682403564453,56.73682403564453,
reinforce,20.0,0,721,192.88133637352922,106,0.018001079559326172,28.387587070465088,,,123.32105255126953,123.32105255126953,,,76.57366180419922,56.57366180419922,
reinforce,20.0,0,722,188.13551802218936,100,0.016947031021118164,28.404673099517822,,,117.60562133789062,117.60562133789062,,,76.94544219970703,56.945438385009766,
reinforce,20.0,0,723,196.38682778785164,109,0.01857924461364746,28.42340612411499,,,132.3806915283203,132.3806915283203,,,76.80394744873047,56.8039436340332,
reinforce,20.0,0,724,189.127018743992,102,0.017306804656982422,28.440819025039673,,,126.0850601196289,126.0850601196289,,,76.60704803466797,56.60704803466797,
reinforce,20.0,0,725,198.90786213465543,110,0.01854991912841797,28.459532022476196,,,117.14143371582031,117.14143371582031,,,77.53218078613281,57.53219223022461,
reinforce,20.0,0,726,194.83082222358533,110,0.018570899963378906,28.478254079818726,,,124.63644409179688,124.63644409179688,,,75.44207000732422,55.44205856323242,
reinforce,20.0,0,727,204.17970498014455,117,0.019541025161743164,28.497974157333374,,,132.29624938964844,132.29624938964844,,,76.70135498046875,56.701358795166016,
reinforce,20.0,0,728,195.96476648056793,102,0.017292022705078125,28.51547908782959,,,137.4817352294922,137.4817352294922,,,80.42977142333984,60.42976760864258,
reinforce,20.0,0,729,194.52412117285056,103,0.017261981964111328,28.532891988754272,,,114.89506530761719,114.89506530761719,,,78.41661071777344,58.4166145324707,
reinforce,20.0,0,730,211.7168283624859,127,0.021120071411132812,28.55415415763855,,,126.13744354248047,126.13744354248047,,,76.47075653076172,56.47075653076172,
reinforce,20.0,0,731,199.21290044884242,105,0.017718076705932617,28.572020053863525,,,121.78975677490234,121.78975677490234,,,79.82635498046875,59.82634735107422,
reinforce,20.0,0,732,208.55179685246506,116,0.019591093063354492,28.591777086257935,,,121.96450805664062,121.96450805664062,,,79.44378662109375,59.443790435791016,
reinforce,20.0,0,733,200.95334346610437,112,0.01873016357421875,28.610669136047363,,,109.173583984375,109.173583984375,,,77.310302734375,57.31031036376953,
reinforce,20.0,0,734,209.46572273235182,114,0.01916790008544922,28.629985094070435,,,125.11602020263672,125.11602020263672,,,80.42028045654297,60.42028045654297,
reinforce,20.0,0,735,197.627473125374,104,0.01748490333557129,28.64764094352722,,,113.356201171875,113.356201171875,,,79.61247253417969,59.61247253417969,
reinforce,20.0,0,736,197.3825008886405,104,0.017396926879882812,28.665212869644165,,,123.53126525878906,123.53126525878906,,,79.53099060058594,59.53099822998047,
reinforce,20.0,0,737,204.62525996113268,109,0.018383026123046875,28.683746099472046,,,121.75686645507812,121.75686645507812,,,80.79825592041016,60.798255920410156,
reinforce,20.0,0,738,198.83462940358535,103,0.0172271728515625,28.70114803314209,,,123.07015991210938,123.07015991210938,,,80.92845153808594,60.9284553527832,
reinforce,20.0,0,739,204.68009130414092,108,0.01812911033630371,28.71942710876465,,,128.93019104003906,128.93019104003906,,,81.25299835205078,61.25300216674805,
reinforce,20.0,0,740,197.3135353486344,100,0.016952991485595703,28.7365460395813,202.94426879188921,2.7301667598156687,132.51255798339844,132.51255798339844,,,81.6621322631836,61.66212844848633,
reinforce,20.0,0,741,198.13692385506002,103,0.017466068267822266,28.80013108253479,,,124.39012908935547,124.39012908935547,,,80.41358947753906,60.41358947753906,
reinforce,20.0,0,742,204.23038459796393,109,0.018217086791992188,28.81851100921631,,,129.67172241210938,129.67172241210938,,,80.29110717773438,60.291099548339844,
reinforce,20.0,0,743,197.76243365739202,102,0.017351865768432617,28.836110830307007,,,115.60546875,115.60546875,,,80.5247802734375,60.52477264404297,
reinforce,20.0,0,744,199.6153287777091,102,0.01699209213256836,28.853259086608887,,,131.17559814453125,131.17559814453125,,,81.32772064208984,61.32772445678711,
reinforce,20.0,0,745,200.09795743352632,105,0.01760721206665039,28.871033191680908,,,119.74312591552734,119.74312591552734,,,80.30196380615234,60.30195236206055,
reinforce,20.0,0,746,200.02918898816333,102,0.0170438289642334,28.888241052627563,,,126.14678192138672,126.14678192138672,,,81.93742370605469,61.93742752075195,
reinforce,20.0,0,747,197.02497778528073,100,0.01676321029663086,28.905163049697876,,,128.30531311035156,128.30531311035156,,,81.37059783935547,61.370601654052734,
reinforce,20.0,0,748,194.83952267479705,103,0.01701211929321289,28.922332048416138,,,113.58026885986328,113.58026885986328,,,78.25585174560547,58.255855560302734,
reinforce,20.0,0,749,201.8603260960664,107,0.018198013305664062,28.940725088119507,,,113.77189636230469,113.77189636230469,,,79.87036895751953,59.87037658691406,
reinforce,20.0,0,750,194.04366246162033,102,0.017061948776245117,28.957950115203857,,,139.57749938964844,139.57749938964844,,,78.43441772460938,58.434417724609375,
reinforce,20.0,0,751,200.10443999428867,103,0.017134904861450195,28.975208044052124,,,125.5472412109375,125.5472412109375,,,80.9878921508789,60.9879035949707,
reinforce,20.0,0,752,199.10224975566604,106,0.017878055572509766,28.993263006210327,,,120.54661560058594,120.54661560058594,,,78.6898193359375,58.68981170654297,
reinforce,20.0,0,753,193.96008647730682,102,0.01693105697631836,29.010366916656494,,,128.3604736328125,128.3604736328125,,,78.40483093261719,58.40482711791992,
reinforce,20.0,0,754,194.70324930515034,104,0.01759481430053711,29.02812385559082,,,119.069580078125,119.069580078125,,,77.6036376953125,57.603641510009766,
reinforce,20.0,0,755,195.8967306980337,109,0.018376827239990234,29.04665493965149,,,129.5653839111328,129.5653839111328,,,75.6622543334961,55.662254333496094,
reinforce,20.0,0,756,190.52530860607646,101,0.016824007034301758,29.063651084899902,,,106.61779022216797,106.61779022216797,,,76.8940658569336,56.894065856933594,
reinforce,20.0,0,757,196.99122173595862,108,0.018134117126464844,29.081938982009888,,,118.72837829589844,118.72837829589844,,,76.69803619384766,56.69804382324219,
reinforce,20.0,0,758,192.64133053340535,102,0.016994714736938477,29.09908890724182,,,113.92479705810547,113.92479705810547,,,77.6380615234375,57.638057708740234,
reinforce,20.0,0,759,186.95817718695142,98,0.016268014907836914,29.115495920181274,,,127.8211669921875,127.8211669921875,,,76.65409851074219,56.65409851074219,
reinforce,20.0,0,760,191.4902275387701,107,0.017905235290527344,29.133568048477173,192.47218067031204,1.003706361767901,110.67691040039062,110.67691040039062,,,74.18341064453125,54.18341064453125,
reinforce,20.0,0,761,186.59581778671648,100,0.01716899871826172,29.195199966430664,,,104.49808502197266,104.49808502197266,,,75.41557312011719,55.41557312011719,
reinforce,20.0,0,762,189.49781743345414,103,0.017220020294189453,29.212574005126953,,,112.82730865478516,112.82730865478516,,,75.51714324951172,55.517147064208984,
reinforce,20.0,0,763,190.85443996624676,105,0.017979145050048828,29.230733156204224,,,113.89535522460938,113.89535522460938,,,75.1988296508789,55.198829650878906,
reinforce,20.0,0,764,190.95711526987202,104,0.017473220825195312,29.248375177383423,,,107.80317687988281,107.80317687988281,,,75.66227722167969,55.66227722167969,
reinforce,20.0,0,765,187.96094718284093,100,0.017112016677856445,29.26565408706665,,,121.16954040527344,121.16954040527344,,,76.17450714111328,56.17450714111328,
reinforce,20.0,0,766,188.8430896175134,100,0.01678180694580078,29.282596826553345,,,112.93488311767578,112.93488311767578,,,76.51229095458984,56.51229476928711,
reinforce,20.0,0,767,186.9868604944894,100,0.016939878463745117,29.299707889556885,,,128.7264404296875,128.7264404296875,,,75.6590805053711,55.65907669067383,
reinforce,20.0,0,768,188.29644206867974,101,0.016982078552246094,29.316853046417236,,,115.82584381103516,115.82584381103516,,,76.04193115234375,56.04193115234375,
reinforce,20.0,0,769,187.6233384959349,99,0.016715049743652344,29.333718061447144,,,136.70941162109375,136.70941162109375,,,76.71477508544922,56.71477508544922,
reinforce,20.0,0,770,184.132209693674,100,0.016614913940429688,29.350489854812622,,,100.15531158447266,100.15531158447266,,,74.05099487304688,54.051002502441406,
reinforce,20.0,0,771,181.0376489821954,99,0.01653575897216797,29.36717391014099,,,110.68247985839844,110.68247985839844,,,73.09783172607422,53.097835540771484,
reinforce,20.0,0,772,185.853141557569,102,0.017229795455932617,29.38464593887329,,,112.48918151855469,112.48918151855469,,,74.00241088867188,54.00240707397461,
reinforce,20.0,0,773,180.01936773536306,98,0.016455888748168945,29.401247024536133,,,101.99430084228516,101.99430084228516,,,72.97125244140625,52.971256256103516,
reinforce,20.0,0,774,177.20212990817035,98,0.016659975051879883,29.418071031570435,,,95.18604278564453,95.18604278564453,,,71.56913757324219,51.56913757324219,
reinforce,20.0,0,775,177.37105311762974,102,0.01668262481689453,29.434915781021118,,,97.10334014892578,97.10334014892578,,,69.6398696899414,49.63987350463867,
reinforce,20.0,0,776,179.10451570306478,100,0.01702094078063965,29.452104091644287,,,113.22404479980469,113.22404479980469,,,71.49992370605469,51.49992752075195,
reinforce,20.0,0,777,173.0427987012795,98,0.016591310501098633,29.468854188919067,,,104.79830932617188,104.79830932617188,,,69.23773193359375,49.237728118896484,
reinforce,20.0,0,778,126.65657688443802,77,0.012997865676879883,29.48200297355652,,,70.79240417480469,70.79240417480469,,,54.149173736572266,34.149173736572266,
reinforce,20.0,0,779,167.4536859809702,94,0.015611886978149414,29.49774694442749,,,101.28130340576172,101.28130340576172,,,68.31246185302734,48.31245803833008,
reinforce,20.0,0,780,142.65734924402074,85,0.014150142669677734,29.512065172195435,167.14249625115667,0.7767611617373748,77.24768829345703,77.24768829345703,,,59.12256622314453,39.1225700378418,
reinforce,20.0,0,781,115.30625653085195,71,0.012274980545043945,29.565643072128296,,,67.5080795288086,67.5080795288086,,,50.080352783203125,30.080352783203125,
reinforce,20.0,0,782,162.7431612705403,97,0.016522884368896484,29.58231496810913,,,97.63939666748047,97.63939666748047,,,64.20035552978516,44.200355529785156,
reinforce,20.0,0,783,126.67192580684748,77,0.012734174728393555,29.595214128494263,,,60.76992416381836,60.76992416381836,,,54.109214782714844,34.109214782714844,
reinforce,20.0,0,784,119.77408466541927,73,0.012459039688110352,29.60782217979431,,,66.38246154785156,66.38246154785156,,,52.01013946533203,32.01013946533203,
reinforce,20.0,0,785,165.07584036028896,95,0.015979766845703125,29.62395191192627,,,100.35455322265625,100.35455322265625,,,66.34333038330078,46.34333801269531,
reinforce,20.0,0,786,112.26877135417453,70,0.011938095092773438,29.636052131652832,,,59.83768844604492,59.83768844604492,,,48.5347785949707,28.534780502319336,
reinforce,20.0,0,787,130.73459148446298,79,0.02153611183166504,29.657746076583862,,,76.8210220336914,76.8210220336914,,,55.20541000366211,35.205406188964844,
reinforce,20.0,0,788,127.09063960949811,76,0.021342039108276367,29.679363012313843,,,83.80358123779297,83.80358123779297,,,54.928070068359375,34.92807388305664,
reinforce,20.0,0,789,129.81518627401078,79,0.01620626449584961,29.69584321975708,,,65.16300201416016,65.16300201416016,,,54.60099411010742,34.60099411010742,
reinforce,20.0,0,790,104.01502527097006,66,0.011040925979614258,29.707046031951904,,,49.094356536865234,49.094356536865234,,,45.68651580810547,25.6865177154541,
reinforce,20.0,0,791,109.49431779286401,67,0.011161088943481445,29.718379974365234,,,53.85942077636719,53.85942077636719,,,48.49019241333008,28.490190505981445,
reinforce,20.0,0,792,117.68664529541724,71,0.012126922607421875,29.730660915374756,,,60.88166427612305,60.88166427612305,,,51.61381912231445,31.613813400268555,
reinforce,20.0,0,793,103.49691097277419,65,0.011113882064819336,29.74194097518921,,,58.700313568115234,58.700313568115234,,,45.364200592041016,25.364200592041016,
reinforce,20.0,0,794,120.07308254196866,74,0.012639999389648438,29.754791021347046,,,71.00759887695312,71.00759887695312,,,51.21454620361328,31.21454620361328,
reinforce,20.0,0,795,104.55730245547316,66,0.010895252227783203,29.765823125839233,,,52.59186935424805,52.59186935424805,,,45.82586669921875,25.82586669921875,
reinforce,20.0,0,796,106.43705116070053,67,0.011605024337768555,29.77759313583374,,,50.82878875732422,50.82878875732422,,,46.26870346069336,26.26870346069336,
reinforce,20.0,0,797,114.43455376533603,70,0.01156306266784668,29.78929305076599,,,59.53927993774414,59.53927993774414,,,49.9838981628418,29.983896255493164,
reinforce,20.0,0,798,100.91749361803684,64,0.01112985610961914,29.800516843795776,,,51.32994079589844,51.32994079589844,,,44.840431213378906,24.84043312072754,
reinforce,20.0,0,799,106.46190187508309,67,0.011137723922729492,29.811811923980713,,,44.61314392089844,44.61314392089844,,,46.787818908691406,26.787818908691406,
reinforce,20.0,0,800,106.37009427967533,67,0.011399984359741211,29.823528051376343,113.72657471585148,5.651024976491887,52.377498626708984,52.377498626708984,,,46.74874496459961,26.748750686645508,
reinforce,20.0,0,801,98.84291361012927,64,0.01104593276977539,29.86432909965515,,,47.74623107910156,47.74623107910156,,,43.20209503173828,23.20209503173828,
reinforce,20.0,0,802,105.7038804662855,68,0.011720895767211914,29.876199960708618,,,48.984642028808594,48.984642028808594,,,45.867374420166016,25.86737060546875,
reinforce,20.0,0,803,109.63082690059494,69,0.011799812316894531,29.88815402984619,,,56.35962677001953,56.35962677001953,,,47.488182067871094,27.488182067871094,
reinforce,20.0,0,804,94.19632896849623,62,0.01069188117980957,29.898993015289307,,,55.69301223754883,55.69301223754883,,,41.4727783203125,21.472776412963867,
reinforce,20.0,0,805,102.11253759668136,65,0.011238813400268555,29.910374879837036,,,57.95502471923828,57.95502471923828,,,45.165775299072266,25.165771484375,
reinforce,20.0,0,806,115.4971764092825,70,0.011687994003295898,29.92219090461731,,,69.79978942871094,69.79978942871094,,,50.95148849487305,30.951488494873047,
reinforce,20.0,0,807,125.15155597460301,76,0.013141870498657227,29.935505867004395,,,68.5187759399414,68.5187759399414,,,53.732269287109375,33.732269287109375,
reinforce,20.0,0,808,107.59375748665373,67,0.011450052261352539,29.94709610939026,,,61.23280715942383,61.23280715942383,,,47.70340347290039,27.703401565551758,
reinforce,20.0,0,809,103.7122820794651,66,0.011122941970825195,29.958351850509644,,,52.9633903503418,52.9633903503418,,,45.81039810180664,25.81039810180664,
reinforce,20.0,0,810,93.39367428128564,61,0.010272026062011719,29.968749046325684,,,41.01676559448242,41.01676559448242,,,41.83176803588867,21.831762313842773,
reinforce,20.0,0,811,117.89226662182067,73,0.012578964233398438,29.981481075286865,,,60.11313247680664,60.11313247680664,,,50.7545166015625,30.754518508911133,
reinforce,20.0,0,812,127.40089288195513,78,0.013290882110595703,29.994931936264038,,,70.36891174316406,70.36891174316406,,,54.001190185546875,34.00119400024414,
reinforce,20.0,0,813,140.2330850951053,84,0.014195919036865234,30.00925588607788,,,84.66455078125,84.66455078125,,,58.74613571166992,38.746131896972656,
reinforce,20.0,0,814,122.72096592101542,77,0.012983083724975586,30.0223650932312,,,64.38643646240234,64.38643646240234,,,51.720699310302734,31.720703125,
reinforce,20.0,0,815,134.4068673920926,81,0.014480829238891602,30.036974906921387,,,88.32902526855469,88.32902526855469,,,56.87253952026367,36.87253952026367,
reinforce,20.0,0,816,174.8783130687368,100,0.017371177673339844,30.054509162902832,,,103.62207794189453,103.62207794189453,,,69.63761901855469,49.637611389160156,
reinforce,20.0,0,817,174.45291655686194,100,0.018214941024780273,30.073013067245483,,,102.02861022949219,102.02861022949219,,,69.39675903320312,49.396766662597656,
reinforce,20.0,0,818,173.37214602570043,97,0.016371965408325195,30.089552879333496,,,87.42203521728516,87.42203521728516,,,70.13792419433594,50.13792037963867,
reinforce,20.0,0,819,176.79812974905832,96,0.01604485511779785,30.105753898620605,,,123.02313232421875,123.02313232421875,,,72.69834899902344,52.69834518432617,
reinforce,20.0,0,820,178.1474442587804,100,0.017084121704101562,30.123008966445923,183.84677693799358,1.3722680384104602,109.34386444091797,109.34386444091797,,,71.15815734863281,51.15815353393555,
reinforce,20.0,0,821,179.74658858974865,102,0.017071008682250977,30.18447995185852,,,101.63124084472656,101.63124084472656,,,71.11653900146484,51.11653518676758,
reinforce,20.0,0,822,185.97682984737892,106,0.017939090728759766,30.202587842941284,,,101.82051849365234,101.82051849365234,,,72.49010467529297,52.49010467529297,
reinforce,20.0,0,823,183.37806789963602,100,0.016741037368774414,30.219479084014893,,,124.22984313964844,124.22984313964844,,,73.79922485351562,53.79922866821289,
reinforce,20.0,0,824,187.77212213132148,102,0.017432212829589844,30.237059116363525,,,113.9262924194336,113.9262924194336,,,74.95144653320312,54.951446533203125,
reinforce,20.0,0,825,184.4185853418078,102,0.01711893081665039,30.254340887069702,,,113.53966522216797,113.53966522216797,,,73.2508773803711,53.250877380371094,
reinforce,20.0,0,826,188.55471406118025,106,0.01797199249267578,30.272468090057373,,,112.5281982421875,112.5281982421875,,,73.72447967529297,53.72447967529297,
reinforce,20.0,0,827,190.11799804078237,101,0.016748666763305664,30.289390802383423,,,121.97518920898438,121.97518920898438,,,77.0793228149414,57.0793342590332,
reinforce,20.0,0,828,196.31159997487646,106,0.018026113510131836,30.30757713317871,,,120.25875854492188,120.25875854492188,,,77.68624114990234,57.68623352050781,
reinforce,20.0,0,829,188.54458594183595,101,0.016915321350097656,30.324642181396484,,,108.4659423828125,108.4659423828125,,,75.83987426757812,55.839874267578125,
reinforce,20.0,0,830,199.253717725553,104,0.017431974411010742,30.342275142669678,,,114.99930572509766,114.99930572509766,,,80.10421752929688,60.104209899902344,
reinforce,20.0,0,831,201.37530370954536,108,0.018222808837890625,30.360665798187256,,,127.94214630126953,127.94214630126953,,,79.27104187011719,59.27104187011719,
reinforce,20.0,0,832,200.37522139911124,102,0.016861915588378906,30.37770390510559,,,119.0433578491211,119.0433578491211,,,81.77643585205078,61.77643585205078,
reinforce,20.0,0,833,198.23554721754843,99,0.016681909561157227,30.394532918930054,,,121.56007385253906,121.56007385253906,,,82.0657730102539,62.06576919555664,
reinforce,20.0,0,834,201.34372218948832,102,0.017149925231933594,30.411876916885376,,,144.77589416503906,144.77589416503906,,,82.31358337402344,62.31358337402344,
reinforce,20.0,0,835,198.4332282426273,98,0.016197919845581055,30.42822790145874,,,126.51009368896484,126.51009368896484,,,83.18717193603516,63.187171936035156,
reinforce,20.0,0,836,205.22887321146376,104,0.01776599884033203,30.44614005088806,,,122.86508178710938,122.86508178710938,,,83.18659210205078,63.186588287353516,
reinforce,20.0,0,837,199.08439423383695,99,0.01664280891418457,30.462939023971558,,,138.89683532714844,138.89683532714844,,,82.86006927490234,62.86006546020508,
reinforce,20.0,0,838,195.08899582584104,96,0.016255855560302734,30.479347944259644,,,122.61785888671875,122.61785888671875,,,82.44464874267578,62.44465255737305,
reinforce,20.0,0,839,194.52494569010005,96,0.016082763671875,30.495580911636353,,,123.64945220947266,123.64945220947266,,,81.94020080566406,61.94020080566406,
reinforce,20.0,0,840,190.56455987164844,93,0.015969038009643555,30.511716842651367,192.45901880884537,2.8546128966758415,124.2442855834961,124.2442855834961,,,81.8904037475586,61.890403747558594,
reinforce,20.0,0,841,195.22185515806905,97,0.016379356384277344,30.568878889083862,,,131.52821350097656,131.52821350097656,,,81.5639419555664,61.56394577026367,
reinforce,20.0,0,842,193.642540960739,95,0.0157318115234375,30.584777116775513,,,118.77861022949219,118.77861022949219,,,82.16734313964844,62.16734313964844,
reinforce,20.0,0,843,190.83199811431726,94,0.015902042388916016,30.60082507133484,,,114.83943939208984,114.83943939208984,,,81.1080322265625,61.10803985595703,
reinforce,20.0,0,844,207.5864707932117,109,0.018313884735107422,30.619290828704834,,,131.74978637695312,131.74978637695312,,,83.25428771972656,63.2542839050293,
reinforce,20.0,0,845,193.43241319642905,95,0.015929222106933594,30.63538908958435,,,131.42453002929688,131.42453002929688,,,82.15785217285156,62.15785217285156,
reinforce,20.0,0,846,191.45428609069188,94,0.015913009643554688,30.65143895149231,,,137.3308563232422,137.3308563232422,,,81.63648223876953,61.636478424072266,
reinforce,20.0,0,847,189.91922994515264,94,0.015646934509277344,30.66727089881897,,,131.7338409423828,131.7338409423828,,,80.80810546875,60.80810546875,
reinforce,20.0,0,848,218.73399962289403,117,0.01959085464477539,30.687022924423218,,,149.23757934570312,149.23757934570312,,,84.10845947265625,64.10845947265625,
reinforce,20.0,0,849,14.01145087218271,14,0.0026848316192626953,30.68989396095276,,,-29.089921951293945,-29.089921951293945,,,7.397050380706787,-12.602949142456055,
reinforce,20.0,0,850,197.54864089674516,97,0.016329050064086914,30.706342935562134,,,139.26866149902344,139.26866149902344,,,83.54470825195312,63.54471206665039,
reinforce,20.0,0,851,185.1879477524393,92,0.01561427116394043,30.722126245498657,,,134.40342712402344,134.40342712402344,,,79.26750946044922,59.26750946044922,
reinforce,20.0,0,852,13.746570593890736,13,0.002424955368041992,30.724711894989014,,,-26.207612991333008,-26.207612991333008,,,7.353845596313477,-12.64615535736084,
reinforce,20.0,0,853,200.1789105376406,101,0.017028093338012695,30.741833925247192,,,130.11305236816406,130.11305236816406,,,82.25275421142578,62.25275421142578,
reinforce,20.0,0,854,195.10835975479938,96,0.0161130428314209,30.758141040802002,,,118.889404296875,118.889404296875,,,82.2772216796875,62.2772216796875,
reinforce,20.0,0,855,185.74378601702531,92,0.015581846237182617,30.77386498451233,,,124.66097259521484,124.66097259521484,,,79.21951293945312,59.219512939453125,
reinforce,20.0,0,856,193.8991655050055,96,0.016427993774414062,30.790441036224365,,,137.55714416503906,137.55714416503906,,,82.1763687133789,62.17636489868164,
reinforce,20.0,0,857,212.66249065428823,110,0.018316984176635742,30.80891704559326,,,129.88694763183594,129.88694763183594,,,83.98941802978516,63.98942184448242,
reinforce,20.0,0,858,214.41282313657427,114,0.018793106079101562,30.827913999557495,,,142.35301208496094,142.35301208496094,,,82.64521789550781,62.64521789550781,
reinforce,20.0,0,859,196.45738659039083,99,0.016478300094604492,30.844558238983154,,,143.58670043945312,143.58670043945312,,,81.29205322265625,61.29205322265625,
reinforce,20.0,0,860,190.35840968893618,94,0.01619100570678711,30.86092710494995,211.15853306033355,9.02853321628535,127.33100128173828,127.33100128173828,,,81.11775207519531,61.11774826049805,
reinforce,20.0,0,861,200.77154681223635,102,0.017117977142333984,30.92506504058838,,,136.32496643066406,136.32496643066406,,,81.85638427734375,61.856388092041016,
reinforce,20.0,0,862,191.97795819315226,97,0.016407012939453125,30.941630125045776,,,118.31294250488281,118.31294250488281,,,79.70266723632812,59.702667236328125,
reinforce,20.0,0,863,188.21438896550336,93,0.01587986946105957,30.957671880722046,,,128.2351531982422,128.2351531982422,,,80.56759643554688,60.56759262084961,
reinforce,20.0,0,864,204.52029176862723,105,0.017567157745361328,30.975454092025757,,,141.67868041992188,141.67868041992188,,,82.54157257080078,62.541568756103516,
reinforce,20.0,0,865,12.954372078165605,13,0.002574920654296875,30.978195905685425,,,-26.307865142822266,-26.307865142822266,,,6.861772537231445,-13.138228416442871,
reinforce,20.0,0,866,203.70841620705698,106,0.017657995223999023,30.995975017547607,,,138.62319946289062,138.62319946289062,,,81.22660827636719,61.22660827636719,
reinforce,20.0,0,867,209.14552941722138,108,0.018424034118652344,31.014545917510986,,,131.9908447265625,131.9908447265625,,,83.03031158447266,63.03030776977539,
reinforce,20.0,0,868,199.0225054344564,100,0.0170290470123291,31.031737089157104,,,141.97085571289062,141.97085571289062,,,82.17410278320312,62.174095153808594,
reinforce,20.0,0,869,201.58394705414483,104,0.0174710750579834,31.049360036849976,,,111.00438690185547,111.00438690185547,,,81.19783020019531,61.19783401489258,
reinforce,20.0,0,870,217.4490502229846,115,0.01956009864807129,31.06908082962036,,,140.46054077148438,140.46054077148438,,,84.78055572509766,64.78055572509766,
reinforce,20.0,0,871,198.84924559647482,101,0.017380714416503906,31.086618900299072,,,133.9534149169922,133.9534149169922,,,81.47315979003906,61.47315979003906,
reinforce,20.0,0,872,212.5987427636607,112,0.018764972686767578,31.105549097061157,,,132.6092071533203,132.6092071533203,,,82.7722396850586,62.77224349975586,
reinforce,20.0,0,873,196.886499287532,99,0.016874074935913086,31.12259316444397,,,109.23023223876953,109.23023223876953,,,81.45002746582031,61.45002746582031,
reinforce,20.0,0,874,207.7605835098657,108,0.018423080444335938,31.141176223754883,,,119.27688598632812,119.27688598632812,,,82.20523834228516,62.20524215698242,
reinforce,20.0,0,875,201.46028793449477,102,0.01717233657836914,31.15852117538452,,,151.45925903320312,151.45925903320312,,,82.35543823242188,62.355438232421875,
reinforce,20.0,0,876,192.16481676784466,94,0.015798091888427734,31.174511909484863,,,140.89590454101562,140.89590454101562,,,82.26234436035156,62.2623405456543,
reinforce,20.0,0,877,214.60514650728913,113,0.019155025482177734,31.19382882118225,,,134.556884765625,134.556884765625,,,83.58045959472656,63.5804557800293,
reinforce,20.0,0,878,197.3156349327767,100,0.016526222229003906,31.210528135299683,,,113.63008117675781,113.63008117675781,,,81.00650787353516,61.006507873535156,
reinforce,20.0,0,879,215.86446499806533,114,0.019469022750854492,31.23014211654663,,,123.43082427978516,123.43082427978516,,,83.69902801513672,63.69902038574219,
reinforce,20.0,0,880,239.23850362862484,135,0.022725820541381836,31.253018856048584,207.07851033241482,7.1119111595556035,136.01614379882812,136.01614379882812,,,85.5521469116211,65.55213928222656,
reinforce,20.0,0,881,216.02685382680335,113,0.01920294761657715,31.318392038345337,,,117.5564193725586,117.5564193725586,,,84.26676940917969,64.26676940917969,
reinforce,20.0,0,882,204.40030070511693,103,0.017228126525878906,31.335767030715942,,,120.87519073486328,120.87519073486328,,,83.55622100830078,63.55622482299805,
reinforce,20.0,0,883,230.6576141775732,126,0.02112102508544922,31.35703992843628,,,130.39125061035156,130.39125061035156,,,85.01824188232422,65.01824188232422,
reinforce,20.0,0,884,217.31667105091364,115,0.019520998001098633,31.37674593925476,,,129.66456604003906,129.66456604003906,,,83.74891662597656,63.7489128112793,
reinforce,20.0,0,885,224.97042314877197,122,0.02038884162902832,31.397294998168945,,,136.02664184570312,136.02664184570312,,,84.0940933227539,64.09410095214844,
reinforce,20.0,0,886,235.51303053547252,132,0.02210259437561035,31.419588804244995,,,124.21430969238281,124.21430969238281,,,84.69783020019531,64.69783020019531,
reinforce,20.0,0,887,219.75264844747042,118,0.020151138305664062,31.439903020858765,,,132.5662841796875,132.5662841796875,,,83.74744415283203,63.74744415283203,
reinforce,20.0,0,888,204.95220380994945,103,0.017035961151123047,31.45711588859558,,,139.48434448242188,139.48434448242188,,,83.75363159179688,63.753631591796875,
reinforce,20.0,0,889,206.85681600552044,104,0.017473697662353516,31.474799871444702,,,132.95616149902344,132.95616149902344,,,84.04534149169922,64.04534912109375,
reinforce,20.0,0,890,235.95297736486546,136,0.022695064544677734,31.49765396118164,,,130.296630859375,130.296630859375,,,83.78646850585938,63.786468505859375,
reinforce,20.0,0,891,226.40932320860182,128,0.021379947662353516,31.519208908081055,,,129.99334716796875,129.99334716796875,,,82.39478302001953,62.39478302001953,
reinforce,20.0,0,892,214.20040204784192,114,0.01928091049194336,31.53863000869751,,,130.38076782226562,130.38076782226562,,,82.7219009399414,62.7219123840332,
reinforce,20.0,0,893,223.62821554024293,127,0.02094101905822754,31.55973720550537,,,120.99641418457031,120.99641418457031,,,81.55870056152344,61.5587043762207,
reinforce,20.0,0,894,210.36577734678102,111,0.01864790916442871,31.578563928604126,,,123.7692642211914,123.7692642211914,,,82.39165496826172,62.39165496826172,
reinforce,20.0,0,895,220.00168096979607,125,0.020814895629882812,31.599525928497314,,,116.63884735107422,116.63884735107422,,,80.85318756103516,60.85319137573242,
reinforce,20.0,0,896,212.70833492541408,115,0.01931905746459961,31.619018077850342,,,132.1375732421875,132.1375732421875,,,81.92024230957031,61.92024612426758,
reinforce,20.0,0,897,207.1259781611259,111,0.018687963485717773,31.637880086898804,,,122.89845275878906,122.89845275878906,,,81.10541534423828,61.10541915893555,
reinforce,20.0,0,898,206.62120769415284,112,0.01876997947692871,31.656807899475098,,,122.22990417480469,122.22990417480469,,,80.29664611816406,60.29663848876953,
reinforce,20.0,0,899,199.56195909125105,103,0.017084121704101562,31.674041032791138,,,130.743896484375,130.743896484375,,,80.96247100830078,60.96247482299805,
reinforce,20.0,0,900,208.04846335162853,117,0.019676923751831055,31.693892002105713,211.8720427673742,4.057052077952615,120.2059097290039,120.2059097290039,,,78.75003051757812,58.750030517578125,
reinforce,20.0,0,901,190.3252228607255,99,0.016805171966552734,31.763957023620605,,,118.7896728515625,118.7896728515625,,,78.37202453613281,58.37202072143555,
reinforce,20.0,0,902,207.11162547271485,117,0.019720792770385742,31.783841133117676,,,127.3548355102539,127.3548355102539,,,78.28407287597656,58.28406524658203,
reinforce,20.0,0,903,191.43736739406086,102,0.01746392250061035,31.801575899124146,,,121.48590850830078,121.48590850830078,,,77.69464874267578,57.69465255737305,
reinforce,20.0,0,904,191.24075669800936,103,0.017233848571777344,31.8189640045166,,,124.25196838378906,124.25196838378906,,,76.90856170654297,56.90856170654297,
reinforce,20.0,0,905,196.23007521411782,107,0.017938852310180664,31.837050914764404,,,119.23178100585938,119.23178100585938,,,77.53683471679688,57.536834716796875,
reinforce,20.0,0,906,186.8011557586799,101,0.01697516441345215,31.85417604446411,,,125.44054412841797,125.44054412841797,,,75.66703796386719,55.667030334472656,
reinforce,20.0,0,907,195.49178184978652,110,0.018001079559326172,31.872343063354492,,,111.29656982421875,111.29656982421875,,,75.8184585571289,55.818458557128906,
reinforce,20.0,0,908,187.09458064653683,100,0.016942977905273438,31.889430046081543,,,119.60515594482422,119.60515594482422,,,76.50164794921875,56.501644134521484,
reinforce,20.0,0,909,188.03601379466588,101,0.01696610450744629,31.906609058380127,,,120.20652770996094,120.20652770996094,,,76.51026916503906,56.51026916503906,
reinforce,20.0,0,910,191.3441234663568,102,0.016939163208007812,31.923689126968384,,,126.35892486572266,126.35892486572266,,,77.53125762939453,57.53125,
reinforce,20.0,0,911,200.7355586284536,112,0.018856048583984375,31.942697048187256,,,124.85193634033203,124.85193634033203,,,77.35997772216797,57.35997772216797,
reinforce,20.0,0,912,188.99069094340157,100,0.01658487319946289,31.959424018859863,,,117.69111633300781,117.69111633300781,,,77.38372802734375,57.383731842041016,
reinforce,20.0,0,913,192.10262011205342,103,0.016833066940307617,31.976402044296265,,,108.0921859741211,108.0921859741211,,,77.73455810546875,57.734554290771484,
reinforce,20.0,0,914,191.20736682578377,102,0.017325162887573242,31.993889093399048,,,114.64047241210938,114.64047241210938,,,77.67295837402344,57.6729621887207,
reinforce,20.0,0,915,190.02172430899168,100,0.01711726188659668,32.01117014884949,,,126.66128540039062,126.66128540039062,,,77.70885467529297,57.708858489990234,
reinforce,20.0,0,916,189.12798196125598,99,0.016877174377441406,32.02818012237549,,,116.5074691772461,116.5074691772461,,,77.88817596435547,57.8881721496582,
reinforce,20.0,0,917,192.5082458336297,101,0.01669907569885254,32.04501700401306,,,125.97215270996094,125.97215270996094,,,78.37298583984375,58.37298583984375,
reinforce,20.0,0,918,192.1372880803587,99,0.01704716682434082,32.06222701072693,,,138.34072875976562,138.34072875976562,,,79.41815948486328,59.418155670166016,
reinforce,20.0,0,919,189.7613597632002,100,0.017235755920410156,32.07963490486145,,,106.29924011230469,106.29924011230469,,,77.50279235839844,57.50279235839844,
reinforce,20.0,0,920,193.8351468061399,101,0.01703810691833496,32.09682512283325,193.784553924061,1.1905886452923111,103.90030670166016,103.90030670166016,,,79.17365264892578,59.17365264892578,
reinforce,20.0,0,921,195.46351636315356,104,0.017629146575927734,32.15771007537842,,,121.01070404052734,121.01070404052734,,,78.25030517578125,58.25030517578125,
reinforce,20.0,0,922,193.07951523934696,101,0.017101049423217773,32.174931049346924,,,117.38101196289062,117.38101196289062,,,78.74430847167969,58.74430465698242,
reinforce,20.0,0,923,197.84887534508852,102,0.017539024353027344,32.192646980285645,,,129.315673828125,129.315673828125,,,81.00763702392578,61.00764846801758,
reinforce,20.0,0,924,195.24835924153737,102,0.01716470718383789,32.20997881889343,,,115.83538055419922,115.83538055419922,,,79.49552917480469,59.49552917480469,
reinforce,20.0,0,925,197.41166356811178,102,0.017179250717163086,32.22731614112854,,,121.22726440429688,121.22726440429688,,,80.60660552978516,60.60660934448242,
reinforce,20.0,0,926,196.37079353171842,102,0.01724410057067871,32.24474000930786,,,132.74520874023438,132.74520874023438,,,80.08966064453125,60.08966827392578,
reinforce,20.0,0,927,201.51791769136022,108,0.018026113510131836,32.26292610168457,,,122.98052215576172,122.98052215576172,,,79.95067596435547,59.95066833496094,
reinforce,20.0,0,928,197.38577363100302,101,0.016964197158813477,32.28016901016235,,,135.96139526367188,135.96139526367188,,,81.264404296875,61.26441192626953,
reinforce,20.0,0,929,216.99205572571591,123,0.020535945892333984,32.30085897445679,,,122.38711547851562,122.38711547851562,,,80.604736328125,60.604740142822266,
reinforce,20.0,0,930,208.33051196422505,114,0.0191800594329834,32.32019114494324,,,117.5926284790039,117.5926284790039,,,80.28690338134766,60.28691101074219,
reinforce,20.0,0,931,202.33874205472793,106,0.017503976821899414,32.33782982826233,,,151.85134887695312,151.85134887695312,,,80.92008209228516,60.92007827758789,
reinforce,20.0,0,932,211.6822542958974,116,0.01969170570373535,32.357669830322266,,,114.22013092041016,114.22013092041016,,,80.81824493408203,60.8182487487793,
reinforce,20.0,0,933,217.72777339248205,124,0.020756244659423828,32.378605127334595,,,119.60478210449219,119.60478210449219,,,80.26432037353516,60.26431655883789,
reinforce,20.0,0,934,216.34483909879637,121,0.020549774169921875,32.3993239402771,,,137.07301330566406,137.07301330566406,,,80.98168182373047,60.98167419433594,
reinforce,20.0,0,935,220.12924730988934,126,0.021134138107299805,32.42062020301819,,,118.39533233642578,118.39533233642578,,,80.48355102539062,60.48356246948242,
reinforce,20.0,0,936,227.7004521949539,136,0.02280402183532715,32.443578004837036,,,125.90403747558594,125.90403747558594,,,79.8912353515625,59.8912353515625,
reinforce,20.0,0,937,199.52480703934728,104,0.017440080642700195,32.46118712425232,,,114.48872375488281,114.48872375488281,,,80.40787506103516,60.407875061035156,
reinforce,20.0,0,938,242.4415566526752,151,0.0257720947265625,32.48710107803345,,,119.23939514160156,119.23939514160156,,,80.82703399658203,60.8270263671875,
reinforce,20.0,0,939,236.6479304384808,145,0.04991316795349121,32.5372040271759,,,121.6622314453125,121.6622314453125,,,80.58320617675781,60.58320999145508,
reinforce,20.0,0,940,212.9131229131915,118,0.020123004913330078,32.55752992630005,225.3102941203646,5.828926345981361,126.02983856201172,126.02983856201172,,,80.54471588134766,60.544715881347656,
reinforce,20.0,0,941,227.80434007638104,135,0.022711753845214844,32.63616585731506,,,125.38680267333984,125.38680267333984,,,80.36134338378906,60.361351013183594,
reinforce,20.0,0,942,222.65298560405188,126,0.021058082580566406,32.657387018203735,,,135.7665557861328,135.7665557861328,,,81.62168884277344,61.62168884277344,
reinforce,20.0,0,943,236.04973293970514,143,0.02411508560180664,32.681679010391235,,,147.22979736328125,147.22979736328125,,,81.83737182617188,61.837371826171875,
reinforce,20.0,0,944,220.65595666030353,125,0.02100205421447754,32.702850103378296,,,129.20437622070312,129.20437622070312,,,81.10926055908203,61.109256744384766,
reinforce,20.0,0,945,220.1474472106344,125,0.020634889602661133,32.723654985427856,,,125.44140625,125.44140625,,,80.89779663085938,60.89780044555664,
reinforce,20.0,0,946,216.92003739662374,120,0.020139217376708984,32.74397301673889,,,121.46824645996094,121.46824645996094,,,81.37342071533203,61.37342071533203,
reinforce,20.0,0,947,222.0417353942786,123,0.020509004592895508,32.76465201377869,,,124.37049865722656,124.37049865722656,,,82.56705474853516,62.567054748535156,
reinforce,20.0,0,948,215.51632349279416,118,0.019383907318115234,32.78421401977539,,,119.6862564086914,119.6862564086914,,,81.50019836425781,61.50019836425781,
reinforce,20.0,0,949,222.5766633616755,124,0.021075010299682617,32.805448055267334,,,132.42098999023438,132.42098999023438,,,82.40071868896484,62.40072250366211,
reinforce,20.0,0,950,234.16735927908098,136,0.02382516860961914,32.829430103302,,,125.32766723632812,125.32766723632812,,,83.20765686035156,63.20765686035156,
reinforce,20.0,0,951,219.76092851452702,119,0.020533084869384766,32.85013794898987,,,140.0420379638672,140.0420379638672,,,83.27249145507812,63.272491455078125,
reinforce,20.0,0,952,216.33908388033473,117,0.019784927368164062,32.87011003494263,,,118.84732055664062,118.84732055664062,,,82.46466827392578,62.46466827392578,
reinforce,20.0,0,953,211.83811531870853,109,0.018212080001831055,32.88848900794983,,,131.63534545898438,131.63534545898438,,,83.95450592041016,63.95450210571289,
reinforce,20.0,0,954,230.78924052109664,129,0.021775245666503906,32.910431146621704,,,137.09642028808594,137.09642028808594,,,83.7789306640625,63.778934478759766,
reinforce,20.0,0,955,238.47044186492485,142,0.023741960525512695,32.93431615829468,,,114.97313690185547,114.97313690185547,,,82.07015991210938,62.070159912109375,
reinforce,20.0,0,956,225.631906056557,126,0.021741151809692383,32.95621418952942,,,159.21554565429688,159.21554565429688,,,82.57046508789062,62.57046890258789,
reinforce,20.0,0,957,219.44308094570155,118,0.021382808685302734,32.97778105735779,,,142.39483642578125,142.39483642578125,,,83.18492126464844,63.184913635253906,
reinforce,20.0,0,958,211.28846075306967,108,0.02121591567993164,32.99924993515015,,,131.18080139160156,131.18080139160156,,,84.34632110595703,64.34632110595703,
reinforce,20.0,0,959,206.52615209987758,104,0.020586013793945312,33.02002787590027,,,146.5008544921875,146.5008544921875,,,83.91667175292969,63.91667175292969,
reinforce,20.0,0,960,204.78872192815894,104,0.01943659782409668,33.03979182243347,205.18032230740354,3.7865110006572347,138.08204650878906,138.08204650878906,,,82.65318298339844,62.65318298339844,
reinforce,20.0,0,961,229.64450500358373,125,0.045743703842163086,33.15742588043213,,,124.72055053710938,124.72055053710938,,,84.77989959716797,64.77989959716797,
reinforce,20.0,0,962,202.77385553839417,102,0.02011871337890625,33.17774486541748,,,124.56175994873047,124.56175994873047,,,83.0255126953125,63.025516510009766,
reinforce,20.0,0,963,218.43748550258803,114,0.023030996322631836,33.20096302032471,,,133.20620727539062,133.20620727539062,,,84.67105102539062,64.67105102539062,
reinforce,20.0,0,964,214.92394271078854,113,0.022670984268188477,33.22382998466492,,,141.4874725341797,141.4874725341797,,,83.25177764892578,63.25178527832031,
reinforce,20.0,0,965,201.61320171238708,102,0.01980304718017578,33.24382209777832,,,136.48971557617188,136.48971557617188,,,81.86094665527344,61.86094665527344,
reinforce,20.0,0,966,196.12904650294223,99,0.017195940017700195,33.261199951171875,,,134.60643005371094,134.60643005371094,,,81.0138168334961,61.01382064819336,
reinforce,20.0,0,967,196.0585865671328,98,0.017931699752807617,33.27931094169617,,,128.69981384277344,128.69981384277344,,,81.52716827392578,61.52716827392578,
reinforce,20.0,0,968,193.01585513769663,96,0.017189979553222656,33.29667592048645,,,135.5247039794922,135.5247039794922,,,80.99805450439453,60.9980583190918,
reinforce,20.0,0,969,194.04112042343831,99,0.017587900161743164,33.314440965652466,,,139.12594604492188,139.12594604492188,,,79.75001525878906,59.75001525878906,
reinforce,20.0,0,970,193.30204326375886,95,0.01659083366394043,33.33120393753052,,,124.1365966796875,124.1365966796875,,,81.550537109375,61.550533294677734,
reinforce,20.0,0,971,218.66394058278522,116,0.021129846572875977,33.35250997543335,,,142.42214965820312,142.42214965820312,,,83.80046081542969,63.80046081542969,
reinforce,20.0,0,972,198.87554105747947,102,0.018281936645507812,33.370985984802246,,,106.04098510742188,106.04098510742188,,,80.82467651367188,60.824684143066406,
reinforce,20.0,0,973,194.79076714609965,101,0.017795801162719727,33.38895392417908,,,130.75852966308594,130.75852966308594,,,79.1368637084961,59.136863708496094,
reinforce,20.0,0,974,199.05452582517836,104,0.018223047256469727,33.407329082489014,,,129.12974548339844,129.12974548339844,,,79.70974731445312,59.70974349975586,
reinforce,20.0,0,975,191.28063876554955,94,0.016628026962280273,33.42413401603699,,,139.98114013671875,139.98114013671875,,,81.0884017944336,61.08839797973633,
reinforce,20.0,0,976,238.89762287433368,131,0.02295398712158203,33.44725680351257,,,146.54544067382812,146.54544067382812,,,87.85841369628906,67.85841369628906,
reinforce,20.0,0,977,229.7182801492698,124,0.02122211456298828,33.4686541557312,,,130.16769409179688,130.16769409179688,,,85.00399780273438,65.00399780273438,
reinforce,20.0,0,978,178.26587694115145,88,0.014251947402954102,33.483054876327515,,,124.45352172851562,124.45352172851562,,,77.71200561523438,57.71200942993164,
reinforce,20.0,0,979,229.50233795761102,123,0.02028799057006836,33.50349998474121,,,140.54681396484375,140.54681396484375,,,85.83051300048828,65.83051300048828,
reinforce,20.0,0,980,239.08854281366092,133,0.02194499969482422,33.525614976882935,223.61492896029412,2.41202135556813,148.74378967285156,148.74378967285156,,,85.72198486328125,65.72198486328125,
reinforce,20.0,0,981,218.76337028117229,111,0.01869797706604004,33.59349203109741,,,135.06866455078125,135.06866455078125,,,86.2199935913086,66.2199935913086,
reinforce,20.0,0,982,213.66281580819245,107,0.01784992218017578,33.61151099205017,,,120.95321655273438,120.95321655273438,,,85.57383728027344,65.57384490966797,
reinforce,20.0,0,983,211.57172140673669,102,0.017064809799194336,33.628742933273315,,,146.50335693359375,146.50335693359375,,,87.2232666015625,67.2232666015625,
reinforce,20.0,0,984,216.25880405979441,110,0.017902851104736328,33.64679002761841,,,150.68621826171875,150.68621826171875,,,85.26840209960938,65.26840209960938,
reinforce,20.0,0,985,216.90369445572017,116,0.019318103790283203,33.66623115539551,,,154.7786865234375,154.7786865234375,,,82.70464324951172,62.70463943481445,
reinforce,20.0,0,986,213.83956599565593,108,0.01799297332763672,33.68438410758972,,,129.78367614746094,129.78367614746094,,,85.09221649169922,65.09220886230469,
reinforce,20.0,0,987,205.49970919669235,101,0.016450166702270508,33.700995206832886,,,130.23623657226562,130.23623657226562,,,84.7587890625,64.75879669189453,
reinforce,20.0,0,988,194.12006048210236,107,0.01765584945678711,33.718815088272095,,,123.4422836303711,123.4422836303711,,,76.57125091552734,56.571250915527344,
reinforce,20.0,0,989,197.20567485587446,99,0.016360998153686523,33.73533391952515,,,131.3663330078125,131.3663330078125,,,81.14344787597656,61.14345169067383,
reinforce,20.0,0,990,103.44341813820617,60,0.00979304313659668,33.74528217315674,,,56.19108200073242,56.19108200073242,,,49.27088928222656,29.270891189575195,
reinforce,20.0,0,991,13.998053096268075,13,0.0024399757385253906,33.74785900115967,,,-24.34028434753418,-24.34028434753418,,,7.664828300476074,-12.335172653198242,
reinforce,20.0,0,992,58.0086113950669,39,0.006793022155761719,33.75473999977112,,,16.552064895629883,16.552064895629883,,,28.97956085205078,8.979562759399414,
reinforce,20.0,0,993,27.879890295054334,22,0.003943204879760742,33.75883913040161,,,-7.977833271026611,-7.977833271026611,,,15.027703285217285,-4.972296714782715,
reinforce,20.0,0,994,23.154830632749423,19,0.003213167190551758,33.76218509674072,,,-12.137381553649902,-12.137381553649902,,,12.420428276062012,-7.579573154449463,
reinforce,20.0,0,995,66.02790283887977,43,0.007403135299682617,33.76969504356384,,,24.788156509399414,24.788156509399414,,,32.749183654785156,12.749186515808105,
reinforce,20.0,0,996,116.53983266089115,65,0.011320114135742188,33.7811861038208,,,75.58617401123047,75.58617401123047,,,55.033329010009766,35.033329010009766,
reinforce,20.0,0,997,21.063926734953334,18,0.0033330917358398438,33.78465008735657,,,-21.474388122558594,-21.474388122558594,,,11.287201881408691,-8.712799072265625,
reinforce,20.0,0,998,206.8105494083889,108,0.01779794692993164,33.80255699157715,,,143.02500915527344,143.02500915527344,,,81.38407897949219,61.38407897949219,
reinforce,20.0,0,999,65.60284115233644,43,0.00718998908996582,33.80991005897522,,,26.013996124267578,26.013996124267578,,,32.7083625793457,12.708361625671387,
reinforce,20.0,0,1000,165.35296669445506,87,0.014378070831298828,33.82442092895508,198.27944734953832,2.2637763485988946,105.42325592041016,105.42325592041016,,,70.94519805908203,50.945194244384766,
